--
-- PostgreSQL database dump
--

-- Dumped from database version 10.1
-- Dumped by pg_dump version 10.12 (Ubuntu 10.12-2.pgdg16.04+1)

SET statement_timeout = 0;
SET lock_timeout = 0;
SET idle_in_transaction_session_timeout = 0;
SET client_encoding = 'UTF8';
SET standard_conforming_strings = on;
SELECT pg_catalog.set_config('search_path', '', false);
SET check_function_bodies = false;
SET xmloption = content;
SET client_min_messages = warning;
SET row_security = off;

--
-- Name: DATABASE postgres; Type: COMMENT; Schema: -; Owner: postgres
--

COMMENT ON DATABASE postgres IS 'default administrative connection database';


--
-- Name: plpgsql; Type: EXTENSION; Schema: -; Owner: 
--

CREATE EXTENSION IF NOT EXISTS plpgsql WITH SCHEMA pg_catalog;


--
-- Name: EXTENSION plpgsql; Type: COMMENT; Schema: -; Owner: 
--

COMMENT ON EXTENSION plpgsql IS 'PL/pgSQL procedural language';


SET default_tablespace = '';

SET default_with_oids = false;

--
-- Name: auth_group; Type: TABLE; Schema: public; Owner: postgres
--

CREATE TABLE public.auth_group (
    id integer NOT NULL,
    name character varying(150) NOT NULL
);


ALTER TABLE public.auth_group OWNER TO postgres;

--
-- Name: auth_group_id_seq; Type: SEQUENCE; Schema: public; Owner: postgres
--

CREATE SEQUENCE public.auth_group_id_seq
    AS integer
    START WITH 1
    INCREMENT BY 1
    NO MINVALUE
    NO MAXVALUE
    CACHE 1;


ALTER TABLE public.auth_group_id_seq OWNER TO postgres;

--
-- Name: auth_group_id_seq; Type: SEQUENCE OWNED BY; Schema: public; Owner: postgres
--

ALTER SEQUENCE public.auth_group_id_seq OWNED BY public.auth_group.id;


--
-- Name: auth_group_permissions; Type: TABLE; Schema: public; Owner: postgres
--

CREATE TABLE public.auth_group_permissions (
    id integer NOT NULL,
    group_id integer NOT NULL,
    permission_id integer NOT NULL
);


ALTER TABLE public.auth_group_permissions OWNER TO postgres;

--
-- Name: auth_group_permissions_id_seq; Type: SEQUENCE; Schema: public; Owner: postgres
--

CREATE SEQUENCE public.auth_group_permissions_id_seq
    AS integer
    START WITH 1
    INCREMENT BY 1
    NO MINVALUE
    NO MAXVALUE
    CACHE 1;


ALTER TABLE public.auth_group_permissions_id_seq OWNER TO postgres;

--
-- Name: auth_group_permissions_id_seq; Type: SEQUENCE OWNED BY; Schema: public; Owner: postgres
--

ALTER SEQUENCE public.auth_group_permissions_id_seq OWNED BY public.auth_group_permissions.id;


--
-- Name: auth_permission; Type: TABLE; Schema: public; Owner: postgres
--

CREATE TABLE public.auth_permission (
    id integer NOT NULL,
    name character varying(255) NOT NULL,
    content_type_id integer NOT NULL,
    codename character varying(100) NOT NULL
);


ALTER TABLE public.auth_permission OWNER TO postgres;

--
-- Name: auth_permission_id_seq; Type: SEQUENCE; Schema: public; Owner: postgres
--

CREATE SEQUENCE public.auth_permission_id_seq
    AS integer
    START WITH 1
    INCREMENT BY 1
    NO MINVALUE
    NO MAXVALUE
    CACHE 1;


ALTER TABLE public.auth_permission_id_seq OWNER TO postgres;

--
-- Name: auth_permission_id_seq; Type: SEQUENCE OWNED BY; Schema: public; Owner: postgres
--

ALTER SEQUENCE public.auth_permission_id_seq OWNED BY public.auth_permission.id;


--
-- Name: auth_user; Type: TABLE; Schema: public; Owner: postgres
--

CREATE TABLE public.auth_user (
    id integer NOT NULL,
    password character varying(128) NOT NULL,
    last_login timestamp with time zone,
    is_superuser boolean NOT NULL,
    username character varying(150) NOT NULL,
    first_name character varying(30) NOT NULL,
    last_name character varying(150) NOT NULL,
    email character varying(254) NOT NULL,
    is_staff boolean NOT NULL,
    is_active boolean NOT NULL,
    date_joined timestamp with time zone NOT NULL
);


ALTER TABLE public.auth_user OWNER TO postgres;

--
-- Name: auth_user_groups; Type: TABLE; Schema: public; Owner: postgres
--

CREATE TABLE public.auth_user_groups (
    id integer NOT NULL,
    user_id integer NOT NULL,
    group_id integer NOT NULL
);


ALTER TABLE public.auth_user_groups OWNER TO postgres;

--
-- Name: auth_user_groups_id_seq; Type: SEQUENCE; Schema: public; Owner: postgres
--

CREATE SEQUENCE public.auth_user_groups_id_seq
    AS integer
    START WITH 1
    INCREMENT BY 1
    NO MINVALUE
    NO MAXVALUE
    CACHE 1;


ALTER TABLE public.auth_user_groups_id_seq OWNER TO postgres;

--
-- Name: auth_user_groups_id_seq; Type: SEQUENCE OWNED BY; Schema: public; Owner: postgres
--

ALTER SEQUENCE public.auth_user_groups_id_seq OWNED BY public.auth_user_groups.id;


--
-- Name: auth_user_id_seq; Type: SEQUENCE; Schema: public; Owner: postgres
--

CREATE SEQUENCE public.auth_user_id_seq
    AS integer
    START WITH 1
    INCREMENT BY 1
    NO MINVALUE
    NO MAXVALUE
    CACHE 1;


ALTER TABLE public.auth_user_id_seq OWNER TO postgres;

--
-- Name: auth_user_id_seq; Type: SEQUENCE OWNED BY; Schema: public; Owner: postgres
--

ALTER SEQUENCE public.auth_user_id_seq OWNED BY public.auth_user.id;


--
-- Name: auth_user_user_permissions; Type: TABLE; Schema: public; Owner: postgres
--

CREATE TABLE public.auth_user_user_permissions (
    id integer NOT NULL,
    user_id integer NOT NULL,
    permission_id integer NOT NULL
);


ALTER TABLE public.auth_user_user_permissions OWNER TO postgres;

--
-- Name: auth_user_user_permissions_id_seq; Type: SEQUENCE; Schema: public; Owner: postgres
--

CREATE SEQUENCE public.auth_user_user_permissions_id_seq
    AS integer
    START WITH 1
    INCREMENT BY 1
    NO MINVALUE
    NO MAXVALUE
    CACHE 1;


ALTER TABLE public.auth_user_user_permissions_id_seq OWNER TO postgres;

--
-- Name: auth_user_user_permissions_id_seq; Type: SEQUENCE OWNED BY; Schema: public; Owner: postgres
--

ALTER SEQUENCE public.auth_user_user_permissions_id_seq OWNED BY public.auth_user_user_permissions.id;


--
-- Name: authtoken_token; Type: TABLE; Schema: public; Owner: postgres
--

CREATE TABLE public.authtoken_token (
    key character varying(40) NOT NULL,
    created timestamp with time zone NOT NULL,
    user_id integer NOT NULL
);


ALTER TABLE public.authtoken_token OWNER TO postgres;

--
-- Name: cmda_exec; Type: TABLE; Schema: public; Owner: postgres
--

CREATE TABLE public.cmda_exec (
    cmda_output text
);


ALTER TABLE public.cmda_exec OWNER TO postgres;

--
-- Name: django_admin_log; Type: TABLE; Schema: public; Owner: postgres
--

CREATE TABLE public.django_admin_log (
    id integer NOT NULL,
    action_time timestamp with time zone NOT NULL,
    object_id text,
    object_repr character varying(200) NOT NULL,
    action_flag smallint NOT NULL,
    change_message text NOT NULL,
    content_type_id integer,
    user_id integer NOT NULL,
    CONSTRAINT django_admin_log_action_flag_check CHECK ((action_flag >= 0))
);


ALTER TABLE public.django_admin_log OWNER TO postgres;

--
-- Name: django_admin_log_id_seq; Type: SEQUENCE; Schema: public; Owner: postgres
--

CREATE SEQUENCE public.django_admin_log_id_seq
    AS integer
    START WITH 1
    INCREMENT BY 1
    NO MINVALUE
    NO MAXVALUE
    CACHE 1;


ALTER TABLE public.django_admin_log_id_seq OWNER TO postgres;

--
-- Name: django_admin_log_id_seq; Type: SEQUENCE OWNED BY; Schema: public; Owner: postgres
--

ALTER SEQUENCE public.django_admin_log_id_seq OWNED BY public.django_admin_log.id;


--
-- Name: django_content_type; Type: TABLE; Schema: public; Owner: postgres
--

CREATE TABLE public.django_content_type (
    id integer NOT NULL,
    app_label character varying(100) NOT NULL,
    model character varying(100) NOT NULL
);


ALTER TABLE public.django_content_type OWNER TO postgres;

--
-- Name: django_content_type_id_seq; Type: SEQUENCE; Schema: public; Owner: postgres
--

CREATE SEQUENCE public.django_content_type_id_seq
    AS integer
    START WITH 1
    INCREMENT BY 1
    NO MINVALUE
    NO MAXVALUE
    CACHE 1;


ALTER TABLE public.django_content_type_id_seq OWNER TO postgres;

--
-- Name: django_content_type_id_seq; Type: SEQUENCE OWNED BY; Schema: public; Owner: postgres
--

ALTER SEQUENCE public.django_content_type_id_seq OWNED BY public.django_content_type.id;


--
-- Name: django_migrations; Type: TABLE; Schema: public; Owner: postgres
--

CREATE TABLE public.django_migrations (
    id integer NOT NULL,
    app character varying(255) NOT NULL,
    name character varying(255) NOT NULL,
    applied timestamp with time zone NOT NULL
);


ALTER TABLE public.django_migrations OWNER TO postgres;

--
-- Name: django_migrations_id_seq; Type: SEQUENCE; Schema: public; Owner: postgres
--

CREATE SEQUENCE public.django_migrations_id_seq
    AS integer
    START WITH 1
    INCREMENT BY 1
    NO MINVALUE
    NO MAXVALUE
    CACHE 1;


ALTER TABLE public.django_migrations_id_seq OWNER TO postgres;

--
-- Name: django_migrations_id_seq; Type: SEQUENCE OWNED BY; Schema: public; Owner: postgres
--

ALTER SEQUENCE public.django_migrations_id_seq OWNED BY public.django_migrations.id;


--
-- Name: django_session; Type: TABLE; Schema: public; Owner: postgres
--

CREATE TABLE public.django_session (
    session_key character varying(40) NOT NULL,
    session_data text NOT NULL,
    expire_date timestamp with time zone NOT NULL
);


ALTER TABLE public.django_session OWNER TO postgres;

--
-- Name: locations_location; Type: TABLE; Schema: public; Owner: postgres
--

CREATE TABLE public.locations_location (
    id integer NOT NULL,
    created_at timestamp with time zone NOT NULL,
    modified_at timestamp with time zone NOT NULL,
    "pigletsGroupCell_id" integer,
    section_id integer,
    "sowAndPigletsCell_id" integer,
    "sowGroupCell_id" integer,
    "sowSingleCell_id" integer,
    workshop_id integer
);


ALTER TABLE public.locations_location OWNER TO postgres;

--
-- Name: locations_location_id_seq; Type: SEQUENCE; Schema: public; Owner: postgres
--

CREATE SEQUENCE public.locations_location_id_seq
    AS integer
    START WITH 1
    INCREMENT BY 1
    NO MINVALUE
    NO MAXVALUE
    CACHE 1;


ALTER TABLE public.locations_location_id_seq OWNER TO postgres;

--
-- Name: locations_location_id_seq; Type: SEQUENCE OWNED BY; Schema: public; Owner: postgres
--

ALTER SEQUENCE public.locations_location_id_seq OWNED BY public.locations_location.id;


--
-- Name: locations_pigletsgroupcell; Type: TABLE; Schema: public; Owner: postgres
--

CREATE TABLE public.locations_pigletsgroupcell (
    id integer NOT NULL,
    created_at timestamp with time zone NOT NULL,
    modified_at timestamp with time zone NOT NULL,
    number character varying(4) NOT NULL,
    section_id integer NOT NULL,
    workshop_id integer NOT NULL
);


ALTER TABLE public.locations_pigletsgroupcell OWNER TO postgres;

--
-- Name: locations_pigletsgroupcell_id_seq; Type: SEQUENCE; Schema: public; Owner: postgres
--

CREATE SEQUENCE public.locations_pigletsgroupcell_id_seq
    AS integer
    START WITH 1
    INCREMENT BY 1
    NO MINVALUE
    NO MAXVALUE
    CACHE 1;


ALTER TABLE public.locations_pigletsgroupcell_id_seq OWNER TO postgres;

--
-- Name: locations_pigletsgroupcell_id_seq; Type: SEQUENCE OWNED BY; Schema: public; Owner: postgres
--

ALTER SEQUENCE public.locations_pigletsgroupcell_id_seq OWNED BY public.locations_pigletsgroupcell.id;


--
-- Name: locations_section; Type: TABLE; Schema: public; Owner: postgres
--

CREATE TABLE public.locations_section (
    id integer NOT NULL,
    created_at timestamp with time zone NOT NULL,
    modified_at timestamp with time zone NOT NULL,
    name character varying(20) NOT NULL,
    number integer NOT NULL,
    workshop_id integer NOT NULL
);


ALTER TABLE public.locations_section OWNER TO postgres;

--
-- Name: locations_section_id_seq; Type: SEQUENCE; Schema: public; Owner: postgres
--

CREATE SEQUENCE public.locations_section_id_seq
    AS integer
    START WITH 1
    INCREMENT BY 1
    NO MINVALUE
    NO MAXVALUE
    CACHE 1;


ALTER TABLE public.locations_section_id_seq OWNER TO postgres;

--
-- Name: locations_section_id_seq; Type: SEQUENCE OWNED BY; Schema: public; Owner: postgres
--

ALTER SEQUENCE public.locations_section_id_seq OWNED BY public.locations_section.id;


--
-- Name: locations_sowandpigletscell; Type: TABLE; Schema: public; Owner: postgres
--

CREATE TABLE public.locations_sowandpigletscell (
    id integer NOT NULL,
    created_at timestamp with time zone NOT NULL,
    modified_at timestamp with time zone NOT NULL,
    number character varying(4) NOT NULL,
    section_id integer NOT NULL,
    workshop_id integer NOT NULL
);


ALTER TABLE public.locations_sowandpigletscell OWNER TO postgres;

--
-- Name: locations_sowandpigletscell_id_seq; Type: SEQUENCE; Schema: public; Owner: postgres
--

CREATE SEQUENCE public.locations_sowandpigletscell_id_seq
    AS integer
    START WITH 1
    INCREMENT BY 1
    NO MINVALUE
    NO MAXVALUE
    CACHE 1;


ALTER TABLE public.locations_sowandpigletscell_id_seq OWNER TO postgres;

--
-- Name: locations_sowandpigletscell_id_seq; Type: SEQUENCE OWNED BY; Schema: public; Owner: postgres
--

ALTER SEQUENCE public.locations_sowandpigletscell_id_seq OWNED BY public.locations_sowandpigletscell.id;


--
-- Name: locations_sowgroupcell; Type: TABLE; Schema: public; Owner: postgres
--

CREATE TABLE public.locations_sowgroupcell (
    id integer NOT NULL,
    created_at timestamp with time zone NOT NULL,
    modified_at timestamp with time zone NOT NULL,
    number character varying(4) NOT NULL,
    sows_quantity integer NOT NULL,
    section_id integer NOT NULL,
    workshop_id integer NOT NULL
);


ALTER TABLE public.locations_sowgroupcell OWNER TO postgres;

--
-- Name: locations_sowgroupcell_id_seq; Type: SEQUENCE; Schema: public; Owner: postgres
--

CREATE SEQUENCE public.locations_sowgroupcell_id_seq
    AS integer
    START WITH 1
    INCREMENT BY 1
    NO MINVALUE
    NO MAXVALUE
    CACHE 1;


ALTER TABLE public.locations_sowgroupcell_id_seq OWNER TO postgres;

--
-- Name: locations_sowgroupcell_id_seq; Type: SEQUENCE OWNED BY; Schema: public; Owner: postgres
--

ALTER SEQUENCE public.locations_sowgroupcell_id_seq OWNED BY public.locations_sowgroupcell.id;


--
-- Name: locations_sowgroupcell_sows; Type: TABLE; Schema: public; Owner: postgres
--

CREATE TABLE public.locations_sowgroupcell_sows (
    id integer NOT NULL,
    sowgroupcell_id integer NOT NULL,
    sow_id integer NOT NULL
);


ALTER TABLE public.locations_sowgroupcell_sows OWNER TO postgres;

--
-- Name: locations_sowgroupcell_sows_id_seq; Type: SEQUENCE; Schema: public; Owner: postgres
--

CREATE SEQUENCE public.locations_sowgroupcell_sows_id_seq
    AS integer
    START WITH 1
    INCREMENT BY 1
    NO MINVALUE
    NO MAXVALUE
    CACHE 1;


ALTER TABLE public.locations_sowgroupcell_sows_id_seq OWNER TO postgres;

--
-- Name: locations_sowgroupcell_sows_id_seq; Type: SEQUENCE OWNED BY; Schema: public; Owner: postgres
--

ALTER SEQUENCE public.locations_sowgroupcell_sows_id_seq OWNED BY public.locations_sowgroupcell_sows.id;


--
-- Name: locations_sowsinglecell; Type: TABLE; Schema: public; Owner: postgres
--

CREATE TABLE public.locations_sowsinglecell (
    id integer NOT NULL,
    created_at timestamp with time zone NOT NULL,
    modified_at timestamp with time zone NOT NULL,
    number character varying(4) NOT NULL,
    section_id integer NOT NULL,
    workshop_id integer NOT NULL
);


ALTER TABLE public.locations_sowsinglecell OWNER TO postgres;

--
-- Name: locations_sowsinglecell_id_seq; Type: SEQUENCE; Schema: public; Owner: postgres
--

CREATE SEQUENCE public.locations_sowsinglecell_id_seq
    AS integer
    START WITH 1
    INCREMENT BY 1
    NO MINVALUE
    NO MAXVALUE
    CACHE 1;


ALTER TABLE public.locations_sowsinglecell_id_seq OWNER TO postgres;

--
-- Name: locations_sowsinglecell_id_seq; Type: SEQUENCE OWNED BY; Schema: public; Owner: postgres
--

ALTER SEQUENCE public.locations_sowsinglecell_id_seq OWNED BY public.locations_sowsinglecell.id;


--
-- Name: locations_workshop; Type: TABLE; Schema: public; Owner: postgres
--

CREATE TABLE public.locations_workshop (
    id integer NOT NULL,
    created_at timestamp with time zone NOT NULL,
    modified_at timestamp with time zone NOT NULL,
    number integer NOT NULL,
    title character varying(128) NOT NULL
);


ALTER TABLE public.locations_workshop OWNER TO postgres;

--
-- Name: locations_workshop_id_seq; Type: SEQUENCE; Schema: public; Owner: postgres
--

CREATE SEQUENCE public.locations_workshop_id_seq
    AS integer
    START WITH 1
    INCREMENT BY 1
    NO MINVALUE
    NO MAXVALUE
    CACHE 1;


ALTER TABLE public.locations_workshop_id_seq OWNER TO postgres;

--
-- Name: locations_workshop_id_seq; Type: SEQUENCE OWNED BY; Schema: public; Owner: postgres
--

ALTER SEQUENCE public.locations_workshop_id_seq OWNED BY public.locations_workshop.id;


--
-- Name: piglets_events_cullingpiglets; Type: TABLE; Schema: public; Owner: postgres
--

CREATE TABLE public.piglets_events_cullingpiglets (
    id integer NOT NULL,
    created_at timestamp with time zone NOT NULL,
    modified_at timestamp with time zone NOT NULL,
    date timestamp with time zone,
    culling_type character varying(50) NOT NULL,
    reason character varying(200),
    is_it_gilt boolean NOT NULL,
    initiator_id integer,
    piglets_group_id integer NOT NULL,
    quantity integer NOT NULL,
    total_weight double precision,
    location_id integer
);


ALTER TABLE public.piglets_events_cullingpiglets OWNER TO postgres;

--
-- Name: piglets_events_cullingpiglets_id_seq; Type: SEQUENCE; Schema: public; Owner: postgres
--

CREATE SEQUENCE public.piglets_events_cullingpiglets_id_seq
    AS integer
    START WITH 1
    INCREMENT BY 1
    NO MINVALUE
    NO MAXVALUE
    CACHE 1;


ALTER TABLE public.piglets_events_cullingpiglets_id_seq OWNER TO postgres;

--
-- Name: piglets_events_cullingpiglets_id_seq; Type: SEQUENCE OWNED BY; Schema: public; Owner: postgres
--

ALTER SEQUENCE public.piglets_events_cullingpiglets_id_seq OWNED BY public.piglets_events_cullingpiglets.id;


--
-- Name: piglets_events_pigletsmerger; Type: TABLE; Schema: public; Owner: postgres
--

CREATE TABLE public.piglets_events_pigletsmerger (
    id integer NOT NULL,
    created_at timestamp with time zone NOT NULL,
    modified_at timestamp with time zone NOT NULL,
    date timestamp with time zone,
    created_piglets_id integer,
    initiator_id integer
);


ALTER TABLE public.piglets_events_pigletsmerger OWNER TO postgres;

--
-- Name: piglets_events_pigletsmerger_id_seq; Type: SEQUENCE; Schema: public; Owner: postgres
--

CREATE SEQUENCE public.piglets_events_pigletsmerger_id_seq
    AS integer
    START WITH 1
    INCREMENT BY 1
    NO MINVALUE
    NO MAXVALUE
    CACHE 1;


ALTER TABLE public.piglets_events_pigletsmerger_id_seq OWNER TO postgres;

--
-- Name: piglets_events_pigletsmerger_id_seq; Type: SEQUENCE OWNED BY; Schema: public; Owner: postgres
--

ALTER SEQUENCE public.piglets_events_pigletsmerger_id_seq OWNED BY public.piglets_events_pigletsmerger.id;


--
-- Name: piglets_events_pigletssplit; Type: TABLE; Schema: public; Owner: postgres
--

CREATE TABLE public.piglets_events_pigletssplit (
    id integer NOT NULL,
    created_at timestamp with time zone NOT NULL,
    modified_at timestamp with time zone NOT NULL,
    date timestamp with time zone,
    initiator_id integer,
    parent_piglets_id integer
);


ALTER TABLE public.piglets_events_pigletssplit OWNER TO postgres;

--
-- Name: piglets_events_pigletssplit_id_seq; Type: SEQUENCE; Schema: public; Owner: postgres
--

CREATE SEQUENCE public.piglets_events_pigletssplit_id_seq
    AS integer
    START WITH 1
    INCREMENT BY 1
    NO MINVALUE
    NO MAXVALUE
    CACHE 1;


ALTER TABLE public.piglets_events_pigletssplit_id_seq OWNER TO postgres;

--
-- Name: piglets_events_pigletssplit_id_seq; Type: SEQUENCE OWNED BY; Schema: public; Owner: postgres
--

ALTER SEQUENCE public.piglets_events_pigletssplit_id_seq OWNED BY public.piglets_events_pigletssplit.id;


--
-- Name: piglets_events_recount; Type: TABLE; Schema: public; Owner: postgres
--

CREATE TABLE public.piglets_events_recount (
    id integer NOT NULL,
    created_at timestamp with time zone NOT NULL,
    modified_at timestamp with time zone NOT NULL,
    date timestamp with time zone,
    quantity_before integer NOT NULL,
    quantity_after integer NOT NULL,
    balance integer NOT NULL,
    initiator_id integer,
    piglets_id integer NOT NULL,
    comment text
);


ALTER TABLE public.piglets_events_recount OWNER TO postgres;

--
-- Name: piglets_events_recount_id_seq; Type: SEQUENCE; Schema: public; Owner: postgres
--

CREATE SEQUENCE public.piglets_events_recount_id_seq
    AS integer
    START WITH 1
    INCREMENT BY 1
    NO MINVALUE
    NO MAXVALUE
    CACHE 1;


ALTER TABLE public.piglets_events_recount_id_seq OWNER TO postgres;

--
-- Name: piglets_events_recount_id_seq; Type: SEQUENCE OWNED BY; Schema: public; Owner: postgres
--

ALTER SEQUENCE public.piglets_events_recount_id_seq OWNED BY public.piglets_events_recount.id;


--
-- Name: piglets_events_weighingpiglets; Type: TABLE; Schema: public; Owner: postgres
--

CREATE TABLE public.piglets_events_weighingpiglets (
    id integer NOT NULL,
    created_at timestamp with time zone NOT NULL,
    modified_at timestamp with time zone NOT NULL,
    date timestamp with time zone,
    total_weight double precision NOT NULL,
    average_weight double precision NOT NULL,
    piglets_quantity integer NOT NULL,
    place character varying(10) NOT NULL,
    initiator_id integer,
    piglets_group_id integer NOT NULL
);


ALTER TABLE public.piglets_events_weighingpiglets OWNER TO postgres;

--
-- Name: piglets_events_weighingpiglets_id_seq; Type: SEQUENCE; Schema: public; Owner: postgres
--

CREATE SEQUENCE public.piglets_events_weighingpiglets_id_seq
    AS integer
    START WITH 1
    INCREMENT BY 1
    NO MINVALUE
    NO MAXVALUE
    CACHE 1;


ALTER TABLE public.piglets_events_weighingpiglets_id_seq OWNER TO postgres;

--
-- Name: piglets_events_weighingpiglets_id_seq; Type: SEQUENCE OWNED BY; Schema: public; Owner: postgres
--

ALTER SEQUENCE public.piglets_events_weighingpiglets_id_seq OWNED BY public.piglets_events_weighingpiglets.id;


--
-- Name: piglets_piglets; Type: TABLE; Schema: public; Owner: postgres
--

CREATE TABLE public.piglets_piglets (
    id integer NOT NULL,
    created_at timestamp with time zone NOT NULL,
    modified_at timestamp with time zone NOT NULL,
    start_quantity integer NOT NULL,
    quantity integer NOT NULL,
    gilts_quantity integer NOT NULL,
    active boolean NOT NULL,
    location_id integer,
    merger_as_parent_id integer,
    split_as_child_id integer,
    status_id integer,
    transfer_part_number integer
);


ALTER TABLE public.piglets_piglets OWNER TO postgres;

--
-- Name: piglets_piglets_id_seq; Type: SEQUENCE; Schema: public; Owner: postgres
--

CREATE SEQUENCE public.piglets_piglets_id_seq
    AS integer
    START WITH 1
    INCREMENT BY 1
    NO MINVALUE
    NO MAXVALUE
    CACHE 1;


ALTER TABLE public.piglets_piglets_id_seq OWNER TO postgres;

--
-- Name: piglets_piglets_id_seq; Type: SEQUENCE OWNED BY; Schema: public; Owner: postgres
--

ALTER SEQUENCE public.piglets_piglets_id_seq OWNED BY public.piglets_piglets.id;


--
-- Name: piglets_pigletsstatus; Type: TABLE; Schema: public; Owner: postgres
--

CREATE TABLE public.piglets_pigletsstatus (
    id integer NOT NULL,
    created_at timestamp with time zone NOT NULL,
    modified_at timestamp with time zone NOT NULL,
    title character varying(100) NOT NULL
);


ALTER TABLE public.piglets_pigletsstatus OWNER TO postgres;

--
-- Name: piglets_pigletsstatus_id_seq; Type: SEQUENCE; Schema: public; Owner: postgres
--

CREATE SEQUENCE public.piglets_pigletsstatus_id_seq
    AS integer
    START WITH 1
    INCREMENT BY 1
    NO MINVALUE
    NO MAXVALUE
    CACHE 1;


ALTER TABLE public.piglets_pigletsstatus_id_seq OWNER TO postgres;

--
-- Name: piglets_pigletsstatus_id_seq; Type: SEQUENCE OWNED BY; Schema: public; Owner: postgres
--

ALTER SEQUENCE public.piglets_pigletsstatus_id_seq OWNED BY public.piglets_pigletsstatus.id;


--
-- Name: sows_boar; Type: TABLE; Schema: public; Owner: postgres
--

CREATE TABLE public.sows_boar (
    id integer NOT NULL,
    created_at timestamp with time zone NOT NULL,
    modified_at timestamp with time zone NOT NULL,
    birth_id character varying(10),
    location_id integer
);


ALTER TABLE public.sows_boar OWNER TO postgres;

--
-- Name: sows_boar_id_seq; Type: SEQUENCE; Schema: public; Owner: postgres
--

CREATE SEQUENCE public.sows_boar_id_seq
    AS integer
    START WITH 1
    INCREMENT BY 1
    NO MINVALUE
    NO MAXVALUE
    CACHE 1;


ALTER TABLE public.sows_boar_id_seq OWNER TO postgres;

--
-- Name: sows_boar_id_seq; Type: SEQUENCE OWNED BY; Schema: public; Owner: postgres
--

ALTER SEQUENCE public.sows_boar_id_seq OWNED BY public.sows_boar.id;


--
-- Name: sows_events_abortionsow; Type: TABLE; Schema: public; Owner: postgres
--

CREATE TABLE public.sows_events_abortionsow (
    id integer NOT NULL,
    created_at timestamp with time zone NOT NULL,
    modified_at timestamp with time zone NOT NULL,
    date timestamp with time zone,
    initiator_id integer,
    sow_id integer NOT NULL,
    tour_id integer
);


ALTER TABLE public.sows_events_abortionsow OWNER TO postgres;

--
-- Name: sows_events_abortionsow_id_seq; Type: SEQUENCE; Schema: public; Owner: postgres
--

CREATE SEQUENCE public.sows_events_abortionsow_id_seq
    AS integer
    START WITH 1
    INCREMENT BY 1
    NO MINVALUE
    NO MAXVALUE
    CACHE 1;


ALTER TABLE public.sows_events_abortionsow_id_seq OWNER TO postgres;

--
-- Name: sows_events_abortionsow_id_seq; Type: SEQUENCE OWNED BY; Schema: public; Owner: postgres
--

ALTER SEQUENCE public.sows_events_abortionsow_id_seq OWNED BY public.sows_events_abortionsow.id;


--
-- Name: sows_events_cullingsow; Type: TABLE; Schema: public; Owner: postgres
--

CREATE TABLE public.sows_events_cullingsow (
    id integer NOT NULL,
    created_at timestamp with time zone NOT NULL,
    modified_at timestamp with time zone NOT NULL,
    date timestamp with time zone,
    culling_type character varying(50) NOT NULL,
    reason character varying(300),
    initiator_id integer,
    sow_id integer NOT NULL,
    tour_id integer
);


ALTER TABLE public.sows_events_cullingsow OWNER TO postgres;

--
-- Name: sows_events_cullingsow_id_seq; Type: SEQUENCE; Schema: public; Owner: postgres
--

CREATE SEQUENCE public.sows_events_cullingsow_id_seq
    AS integer
    START WITH 1
    INCREMENT BY 1
    NO MINVALUE
    NO MAXVALUE
    CACHE 1;


ALTER TABLE public.sows_events_cullingsow_id_seq OWNER TO postgres;

--
-- Name: sows_events_cullingsow_id_seq; Type: SEQUENCE OWNED BY; Schema: public; Owner: postgres
--

ALTER SEQUENCE public.sows_events_cullingsow_id_seq OWNED BY public.sows_events_cullingsow.id;


--
-- Name: sows_events_semination; Type: TABLE; Schema: public; Owner: postgres
--

CREATE TABLE public.sows_events_semination (
    id integer NOT NULL,
    created_at timestamp with time zone NOT NULL,
    modified_at timestamp with time zone NOT NULL,
    date timestamp with time zone,
    boar_id integer,
    initiator_id integer,
    semination_employee_id integer,
    sow_id integer NOT NULL,
    tour_id integer
);


ALTER TABLE public.sows_events_semination OWNER TO postgres;

--
-- Name: sows_events_semination_id_seq; Type: SEQUENCE; Schema: public; Owner: postgres
--

CREATE SEQUENCE public.sows_events_semination_id_seq
    AS integer
    START WITH 1
    INCREMENT BY 1
    NO MINVALUE
    NO MAXVALUE
    CACHE 1;


ALTER TABLE public.sows_events_semination_id_seq OWNER TO postgres;

--
-- Name: sows_events_semination_id_seq; Type: SEQUENCE OWNED BY; Schema: public; Owner: postgres
--

ALTER SEQUENCE public.sows_events_semination_id_seq OWNED BY public.sows_events_semination.id;


--
-- Name: sows_events_sowfarrow; Type: TABLE; Schema: public; Owner: postgres
--

CREATE TABLE public.sows_events_sowfarrow (
    id integer NOT NULL,
    created_at timestamp with time zone NOT NULL,
    modified_at timestamp with time zone NOT NULL,
    date timestamp with time zone,
    alive_quantity integer NOT NULL,
    dead_quantity integer NOT NULL,
    mummy_quantity integer NOT NULL,
    initiator_id integer,
    sow_id integer NOT NULL,
    tour_id integer,
    piglets_group_id integer
);


ALTER TABLE public.sows_events_sowfarrow OWNER TO postgres;

--
-- Name: sows_events_sowfarrow_id_seq; Type: SEQUENCE; Schema: public; Owner: postgres
--

CREATE SEQUENCE public.sows_events_sowfarrow_id_seq
    AS integer
    START WITH 1
    INCREMENT BY 1
    NO MINVALUE
    NO MAXVALUE
    CACHE 1;


ALTER TABLE public.sows_events_sowfarrow_id_seq OWNER TO postgres;

--
-- Name: sows_events_sowfarrow_id_seq; Type: SEQUENCE OWNED BY; Schema: public; Owner: postgres
--

ALTER SEQUENCE public.sows_events_sowfarrow_id_seq OWNED BY public.sows_events_sowfarrow.id;


--
-- Name: sows_events_ultrasound; Type: TABLE; Schema: public; Owner: postgres
--

CREATE TABLE public.sows_events_ultrasound (
    id integer NOT NULL,
    created_at timestamp with time zone NOT NULL,
    modified_at timestamp with time zone NOT NULL,
    date timestamp with time zone,
    result boolean NOT NULL,
    initiator_id integer,
    sow_id integer NOT NULL,
    tour_id integer,
    u_type_id integer
);


ALTER TABLE public.sows_events_ultrasound OWNER TO postgres;

--
-- Name: sows_events_ultrasound_id_seq; Type: SEQUENCE; Schema: public; Owner: postgres
--

CREATE SEQUENCE public.sows_events_ultrasound_id_seq
    AS integer
    START WITH 1
    INCREMENT BY 1
    NO MINVALUE
    NO MAXVALUE
    CACHE 1;


ALTER TABLE public.sows_events_ultrasound_id_seq OWNER TO postgres;

--
-- Name: sows_events_ultrasound_id_seq; Type: SEQUENCE OWNED BY; Schema: public; Owner: postgres
--

ALTER SEQUENCE public.sows_events_ultrasound_id_seq OWNED BY public.sows_events_ultrasound.id;


--
-- Name: sows_events_ultrasoundtype; Type: TABLE; Schema: public; Owner: postgres
--

CREATE TABLE public.sows_events_ultrasoundtype (
    id integer NOT NULL,
    created_at timestamp with time zone NOT NULL,
    modified_at timestamp with time zone NOT NULL,
    title character varying(100),
    days integer NOT NULL,
    final boolean NOT NULL
);


ALTER TABLE public.sows_events_ultrasoundtype OWNER TO postgres;

--
-- Name: sows_events_ultrasoundtype_id_seq; Type: SEQUENCE; Schema: public; Owner: postgres
--

CREATE SEQUENCE public.sows_events_ultrasoundtype_id_seq
    AS integer
    START WITH 1
    INCREMENT BY 1
    NO MINVALUE
    NO MAXVALUE
    CACHE 1;


ALTER TABLE public.sows_events_ultrasoundtype_id_seq OWNER TO postgres;

--
-- Name: sows_events_ultrasoundtype_id_seq; Type: SEQUENCE OWNED BY; Schema: public; Owner: postgres
--

ALTER SEQUENCE public.sows_events_ultrasoundtype_id_seq OWNED BY public.sows_events_ultrasoundtype.id;


--
-- Name: sows_events_weaningsow; Type: TABLE; Schema: public; Owner: postgres
--

CREATE TABLE public.sows_events_weaningsow (
    id integer NOT NULL,
    created_at timestamp with time zone NOT NULL,
    modified_at timestamp with time zone NOT NULL,
    date timestamp with time zone,
    quantity integer NOT NULL,
    initiator_id integer,
    piglets_id integer,
    sow_id integer NOT NULL,
    tour_id integer
);


ALTER TABLE public.sows_events_weaningsow OWNER TO postgres;

--
-- Name: sows_events_weaningsow_id_seq; Type: SEQUENCE; Schema: public; Owner: postgres
--

CREATE SEQUENCE public.sows_events_weaningsow_id_seq
    AS integer
    START WITH 1
    INCREMENT BY 1
    NO MINVALUE
    NO MAXVALUE
    CACHE 1;


ALTER TABLE public.sows_events_weaningsow_id_seq OWNER TO postgres;

--
-- Name: sows_events_weaningsow_id_seq; Type: SEQUENCE OWNED BY; Schema: public; Owner: postgres
--

ALTER SEQUENCE public.sows_events_weaningsow_id_seq OWNED BY public.sows_events_weaningsow.id;


--
-- Name: sows_gilt; Type: TABLE; Schema: public; Owner: postgres
--

CREATE TABLE public.sows_gilt (
    id integer NOT NULL,
    created_at timestamp with time zone NOT NULL,
    modified_at timestamp with time zone NOT NULL,
    birth_id character varying(10),
    location_id integer,
    mother_sow_id integer,
    tour_id integer,
    farrow_id integer,
    active boolean NOT NULL
);


ALTER TABLE public.sows_gilt OWNER TO postgres;

--
-- Name: sows_gilt_id_seq; Type: SEQUENCE; Schema: public; Owner: postgres
--

CREATE SEQUENCE public.sows_gilt_id_seq
    AS integer
    START WITH 1
    INCREMENT BY 1
    NO MINVALUE
    NO MAXVALUE
    CACHE 1;


ALTER TABLE public.sows_gilt_id_seq OWNER TO postgres;

--
-- Name: sows_gilt_id_seq; Type: SEQUENCE OWNED BY; Schema: public; Owner: postgres
--

ALTER SEQUENCE public.sows_gilt_id_seq OWNED BY public.sows_gilt.id;


--
-- Name: sows_sow; Type: TABLE; Schema: public; Owner: postgres
--

CREATE TABLE public.sows_sow (
    id integer NOT NULL,
    created_at timestamp with time zone NOT NULL,
    modified_at timestamp with time zone NOT NULL,
    birth_id character varying(10),
    farm_id integer,
    alive boolean NOT NULL,
    location_id integer,
    status_id integer,
    tour_id integer
);


ALTER TABLE public.sows_sow OWNER TO postgres;

--
-- Name: sows_sow_id_seq; Type: SEQUENCE; Schema: public; Owner: postgres
--

CREATE SEQUENCE public.sows_sow_id_seq
    AS integer
    START WITH 1
    INCREMENT BY 1
    NO MINVALUE
    NO MAXVALUE
    CACHE 1;


ALTER TABLE public.sows_sow_id_seq OWNER TO postgres;

--
-- Name: sows_sow_id_seq; Type: SEQUENCE OWNED BY; Schema: public; Owner: postgres
--

ALTER SEQUENCE public.sows_sow_id_seq OWNED BY public.sows_sow.id;


--
-- Name: sows_sowstatus; Type: TABLE; Schema: public; Owner: postgres
--

CREATE TABLE public.sows_sowstatus (
    id integer NOT NULL,
    created_at timestamp with time zone NOT NULL,
    modified_at timestamp with time zone NOT NULL,
    title character varying(100) NOT NULL
);


ALTER TABLE public.sows_sowstatus OWNER TO postgres;

--
-- Name: sows_sowstatus_id_seq; Type: SEQUENCE; Schema: public; Owner: postgres
--

CREATE SEQUENCE public.sows_sowstatus_id_seq
    AS integer
    START WITH 1
    INCREMENT BY 1
    NO MINVALUE
    NO MAXVALUE
    CACHE 1;


ALTER TABLE public.sows_sowstatus_id_seq OWNER TO postgres;

--
-- Name: sows_sowstatus_id_seq; Type: SEQUENCE OWNED BY; Schema: public; Owner: postgres
--

ALTER SEQUENCE public.sows_sowstatus_id_seq OWNED BY public.sows_sowstatus.id;


--
-- Name: staff_workshopemployee; Type: TABLE; Schema: public; Owner: postgres
--

CREATE TABLE public.staff_workshopemployee (
    id integer NOT NULL,
    created_at timestamp with time zone NOT NULL,
    modified_at timestamp with time zone NOT NULL,
    farm_name character varying(20) NOT NULL,
    is_officer boolean NOT NULL,
    is_seminator boolean NOT NULL,
    user_id integer NOT NULL,
    workshop_id integer
);


ALTER TABLE public.staff_workshopemployee OWNER TO postgres;

--
-- Name: staff_workshopemployee_id_seq; Type: SEQUENCE; Schema: public; Owner: postgres
--

CREATE SEQUENCE public.staff_workshopemployee_id_seq
    AS integer
    START WITH 1
    INCREMENT BY 1
    NO MINVALUE
    NO MAXVALUE
    CACHE 1;


ALTER TABLE public.staff_workshopemployee_id_seq OWNER TO postgres;

--
-- Name: staff_workshopemployee_id_seq; Type: SEQUENCE OWNED BY; Schema: public; Owner: postgres
--

ALTER SEQUENCE public.staff_workshopemployee_id_seq OWNED BY public.staff_workshopemployee.id;


--
-- Name: tours_metatour; Type: TABLE; Schema: public; Owner: postgres
--

CREATE TABLE public.tours_metatour (
    id integer NOT NULL,
    created_at timestamp with time zone NOT NULL,
    modified_at timestamp with time zone NOT NULL,
    piglets_id integer NOT NULL
);


ALTER TABLE public.tours_metatour OWNER TO postgres;

--
-- Name: tours_metatour_id_seq; Type: SEQUENCE; Schema: public; Owner: postgres
--

CREATE SEQUENCE public.tours_metatour_id_seq
    AS integer
    START WITH 1
    INCREMENT BY 1
    NO MINVALUE
    NO MAXVALUE
    CACHE 1;


ALTER TABLE public.tours_metatour_id_seq OWNER TO postgres;

--
-- Name: tours_metatour_id_seq; Type: SEQUENCE OWNED BY; Schema: public; Owner: postgres
--

ALTER SEQUENCE public.tours_metatour_id_seq OWNED BY public.tours_metatour.id;


--
-- Name: tours_metatourrecord; Type: TABLE; Schema: public; Owner: postgres
--

CREATE TABLE public.tours_metatourrecord (
    id integer NOT NULL,
    created_at timestamp with time zone NOT NULL,
    modified_at timestamp with time zone NOT NULL,
    quantity integer NOT NULL,
    percentage double precision NOT NULL,
    metatour_id integer NOT NULL,
    tour_id integer NOT NULL,
    note text
);


ALTER TABLE public.tours_metatourrecord OWNER TO postgres;

--
-- Name: tours_metatourrecord_id_seq; Type: SEQUENCE; Schema: public; Owner: postgres
--

CREATE SEQUENCE public.tours_metatourrecord_id_seq
    AS integer
    START WITH 1
    INCREMENT BY 1
    NO MINVALUE
    NO MAXVALUE
    CACHE 1;


ALTER TABLE public.tours_metatourrecord_id_seq OWNER TO postgres;

--
-- Name: tours_metatourrecord_id_seq; Type: SEQUENCE OWNED BY; Schema: public; Owner: postgres
--

ALTER SEQUENCE public.tours_metatourrecord_id_seq OWNED BY public.tours_metatourrecord.id;


--
-- Name: tours_tour; Type: TABLE; Schema: public; Owner: postgres
--

CREATE TABLE public.tours_tour (
    id integer NOT NULL,
    created_at timestamp with time zone NOT NULL,
    modified_at timestamp with time zone NOT NULL,
    start_date timestamp with time zone NOT NULL,
    week_number integer NOT NULL,
    year integer NOT NULL
);


ALTER TABLE public.tours_tour OWNER TO postgres;

--
-- Name: tours_tour_id_seq; Type: SEQUENCE; Schema: public; Owner: postgres
--

CREATE SEQUENCE public.tours_tour_id_seq
    AS integer
    START WITH 1
    INCREMENT BY 1
    NO MINVALUE
    NO MAXVALUE
    CACHE 1;


ALTER TABLE public.tours_tour_id_seq OWNER TO postgres;

--
-- Name: tours_tour_id_seq; Type: SEQUENCE OWNED BY; Schema: public; Owner: postgres
--

ALTER SEQUENCE public.tours_tour_id_seq OWNED BY public.tours_tour.id;


--
-- Name: transactions_pigletstransaction; Type: TABLE; Schema: public; Owner: postgres
--

CREATE TABLE public.transactions_pigletstransaction (
    id integer NOT NULL,
    created_at timestamp with time zone NOT NULL,
    modified_at timestamp with time zone NOT NULL,
    date timestamp with time zone,
    from_location_id integer NOT NULL,
    initiator_id integer,
    piglets_group_id integer NOT NULL,
    to_location_id integer NOT NULL
);


ALTER TABLE public.transactions_pigletstransaction OWNER TO postgres;

--
-- Name: transactions_pigletstransaction_id_seq; Type: SEQUENCE; Schema: public; Owner: postgres
--

CREATE SEQUENCE public.transactions_pigletstransaction_id_seq
    AS integer
    START WITH 1
    INCREMENT BY 1
    NO MINVALUE
    NO MAXVALUE
    CACHE 1;


ALTER TABLE public.transactions_pigletstransaction_id_seq OWNER TO postgres;

--
-- Name: transactions_pigletstransaction_id_seq; Type: SEQUENCE OWNED BY; Schema: public; Owner: postgres
--

ALTER SEQUENCE public.transactions_pigletstransaction_id_seq OWNED BY public.transactions_pigletstransaction.id;


--
-- Name: transactions_sowtransaction; Type: TABLE; Schema: public; Owner: postgres
--

CREATE TABLE public.transactions_sowtransaction (
    id integer NOT NULL,
    created_at timestamp with time zone NOT NULL,
    modified_at timestamp with time zone NOT NULL,
    date timestamp with time zone,
    from_location_id integer NOT NULL,
    initiator_id integer,
    sow_id integer NOT NULL,
    to_location_id integer NOT NULL
);


ALTER TABLE public.transactions_sowtransaction OWNER TO postgres;

--
-- Name: transactions_sowtransaction_id_seq; Type: SEQUENCE; Schema: public; Owner: postgres
--

CREATE SEQUENCE public.transactions_sowtransaction_id_seq
    AS integer
    START WITH 1
    INCREMENT BY 1
    NO MINVALUE
    NO MAXVALUE
    CACHE 1;


ALTER TABLE public.transactions_sowtransaction_id_seq OWNER TO postgres;

--
-- Name: transactions_sowtransaction_id_seq; Type: SEQUENCE OWNED BY; Schema: public; Owner: postgres
--

ALTER SEQUENCE public.transactions_sowtransaction_id_seq OWNED BY public.transactions_sowtransaction.id;


--
-- Name: auth_group id; Type: DEFAULT; Schema: public; Owner: postgres
--

ALTER TABLE ONLY public.auth_group ALTER COLUMN id SET DEFAULT nextval('public.auth_group_id_seq'::regclass);


--
-- Name: auth_group_permissions id; Type: DEFAULT; Schema: public; Owner: postgres
--

ALTER TABLE ONLY public.auth_group_permissions ALTER COLUMN id SET DEFAULT nextval('public.auth_group_permissions_id_seq'::regclass);


--
-- Name: auth_permission id; Type: DEFAULT; Schema: public; Owner: postgres
--

ALTER TABLE ONLY public.auth_permission ALTER COLUMN id SET DEFAULT nextval('public.auth_permission_id_seq'::regclass);


--
-- Name: auth_user id; Type: DEFAULT; Schema: public; Owner: postgres
--

ALTER TABLE ONLY public.auth_user ALTER COLUMN id SET DEFAULT nextval('public.auth_user_id_seq'::regclass);


--
-- Name: auth_user_groups id; Type: DEFAULT; Schema: public; Owner: postgres
--

ALTER TABLE ONLY public.auth_user_groups ALTER COLUMN id SET DEFAULT nextval('public.auth_user_groups_id_seq'::regclass);


--
-- Name: auth_user_user_permissions id; Type: DEFAULT; Schema: public; Owner: postgres
--

ALTER TABLE ONLY public.auth_user_user_permissions ALTER COLUMN id SET DEFAULT nextval('public.auth_user_user_permissions_id_seq'::regclass);


--
-- Name: django_admin_log id; Type: DEFAULT; Schema: public; Owner: postgres
--

ALTER TABLE ONLY public.django_admin_log ALTER COLUMN id SET DEFAULT nextval('public.django_admin_log_id_seq'::regclass);


--
-- Name: django_content_type id; Type: DEFAULT; Schema: public; Owner: postgres
--

ALTER TABLE ONLY public.django_content_type ALTER COLUMN id SET DEFAULT nextval('public.django_content_type_id_seq'::regclass);


--
-- Name: django_migrations id; Type: DEFAULT; Schema: public; Owner: postgres
--

ALTER TABLE ONLY public.django_migrations ALTER COLUMN id SET DEFAULT nextval('public.django_migrations_id_seq'::regclass);


--
-- Name: locations_location id; Type: DEFAULT; Schema: public; Owner: postgres
--

ALTER TABLE ONLY public.locations_location ALTER COLUMN id SET DEFAULT nextval('public.locations_location_id_seq'::regclass);


--
-- Name: locations_pigletsgroupcell id; Type: DEFAULT; Schema: public; Owner: postgres
--

ALTER TABLE ONLY public.locations_pigletsgroupcell ALTER COLUMN id SET DEFAULT nextval('public.locations_pigletsgroupcell_id_seq'::regclass);


--
-- Name: locations_section id; Type: DEFAULT; Schema: public; Owner: postgres
--

ALTER TABLE ONLY public.locations_section ALTER COLUMN id SET DEFAULT nextval('public.locations_section_id_seq'::regclass);


--
-- Name: locations_sowandpigletscell id; Type: DEFAULT; Schema: public; Owner: postgres
--

ALTER TABLE ONLY public.locations_sowandpigletscell ALTER COLUMN id SET DEFAULT nextval('public.locations_sowandpigletscell_id_seq'::regclass);


--
-- Name: locations_sowgroupcell id; Type: DEFAULT; Schema: public; Owner: postgres
--

ALTER TABLE ONLY public.locations_sowgroupcell ALTER COLUMN id SET DEFAULT nextval('public.locations_sowgroupcell_id_seq'::regclass);


--
-- Name: locations_sowgroupcell_sows id; Type: DEFAULT; Schema: public; Owner: postgres
--

ALTER TABLE ONLY public.locations_sowgroupcell_sows ALTER COLUMN id SET DEFAULT nextval('public.locations_sowgroupcell_sows_id_seq'::regclass);


--
-- Name: locations_sowsinglecell id; Type: DEFAULT; Schema: public; Owner: postgres
--

ALTER TABLE ONLY public.locations_sowsinglecell ALTER COLUMN id SET DEFAULT nextval('public.locations_sowsinglecell_id_seq'::regclass);


--
-- Name: locations_workshop id; Type: DEFAULT; Schema: public; Owner: postgres
--

ALTER TABLE ONLY public.locations_workshop ALTER COLUMN id SET DEFAULT nextval('public.locations_workshop_id_seq'::regclass);


--
-- Name: piglets_events_cullingpiglets id; Type: DEFAULT; Schema: public; Owner: postgres
--

ALTER TABLE ONLY public.piglets_events_cullingpiglets ALTER COLUMN id SET DEFAULT nextval('public.piglets_events_cullingpiglets_id_seq'::regclass);


--
-- Name: piglets_events_pigletsmerger id; Type: DEFAULT; Schema: public; Owner: postgres
--

ALTER TABLE ONLY public.piglets_events_pigletsmerger ALTER COLUMN id SET DEFAULT nextval('public.piglets_events_pigletsmerger_id_seq'::regclass);


--
-- Name: piglets_events_pigletssplit id; Type: DEFAULT; Schema: public; Owner: postgres
--

ALTER TABLE ONLY public.piglets_events_pigletssplit ALTER COLUMN id SET DEFAULT nextval('public.piglets_events_pigletssplit_id_seq'::regclass);


--
-- Name: piglets_events_recount id; Type: DEFAULT; Schema: public; Owner: postgres
--

ALTER TABLE ONLY public.piglets_events_recount ALTER COLUMN id SET DEFAULT nextval('public.piglets_events_recount_id_seq'::regclass);


--
-- Name: piglets_events_weighingpiglets id; Type: DEFAULT; Schema: public; Owner: postgres
--

ALTER TABLE ONLY public.piglets_events_weighingpiglets ALTER COLUMN id SET DEFAULT nextval('public.piglets_events_weighingpiglets_id_seq'::regclass);


--
-- Name: piglets_piglets id; Type: DEFAULT; Schema: public; Owner: postgres
--

ALTER TABLE ONLY public.piglets_piglets ALTER COLUMN id SET DEFAULT nextval('public.piglets_piglets_id_seq'::regclass);


--
-- Name: piglets_pigletsstatus id; Type: DEFAULT; Schema: public; Owner: postgres
--

ALTER TABLE ONLY public.piglets_pigletsstatus ALTER COLUMN id SET DEFAULT nextval('public.piglets_pigletsstatus_id_seq'::regclass);


--
-- Name: sows_boar id; Type: DEFAULT; Schema: public; Owner: postgres
--

ALTER TABLE ONLY public.sows_boar ALTER COLUMN id SET DEFAULT nextval('public.sows_boar_id_seq'::regclass);


--
-- Name: sows_events_abortionsow id; Type: DEFAULT; Schema: public; Owner: postgres
--

ALTER TABLE ONLY public.sows_events_abortionsow ALTER COLUMN id SET DEFAULT nextval('public.sows_events_abortionsow_id_seq'::regclass);


--
-- Name: sows_events_cullingsow id; Type: DEFAULT; Schema: public; Owner: postgres
--

ALTER TABLE ONLY public.sows_events_cullingsow ALTER COLUMN id SET DEFAULT nextval('public.sows_events_cullingsow_id_seq'::regclass);


--
-- Name: sows_events_semination id; Type: DEFAULT; Schema: public; Owner: postgres
--

ALTER TABLE ONLY public.sows_events_semination ALTER COLUMN id SET DEFAULT nextval('public.sows_events_semination_id_seq'::regclass);


--
-- Name: sows_events_sowfarrow id; Type: DEFAULT; Schema: public; Owner: postgres
--

ALTER TABLE ONLY public.sows_events_sowfarrow ALTER COLUMN id SET DEFAULT nextval('public.sows_events_sowfarrow_id_seq'::regclass);


--
-- Name: sows_events_ultrasound id; Type: DEFAULT; Schema: public; Owner: postgres
--

ALTER TABLE ONLY public.sows_events_ultrasound ALTER COLUMN id SET DEFAULT nextval('public.sows_events_ultrasound_id_seq'::regclass);


--
-- Name: sows_events_ultrasoundtype id; Type: DEFAULT; Schema: public; Owner: postgres
--

ALTER TABLE ONLY public.sows_events_ultrasoundtype ALTER COLUMN id SET DEFAULT nextval('public.sows_events_ultrasoundtype_id_seq'::regclass);


--
-- Name: sows_events_weaningsow id; Type: DEFAULT; Schema: public; Owner: postgres
--

ALTER TABLE ONLY public.sows_events_weaningsow ALTER COLUMN id SET DEFAULT nextval('public.sows_events_weaningsow_id_seq'::regclass);


--
-- Name: sows_gilt id; Type: DEFAULT; Schema: public; Owner: postgres
--

ALTER TABLE ONLY public.sows_gilt ALTER COLUMN id SET DEFAULT nextval('public.sows_gilt_id_seq'::regclass);


--
-- Name: sows_sow id; Type: DEFAULT; Schema: public; Owner: postgres
--

ALTER TABLE ONLY public.sows_sow ALTER COLUMN id SET DEFAULT nextval('public.sows_sow_id_seq'::regclass);


--
-- Name: sows_sowstatus id; Type: DEFAULT; Schema: public; Owner: postgres
--

ALTER TABLE ONLY public.sows_sowstatus ALTER COLUMN id SET DEFAULT nextval('public.sows_sowstatus_id_seq'::regclass);


--
-- Name: staff_workshopemployee id; Type: DEFAULT; Schema: public; Owner: postgres
--

ALTER TABLE ONLY public.staff_workshopemployee ALTER COLUMN id SET DEFAULT nextval('public.staff_workshopemployee_id_seq'::regclass);


--
-- Name: tours_metatour id; Type: DEFAULT; Schema: public; Owner: postgres
--

ALTER TABLE ONLY public.tours_metatour ALTER COLUMN id SET DEFAULT nextval('public.tours_metatour_id_seq'::regclass);


--
-- Name: tours_metatourrecord id; Type: DEFAULT; Schema: public; Owner: postgres
--

ALTER TABLE ONLY public.tours_metatourrecord ALTER COLUMN id SET DEFAULT nextval('public.tours_metatourrecord_id_seq'::regclass);


--
-- Name: tours_tour id; Type: DEFAULT; Schema: public; Owner: postgres
--

ALTER TABLE ONLY public.tours_tour ALTER COLUMN id SET DEFAULT nextval('public.tours_tour_id_seq'::regclass);


--
-- Name: transactions_pigletstransaction id; Type: DEFAULT; Schema: public; Owner: postgres
--

ALTER TABLE ONLY public.transactions_pigletstransaction ALTER COLUMN id SET DEFAULT nextval('public.transactions_pigletstransaction_id_seq'::regclass);


--
-- Name: transactions_sowtransaction id; Type: DEFAULT; Schema: public; Owner: postgres
--

ALTER TABLE ONLY public.transactions_sowtransaction ALTER COLUMN id SET DEFAULT nextval('public.transactions_sowtransaction_id_seq'::regclass);


--
-- Data for Name: auth_group; Type: TABLE DATA; Schema: public; Owner: postgres
--

COPY public.auth_group (id, name) FROM stdin;
\.


--
-- Data for Name: auth_group_permissions; Type: TABLE DATA; Schema: public; Owner: postgres
--

COPY public.auth_group_permissions (id, group_id, permission_id) FROM stdin;
\.


--
-- Data for Name: auth_permission; Type: TABLE DATA; Schema: public; Owner: postgres
--

COPY public.auth_permission (id, name, content_type_id, codename) FROM stdin;
1	Can add log entry	1	add_logentry
2	Can change log entry	1	change_logentry
3	Can delete log entry	1	delete_logentry
4	Can view log entry	1	view_logentry
5	Can add permission	2	add_permission
6	Can change permission	2	change_permission
7	Can delete permission	2	delete_permission
8	Can view permission	2	view_permission
9	Can add group	3	add_group
10	Can change group	3	change_group
11	Can delete group	3	delete_group
12	Can view group	3	view_group
13	Can add user	4	add_user
14	Can change user	4	change_user
15	Can delete user	4	delete_user
16	Can view user	4	view_user
17	Can add content type	5	add_contenttype
18	Can change content type	5	change_contenttype
19	Can delete content type	5	delete_contenttype
20	Can view content type	5	view_contenttype
21	Can add session	6	add_session
22	Can change session	6	change_session
23	Can delete session	6	delete_session
24	Can view session	6	view_session
25	Can add location	7	add_location
26	Can change location	7	change_location
27	Can delete location	7	delete_location
28	Can view location	7	view_location
29	Can add piglets group cell	8	add_pigletsgroupcell
30	Can change piglets group cell	8	change_pigletsgroupcell
31	Can delete piglets group cell	8	delete_pigletsgroupcell
32	Can view piglets group cell	8	view_pigletsgroupcell
33	Can add section	9	add_section
34	Can change section	9	change_section
35	Can delete section	9	delete_section
36	Can view section	9	view_section
37	Can add sow and piglets cell	10	add_sowandpigletscell
38	Can change sow and piglets cell	10	change_sowandpigletscell
39	Can delete sow and piglets cell	10	delete_sowandpigletscell
40	Can view sow and piglets cell	10	view_sowandpigletscell
41	Can add work shop	11	add_workshop
42	Can change work shop	11	change_workshop
43	Can delete work shop	11	delete_workshop
44	Can view work shop	11	view_workshop
45	Can add sow single cell	12	add_sowsinglecell
46	Can change sow single cell	12	change_sowsinglecell
47	Can delete sow single cell	12	delete_sowsinglecell
48	Can view sow single cell	12	view_sowsinglecell
49	Can add sow group cell	13	add_sowgroupcell
50	Can change sow group cell	13	change_sowgroupcell
51	Can delete sow group cell	13	delete_sowgroupcell
52	Can view sow group cell	13	view_sowgroupcell
53	Can add sow status	14	add_sowstatus
54	Can change sow status	14	change_sowstatus
55	Can delete sow status	14	delete_sowstatus
56	Can view sow status	14	view_sowstatus
57	Can add sow	15	add_sow
58	Can change sow	15	change_sow
59	Can delete sow	15	delete_sow
60	Can view sow	15	view_sow
61	Can add gilt	16	add_gilt
62	Can change gilt	16	change_gilt
63	Can delete gilt	16	delete_gilt
64	Can view gilt	16	view_gilt
65	Can add boar	17	add_boar
66	Can change boar	17	change_boar
67	Can delete boar	17	delete_boar
68	Can view boar	17	view_boar
69	Can add piglets status	18	add_pigletsstatus
70	Can change piglets status	18	change_pigletsstatus
71	Can delete piglets status	18	delete_pigletsstatus
72	Can view piglets status	18	view_pigletsstatus
73	Can add piglets	19	add_piglets
74	Can change piglets	19	change_piglets
75	Can delete piglets	19	delete_piglets
76	Can view piglets	19	view_piglets
77	Can add ultrasound type	20	add_ultrasoundtype
78	Can change ultrasound type	20	change_ultrasoundtype
79	Can delete ultrasound type	20	delete_ultrasoundtype
80	Can view ultrasound type	20	view_ultrasoundtype
81	Can add ultrasound	21	add_ultrasound
82	Can change ultrasound	21	change_ultrasound
83	Can delete ultrasound	21	delete_ultrasound
84	Can view ultrasound	21	view_ultrasound
85	Can add sow farrow	22	add_sowfarrow
86	Can change sow farrow	22	change_sowfarrow
87	Can delete sow farrow	22	delete_sowfarrow
88	Can view sow farrow	22	view_sowfarrow
89	Can add semination	23	add_semination
90	Can change semination	23	change_semination
91	Can delete semination	23	delete_semination
92	Can view semination	23	view_semination
93	Can add culling sow	24	add_cullingsow
94	Can change culling sow	24	change_cullingsow
95	Can delete culling sow	24	delete_cullingsow
96	Can view culling sow	24	view_cullingsow
97	Can add abortion sow	25	add_abortionsow
98	Can change abortion sow	25	change_abortionsow
99	Can delete abortion sow	25	delete_abortionsow
100	Can view abortion sow	25	view_abortionsow
101	Can add weaning sow	26	add_weaningsow
102	Can change weaning sow	26	change_weaningsow
103	Can delete weaning sow	26	delete_weaningsow
104	Can view weaning sow	26	view_weaningsow
105	Can add weighing piglets	27	add_weighingpiglets
106	Can change weighing piglets	27	change_weighingpiglets
107	Can delete weighing piglets	27	delete_weighingpiglets
108	Can view weighing piglets	27	view_weighingpiglets
109	Can add culling piglets	28	add_cullingpiglets
110	Can change culling piglets	28	change_cullingpiglets
111	Can delete culling piglets	28	delete_cullingpiglets
112	Can view culling piglets	28	view_cullingpiglets
113	Can add piglets merger	29	add_pigletsmerger
114	Can change piglets merger	29	change_pigletsmerger
115	Can delete piglets merger	29	delete_pigletsmerger
116	Can view piglets merger	29	view_pigletsmerger
117	Can add piglets split	30	add_pigletssplit
118	Can change piglets split	30	change_pigletssplit
119	Can delete piglets split	30	delete_pigletssplit
120	Can view piglets split	30	view_pigletssplit
121	Can add recount	31	add_recount
122	Can change recount	31	change_recount
123	Can delete recount	31	delete_recount
124	Can view recount	31	view_recount
125	Can add sow transaction	32	add_sowtransaction
126	Can change sow transaction	32	change_sowtransaction
127	Can delete sow transaction	32	delete_sowtransaction
128	Can view sow transaction	32	view_sowtransaction
129	Can add piglets transaction	33	add_pigletstransaction
130	Can change piglets transaction	33	change_pigletstransaction
131	Can delete piglets transaction	33	delete_pigletstransaction
132	Can view piglets transaction	33	view_pigletstransaction
133	Can add tour	34	add_tour
134	Can change tour	34	change_tour
135	Can delete tour	34	delete_tour
136	Can view tour	34	view_tour
137	Can add meta tour	35	add_metatour
138	Can change meta tour	35	change_metatour
139	Can delete meta tour	35	delete_metatour
140	Can view meta tour	35	view_metatour
141	Can add meta tour record	36	add_metatourrecord
142	Can change meta tour record	36	change_metatourrecord
143	Can delete meta tour record	36	delete_metatourrecord
144	Can view meta tour record	36	view_metatourrecord
145	Can add work shop employee	37	add_workshopemployee
146	Can change work shop employee	37	change_workshopemployee
147	Can delete work shop employee	37	delete_workshopemployee
148	Can view work shop employee	37	view_workshopemployee
149	Can add Token	38	add_token
150	Can change Token	38	change_token
151	Can delete Token	38	delete_token
152	Can view Token	38	view_token
\.


--
-- Data for Name: auth_user; Type: TABLE DATA; Schema: public; Owner: postgres
--

COPY public.auth_user (id, password, last_login, is_superuser, username, first_name, last_name, email, is_staff, is_active, date_joined) FROM stdin;
3	pbkdf2_sha256$150000$s3OkbNP4hGY3$nL4OV+/YvhcigjRLjk1QDYZFQ93hygozYjmTrsGca7I=	\N	f	test_admin1			t@t.ru	f	t	2020-03-09 11:46:37.277123+00
4	pbkdf2_sha256$150000$s7dR8eas7uGW$b7Io25IN7rV8PiJpndoV/nN0mPbq3xtufiMjrYw56vk=	\N	f	test_admin2			t@t.ru	f	t	2020-03-09 11:46:37.442688+00
5	pbkdf2_sha256$150000$mQkUa6xkZgxX$2Ha/X6DG29UtKLfxfAShftPYYSpu8ayfuVuw/nb6N1Q=	\N	f	test_officer			t@t.ru	f	t	2020-03-09 11:46:37.61034+00
6	pbkdf2_sha256$150000$9gmJIliMiOnc$n52FNVEukoRTwyEHhEZ1ERGNT1ysK8aIs6O+bcIG5Jw=	\N	f	shmigina			t@t.ru	f	t	2020-03-09 11:46:37.775846+00
7	pbkdf2_sha256$150000$iAx1dRj3Z3A2$cKbvz+emRkRzP6qw8lH6Eukk1Fx3iYkqhSAIEi+6toE=	\N	f	borisov			t@t.ru	f	t	2020-03-09 11:46:37.939773+00
8	pbkdf2_sha256$150000$gjZaMqVnKIAN$k04h0wfmZgLzo47xKoKSn14J50PgzQytbIFFq+uwS4c=	\N	f	semenova			t@t.ru	f	t	2020-03-09 11:46:38.10318+00
9	pbkdf2_sha256$150000$QyNWweVpxFri$vrF3rgCleMPfyDM7Z9wE00H0wKGMaPPm/MTjiR7KWqg=	\N	f	gary			t@t.ru	f	t	2020-03-09 11:46:38.267492+00
10	pbkdf2_sha256$150000$oQClbqEJIt5X$Mrhtb+iLcZEP/9CqjgXNtTSzPtfLY9M4UTPjVttNZfg=	\N	f	ivanov			t@t.ru	f	t	2020-03-09 11:46:38.427383+00
11	pbkdf2_sha256$150000$cWIfCL3nH4Ly$BnT6hyihd5KUGHjVGJe27pBQfIPK/Z3q169fFRXxIz4=	\N	f	stude			t@t.ru	f	t	2020-03-09 11:46:38.586658+00
12	pbkdf2_sha256$150000$HDnNRO0Eq9Wg$rqe92NRBQG9rkTmHz/7qmzVKT9xDz9GqxvQ3d76NByY=	\N	f	brigadir1			t@t.ru	f	t	2020-03-09 11:46:38.747352+00
13	pbkdf2_sha256$150000$x1BLRmFa5QQc$uOIZ+17+rxU6GHL+Y1K6kAamo0l7O2i3jgd452akcnw=	\N	f	brigadir2			t@t.ru	f	t	2020-03-09 11:46:38.909346+00
14	pbkdf2_sha256$150000$xtaqnjSLDKjZ$mSQwlsyXb+5Zc5GyD5gBPHImXf8yndGHuGmnWJy42TQ=	\N	f	brigadir3			t@t.ru	f	t	2020-03-09 11:46:39.068476+00
15	pbkdf2_sha256$150000$GDjBuwoo9RmZ$kjGPv+tCU7F9dwPl0K4oSoP+xtwhVpm9o6nSNAcRgYo=	\N	f	brigadir4			t@t.ru	f	t	2020-03-09 11:46:39.227543+00
16	pbkdf2_sha256$150000$FYH6z33P82sv$CSy+LynI7h+GdiY27mqCaNKlokBQYSgvVNRCGrxX3kI=	\N	f	brigadir5			t@t.ru	f	t	2020-03-09 11:46:39.390139+00
17	pbkdf2_sha256$150000$UzKTdkT0XEsQ$74QJdMo09ErQHo1aff+z5qLaFYEMZRICUHIcDYcMGns=	\N	f	brigadir6			t@t.ru	f	t	2020-03-09 11:46:39.553361+00
18	pbkdf2_sha256$150000$AItLxWmL7NUG$cNHkVbd40qBn5rsxD4GgSLK3k9QidFWf3WaJSfOAjH4=	\N	f	brigadir7			t@t.ru	f	t	2020-03-09 11:46:39.715776+00
20	pbkdf2_sha256$150000$SqbyL3APTR9I$mDKi7uPa+Nr8HR3Rvuq7HrswLl6TSDWkQvUDiE4Llpg=	\N	f	brigadir8				f	t	2020-04-02 03:07:45.178093+00
2	pbkdf2_sha256$150000$AAwzyEopetlo$0FhLJLP5xPxGDOlaqCOyF7/jKYcyuPKvCuDpuWCFh6k=	2020-04-16 02:00:41.51577+00	t	smileman			r@gmail.com	t	t	2020-03-09 11:46:37.117433+00
1	pbkdf2_sha256$150000$XEFrLwkQzxXY$aQFNX1Hz5tU64Oj8aTv/J3zlelUnpV1UpfXPO7qgQLQ=	2020-04-16 07:15:51.067735+00	t	kaizerj			kzrster@gmail.com	t	t	2020-03-09 11:46:36.952132+00
\.


--
-- Data for Name: auth_user_groups; Type: TABLE DATA; Schema: public; Owner: postgres
--

COPY public.auth_user_groups (id, user_id, group_id) FROM stdin;
\.


--
-- Data for Name: auth_user_user_permissions; Type: TABLE DATA; Schema: public; Owner: postgres
--

COPY public.auth_user_user_permissions (id, user_id, permission_id) FROM stdin;
\.


--
-- Data for Name: authtoken_token; Type: TABLE DATA; Schema: public; Owner: postgres
--

COPY public.authtoken_token (key, created, user_id) FROM stdin;
\.


--
-- Data for Name: cmda_exec; Type: TABLE DATA; Schema: public; Owner: postgres
--

COPY public.cmda_exec (cmda_output) FROM stdin;
\.


--
-- Data for Name: django_admin_log; Type: TABLE DATA; Schema: public; Owner: postgres
--

COPY public.django_admin_log (id, action_time, object_id, object_repr, action_flag, change_message, content_type_id, user_id) FROM stdin;
1	2020-03-09 11:48:47.125007+00	7	Piglets 7	3		19	2
2	2020-03-09 12:11:07.634646+00	37	Piglets 37	3		19	2
3	2020-03-12 15:00:53.234907+00	52	Piglets 52	3		19	2
4	2020-03-12 15:07:51.833723+00	50	Piglets 50	3		19	2
5	2020-03-12 15:07:51.837556+00	51	Piglets 51	3		19	2
6	2020-03-13 07:03:49.108507+00	4	Employee shmigina 	2	[{"changed": {"fields": ["is_officer"]}}]	37	1
7	2020-03-15 06:58:06.989388+00	87	Piglets 87	3		19	2
8	2020-03-15 07:03:01.49027+00	92	Piglets 92	3		19	2
9	2020-03-16 15:39:50.451172+00	697	Sow #2536	3		15	1
10	2020-03-16 15:39:50.457551+00	696	Sow #20164	3		15	1
11	2020-03-16 15:39:50.4603+00	695	Sow #20168	3		15	1
12	2020-03-16 15:39:50.463988+00	694	Sow #20149	3		15	1
13	2020-03-16 15:39:50.467819+00	693	Sow #20158	3		15	1
14	2020-03-16 15:39:50.471511+00	692	Sow #20140	3		15	1
15	2020-03-16 15:39:50.475256+00	691	Sow #20148	3		15	1
16	2020-03-16 15:39:50.478802+00	690	Sow #20157	3		15	1
17	2020-03-16 15:39:50.482184+00	689	Sow #20153	3		15	1
18	2020-03-16 15:39:50.485862+00	688	Sow #20152	3		15	1
19	2020-03-16 15:39:50.490992+00	687	Sow #2572	3		15	1
20	2020-03-16 15:39:50.495427+00	686	Sow #19604	3		15	1
21	2020-03-16 15:39:50.499173+00	685	Sow #19169	3		15	1
22	2020-03-16 15:39:50.502726+00	684	Sow #19756	3		15	1
23	2020-03-16 15:39:50.506035+00	683	Sow #19217	3		15	1
24	2020-03-16 15:39:50.509506+00	682	Sow #19196	3		15	1
25	2020-03-16 15:39:50.513069+00	681	Sow #2438	3		15	1
26	2020-03-16 15:39:50.516656+00	680	Sow #19211	3		15	1
27	2020-03-16 15:39:50.520399+00	679	Sow #19203	3		15	1
28	2020-03-16 15:39:50.524178+00	678	Sow #19245	3		15	1
29	2020-03-16 15:39:50.52784+00	677	Sow #5045	3		15	1
30	2020-03-16 15:39:50.533514+00	676	Sow #19766	3		15	1
31	2020-03-16 15:39:50.537875+00	675	Sow #19691	3		15	1
32	2020-03-16 15:39:50.541745+00	674	Sow #5078	3		15	1
33	2020-03-16 15:39:50.545357+00	673	Sow #2637	3		15	1
34	2020-03-16 15:39:50.54898+00	672	Sow #19821	3		15	1
35	2020-03-16 15:39:50.552457+00	671	Sow #19799	3		15	1
36	2020-03-16 15:39:50.556269+00	670	Sow #19302	3		15	1
37	2020-03-16 15:39:50.559928+00	669	Sow #18864	3		15	1
38	2020-03-16 15:39:50.563508+00	668	Sow #19832	3		15	1
39	2020-03-16 15:39:50.567073+00	667	Sow #19841	3		15	1
40	2020-03-16 15:39:50.570636+00	666	Sow #19833	3		15	1
41	2020-03-16 15:39:50.574255+00	665	Sow #19813	3		15	1
42	2020-03-16 15:39:50.577689+00	664	Sow #2731	3		15	1
43	2020-03-16 15:39:50.581483+00	663	Sow #19834	3		15	1
44	2020-03-16 15:39:50.585014+00	662	Sow #19388	3		15	1
45	2020-03-16 15:39:50.586647+00	661	Sow #2469	3		15	1
46	2020-03-16 15:39:50.588335+00	660	Sow #19384	3		15	1
47	2020-03-16 15:39:50.590143+00	659	Sow #19034	3		15	1
48	2020-03-16 15:39:50.591845+00	658	Sow #20154	3		15	1
49	2020-03-16 15:39:50.597543+00	657	Sow #20159	3		15	1
50	2020-03-16 15:39:50.601272+00	656	Sow #18894	3		15	1
51	2020-03-16 15:39:50.608282+00	655	Sow #19493	3		15	1
52	2020-03-16 15:39:50.612006+00	654	Sow #19479	3		15	1
53	2020-03-16 15:39:50.615681+00	653	Sow #20146	3		15	1
54	2020-03-16 15:39:50.619433+00	652	Sow #2516	3		15	1
55	2020-03-16 15:39:50.623039+00	651	Sow #20155	3		15	1
56	2020-03-16 15:39:50.626743+00	650	Sow #20538	3		15	1
57	2020-03-16 15:39:50.630361+00	649	Sow #2654	3		15	1
58	2020-03-16 15:39:50.634091+00	648	Sow #20537	3		15	1
59	2020-03-16 15:39:50.637708+00	647	Sow #19851	3		15	1
60	2020-03-16 15:39:50.641333+00	646	Sow #19575	3		15	1
61	2020-03-16 15:39:50.64494+00	645	Sow #5001	3		15	1
62	2020-03-16 15:39:50.648536+00	644	Sow #20169	3		15	1
63	2020-03-16 15:39:50.652052+00	643	Sow #20183	3		15	1
64	2020-03-16 15:39:50.655539+00	642	Sow #20186	3		15	1
65	2020-03-16 15:39:50.659016+00	641	Sow #20533	3		15	1
66	2020-03-16 15:39:50.662844+00	640	Sow #18839	3		15	1
67	2020-03-16 15:39:50.666375+00	639	Sow #20535	3		15	1
68	2020-03-16 15:39:50.668299+00	638	Sow #20532	3		15	1
69	2020-03-16 15:39:50.670323+00	637	Sow #20534	3		15	1
70	2020-03-16 15:39:50.672193+00	636	Sow #19758	3		15	1
71	2020-03-16 15:39:50.674174+00	635	Sow #20536	3		15	1
72	2020-03-16 15:39:50.677695+00	634	Sow #18428	3		15	1
73	2020-03-16 15:39:50.681532+00	633	Sow #19456	3		15	1
74	2020-03-16 15:39:50.685244+00	632	Sow #19481	3		15	1
75	2020-03-16 15:39:50.688928+00	631	Sow #19478	3		15	1
76	2020-03-16 15:39:50.693972+00	630	Sow #20138	3		15	1
77	2020-03-16 15:39:50.699459+00	629	Sow #20126	3		15	1
78	2020-03-16 15:39:50.703191+00	628	Sow #20128	3		15	1
79	2020-03-16 15:39:50.70686+00	627	Sow #20130	3		15	1
80	2020-03-16 15:39:50.710709+00	626	Sow #20144	3		15	1
81	2020-03-16 15:39:50.714439+00	625	Sow #19178	3		15	1
82	2020-03-16 15:39:50.718084+00	624	Sow #19736	3		15	1
83	2020-03-16 15:39:50.721682+00	623	Sow #5049	3		15	1
84	2020-03-16 15:39:50.72539+00	622	Sow #2609	3		15	1
85	2020-03-16 15:39:50.729017+00	621	Sow #19663	3		15	1
86	2020-03-16 15:39:50.732676+00	620	Sow #5100	3		15	1
87	2020-03-16 15:39:50.736316+00	619	Sow #19725	3		15	1
88	2020-03-16 15:39:50.73989+00	618	Sow #19670	3		15	1
89	2020-03-16 15:39:50.743454+00	617	Sow #20530	3		15	1
90	2020-03-16 15:39:50.747053+00	616	Sow #19650	3		15	1
91	2020-03-16 15:39:50.75063+00	615	Sow #2774	3		15	1
92	2020-03-16 15:39:50.754316+00	614	Sow #19711	3		15	1
93	2020-03-16 15:39:50.757883+00	613	Sow #19798	3		15	1
94	2020-03-16 15:39:50.761333+00	612	Sow #2320	3		15	1
95	2020-03-16 15:39:50.764938+00	611	Sow #20529	3		15	1
96	2020-03-16 15:39:50.768663+00	610	Sow #19219	3		15	1
97	2020-03-16 15:39:50.772619+00	609	Sow #18422	3		15	1
98	2020-03-16 15:39:50.77454+00	608	Sow #20125	3		15	1
99	2020-03-16 15:39:50.776319+00	607	Sow #19814	3		15	1
100	2020-03-16 15:39:50.778001+00	606	Sow #19272	3		15	1
101	2020-03-16 15:39:50.78162+00	605	Sow #20531	3		15	1
102	2020-03-16 15:39:50.785558+00	604	Sow #19805	3		15	1
103	2020-03-16 15:39:50.78929+00	603	Sow #2616	3		15	1
104	2020-03-16 15:39:50.794677+00	602	Sow #2624	3		15	1
105	2020-03-16 15:39:50.798588+00	601	Sow #19800	3		15	1
106	2020-03-16 15:39:50.802421+00	600	Sow #19806	3		15	1
107	2020-03-16 15:39:50.80624+00	599	Sow #19797	3		15	1
108	2020-03-16 15:39:50.810406+00	598	Sow #19779	3		15	1
109	2020-03-16 15:40:07.114048+00	597	Sow #19811	3		15	1
110	2020-03-16 15:40:07.116735+00	596	Sow #2729	3		15	1
111	2020-03-16 15:40:07.120374+00	595	Sow #20132	3		15	1
112	2020-03-16 15:40:07.124012+00	594	Sow #20123	3		15	1
113	2020-03-16 15:40:07.127701+00	593	Sow #20038	3		15	1
114	2020-03-16 15:40:07.131535+00	592	Sow #20071	3		15	1
115	2020-03-16 15:40:07.13537+00	591	Sow #20131	3		15	1
116	2020-03-16 15:40:07.138873+00	590	Sow #20135	3		15	1
117	2020-03-16 15:40:07.142481+00	589	Sow #20129	3		15	1
118	2020-03-16 15:40:07.146104+00	588	Sow #19435	3		15	1
119	2020-03-16 15:40:07.149622+00	587	Sow #2733	3		15	1
120	2020-03-16 15:40:07.152071+00	586	Sow #19423	3		15	1
121	2020-03-16 15:40:07.154388+00	585	Sow #20147	3		15	1
122	2020-03-16 15:40:07.156956+00	584	Sow #20165	3		15	1
123	2020-03-16 15:40:07.159368+00	583	Sow #20528	3		15	1
124	2020-03-16 15:40:07.161726+00	582	Sow #19748	3		15	1
125	2020-03-16 15:40:07.16415+00	581	Sow #20527	3		15	1
126	2020-03-16 15:40:07.166498+00	580	Sow #20156	3		15	1
127	2020-03-16 15:40:07.1688+00	579	Sow #2773	3		15	1
128	2020-03-16 15:40:07.171+00	578	Sow #20115	3		15	1
129	2020-03-16 15:40:07.17334+00	577	Sow #20526	3		15	1
130	2020-03-16 15:40:07.17564+00	576	Sow #2772	3		15	1
131	2020-03-16 15:40:07.177987+00	575	Sow #2771	3		15	1
132	2020-03-16 15:40:07.180321+00	574	Sow #19778	3		15	1
133	2020-03-16 15:40:07.183+00	573	Sow #19325	3		15	1
134	2020-03-16 15:40:07.186178+00	572	Sow #20114	3		15	1
135	2020-03-16 15:40:07.189814+00	571	Sow #20108	3		15	1
136	2020-03-16 15:40:07.193432+00	570	Sow #20117	3		15	1
137	2020-03-16 15:40:07.197046+00	569	Sow #20120	3		15	1
138	2020-03-16 15:40:07.20062+00	568	Sow #19145	3		15	1
139	2020-03-16 15:40:07.204183+00	567	Sow #20134	3		15	1
140	2020-03-16 15:40:07.207782+00	566	Sow #18878	3		15	1
141	2020-03-16 15:40:07.211494+00	565	Sow #2590	3		15	1
142	2020-03-16 15:40:07.215002+00	564	Sow #19794	3		15	1
143	2020-03-16 15:40:07.218681+00	563	Sow #19712	3		15	1
144	2020-03-16 15:40:07.222269+00	562	Sow #19682	3		15	1
145	2020-03-16 15:40:07.226387+00	561	Sow #19239	3		15	1
146	2020-03-16 15:40:07.229871+00	560	Sow #19681	3		15	1
147	2020-03-16 15:40:07.233162+00	559	Sow #20103	3		15	1
148	2020-03-16 15:40:07.236716+00	558	Sow #19247	3		15	1
149	2020-03-16 15:40:07.240205+00	557	Sow #19172	3		15	1
150	2020-03-16 15:40:07.242628+00	556	Sow #19793	3		15	1
151	2020-03-16 15:40:07.245094+00	555	Sow #18660	3		15	1
152	2020-03-16 15:40:07.247506+00	554	Sow #19809	3		15	1
153	2020-03-16 15:40:07.249813+00	553	Sow #20521	3		15	1
154	2020-03-16 15:40:07.252116+00	552	Sow #19786	3		15	1
155	2020-03-16 15:40:07.254506+00	551	Sow #19792	3		15	1
156	2020-03-16 15:40:07.256911+00	550	Sow #20524	3		15	1
157	2020-03-16 15:40:07.259146+00	549	Sow #19707	3		15	1
158	2020-03-16 15:40:07.261471+00	548	Sow #19777	3		15	1
159	2020-03-16 15:40:07.263853+00	547	Sow #2769	3		15	1
160	2020-03-16 15:40:07.266435+00	546	Sow #19231	3		15	1
161	2020-03-16 15:40:07.268761+00	545	Sow #19757	3		15	1
162	2020-03-16 15:40:07.271169+00	544	Sow #20522	3		15	1
163	2020-03-16 15:40:07.273585+00	543	Sow #20525	3		15	1
164	2020-03-16 15:40:07.276034+00	542	Sow #2770	3		15	1
165	2020-03-16 15:40:07.279624+00	541	Sow #20523	3		15	1
166	2020-03-16 15:40:07.283966+00	540	Sow #20072	3		15	1
167	2020-03-16 15:40:07.287788+00	539	Sow #19804	3		15	1
168	2020-03-16 15:40:07.291664+00	538	Sow #18625	3		15	1
169	2020-03-16 15:40:07.295421+00	537	Sow #20384	3		15	1
170	2020-03-16 15:40:07.297331+00	536	Sow #2602	3		15	1
171	2020-03-16 15:40:07.301443+00	535	Sow #19785	3		15	1
172	2020-03-16 15:40:07.305312+00	534	Sow #19822	3		15	1
173	2020-03-16 15:40:07.30891+00	533	Sow #19299	3		15	1
174	2020-03-16 15:40:07.3125+00	532	Sow #19828	3		15	1
175	2020-03-16 15:40:07.316066+00	531	Sow #20105	3		15	1
176	2020-03-16 15:40:07.319551+00	530	Sow #18996	3		15	1
177	2020-03-16 15:40:07.323357+00	529	Sow #19005	3		15	1
178	2020-03-16 15:40:07.327108+00	528	Sow #20124	3		15	1
179	2020-03-16 15:40:07.331007+00	527	Sow #20089	3		15	1
180	2020-03-16 15:40:07.333413+00	526	Sow #20107	3		15	1
181	2020-03-16 15:40:07.335683+00	525	Sow #20143	3		15	1
182	2020-03-16 15:40:07.337987+00	524	Sow #19464	3		15	1
183	2020-03-16 15:40:07.340364+00	523	Sow #19460	3		15	1
184	2020-03-16 15:40:07.342688+00	522	Sow #20136	3		15	1
185	2020-03-16 15:40:07.344967+00	521	Sow #20109	3		15	1
186	2020-03-16 15:40:07.347268+00	520	Sow #19447	3		15	1
187	2020-03-16 15:40:07.349614+00	519	Sow #20517	3		15	1
188	2020-03-16 15:40:07.352121+00	518	Sow #20519	3		15	1
189	2020-03-16 15:40:07.354492+00	517	Sow #20520	3		15	1
190	2020-03-16 15:40:07.357022+00	516	Sow #20518	3		15	1
191	2020-03-16 15:40:07.359447+00	515	Sow #19730	3		15	1
192	2020-03-16 15:40:07.361866+00	514	Sow #2768	3		15	1
193	2020-03-16 15:40:07.364306+00	513	Sow #19133	3		15	1
194	2020-03-16 15:40:07.366681+00	512	Sow #20515	3		15	1
195	2020-03-16 15:40:07.370154+00	511	Sow #19683	3		15	1
196	2020-03-16 15:40:07.373786+00	510	Sow #19759	3		15	1
197	2020-03-16 15:40:07.377413+00	509	Sow #2766	3		15	1
198	2020-03-16 15:40:07.380961+00	508	Sow #2767	3		15	1
199	2020-03-16 15:40:07.384491+00	507	Sow #19781	3		15	1
200	2020-03-16 15:40:07.388045+00	506	Sow #20516	3		15	1
201	2020-03-16 15:40:07.391636+00	505	Sow #20086	3		15	1
202	2020-03-16 15:40:07.395201+00	504	Sow #19486	3		15	1
203	2020-03-16 15:40:07.398948+00	503	Sow #20084	3		15	1
204	2020-03-16 15:40:07.402561+00	502	Sow #20093	3		15	1
205	2020-03-16 15:40:07.406188+00	500	Sow #19634	3		15	1
206	2020-03-16 15:40:07.409996+00	499	Sow #19762	3		15	1
207	2020-03-16 15:40:07.413776+00	498	Sow #2521	3		15	1
208	2020-03-16 15:40:07.417397+00	497	Sow #20512	3		15	1
209	2020-03-16 15:40:17.467543+00	496	Sow #19140	3		15	1
210	2020-03-16 15:40:17.471888+00	495	Sow #20111	3		15	1
211	2020-03-16 15:40:17.47669+00	494	Sow #19631	3		15	1
212	2020-03-16 15:40:17.481351+00	493	Sow #20507	3		15	1
213	2020-03-16 15:40:17.485947+00	491	Sow #19721	3		15	1
214	2020-03-16 15:40:17.49055+00	490	Sow #20511	3		15	1
215	2020-03-16 15:40:17.495129+00	489	Sow #5107	3		15	1
216	2020-03-16 15:40:17.499809+00	488	Sow #19743	3		15	1
217	2020-03-16 15:40:17.504338+00	487	Sow #19150	3		15	1
218	2020-03-16 15:40:17.50937+00	486	Sow #18765	3		15	1
219	2020-03-16 15:40:17.513531+00	485	Sow #19698	3		15	1
220	2020-03-16 15:40:17.517515+00	484	Sow #19706	3		15	1
221	2020-03-16 15:40:17.519545+00	483	Sow #19763	3		15	1
222	2020-03-16 15:40:17.521506+00	482	Sow #5120	3		15	1
223	2020-03-16 15:40:17.523113+00	481	Sow #20087	3		15	1
224	2020-03-16 15:40:17.524754+00	480	Sow #20092	3		15	1
225	2020-03-16 15:40:17.526363+00	479	Sow #19749	3		15	1
226	2020-03-16 15:40:17.527983+00	478	Sow #20509	3		15	1
227	2020-03-16 15:40:17.529871+00	477	Sow #2763	3		15	1
228	2020-03-16 15:40:17.531579+00	476	Sow #19765	3		15	1
229	2020-03-16 15:40:17.533274+00	475	Sow #5111	3		15	1
230	2020-03-16 15:40:17.53488+00	474	Sow #19731	3		15	1
231	2020-03-16 15:40:17.536556+00	473	Sow #19761	3		15	1
232	2020-03-16 15:40:17.538215+00	472	Sow #18834	3		15	1
233	2020-03-16 15:40:17.539886+00	471	Sow #5075	3		15	1
234	2020-03-16 15:40:17.54464+00	470	Sow #19823	3		15	1
235	2020-03-16 15:40:17.549139+00	469	Sow #20510	3		15	1
236	2020-03-16 15:40:17.553808+00	468	Sow #2764	3		15	1
237	2020-03-16 15:40:17.558475+00	467	Sow #20513	3		15	1
238	2020-03-16 15:40:17.56298+00	466	Sow #19386	3		15	1
239	2020-03-16 15:40:17.567554+00	465	Sow #20008	3		15	1
240	2020-03-16 15:40:17.57215+00	464	Sow #20100	3		15	1
241	2020-03-16 15:40:17.576626+00	463	Sow #20091	3		15	1
242	2020-03-16 15:40:17.581079+00	462	Sow #18919	3		15	1
243	2020-03-16 15:40:17.58575+00	461	Sow #20083	3		15	1
244	2020-03-16 15:40:17.59015+00	460	Sow #18334	3		15	1
245	2020-03-16 15:40:17.594712+00	459	Sow #20085	3		15	1
246	2020-03-16 15:40:17.599545+00	458	Sow #19397	3		15	1
247	2020-03-16 15:40:17.604432+00	457	Sow #20101	3		15	1
248	2020-03-16 15:40:17.608482+00	456	Sow #20099	3		15	1
249	2020-03-16 15:40:17.612533+00	455	Sow #20097	3		15	1
250	2020-03-16 15:40:17.616514+00	454	Sow #20074	3		15	1
251	2020-03-16 15:40:17.618083+00	453	Sow #20095	3		15	1
252	2020-03-16 15:40:17.619753+00	452	Sow #20082	3		15	1
253	2020-03-16 15:40:17.621345+00	451	Sow #20094	3		15	1
254	2020-03-16 15:40:17.622995+00	450	Sow #20096	3		15	1
255	2020-03-16 15:40:17.624749+00	449	Sow #19269	3		15	1
256	2020-03-16 15:40:17.626453+00	448	Sow #19429	3		15	1
257	2020-03-16 15:40:17.628176+00	447	Sow #2765	3		15	1
258	2020-03-16 15:40:17.629845+00	446	Sow #20514	3		15	1
259	2020-03-16 15:40:17.631416+00	445	Sow #20080	3		15	1
260	2020-03-16 15:40:17.63317+00	444	Sow #20505	3		15	1
261	2020-03-16 15:40:17.63482+00	443	Sow #19279	3		15	1
262	2020-03-16 15:40:17.639369+00	442	Sow #18881	3		15	1
263	2020-03-16 15:40:17.643849+00	441	Sow #20506	3		15	1
264	2020-03-16 15:40:17.648582+00	440	Sow #20502	3		15	1
265	2020-03-16 15:40:17.653236+00	439	Sow #20503	3		15	1
266	2020-03-16 15:40:17.65775+00	438	Sow #2762	3		15	1
267	2020-03-16 15:40:17.66227+00	437	Sow #19745	3		15	1
268	2020-03-16 15:40:17.666846+00	436	Sow #20504	3		15	1
269	2020-03-16 15:40:17.671201+00	435	Sow #19967	3		15	1
270	2020-03-16 15:40:17.675532+00	434	Sow #20499	3		15	1
271	2020-03-16 15:40:17.680178+00	433	Sow #20498	3		15	1
272	2020-03-16 15:40:17.684474+00	432	Sow #20501	3		15	1
273	2020-03-16 15:40:17.688903+00	431	Sow #20500	3		15	1
274	2020-03-16 15:40:17.693447+00	430	Sow #2761	3		15	1
275	2020-03-16 15:40:17.69811+00	429	Sow #20497	3		15	1
276	2020-03-16 15:40:17.702192+00	428	Sow #19750	3		15	1
277	2020-03-16 15:40:17.706267+00	427	Sow #19011	3		15	1
278	2020-03-16 15:40:17.710533+00	426	Sow #2713	3		15	1
279	2020-03-16 15:40:17.712583+00	425	Sow #2759	3		15	1
280	2020-03-16 15:40:17.716315+00	424	Sow #20076	3		15	1
281	2020-03-16 15:40:17.718233+00	423	Sow #18659	3		15	1
282	2020-03-16 15:40:17.720012+00	422	Sow #20079	3		15	1
283	2020-03-16 15:40:17.722005+00	421	Sow #18073	3		15	1
284	2020-03-16 15:40:17.725728+00	420	Sow #19139	3		15	1
285	2020-03-16 15:40:17.72712+00	419	Sow #19288	3		15	1
286	2020-03-16 15:40:17.731995+00	418	Sow #2757	3		15	1
287	2020-03-16 15:40:17.736543+00	417	Sow #19293	3		15	1
288	2020-03-16 15:40:17.741165+00	416	Sow #20486	3		15	1
289	2020-03-16 15:40:17.745824+00	415	Sow #19659	3		15	1
290	2020-03-16 15:40:17.750353+00	414	Sow #18972	3		15	1
291	2020-03-16 15:40:17.755368+00	413	Sow #5076	3		15	1
292	2020-03-16 15:40:17.759861+00	412	Sow #19728	3		15	1
293	2020-03-16 15:40:17.763847+00	411	Sow #20488	3		15	1
294	2020-03-16 15:40:17.767699+00	410	Sow #19555	3		15	1
295	2020-03-16 15:40:17.771387+00	409	Sow #18653	3		15	1
296	2020-03-16 15:40:17.773012+00	408	Sow #18528	3		15	1
297	2020-03-16 15:40:17.77466+00	407	Sow #19598	3		15	1
298	2020-03-16 15:40:17.776379+00	406	Sow #19774	3		15	1
299	2020-03-16 15:40:17.778091+00	405	Sow #20487	3		15	1
300	2020-03-16 15:40:17.779789+00	404	Sow #5117	3		15	1
301	2020-03-16 15:40:17.781378+00	403	Sow #19261	3		15	1
302	2020-03-16 15:40:17.783036+00	402	Sow #2758	3		15	1
303	2020-03-16 15:40:17.787536+00	401	Sow #19212	3		15	1
304	2020-03-16 15:40:17.792448+00	400	Sow #5139	3		15	1
305	2020-03-16 15:40:17.796022+00	399	Sow #2760	3		15	1
306	2020-03-16 15:40:17.800662+00	398	Sow #20494	3		15	1
307	2020-03-16 15:40:17.805295+00	397	Sow #20491	3		15	1
308	2020-03-16 15:40:17.812451+00	396	Sow #20495	3		15	1
309	2020-03-16 15:40:27.001198+00	395	Sow #20496	3		15	1
310	2020-03-16 15:40:27.004196+00	394	Sow #20493	3		15	1
311	2020-03-16 15:40:27.00895+00	393	Sow #20492	3		15	1
312	2020-03-16 15:40:27.013502+00	392	Sow #19713	3		15	1
313	2020-03-16 15:40:27.017811+00	391	Sow #19722	3		15	1
314	2020-03-16 15:40:27.022558+00	390	Sow #20489	3		15	1
315	2020-03-16 15:40:27.027108+00	389	Sow #20490	3		15	1
316	2020-03-16 15:40:27.03186+00	388	Sow #19047	3		15	1
317	2020-03-16 15:40:27.03647+00	387	Sow #19911	3		15	1
318	2020-03-16 15:40:27.041008+00	386	Sow #19402	3		15	1
319	2020-03-16 15:40:27.04546+00	385	Sow #19998	3		15	1
320	2020-03-16 15:40:27.050179+00	384	Sow #18888	3		15	1
321	2020-03-16 15:40:27.054564+00	383	Sow #20069	3		15	1
322	2020-03-16 15:40:27.060482+00	382	Sow #20077	3		15	1
323	2020-03-16 15:40:27.065191+00	381	Sow #18926	3		15	1
324	2020-03-16 15:40:27.069759+00	380	Sow #19372	3		15	1
325	2020-03-16 15:40:27.071436+00	379	Sow #20067	3		15	1
326	2020-03-16 15:40:27.073081+00	378	Sow #20064	3		15	1
327	2020-03-16 15:40:27.074707+00	377	Sow #20065	3		15	1
328	2020-03-16 15:40:27.076548+00	376	Sow #19987	3		15	1
329	2020-03-16 15:40:27.078225+00	375	Sow #20047	3		15	1
330	2020-03-16 15:40:27.07993+00	374	Sow #19100	3		15	1
331	2020-03-16 15:40:27.081554+00	373	Sow #20044	3		15	1
332	2020-03-16 15:40:27.083147+00	372	Sow #20485	3		15	1
333	2020-03-16 15:40:27.084721+00	371	Sow #20484	3		15	1
334	2020-03-16 15:40:27.08862+00	370	Sow #20057	3		15	1
335	2020-03-16 15:40:27.092643+00	369	Sow #20483	3		15	1
336	2020-03-16 15:40:27.097046+00	368	Sow #20482	3		15	1
337	2020-03-16 15:40:27.101474+00	367	Sow #19193	3		15	1
338	2020-03-16 15:40:27.105499+00	366	Sow #18339	3		15	1
339	2020-03-16 15:40:27.110235+00	365	Sow #19715	3		15	1
340	2020-03-16 15:40:27.114433+00	364	Sow #2418	3		15	1
341	2020-03-16 15:40:27.119277+00	363	Sow #18358	3		15	1
342	2020-03-16 15:40:27.123713+00	362	Sow #20058	3		15	1
343	2020-03-16 15:40:27.128385+00	361	Sow #19727	3		15	1
344	2020-03-16 15:40:27.133186+00	360	Sow #19180	3		15	1
345	2020-03-16 15:40:27.137878+00	359	Sow #20479	3		15	1
346	2020-03-16 15:40:27.142323+00	358	Sow #19142	3		15	1
347	2020-03-16 15:40:27.146975+00	357	Sow #18288	3		15	1
348	2020-03-16 15:40:27.15146+00	356	Sow #19704	3		15	1
349	2020-03-16 15:40:27.156118+00	355	Sow #19696	3		15	1
350	2020-03-16 15:40:27.16068+00	354	Sow #20053	3		15	1
351	2020-03-16 15:40:27.165353+00	353	Sow #18835	3		15	1
352	2020-03-16 15:40:27.166965+00	352	Sow #19527	3		15	1
353	2020-03-16 15:40:27.168696+00	351	Sow #19238	3		15	1
354	2020-03-16 15:40:27.170399+00	350	Sow #19136	3		15	1
355	2020-03-16 15:40:27.171997+00	349	Sow #18613	3		15	1
356	2020-03-16 15:40:27.173762+00	348	Sow #19710	3		15	1
357	2020-03-16 15:40:27.17827+00	347	Sow #5068	3		15	1
358	2020-03-16 15:40:27.180481+00	346	Sow #20481	3		15	1
359	2020-03-16 15:40:27.182111+00	345	Sow #5104	3		15	1
360	2020-03-16 15:40:27.184797+00	344	Sow #19684	3		15	1
361	2020-03-16 15:40:27.18647+00	343	Sow #18905	3		15	1
362	2020-03-16 15:40:27.188173+00	342	Sow #19638	3		15	1
363	2020-03-16 15:40:27.189845+00	341	Sow #19735	3		15	1
364	2020-03-16 15:40:27.19401+00	340	Sow #20480	3		15	1
365	2020-03-16 15:40:27.198278+00	339	Sow #19751	3		15	1
366	2020-03-16 15:40:27.202404+00	338	Sow #19724	3		15	1
367	2020-03-16 15:40:27.206993+00	337	Sow #5116	3		15	1
368	2020-03-16 15:40:27.211143+00	336	Sow #5086	3		15	1
369	2020-03-16 15:40:27.215278+00	335	Sow #19642	3		15	1
370	2020-03-16 15:40:27.219791+00	334	Sow #20034	3		15	1
371	2020-03-16 15:40:27.224106+00	333	Sow #19070	3		15	1
372	2020-03-16 15:40:27.228637+00	332	Sow #18578	3		15	1
373	2020-03-16 15:40:27.233646+00	331	Sow #19300	3		15	1
374	2020-03-16 15:40:27.238713+00	330	Sow #18105	3		15	1
375	2020-03-16 15:40:27.243605+00	329	Sow #2325	3		15	1
376	2020-03-16 15:40:27.248255+00	328	Sow #19334	3		15	1
377	2020-03-16 15:40:27.253457+00	327	Sow #19321	3		15	1
378	2020-03-16 15:40:27.258111+00	326	Sow #2700	3		15	1
379	2020-03-16 15:40:27.262872+00	325	Sow #20011	3		15	1
380	2020-03-16 15:40:27.264808+00	324	Sow #19358	3		15	1
381	2020-03-16 15:40:27.266666+00	323	Sow #19346	3		15	1
382	2020-03-16 15:40:27.268598+00	322	Sow #5066	3		15	1
383	2020-03-16 15:40:27.27049+00	321	Sow #20061	3		15	1
384	2020-03-16 15:40:27.272394+00	320	Sow #19027	3		15	1
385	2020-03-16 15:40:27.274337+00	319	Sow #18989	3		15	1
386	2020-03-16 15:40:27.2763+00	318	Sow #19389	3		15	1
387	2020-03-16 15:40:27.278668+00	317	Sow #18326	3		15	1
388	2020-03-16 15:40:27.281058+00	316	Sow #18467	3		15	1
389	2020-03-16 15:40:27.283047+00	315	Sow #19375	3		15	1
390	2020-03-16 15:40:27.286877+00	314	Sow #19128	3		15	1
391	2020-03-16 15:40:27.29078+00	313	Sow #19398	3		15	1
392	2020-03-16 15:40:27.295423+00	312	Sow #19054	3		15	1
393	2020-03-16 15:40:27.299513+00	311	Sow #19385	3		15	1
394	2020-03-16 15:40:27.303756+00	310	Sow #20013	3		15	1
395	2020-03-16 15:40:27.308576+00	309	Sow #19052	3		15	1
396	2020-03-16 15:40:27.313141+00	308	Sow #19084	3		15	1
397	2020-03-16 15:40:27.317403+00	307	Sow #18345	3		15	1
398	2020-03-16 15:40:27.321938+00	306	Sow #18985	3		15	1
399	2020-03-16 15:40:27.326135+00	305	Sow #19053	3		15	1
400	2020-03-16 15:40:27.331012+00	304	Sow #19404	3		15	1
401	2020-03-16 15:40:27.334861+00	303	Sow #20056	3		15	1
402	2020-03-16 15:40:27.339366+00	302	Sow #20051	3		15	1
403	2020-03-16 15:40:27.344028+00	301	Sow #18963	3		15	1
404	2020-03-16 15:40:27.348663+00	300	Sow #19585	3		15	1
405	2020-03-16 15:40:27.353321+00	299	Sow #20477	3		15	1
406	2020-03-16 15:40:27.357977+00	298	Sow #2756	3		15	1
407	2020-03-16 15:40:27.363222+00	297	Sow #19333	3		15	1
408	2020-03-16 15:40:27.365383+00	296	Sow #20478	3		15	1
409	2020-03-16 15:40:41.032987+00	295	Sow #20476	3		15	1
410	2020-03-16 15:40:41.035364+00	294	Sow #19113	3		15	1
411	2020-03-16 15:40:41.040041+00	293	Sow #20475	3		15	1
412	2020-03-16 15:40:41.044556+00	292	Sow #19526	3		15	1
413	2020-03-16 15:40:41.049302+00	291	Sow #2755	3		15	1
414	2020-03-16 15:40:41.053542+00	290	Sow #20474	3		15	1
415	2020-03-16 15:40:41.058164+00	289	Sow #20037	3		15	1
416	2020-03-16 15:40:41.062857+00	288	Sow #19739	3		15	1
417	2020-03-16 15:40:41.067533+00	287	Sow #2754	3		15	1
418	2020-03-16 15:40:41.072133+00	286	Sow #20472	3		15	1
419	2020-03-16 15:40:41.076324+00	285	Sow #20471	3		15	1
420	2020-03-16 15:40:41.080571+00	284	Sow #19607	3		15	1
421	2020-03-16 15:40:41.082204+00	283	Sow #19699	3		15	1
422	2020-03-16 15:40:41.08378+00	282	Sow #20473	3		15	1
423	2020-03-16 15:40:41.085327+00	281	Sow #19450	3		15	1
424	2020-03-16 15:40:41.086987+00	280	Sow #20049	3		15	1
425	2020-03-16 15:40:41.088789+00	279	Sow #19695	3		15	1
426	2020-03-16 15:40:41.090404+00	278	Sow #19628	3		15	1
427	2020-03-16 15:40:41.092206+00	277	Sow #2618	3		15	1
428	2020-03-16 15:40:41.093974+00	276	Sow #19714	3		15	1
429	2020-03-16 15:40:41.095635+00	275	Sow #4569	3		15	1
430	2020-03-16 15:40:41.097253+00	274	Sow #5149	3		15	1
431	2020-03-16 15:40:41.098819+00	273	Sow #20464	3		15	1
432	2020-03-16 15:40:41.100379+00	272	Sow #19335	3		15	1
433	2020-03-16 15:40:41.101986+00	271	Sow #20470	3		15	1
434	2020-03-16 15:40:41.105829+00	270	Sow #5010	3		15	1
435	2020-03-16 15:40:41.109964+00	269	Sow #19992	3		15	1
436	2020-03-16 15:40:41.114603+00	268	Sow #19630	3		15	1
437	2020-03-16 15:40:41.118891+00	267	Sow #20469	3		15	1
438	2020-03-16 15:40:41.123173+00	266	Sow #19062	3		15	1
439	2020-03-16 15:40:41.12772+00	265	Sow #19041	3		15	1
440	2020-03-16 15:40:41.132085+00	264	Sow #19993	3		15	1
441	2020-03-16 15:40:41.136734+00	263	Sow #19265	3		15	1
442	2020-03-16 15:40:41.141252+00	262	Sow #19635	3		15	1
443	2020-03-16 15:40:41.144999+00	261	Sow #20466	3		15	1
444	2020-03-16 15:40:41.149699+00	260	Sow #2753	3		15	1
445	2020-03-16 15:40:41.154451+00	259	Sow #19692	3		15	1
446	2020-03-16 15:40:41.159074+00	258	Sow #20468	3		15	1
447	2020-03-16 15:40:41.163191+00	257	Sow #19611	3		15	1
448	2020-03-16 15:40:41.167355+00	256	Sow #20046	3		15	1
449	2020-03-16 15:40:41.169056+00	255	Sow #20467	3		15	1
450	2020-03-16 15:40:41.171063+00	254	Sow #19262	3		15	1
451	2020-03-16 15:40:41.172772+00	253	Sow #2612	3		15	1
452	2020-03-16 15:40:41.174464+00	252	Sow #5080	3		15	1
453	2020-03-16 15:40:41.176139+00	251	Sow #20041	3		15	1
454	2020-03-16 15:40:41.177843+00	250	Sow #20048	3		15	1
455	2020-03-16 15:40:41.179557+00	249	Sow #2638	3		15	1
456	2020-03-16 15:40:41.18125+00	248	Sow #19694	3		15	1
457	2020-03-16 15:40:41.18286+00	247	Sow #19689	3		15	1
458	2020-03-16 15:40:41.184509+00	246	Sow #19019	3		15	1
459	2020-03-16 15:40:41.18625+00	245	Sow #19972	3		15	1
460	2020-03-16 15:40:41.188121+00	244	Sow #18915	3		15	1
461	2020-03-16 15:40:41.19202+00	243	Sow #19365	3		15	1
462	2020-03-16 15:40:41.195946+00	242	Sow #2711	3		15	1
463	2020-03-16 15:40:41.200133+00	241	Sow #19693	3		15	1
464	2020-03-16 15:40:41.204844+00	240	Sow #19378	3		15	1
465	2020-03-16 15:40:41.209116+00	239	Sow #20045	3		15	1
466	2020-03-16 15:40:41.21337+00	238	Sow #19381	3		15	1
467	2020-03-16 15:40:41.21804+00	237	Sow #19413	3		15	1
468	2020-03-16 15:40:41.222267+00	236	Sow #19482	3		15	1
469	2020-03-16 15:40:41.226834+00	235	Sow #19408	3		15	1
470	2020-03-16 15:40:41.230968+00	234	Sow #19994	3		15	1
471	2020-03-16 15:40:41.2356+00	233	Sow #20042	3		15	1
472	2020-03-16 15:40:41.240262+00	232	Sow #20043	3		15	1
473	2020-03-16 15:40:41.24488+00	231	Sow #20018	3		15	1
474	2020-03-16 15:40:41.249731+00	230	Sow #19944	3		15	1
475	2020-03-16 15:40:41.254006+00	229	Sow #20462	3		15	1
476	2020-03-16 15:40:41.258228+00	228	Sow #20465	3		15	1
477	2020-03-16 15:40:41.259826+00	227	Sow #20463	3		15	1
478	2020-03-16 15:40:41.261607+00	226	Sow #19737	3		15	1
479	2020-03-16 15:40:41.263157+00	225	Sow #18254	3		15	1
480	2020-03-16 15:40:41.264953+00	224	Sow #20036	3		15	1
481	2020-03-16 15:40:41.266692+00	223	Sow #20461	3		15	1
482	2020-03-16 15:40:41.268428+00	222	Sow #2645	3		15	1
483	2020-03-16 15:40:41.270108+00	221	Sow #19675	3		15	1
484	2020-03-16 15:40:41.271862+00	220	Sow #20450	3		15	1
485	2020-03-16 15:40:41.273596+00	219	Sow #907	3		15	1
486	2020-03-16 15:40:41.275111+00	218	Sow #19187	3		15	1
487	2020-03-16 15:40:41.276781+00	217	Sow #20447	3		15	1
488	2020-03-16 15:40:41.278323+00	216	Sow #20452	3		15	1
489	2020-03-16 15:40:41.282393+00	215	Sow #20023	3		15	1
490	2020-03-16 15:40:41.28709+00	214	Sow #19109	3		15	1
491	2020-03-16 15:40:41.291425+00	213	Sow #2752	3		15	1
492	2020-03-16 15:40:41.295834+00	212	Sow #19383	3		15	1
493	2020-03-16 15:40:41.300505+00	211	Sow #20454	3		15	1
494	2020-03-16 15:40:41.304851+00	210	Sow #18605	3		15	1
495	2020-03-16 15:40:41.309513+00	209	Sow #20020	3		15	1
496	2020-03-16 15:40:41.313911+00	208	Sow #5017	3		15	1
497	2020-03-16 15:40:41.318476+00	207	Sow #20025	3		15	1
498	2020-03-16 15:40:41.323175+00	206	Sow #20039	3		15	1
499	2020-03-16 15:40:41.327984+00	205	Sow #20021	3		15	1
500	2020-03-16 15:40:41.332669+00	204	Sow #20448	3		15	1
501	2020-03-16 15:40:41.336807+00	203	Sow #20460	3		15	1
502	2020-03-16 15:40:41.341102+00	202	Sow #19680	3		15	1
503	2020-03-16 15:40:41.344755+00	201	Sow #19983	3		15	1
504	2020-03-16 15:40:41.348601+00	200	Sow #19656	3		15	1
505	2020-03-16 15:40:41.352387+00	199	Sow #20449	3		15	1
506	2020-03-16 15:40:41.354028+00	198	Sow #19380	3		15	1
507	2020-03-16 15:40:41.355671+00	197	Sow #20024	3		15	1
508	2020-03-16 15:40:41.357293+00	196	Sow #20016	3		15	1
509	2020-03-16 15:40:50.290945+00	195	Sow #20456	3		15	1
510	2020-03-16 15:40:50.293433+00	194	Sow #2709	3		15	1
511	2020-03-16 15:40:50.297804+00	193	Sow #19470	3		15	1
512	2020-03-16 15:40:50.30255+00	192	Sow #20455	3		15	1
513	2020-03-16 15:40:50.306171+00	191	Sow #18498	3		15	1
514	2020-03-16 15:40:50.309734+00	190	Sow #19570	3		15	1
515	2020-03-16 15:40:50.313334+00	189	Sow #18770	3		15	1
516	2020-03-16 15:40:50.316899+00	188	Sow #20453	3		15	1
517	2020-03-16 15:40:50.318579+00	187	Sow #19074	3		15	1
518	2020-03-16 15:40:50.320282+00	186	Sow #19010	3		15	1
519	2020-03-16 15:40:50.321931+00	185	Sow #19708	3		15	1
520	2020-03-16 15:40:50.323634+00	184	Sow #18892	3		15	1
521	2020-03-16 15:40:50.32531+00	183	Sow #20342	3		15	1
522	2020-03-16 15:40:50.326914+00	182	Sow #20457	3		15	1
523	2020-03-16 15:40:50.328618+00	181	Sow #20028	3		15	1
524	2020-03-16 15:40:50.330263+00	180	Sow #20033	3		15	1
525	2020-03-16 15:40:50.331957+00	179	Sow #19791	3		15	1
526	2020-03-16 15:40:50.336199+00	178	Sow #2749	3		15	1
527	2020-03-16 15:40:50.340434+00	177	Sow #19988	3		15	1
528	2020-03-16 15:40:50.344853+00	176	Sow #20029	3		15	1
529	2020-03-16 15:40:50.349387+00	175	Sow #18410	3		15	1
530	2020-03-16 15:40:50.353799+00	174	Sow #20451	3		15	1
531	2020-03-16 15:40:50.358332+00	173	Sow #19237	3		15	1
532	2020-03-16 15:40:50.362586+00	172	Sow #19971	3		15	1
533	2020-03-16 15:40:50.366929+00	171	Sow #18474	3		15	1
534	2020-03-16 15:40:50.371144+00	170	Sow #2727	3		15	1
535	2020-03-16 15:40:50.375472+00	169	Sow #20031	3		15	1
536	2020-03-16 15:40:50.379835+00	168	Sow #20019	3		15	1
537	2020-03-16 15:40:50.383977+00	167	Sow #20458	3		15	1
538	2020-03-16 15:40:50.388401+00	166	Sow #18310	3		15	1
539	2020-03-16 15:40:50.392694+00	165	Sow #20459	3		15	1
540	2020-03-16 15:40:50.396212+00	164	Sow #18627	3		15	1
541	2020-03-16 15:40:50.399875+00	163	Sow #20015	3		15	1
542	2020-03-16 15:40:50.403451+00	162	Sow #20030	3		15	1
543	2020-03-16 15:40:50.406938+00	161	Sow #5072	3		15	1
544	2020-03-16 15:40:50.41068+00	160	Sow #20026	3		15	1
545	2020-03-16 15:40:50.412493+00	159	Sow #19674	3		15	1
546	2020-03-16 15:40:50.414121+00	158	Sow #20027	3		15	1
547	2020-03-16 15:40:50.415879+00	157	Sow #2751	3		15	1
548	2020-03-16 15:40:50.417654+00	156	Sow #2750	3		15	1
549	2020-03-16 15:40:50.419197+00	155	Sow #20444	3		15	1
550	2020-03-16 15:40:50.420868+00	154	Sow #20446	3		15	1
551	2020-03-16 15:40:50.422465+00	153	Sow #20445	3		15	1
552	2020-03-16 15:40:50.424084+00	152	Sow #20443	3		15	1
553	2020-03-16 15:40:50.426016+00	151	Sow #20441	3		15	1
554	2020-03-16 15:40:50.430181+00	150	Sow #20442	3		15	1
555	2020-03-16 15:40:50.434534+00	149	Sow #18939	3		15	1
556	2020-03-16 15:40:50.438876+00	148	Sow #19278	3		15	1
557	2020-03-16 15:40:50.443223+00	147	Sow #20440	3		15	1
558	2020-03-16 15:40:50.447321+00	146	Sow #20439	3		15	1
559	2020-03-16 15:40:50.451959+00	145	Sow #19619	3		15	1
560	2020-03-16 15:40:50.456343+00	144	Sow #2598	3		15	1
561	2020-03-16 15:40:50.46061+00	143	Sow #20437	3		15	1
562	2020-03-16 15:40:50.464818+00	142	Sow #19045	3		15	1
563	2020-03-16 15:40:50.469111+00	141	Sow #20246	3		15	1
564	2020-03-16 15:40:50.473183+00	140	Sow #2748	3		15	1
565	2020-03-16 15:40:50.477211+00	139	Sow #20438	3		15	1
566	2020-03-16 15:40:50.481389+00	138	Sow #20436	3		15	1
567	2020-03-16 15:40:50.485765+00	137	Sow #20433	3		15	1
568	2020-03-16 15:40:50.488175+00	136	Sow #19185	3		15	1
569	2020-03-16 15:40:50.491941+00	135	Sow #19213	3		15	1
570	2020-03-16 15:40:50.495476+00	134	Sow #20434	3		15	1
571	2020-03-16 15:40:50.498883+00	133	Sow #20435	3		15	1
572	2020-03-16 15:40:50.502477+00	132	Sow #19617	3		15	1
573	2020-03-16 15:40:50.50413+00	131	Sow #19030	3		15	1
574	2020-03-16 15:40:50.505867+00	130	Sow #2747	3		15	1
575	2020-03-16 15:40:50.50758+00	129	Sow #20003	3		15	1
576	2020-03-16 15:40:50.509317+00	128	Sow #20430	3		15	1
577	2020-03-16 15:40:50.511233+00	127	Sow #20242	3		15	1
578	2020-03-16 15:40:50.51292+00	126	Sow #20007	3		15	1
579	2020-03-16 15:40:50.514581+00	125	Sow #19077	3		15	1
580	2020-03-16 15:40:50.516194+00	124	Sow #19649	3		15	1
581	2020-03-16 15:40:50.520499+00	123	Sow #19986	3		15	1
582	2020-03-16 15:40:50.52483+00	122	Sow #19996	3		15	1
583	2020-03-16 15:40:50.529252+00	121	Sow #19644	3		15	1
584	2020-03-16 15:40:50.533582+00	120	Sow #2577	3		15	1
585	2020-03-16 15:40:50.537669+00	119	Sow #19141	3		15	1
586	2020-03-16 15:40:50.541982+00	118	Sow #20291	3		15	1
587	2020-03-16 15:40:50.546161+00	117	Sow #20009	3		15	1
588	2020-03-16 15:40:50.550444+00	116	Sow #2716	3		15	1
589	2020-03-16 15:40:50.554689+00	115	Sow #19643	3		15	1
590	2020-03-16 15:40:50.558939+00	114	Sow #20004	3		15	1
591	2020-03-16 15:40:50.563052+00	113	Sow #20431	3		15	1
592	2020-03-16 15:40:50.567131+00	112	Sow #20002	3		15	1
593	2020-03-16 15:40:50.571422+00	111	Sow #20006	3		15	1
594	2020-03-16 15:40:50.57585+00	110	Sow #19958	3		15	1
595	2020-03-16 15:40:50.579566+00	109	Sow #20005	3		15	1
596	2020-03-16 15:40:50.582993+00	108	Sow #19666	3		15	1
597	2020-03-16 15:40:50.586604+00	107	Sow #18824	3		15	1
598	2020-03-16 15:40:50.590156+00	106	Sow #920	3		15	1
599	2020-03-16 15:40:50.5919+00	105	Sow #19991	3		15	1
600	2020-03-16 15:40:50.593682+00	104	Sow #20306	3		15	1
601	2020-03-16 15:40:50.595278+00	103	Sow #20432	3		15	1
602	2020-03-16 15:40:50.596874+00	102	Sow #18610	3		15	1
603	2020-03-16 15:40:50.598484+00	101	Sow #19657	3		15	1
604	2020-03-16 15:40:50.600198+00	100	Sow #19268	3		15	1
605	2020-03-16 15:40:50.601879+00	99	Sow #19338	3		15	1
606	2020-03-16 15:40:50.603449+00	98	Sow #19995	3		15	1
607	2020-03-16 15:40:50.605086+00	97	Sow #2569	3		15	1
608	2020-03-16 15:40:50.606687+00	96	Sow #2703	3		15	1
609	2020-03-16 15:40:58.744002+00	95	Sow #2649	3		15	1
610	2020-03-16 15:40:58.746706+00	94	Sow #19528	3		15	1
611	2020-03-16 15:40:58.750918+00	93	Sow #2448	3		15	1
612	2020-03-16 15:40:58.752672+00	92	Sow #18308	3		15	1
613	2020-03-16 15:40:58.754437+00	91	Sow #19071	3		15	1
614	2020-03-16 15:40:58.75612+00	90	Sow #2401	3		15	1
615	2020-03-16 15:40:58.757975+00	89	Sow #19188	3		15	1
616	2020-03-16 15:40:58.75963+00	88	Sow #20012	3		15	1
617	2020-03-16 15:40:58.761317+00	87	Sow #2558	3		15	1
618	2020-03-16 15:40:58.762966+00	86	Sow #18512	3		15	1
619	2020-03-16 15:40:58.764593+00	85	Sow #18075	3		15	1
620	2020-03-16 15:40:58.766301+00	84	Sow #20370	3		15	1
621	2020-03-16 15:40:58.767983+00	83	Sow #19662	3		15	1
622	2020-03-16 15:40:58.772047+00	82	Sow #19922	3		15	1
623	2020-03-16 15:40:58.776037+00	81	Sow #19137	3		15	1
624	2020-03-16 15:40:58.780003+00	80	Sow #19271	3		15	1
625	2020-03-16 15:40:58.783928+00	79	Sow #20428	3		15	1
626	2020-03-16 15:40:58.788133+00	78	Sow #20429	3		15	1
627	2020-03-16 15:40:58.792399+00	77	Sow #19246	3		15	1
628	2020-03-16 15:40:58.796353+00	76	Sow #20245	3		15	1
629	2020-03-16 15:40:58.800512+00	75	Sow #20427	3		15	1
630	2020-03-16 15:40:58.804356+00	74	Sow #19733	3		15	1
631	2020-03-16 15:40:58.80834+00	73	Sow #20425	3		15	1
632	2020-03-16 15:40:58.812325+00	72	Sow #20424	3		15	1
633	2020-03-16 15:40:58.81631+00	71	Sow #20426	3		15	1
634	2020-03-16 15:40:58.820439+00	70	Sow #19951	3		15	1
635	2020-03-16 15:40:58.824665+00	69	Sow #20422	3		15	1
636	2020-03-16 15:40:58.828402+00	68	Sow #19329	3		15	1
637	2020-03-16 15:40:58.832156+00	67	Sow #20421	3		15	1
638	2020-03-16 15:40:58.836016+00	66	Sow #19599	3		15	1
639	2020-03-16 15:40:58.839899+00	65	Sow #20423	3		15	1
640	2020-03-16 15:40:58.841617+00	64	Sow #20352	3		15	1
641	2020-03-16 15:40:58.843305+00	62	Sow #19451	3		15	1
642	2020-03-16 15:40:58.844999+00	61	Sow #18956	3		15	1
643	2020-03-16 15:40:58.847103+00	60	Sow #2620	3		15	1
644	2020-03-16 15:40:58.848698+00	59	Sow #20418	3		15	1
645	2020-03-16 15:40:58.850391+00	58	Sow #20417	3		15	1
646	2020-03-16 15:40:58.852075+00	57	Sow #19985	3		15	1
647	2020-03-16 15:40:58.85383+00	56	Sow #20419	3		15	1
648	2020-03-16 15:40:58.855492+00	55	Sow #20416	3		15	1
649	2020-03-16 15:40:58.857139+00	54	Sow #19360	3		15	1
650	2020-03-16 15:40:58.86398+00	53	Sow #20215	3		15	1
651	2020-03-16 15:40:58.868426+00	52	Sow #20420	3		15	1
652	2020-03-16 15:40:58.87257+00	51	Sow #19600	3		15	1
653	2020-03-16 15:40:58.876657+00	50	Sow #19639	3		15	1
654	2020-03-16 15:40:58.880782+00	49	Sow #5131	3		15	1
655	2020-03-16 15:40:58.884825+00	48	Sow #5008	3		15	1
656	2020-03-16 15:40:58.890061+00	47	Sow #18707	3		15	1
657	2020-03-16 15:40:58.900773+00	46	Sow #20415	3		15	1
658	2020-03-16 15:40:58.905029+00	45	Sow #2574	3		15	1
659	2020-03-16 15:40:58.908975+00	44	Sow #19989	3		15	1
660	2020-03-16 15:40:58.912966+00	43	Sow #19621	3		15	1
661	2020-03-16 15:40:58.916947+00	42	Sow #19108	3		15	1
662	2020-03-16 15:40:58.920616+00	41	Sow #19149	3		15	1
663	2020-03-16 15:40:58.925198+00	40	Sow #19616	3		15	1
664	2020-03-16 15:40:58.929457+00	39	Sow #2476	3		15	1
665	2020-03-16 15:40:58.933272+00	38	Sow #18814	3		15	1
666	2020-03-16 15:40:58.93748+00	37	Sow #19025	3		15	1
667	2020-03-16 15:40:58.941714+00	36	Sow #18482	3		15	1
668	2020-03-16 15:40:58.943457+00	35	Sow #19534	3		15	1
669	2020-03-16 15:40:58.945095+00	34	Sow #20412	3		15	1
670	2020-03-16 15:40:58.946711+00	33	Sow #20410	3		15	1
671	2020-03-16 15:40:58.948392+00	32	Sow #18772	3		15	1
672	2020-03-16 15:40:58.950078+00	31	Sow #19050	3		15	1
673	2020-03-16 15:40:58.951777+00	30	Sow #19610	3		15	1
674	2020-03-16 15:40:58.953519+00	29	Sow #19637	3		15	1
675	2020-03-16 15:40:58.955154+00	28	Sow #20000	3		15	1
676	2020-03-16 15:40:58.959147+00	27	Sow #20413	3		15	1
677	2020-03-16 15:40:58.963197+00	26	Sow #19618	3		15	1
678	2020-03-16 15:40:58.967198+00	25	Sow #20409	3		15	1
679	2020-03-16 15:40:58.971189+00	24	Sow #19879	3		15	1
680	2020-03-16 15:40:58.975186+00	23	Sow #19294	3		15	1
681	2020-03-16 15:40:58.979338+00	22	Sow #19889	3		15	1
682	2020-03-16 15:40:58.983523+00	21	Sow #19546	3		15	1
683	2020-03-16 15:40:58.98867+00	20	Sow #20408	3		15	1
684	2020-03-16 15:40:58.998276+00	19	Sow #20414	3		15	1
685	2020-03-16 15:40:59.001322+00	18	Sow #19984	3		15	1
686	2020-03-16 15:40:59.005533+00	17	Sow #19625	3		15	1
687	2020-03-16 15:40:59.009686+00	16	Sow #19997	3		15	1
688	2020-03-16 15:40:59.013734+00	15	Sow #19089	3		15	1
689	2020-03-16 15:40:59.017511+00	14	Sow #19990	3		15	1
690	2020-03-16 15:40:59.021087+00	13	Sow #19982	3		15	1
691	2020-03-16 15:40:59.024936+00	12	Sow #20411	3		15	1
692	2020-03-16 15:40:59.028864+00	11	Sow #2688	3		15	1
693	2020-03-16 15:40:59.033064+00	10	Sow #18735	3		15	1
694	2020-03-16 15:40:59.037032+00	9	Sow #19613	3		15	1
695	2020-03-16 15:40:59.038912+00	8	Sow #19240	3		15	1
696	2020-03-16 15:40:59.040181+00	7	Sow #18694	3		15	1
697	2020-03-16 15:40:59.041841+00	6	Sow #19651	3		15	1
698	2020-03-16 15:40:59.04385+00	5	Sow #19620	3		15	1
699	2020-03-16 15:40:59.045596+00	4	Sow #20035	3		15	1
700	2020-03-16 15:40:59.047736+00	3	Sow #19098	3		15	1
701	2020-03-16 15:40:59.049644+00	2	Sow #19048	3		15	1
702	2020-03-18 06:21:12.714458+00	103	Piglets 103	2	[{"changed": {"fields": ["status"]}}]	19	1
703	2020-03-18 06:22:42.685609+00	101	Piglets 101	2	[{"changed": {"fields": ["location", "status"]}}]	19	1
704	2020-03-18 06:38:09.311131+00	103	Piglets 103	2	[{"changed": {"fields": ["status"]}}]	19	2
705	2020-03-18 06:39:10.561824+00	103	Piglets 103	2	[]	19	1
706	2020-03-18 06:39:47.096451+00	103	Piglets 103	2	[]	19	1
707	2020-03-18 06:41:30.183887+00	98	WeighingPiglets object (98)	3		27	2
708	2020-03-18 07:34:45.324456+00	109	Piglets 109	2	[{"changed": {"fields": ["status", "start_quantity", "quantity"]}}]	19	2
709	2020-03-18 07:37:54.93811+00	107	Piglets 107	2	[{"changed": {"fields": ["start_quantity", "quantity"]}}]	19	2
710	2020-03-18 07:58:04.077925+00	70	Piglets 70	2	[{"changed": {"fields": ["status"]}}]	19	2
711	2020-03-18 07:58:24.09295+00	111	Piglets 111	2	[{"changed": {"fields": ["status"]}}]	19	2
712	2020-03-18 09:20:55.804133+00	112	Piglets 112	3		19	1
713	2020-03-20 04:08:27.859111+00	143	Piglets 143	3		19	2
714	2020-03-20 07:56:00.350313+00	164	Piglets 164	3		19	2
715	2020-03-20 07:56:00.353477+00	163	Piglets 163	3		19	2
716	2020-03-20 07:56:00.357545+00	162	Piglets 162	3		19	2
717	2020-03-20 07:56:00.36156+00	161	Piglets 161	3		19	2
718	2020-03-20 07:56:00.365718+00	160	Piglets 160	3		19	2
719	2020-03-22 07:41:28.091067+00	138	Piglets 138	2	[{"changed": {"fields": ["quantity"]}}]	19	2
720	2020-03-22 07:52:45.631386+00	68	Piglets 68	2	[{"changed": {"fields": ["quantity"]}}]	19	2
721	2020-03-22 08:51:11.448154+00	182	Piglets 182	3		19	2
722	2020-03-22 08:51:33.147042+00	181	Piglets 181	3		19	2
723	2020-03-22 10:38:26.728573+00	69	Piglets 69	2	[{"changed": {"fields": ["status"]}}]	19	2
724	2020-03-22 10:38:34.041766+00	68	Piglets 68	2	[{"changed": {"fields": ["status"]}}]	19	2
725	2020-03-22 11:10:47.659781+00	70	Piglets 70	3		19	2
726	2020-03-22 11:11:41.00501+00	110	CullingPiglets object (110)	3		28	2
727	2020-03-22 11:11:41.0077+00	108	CullingPiglets object (108)	3		28	2
728	2020-03-22 11:11:41.011591+00	106	CullingPiglets object (106)	3		28	2
729	2020-03-22 11:40:00.851659+00	180	Piglets 180	3		19	2
730	2020-03-22 11:40:00.854915+00	68	Piglets 68	3		19	2
731	2020-03-22 11:41:14.651373+00	185	Piglets 185	3		19	2
732	2020-03-23 06:09:00.674644+00	194	Piglets 194	2	[{"changed": {"fields": ["status", "start_quantity", "quantity"]}}]	19	1
733	2020-03-23 06:10:20.569893+00	196	Piglets 196	2	[{"changed": {"fields": ["status", "start_quantity", "quantity"]}}]	19	1
734	2020-03-23 06:10:59.842369+00	196	Piglets 196	3		19	1
735	2020-03-23 07:08:50.682486+00	66	Piglets 66	2	[{"changed": {"fields": ["quantity"]}}]	19	2
736	2020-04-01 08:48:27.255056+00	210	Piglets 210	2	[{"changed": {"fields": ["status"]}}]	19	2
737	2020-04-01 08:48:41.260952+00	211	Piglets 211	2	[{"changed": {"fields": ["status"]}}]	19	2
738	2020-04-01 08:48:49.807409+00	212	Piglets 212	2	[{"changed": {"fields": ["status"]}}]	19	2
739	2020-04-01 08:48:57.962139+00	213	Piglets 213	2	[{"changed": {"fields": ["status"]}}]	19	2
740	2020-04-01 09:39:06.419754+00	225	Piglets 225	2	[{"changed": {"fields": ["status"]}}]	19	1
741	2020-04-01 09:39:10.957346+00	226	Piglets 226	2	[{"changed": {"fields": ["status"]}}]	19	1
742	2020-04-01 09:39:14.398217+00	227	Piglets 227	2	[{"changed": {"fields": ["status"]}}]	19	1
743	2020-04-01 09:39:17.869321+00	228	Piglets 228	2	[{"changed": {"fields": ["status"]}}]	19	1
744	2020-04-01 09:41:58.807975+00	225	Piglets 225	2	[{"changed": {"fields": ["status"]}}]	19	1
745	2020-04-01 09:42:51.871693+00	228	Piglets 228	2	[{"changed": {"fields": ["status"]}}]	19	1
746	2020-04-01 09:49:17.441873+00	225	Piglets 225	2	[{"changed": {"fields": ["status"]}}]	19	1
747	2020-04-01 09:49:32.20604+00	228	Piglets 228	2	[{"changed": {"fields": ["status"]}}]	19	1
748	2020-04-01 09:50:06.694709+00	229	Piglets 229	2	[{"changed": {"fields": ["status"]}}]	19	1
749	2020-04-01 09:51:50.809481+00	230	Piglets 230	2	[{"changed": {"fields": ["status"]}}]	19	1
750	2020-04-01 09:55:14.068018+00	231	Piglets 231	2	[{"changed": {"fields": ["status"]}}]	19	1
751	2020-04-01 11:03:51.192184+00	269	Piglets 269	3		19	2
752	2020-04-02 03:07:45.342438+00	20	brigadir8	1	[{"added": {}}]	4	1
753	2020-04-02 03:08:25.884791+00	17	Employee brigadir8 	1	[{"added": {}}]	37	1
754	2020-04-02 08:02:26.954793+00	39	 31 2020	2	[{"changed": {"fields": ["start_date"]}}]	34	1
755	2020-04-02 08:02:34.995959+00	39	 31 2019	2	[{"changed": {"fields": ["year"]}}]	34	1
756	2020-04-03 06:12:56.810842+00	321	Piglets 321	2	[{"changed": {"fields": ["quantity"]}}]	19	2
757	2020-04-03 06:13:26.980656+00	324	Piglets 324	2	[{"changed": {"fields": ["quantity"]}}]	19	2
758	2020-04-03 08:14:03.202286+00	320	Piglets 320	2	[{"changed": {"fields": ["quantity"]}}]	19	2
759	2020-04-04 03:52:46.516519+00	2725	Sow #20353	2	[{"changed": {"fields": ["birth_id", "status"]}}]	15	1
760	2020-04-06 06:39:20.108211+00	246	Piglets 246	2	[{"changed": {"fields": ["quantity"]}}]	19	2
761	2020-04-07 06:29:18.063496+00	5789	Semination object (5789)	1	[{"added": {}}]	23	2
762	2020-04-07 06:31:38.308681+00	2894	Sow #2376	2	[{"changed": {"fields": ["birth_id", "status", "tour"]}}]	15	2
763	2020-04-08 03:45:02.379288+00	559	Piglets 559	2	[{"changed": {"fields": ["active"]}}]	19	1
764	2020-04-08 07:46:16.244035+00	290	CullingPiglets object (290)	3		28	2
765	2020-04-08 07:46:43.76972+00	411	Piglets 411	2	[{"changed": {"fields": ["status", "quantity"]}}]	19	2
766	2020-04-11 06:41:45.672597+00	755	Piglets 755	3		19	2
767	2020-04-13 07:20:56.940992+00	271	Piglets 271	2	[{"changed": {"fields": ["quantity"]}}]	19	2
\.


--
-- Data for Name: django_content_type; Type: TABLE DATA; Schema: public; Owner: postgres
--

COPY public.django_content_type (id, app_label, model) FROM stdin;
1	admin	logentry
2	auth	permission
3	auth	group
4	auth	user
5	contenttypes	contenttype
6	sessions	session
7	locations	location
8	locations	pigletsgroupcell
9	locations	section
10	locations	sowandpigletscell
11	locations	workshop
12	locations	sowsinglecell
13	locations	sowgroupcell
14	sows	sowstatus
15	sows	sow
16	sows	gilt
17	sows	boar
18	piglets	pigletsstatus
19	piglets	piglets
20	sows_events	ultrasoundtype
21	sows_events	ultrasound
22	sows_events	sowfarrow
23	sows_events	semination
24	sows_events	cullingsow
25	sows_events	abortionsow
26	sows_events	weaningsow
27	piglets_events	weighingpiglets
28	piglets_events	cullingpiglets
29	piglets_events	pigletsmerger
30	piglets_events	pigletssplit
31	piglets_events	recount
32	transactions	sowtransaction
33	transactions	pigletstransaction
34	tours	tour
35	tours	metatour
36	tours	metatourrecord
37	staff	workshopemployee
38	authtoken	token
\.


--
-- Data for Name: django_migrations; Type: TABLE DATA; Schema: public; Owner: postgres
--

COPY public.django_migrations (id, app, name, applied) FROM stdin;
1	contenttypes	0001_initial	2020-03-09 11:46:25.799906+00
2	auth	0001_initial	2020-03-09 11:46:25.859164+00
3	admin	0001_initial	2020-03-09 11:46:25.929793+00
4	admin	0002_logentry_remove_auto_add	2020-03-09 11:46:25.990872+00
5	admin	0003_logentry_add_action_flag_choices	2020-03-09 11:46:26.000522+00
6	contenttypes	0002_remove_content_type_name	2020-03-09 11:46:26.024142+00
7	auth	0002_alter_permission_name_max_length	2020-03-09 11:46:26.032751+00
8	auth	0003_alter_user_email_max_length	2020-03-09 11:46:26.047406+00
9	auth	0004_alter_user_username_opts	2020-03-09 11:46:26.059908+00
10	auth	0005_alter_user_last_login_null	2020-03-09 11:46:26.073903+00
11	auth	0006_require_contenttypes_0002	2020-03-09 11:46:26.078248+00
12	auth	0007_alter_validators_add_error_messages	2020-03-09 11:46:26.090241+00
13	auth	0008_alter_user_username_max_length	2020-03-09 11:46:26.108054+00
14	auth	0009_alter_user_last_name_max_length	2020-03-09 11:46:26.120601+00
15	auth	0010_alter_group_name_max_length	2020-03-09 11:46:26.132295+00
16	auth	0011_update_proxy_permissions	2020-03-09 11:46:26.14412+00
17	authtoken	0001_initial	2020-03-09 11:46:26.160918+00
18	authtoken	0002_auto_20160226_1747	2020-03-09 11:46:26.204017+00
19	tours	0001_initial	2020-03-09 11:46:26.215292+00
20	piglets	0001_initial	2020-03-09 11:46:26.242327+00
21	locations	0001_initial	2020-03-09 11:46:26.307722+00
22	gilts_events	0001_initial	2020-03-09 11:46:26.35185+00
23	sows	0001_initial	2020-03-09 11:46:26.452302+00
24	sows	0002_auto_20191125_1752	2020-03-09 11:46:26.577103+00
25	gilts_events	0002_auto_20191113_1648	2020-03-09 11:46:26.608679+00
26	gilts_events	0003_auto_20191125_1752	2020-03-09 11:46:26.646107+00
27	locations	0002_auto_20191113_1648	2020-03-09 11:46:26.856982+00
28	transactions	0001_initial	2020-03-09 11:46:26.974078+00
29	transactions	0002_delete_pigletstransaction	2020-03-09 11:46:27.020033+00
30	piglets_events	0001_initial	2020-03-09 11:46:27.432099+00
31	piglets	0002_auto_20191113_1648	2020-03-09 11:46:27.813983+00
32	sows_events	0001_initial	2020-03-09 11:46:28.204164+00
33	piglets	0003_auto_20191125_1752	2020-03-09 11:46:28.705321+00
34	sows_events	0002_auto_20191125_1752	2020-03-09 11:46:28.89009+00
35	piglets_events	0002_auto_20191125_1752	2020-03-09 11:46:29.963482+00
36	piglets	0004_auto_20191125_1752	2020-03-09 11:46:30.135387+00
37	piglets	0005_auto_20191204_1251	2020-03-09 11:46:30.183226+00
38	piglets	0006_piglets_is_it_gilts_group	2020-03-09 11:46:30.229981+00
39	piglets	0007_auto_20191224_1643	2020-03-09 11:46:30.401524+00
40	piglets	0008_piglets_transfer_part_number	2020-03-09 11:46:30.426911+00
41	piglets_events	0003_auto_20191204_1251	2020-03-09 11:46:30.471998+00
42	piglets_events	0004_auto_20191205_1714	2020-03-09 11:46:30.525907+00
43	piglets_events	0005_auto_20191217_1402	2020-03-09 11:46:30.580235+00
44	piglets_events	0006_auto_20191224_1643	2020-03-09 11:46:30.629201+00
45	piglets_events	0007_recount	2020-03-09 11:46:30.67989+00
46	piglets_events	0008_auto_20200306_1631	2020-03-09 11:46:30.764198+00
47	piglets_events	0009_auto_20200309_1617	2020-03-09 11:46:30.83097+00
48	sessions	0001_initial	2020-03-09 11:46:30.846414+00
49	sows	0003_auto_20191205_1350	2020-03-09 11:46:30.936355+00
50	tours	0002_metatour_metatourrecord	2020-03-09 11:46:31.027227+00
51	sows_events	0003_auto_20191224_1643	2020-03-09 11:46:31.093164+00
52	sows_events	0004_weaningsow	2020-03-09 11:46:31.202721+00
53	staff	0001_initial	2020-03-09 11:46:31.266942+00
54	transactions	0003_pigletstransaction	2020-03-09 11:46:31.320505+00
55	sows	0004_auto_20200317_1249	2020-03-17 04:49:59.785693+00
56	sows	0005_auto_20200317_1303	2020-03-17 05:15:54.997504+00
57	sows	0006_auto_20200317_1307	2020-03-17 05:15:55.042671+00
58	sows	0007_auto_20200317_1313	2020-03-17 05:15:55.081967+00
59	tours	0003_metatourrecord_note	2020-03-23 06:24:57.571904+00
60	tours	0004_auto_20200323_1606	2020-03-23 08:06:31.427394+00
61	sows_events	0005_auto_20200327_1421	2020-03-27 06:22:42.617545+00
62	piglets_events	0010_cullingpiglets_location	2020-04-16 06:42:30.749246+00
63	sows	0008_gilt_active	2020-04-16 06:42:30.873791+00
\.


--
-- Data for Name: django_session; Type: TABLE DATA; Schema: public; Owner: postgres
--

COPY public.django_session (session_key, session_data, expire_date) FROM stdin;
8rp4mbwhxpq0nwz0zm32sgbj51f2lsas	NTIxNDA0YjIzNjhmYTIxNzJjODFjYzkzYTU3YWU0ODUxZjM2ODEzNDp7Il9hdXRoX3VzZXJfaWQiOiIxIiwiX2F1dGhfdXNlcl9iYWNrZW5kIjoiZGphbmdvLmNvbnRyaWIuYXV0aC5iYWNrZW5kcy5Nb2RlbEJhY2tlbmQiLCJfYXV0aF91c2VyX2hhc2giOiJiMzE3OTFlYmI0MGQ5MmM5OWExNTNiNDdlYWFiMDcyMWQ2MzJlN2Q0In0=	2020-03-23 11:48:16.423203+00
9fxoxgqz5j4j7ts29jiu0jln2nrqcv76	OWM2ZDcxOTA0NzBkNjM0ZWJmMTYxODM1YWE2MGY5ZGMyOWExODlmZDp7Il9hdXRoX3VzZXJfaWQiOiIyIiwiX2F1dGhfdXNlcl9iYWNrZW5kIjoiZGphbmdvLmNvbnRyaWIuYXV0aC5iYWNrZW5kcy5Nb2RlbEJhY2tlbmQiLCJfYXV0aF91c2VyX2hhc2giOiI0YWNmOTA1Njg2ZGNkY2VmMTYxMTQzYzEyNWQxNTMxNTBjOWI2ZWUzIn0=	2020-03-23 11:48:20.754876+00
lc4bcrkc0se7l6wg7gt7c92uhux9ut84	OWM2ZDcxOTA0NzBkNjM0ZWJmMTYxODM1YWE2MGY5ZGMyOWExODlmZDp7Il9hdXRoX3VzZXJfaWQiOiIyIiwiX2F1dGhfdXNlcl9iYWNrZW5kIjoiZGphbmdvLmNvbnRyaWIuYXV0aC5iYWNrZW5kcy5Nb2RlbEJhY2tlbmQiLCJfYXV0aF91c2VyX2hhc2giOiI0YWNmOTA1Njg2ZGNkY2VmMTYxMTQzYzEyNWQxNTMxNTBjOWI2ZWUzIn0=	2020-03-26 14:57:56.720833+00
9kslx5q0iuen73tstj7fxy9a6ca2qvtf	NTIxNDA0YjIzNjhmYTIxNzJjODFjYzkzYTU3YWU0ODUxZjM2ODEzNDp7Il9hdXRoX3VzZXJfaWQiOiIxIiwiX2F1dGhfdXNlcl9iYWNrZW5kIjoiZGphbmdvLmNvbnRyaWIuYXV0aC5iYWNrZW5kcy5Nb2RlbEJhY2tlbmQiLCJfYXV0aF91c2VyX2hhc2giOiJiMzE3OTFlYmI0MGQ5MmM5OWExNTNiNDdlYWFiMDcyMWQ2MzJlN2Q0In0=	2020-04-10 06:57:19.505262+00
3dexeub7awh9vt0si2lfp5c6x0xgxh5u	OWM2ZDcxOTA0NzBkNjM0ZWJmMTYxODM1YWE2MGY5ZGMyOWExODlmZDp7Il9hdXRoX3VzZXJfaWQiOiIyIiwiX2F1dGhfdXNlcl9iYWNrZW5kIjoiZGphbmdvLmNvbnRyaWIuYXV0aC5iYWNrZW5kcy5Nb2RlbEJhY2tlbmQiLCJfYXV0aF91c2VyX2hhc2giOiI0YWNmOTA1Njg2ZGNkY2VmMTYxMTQzYzEyNWQxNTMxNTBjOWI2ZWUzIn0=	2020-04-15 08:43:10.916511+00
lzxuu72q0zeplilcqgyd4pe80kbmo1vy	OWM2ZDcxOTA0NzBkNjM0ZWJmMTYxODM1YWE2MGY5ZGMyOWExODlmZDp7Il9hdXRoX3VzZXJfaWQiOiIyIiwiX2F1dGhfdXNlcl9iYWNrZW5kIjoiZGphbmdvLmNvbnRyaWIuYXV0aC5iYWNrZW5kcy5Nb2RlbEJhY2tlbmQiLCJfYXV0aF91c2VyX2hhc2giOiI0YWNmOTA1Njg2ZGNkY2VmMTYxMTQzYzEyNWQxNTMxNTBjOWI2ZWUzIn0=	2020-04-18 03:33:34.497511+00
qud9rv00fs5gobffrxll8eq5ra58p8t6	NTIxNDA0YjIzNjhmYTIxNzJjODFjYzkzYTU3YWU0ODUxZjM2ODEzNDp7Il9hdXRoX3VzZXJfaWQiOiIxIiwiX2F1dGhfdXNlcl9iYWNrZW5kIjoiZGphbmdvLmNvbnRyaWIuYXV0aC5iYWNrZW5kcy5Nb2RlbEJhY2tlbmQiLCJfYXV0aF91c2VyX2hhc2giOiJiMzE3OTFlYmI0MGQ5MmM5OWExNTNiNDdlYWFiMDcyMWQ2MzJlN2Q0In0=	2020-04-21 06:25:07.453645+00
up1jfpkczetaxtfi13vczidqk23cxygl	OWM2ZDcxOTA0NzBkNjM0ZWJmMTYxODM1YWE2MGY5ZGMyOWExODlmZDp7Il9hdXRoX3VzZXJfaWQiOiIyIiwiX2F1dGhfdXNlcl9iYWNrZW5kIjoiZGphbmdvLmNvbnRyaWIuYXV0aC5iYWNrZW5kcy5Nb2RlbEJhY2tlbmQiLCJfYXV0aF91c2VyX2hhc2giOiI0YWNmOTA1Njg2ZGNkY2VmMTYxMTQzYzEyNWQxNTMxNTBjOWI2ZWUzIn0=	2020-04-24 05:33:22.204867+00
tfe4hx6ecdhuisqlyrxu0t5vt6flrn00	OWM2ZDcxOTA0NzBkNjM0ZWJmMTYxODM1YWE2MGY5ZGMyOWExODlmZDp7Il9hdXRoX3VzZXJfaWQiOiIyIiwiX2F1dGhfdXNlcl9iYWNrZW5kIjoiZGphbmdvLmNvbnRyaWIuYXV0aC5iYWNrZW5kcy5Nb2RlbEJhY2tlbmQiLCJfYXV0aF91c2VyX2hhc2giOiI0YWNmOTA1Njg2ZGNkY2VmMTYxMTQzYzEyNWQxNTMxNTBjOWI2ZWUzIn0=	2020-04-24 08:16:22.500638+00
s39nrutpuenc1asradyq8d2bys3rrsql	OWM2ZDcxOTA0NzBkNjM0ZWJmMTYxODM1YWE2MGY5ZGMyOWExODlmZDp7Il9hdXRoX3VzZXJfaWQiOiIyIiwiX2F1dGhfdXNlcl9iYWNrZW5kIjoiZGphbmdvLmNvbnRyaWIuYXV0aC5iYWNrZW5kcy5Nb2RlbEJhY2tlbmQiLCJfYXV0aF91c2VyX2hhc2giOiI0YWNmOTA1Njg2ZGNkY2VmMTYxMTQzYzEyNWQxNTMxNTBjOWI2ZWUzIn0=	2020-04-27 07:19:21.393434+00
ne6fgfzzovkb0st50kh7pv53qlt20cbw	OWM2ZDcxOTA0NzBkNjM0ZWJmMTYxODM1YWE2MGY5ZGMyOWExODlmZDp7Il9hdXRoX3VzZXJfaWQiOiIyIiwiX2F1dGhfdXNlcl9iYWNrZW5kIjoiZGphbmdvLmNvbnRyaWIuYXV0aC5iYWNrZW5kcy5Nb2RlbEJhY2tlbmQiLCJfYXV0aF91c2VyX2hhc2giOiI0YWNmOTA1Njg2ZGNkY2VmMTYxMTQzYzEyNWQxNTMxNTBjOWI2ZWUzIn0=	2020-04-30 02:00:41.522815+00
tyxb3rrz1is7sg1k0moelvjv4gqmojzm	NTIxNDA0YjIzNjhmYTIxNzJjODFjYzkzYTU3YWU0ODUxZjM2ODEzNDp7Il9hdXRoX3VzZXJfaWQiOiIxIiwiX2F1dGhfdXNlcl9iYWNrZW5kIjoiZGphbmdvLmNvbnRyaWIuYXV0aC5iYWNrZW5kcy5Nb2RlbEJhY2tlbmQiLCJfYXV0aF91c2VyX2hhc2giOiJiMzE3OTFlYmI0MGQ5MmM5OWExNTNiNDdlYWFiMDcyMWQ2MzJlN2Q0In0=	2020-04-30 07:15:51.073828+00
\.


--
-- Data for Name: locations_location; Type: TABLE DATA; Schema: public; Owner: postgres
--

COPY public.locations_location (id, created_at, modified_at, "pigletsGroupCell_id", section_id, "sowAndPigletsCell_id", "sowGroupCell_id", "sowSingleCell_id", workshop_id) FROM stdin;
1	2020-03-09 11:46:36.433492+00	2020-03-09 11:46:36.433507+00	\N	\N	\N	\N	\N	1
2	2020-03-09 11:46:36.433545+00	2020-03-09 11:46:36.433552+00	\N	\N	\N	\N	\N	2
3	2020-03-09 11:46:36.433575+00	2020-03-09 11:46:36.433581+00	\N	\N	\N	\N	\N	3
4	2020-03-09 11:46:36.433602+00	2020-03-09 11:46:36.433608+00	\N	\N	\N	\N	\N	4
5	2020-03-09 11:46:36.433629+00	2020-03-09 11:46:36.433635+00	\N	\N	\N	\N	\N	5
6	2020-03-09 11:46:36.433657+00	2020-03-09 11:46:36.433663+00	\N	\N	\N	\N	\N	6
7	2020-03-09 11:46:36.433684+00	2020-03-09 11:46:36.43369+00	\N	\N	\N	\N	\N	7
8	2020-03-09 11:46:36.433711+00	2020-03-09 11:46:36.433717+00	\N	\N	\N	\N	\N	8
9	2020-03-09 11:46:36.433738+00	2020-03-09 11:46:36.433744+00	\N	\N	\N	\N	\N	9
10	2020-03-09 11:46:36.433766+00	2020-03-09 11:46:36.433772+00	\N	\N	\N	\N	\N	10
11	2020-03-09 11:46:36.433793+00	2020-03-09 11:46:36.433799+00	\N	\N	\N	\N	\N	11
12	2020-03-09 11:46:36.445969+00	2020-03-09 11:46:36.445988+00	\N	1	\N	\N	\N	\N
13	2020-03-09 11:46:36.446023+00	2020-03-09 11:46:36.44603+00	\N	2	\N	\N	\N	\N
14	2020-03-09 11:46:36.446057+00	2020-03-09 11:46:36.446064+00	\N	3	\N	\N	\N	\N
15	2020-03-09 11:46:36.455728+00	2020-03-09 11:46:36.455744+00	\N	4	\N	\N	\N	\N
16	2020-03-09 11:46:36.455777+00	2020-03-09 11:46:36.455784+00	\N	5	\N	\N	\N	\N
17	2020-03-09 11:46:36.464949+00	2020-03-09 11:46:36.464965+00	\N	6	\N	\N	\N	\N
18	2020-03-09 11:46:36.464998+00	2020-03-09 11:46:36.465005+00	\N	7	\N	\N	\N	\N
19	2020-03-09 11:46:36.465029+00	2020-03-09 11:46:36.465035+00	\N	8	\N	\N	\N	\N
20	2020-03-09 11:46:36.465057+00	2020-03-09 11:46:36.465063+00	\N	9	\N	\N	\N	\N
21	2020-03-09 11:46:36.465085+00	2020-03-09 11:46:36.465091+00	\N	10	\N	\N	\N	\N
22	2020-03-09 11:46:36.465113+00	2020-03-09 11:46:36.465119+00	\N	11	\N	\N	\N	\N
23	2020-03-09 11:46:36.482933+00	2020-03-09 11:46:36.482951+00	\N	\N	1	\N	\N	\N
24	2020-03-09 11:46:36.482985+00	2020-03-09 11:46:36.482992+00	\N	\N	2	\N	\N	\N
25	2020-03-09 11:46:36.483015+00	2020-03-09 11:46:36.483021+00	\N	\N	3	\N	\N	\N
26	2020-03-09 11:46:36.483043+00	2020-03-09 11:46:36.483049+00	\N	\N	4	\N	\N	\N
27	2020-03-09 11:46:36.48307+00	2020-03-09 11:46:36.483076+00	\N	\N	5	\N	\N	\N
28	2020-03-09 11:46:36.483098+00	2020-03-09 11:46:36.483104+00	\N	\N	6	\N	\N	\N
29	2020-03-09 11:46:36.483125+00	2020-03-09 11:46:36.483132+00	\N	\N	7	\N	\N	\N
30	2020-03-09 11:46:36.483153+00	2020-03-09 11:46:36.483159+00	\N	\N	8	\N	\N	\N
31	2020-03-09 11:46:36.48318+00	2020-03-09 11:46:36.483186+00	\N	\N	9	\N	\N	\N
32	2020-03-09 11:46:36.483208+00	2020-03-09 11:46:36.483214+00	\N	\N	10	\N	\N	\N
33	2020-03-09 11:46:36.483235+00	2020-03-09 11:46:36.483242+00	\N	\N	11	\N	\N	\N
34	2020-03-09 11:46:36.483263+00	2020-03-09 11:46:36.483269+00	\N	\N	12	\N	\N	\N
35	2020-03-09 11:46:36.48329+00	2020-03-09 11:46:36.483296+00	\N	\N	13	\N	\N	\N
36	2020-03-09 11:46:36.483318+00	2020-03-09 11:46:36.483324+00	\N	\N	14	\N	\N	\N
37	2020-03-09 11:46:36.483345+00	2020-03-09 11:46:36.483351+00	\N	\N	15	\N	\N	\N
38	2020-03-09 11:46:36.483372+00	2020-03-09 11:46:36.483378+00	\N	\N	16	\N	\N	\N
39	2020-03-09 11:46:36.4834+00	2020-03-09 11:46:36.483406+00	\N	\N	17	\N	\N	\N
40	2020-03-09 11:46:36.483427+00	2020-03-09 11:46:36.483433+00	\N	\N	18	\N	\N	\N
41	2020-03-09 11:46:36.483454+00	2020-03-09 11:46:36.48346+00	\N	\N	19	\N	\N	\N
42	2020-03-09 11:46:36.483482+00	2020-03-09 11:46:36.483488+00	\N	\N	20	\N	\N	\N
43	2020-03-09 11:46:36.483509+00	2020-03-09 11:46:36.483515+00	\N	\N	21	\N	\N	\N
44	2020-03-09 11:46:36.483536+00	2020-03-09 11:46:36.483542+00	\N	\N	22	\N	\N	\N
45	2020-03-09 11:46:36.483563+00	2020-03-09 11:46:36.483569+00	\N	\N	23	\N	\N	\N
46	2020-03-09 11:46:36.483591+00	2020-03-09 11:46:36.483597+00	\N	\N	24	\N	\N	\N
47	2020-03-09 11:46:36.483618+00	2020-03-09 11:46:36.483624+00	\N	\N	25	\N	\N	\N
48	2020-03-09 11:46:36.483646+00	2020-03-09 11:46:36.483652+00	\N	\N	26	\N	\N	\N
49	2020-03-09 11:46:36.483673+00	2020-03-09 11:46:36.48368+00	\N	\N	27	\N	\N	\N
50	2020-03-09 11:46:36.483701+00	2020-03-09 11:46:36.483707+00	\N	\N	28	\N	\N	\N
51	2020-03-09 11:46:36.483728+00	2020-03-09 11:46:36.483735+00	\N	\N	29	\N	\N	\N
52	2020-03-09 11:46:36.483756+00	2020-03-09 11:46:36.483762+00	\N	\N	30	\N	\N	\N
53	2020-03-09 11:46:36.483783+00	2020-03-09 11:46:36.483789+00	\N	\N	31	\N	\N	\N
54	2020-03-09 11:46:36.48382+00	2020-03-09 11:46:36.483828+00	\N	\N	32	\N	\N	\N
55	2020-03-09 11:46:36.483851+00	2020-03-09 11:46:36.483857+00	\N	\N	33	\N	\N	\N
56	2020-03-09 11:46:36.483879+00	2020-03-09 11:46:36.483885+00	\N	\N	34	\N	\N	\N
57	2020-03-09 11:46:36.483906+00	2020-03-09 11:46:36.483912+00	\N	\N	35	\N	\N	\N
58	2020-03-09 11:46:36.483934+00	2020-03-09 11:46:36.48394+00	\N	\N	36	\N	\N	\N
59	2020-03-09 11:46:36.483962+00	2020-03-09 11:46:36.483968+00	\N	\N	37	\N	\N	\N
60	2020-03-09 11:46:36.483989+00	2020-03-09 11:46:36.483995+00	\N	\N	38	\N	\N	\N
61	2020-03-09 11:46:36.484016+00	2020-03-09 11:46:36.484023+00	\N	\N	39	\N	\N	\N
62	2020-03-09 11:46:36.484044+00	2020-03-09 11:46:36.48405+00	\N	\N	40	\N	\N	\N
63	2020-03-09 11:46:36.484071+00	2020-03-09 11:46:36.484077+00	\N	\N	41	\N	\N	\N
64	2020-03-09 11:46:36.484098+00	2020-03-09 11:46:36.484104+00	\N	\N	42	\N	\N	\N
65	2020-03-09 11:46:36.484125+00	2020-03-09 11:46:36.484132+00	\N	\N	43	\N	\N	\N
66	2020-03-09 11:46:36.484153+00	2020-03-09 11:46:36.484159+00	\N	\N	44	\N	\N	\N
67	2020-03-09 11:46:36.48418+00	2020-03-09 11:46:36.484186+00	\N	\N	45	\N	\N	\N
68	2020-03-09 11:46:36.502887+00	2020-03-09 11:46:36.502907+00	\N	\N	46	\N	\N	\N
69	2020-03-09 11:46:36.502942+00	2020-03-09 11:46:36.502949+00	\N	\N	47	\N	\N	\N
70	2020-03-09 11:46:36.502972+00	2020-03-09 11:46:36.502978+00	\N	\N	48	\N	\N	\N
71	2020-03-09 11:46:36.503+00	2020-03-09 11:46:36.503006+00	\N	\N	49	\N	\N	\N
72	2020-03-09 11:46:36.503027+00	2020-03-09 11:46:36.503033+00	\N	\N	50	\N	\N	\N
73	2020-03-09 11:46:36.503055+00	2020-03-09 11:46:36.503061+00	\N	\N	51	\N	\N	\N
74	2020-03-09 11:46:36.503082+00	2020-03-09 11:46:36.503088+00	\N	\N	52	\N	\N	\N
75	2020-03-09 11:46:36.50311+00	2020-03-09 11:46:36.503116+00	\N	\N	53	\N	\N	\N
76	2020-03-09 11:46:36.503138+00	2020-03-09 11:46:36.503144+00	\N	\N	54	\N	\N	\N
77	2020-03-09 11:46:36.503165+00	2020-03-09 11:46:36.503171+00	\N	\N	55	\N	\N	\N
78	2020-03-09 11:46:36.503193+00	2020-03-09 11:46:36.503199+00	\N	\N	56	\N	\N	\N
79	2020-03-09 11:46:36.50322+00	2020-03-09 11:46:36.503226+00	\N	\N	57	\N	\N	\N
80	2020-03-09 11:46:36.503248+00	2020-03-09 11:46:36.503254+00	\N	\N	58	\N	\N	\N
81	2020-03-09 11:46:36.503275+00	2020-03-09 11:46:36.503281+00	\N	\N	59	\N	\N	\N
82	2020-03-09 11:46:36.503302+00	2020-03-09 11:46:36.503308+00	\N	\N	60	\N	\N	\N
83	2020-03-09 11:46:36.50333+00	2020-03-09 11:46:36.503336+00	\N	\N	61	\N	\N	\N
84	2020-03-09 11:46:36.503357+00	2020-03-09 11:46:36.503363+00	\N	\N	62	\N	\N	\N
85	2020-03-09 11:46:36.503394+00	2020-03-09 11:46:36.503402+00	\N	\N	63	\N	\N	\N
86	2020-03-09 11:46:36.503425+00	2020-03-09 11:46:36.503431+00	\N	\N	64	\N	\N	\N
87	2020-03-09 11:46:36.503453+00	2020-03-09 11:46:36.503459+00	\N	\N	65	\N	\N	\N
88	2020-03-09 11:46:36.50348+00	2020-03-09 11:46:36.503486+00	\N	\N	66	\N	\N	\N
89	2020-03-09 11:46:36.503507+00	2020-03-09 11:46:36.503513+00	\N	\N	67	\N	\N	\N
90	2020-03-09 11:46:36.503534+00	2020-03-09 11:46:36.50354+00	\N	\N	68	\N	\N	\N
91	2020-03-09 11:46:36.503561+00	2020-03-09 11:46:36.503567+00	\N	\N	69	\N	\N	\N
92	2020-03-09 11:46:36.503589+00	2020-03-09 11:46:36.503595+00	\N	\N	70	\N	\N	\N
93	2020-03-09 11:46:36.503616+00	2020-03-09 11:46:36.503622+00	\N	\N	71	\N	\N	\N
94	2020-03-09 11:46:36.503644+00	2020-03-09 11:46:36.50365+00	\N	\N	72	\N	\N	\N
95	2020-03-09 11:46:36.503671+00	2020-03-09 11:46:36.503677+00	\N	\N	73	\N	\N	\N
96	2020-03-09 11:46:36.503698+00	2020-03-09 11:46:36.503704+00	\N	\N	74	\N	\N	\N
97	2020-03-09 11:46:36.503726+00	2020-03-09 11:46:36.503732+00	\N	\N	75	\N	\N	\N
98	2020-03-09 11:46:36.503753+00	2020-03-09 11:46:36.503759+00	\N	\N	76	\N	\N	\N
99	2020-03-09 11:46:36.50378+00	2020-03-09 11:46:36.503787+00	\N	\N	77	\N	\N	\N
100	2020-03-09 11:46:36.503808+00	2020-03-09 11:46:36.503814+00	\N	\N	78	\N	\N	\N
101	2020-03-09 11:46:36.503835+00	2020-03-09 11:46:36.503841+00	\N	\N	79	\N	\N	\N
102	2020-03-09 11:46:36.503863+00	2020-03-09 11:46:36.503869+00	\N	\N	80	\N	\N	\N
103	2020-03-09 11:46:36.50389+00	2020-03-09 11:46:36.503896+00	\N	\N	81	\N	\N	\N
104	2020-03-09 11:46:36.503918+00	2020-03-09 11:46:36.503924+00	\N	\N	82	\N	\N	\N
105	2020-03-09 11:46:36.503945+00	2020-03-09 11:46:36.503952+00	\N	\N	83	\N	\N	\N
106	2020-03-09 11:46:36.503982+00	2020-03-09 11:46:36.503989+00	\N	\N	84	\N	\N	\N
107	2020-03-09 11:46:36.504011+00	2020-03-09 11:46:36.504017+00	\N	\N	85	\N	\N	\N
108	2020-03-09 11:46:36.504038+00	2020-03-09 11:46:36.504044+00	\N	\N	86	\N	\N	\N
109	2020-03-09 11:46:36.504065+00	2020-03-09 11:46:36.504071+00	\N	\N	87	\N	\N	\N
110	2020-03-09 11:46:36.504093+00	2020-03-09 11:46:36.504099+00	\N	\N	88	\N	\N	\N
111	2020-03-09 11:46:36.50412+00	2020-03-09 11:46:36.504126+00	\N	\N	89	\N	\N	\N
112	2020-03-09 11:46:36.504147+00	2020-03-09 11:46:36.504153+00	\N	\N	90	\N	\N	\N
113	2020-03-09 11:46:36.522946+00	2020-03-09 11:46:36.522964+00	\N	\N	91	\N	\N	\N
114	2020-03-09 11:46:36.522998+00	2020-03-09 11:46:36.523005+00	\N	\N	92	\N	\N	\N
115	2020-03-09 11:46:36.523029+00	2020-03-09 11:46:36.523035+00	\N	\N	93	\N	\N	\N
116	2020-03-09 11:46:36.523066+00	2020-03-09 11:46:36.523074+00	\N	\N	94	\N	\N	\N
117	2020-03-09 11:46:36.523098+00	2020-03-09 11:46:36.523104+00	\N	\N	95	\N	\N	\N
118	2020-03-09 11:46:36.523126+00	2020-03-09 11:46:36.523132+00	\N	\N	96	\N	\N	\N
119	2020-03-09 11:46:36.523154+00	2020-03-09 11:46:36.52316+00	\N	\N	97	\N	\N	\N
120	2020-03-09 11:46:36.523181+00	2020-03-09 11:46:36.523187+00	\N	\N	98	\N	\N	\N
121	2020-03-09 11:46:36.523209+00	2020-03-09 11:46:36.523215+00	\N	\N	99	\N	\N	\N
122	2020-03-09 11:46:36.523237+00	2020-03-09 11:46:36.523243+00	\N	\N	100	\N	\N	\N
123	2020-03-09 11:46:36.523264+00	2020-03-09 11:46:36.52327+00	\N	\N	101	\N	\N	\N
124	2020-03-09 11:46:36.523292+00	2020-03-09 11:46:36.523298+00	\N	\N	102	\N	\N	\N
125	2020-03-09 11:46:36.523319+00	2020-03-09 11:46:36.523325+00	\N	\N	103	\N	\N	\N
126	2020-03-09 11:46:36.523346+00	2020-03-09 11:46:36.523352+00	\N	\N	104	\N	\N	\N
127	2020-03-09 11:46:36.523374+00	2020-03-09 11:46:36.523379+00	\N	\N	105	\N	\N	\N
128	2020-03-09 11:46:36.523401+00	2020-03-09 11:46:36.523407+00	\N	\N	106	\N	\N	\N
129	2020-03-09 11:46:36.523428+00	2020-03-09 11:46:36.523434+00	\N	\N	107	\N	\N	\N
130	2020-03-09 11:46:36.523456+00	2020-03-09 11:46:36.523462+00	\N	\N	108	\N	\N	\N
131	2020-03-09 11:46:36.523483+00	2020-03-09 11:46:36.523489+00	\N	\N	109	\N	\N	\N
132	2020-03-09 11:46:36.52351+00	2020-03-09 11:46:36.523516+00	\N	\N	110	\N	\N	\N
133	2020-03-09 11:46:36.523538+00	2020-03-09 11:46:36.523544+00	\N	\N	111	\N	\N	\N
134	2020-03-09 11:46:36.523565+00	2020-03-09 11:46:36.523571+00	\N	\N	112	\N	\N	\N
135	2020-03-09 11:46:36.523592+00	2020-03-09 11:46:36.523598+00	\N	\N	113	\N	\N	\N
136	2020-03-09 11:46:36.523619+00	2020-03-09 11:46:36.523625+00	\N	\N	114	\N	\N	\N
137	2020-03-09 11:46:36.523646+00	2020-03-09 11:46:36.523652+00	\N	\N	115	\N	\N	\N
138	2020-03-09 11:46:36.523673+00	2020-03-09 11:46:36.523679+00	\N	\N	116	\N	\N	\N
139	2020-03-09 11:46:36.523701+00	2020-03-09 11:46:36.523707+00	\N	\N	117	\N	\N	\N
140	2020-03-09 11:46:36.523729+00	2020-03-09 11:46:36.523735+00	\N	\N	118	\N	\N	\N
141	2020-03-09 11:46:36.523757+00	2020-03-09 11:46:36.523763+00	\N	\N	119	\N	\N	\N
142	2020-03-09 11:46:36.523784+00	2020-03-09 11:46:36.52379+00	\N	\N	120	\N	\N	\N
143	2020-03-09 11:46:36.523811+00	2020-03-09 11:46:36.523817+00	\N	\N	121	\N	\N	\N
144	2020-03-09 11:46:36.523839+00	2020-03-09 11:46:36.523845+00	\N	\N	122	\N	\N	\N
145	2020-03-09 11:46:36.523866+00	2020-03-09 11:46:36.523872+00	\N	\N	123	\N	\N	\N
146	2020-03-09 11:46:36.523893+00	2020-03-09 11:46:36.523899+00	\N	\N	124	\N	\N	\N
147	2020-03-09 11:46:36.523921+00	2020-03-09 11:46:36.523927+00	\N	\N	125	\N	\N	\N
148	2020-03-09 11:46:36.523948+00	2020-03-09 11:46:36.523954+00	\N	\N	126	\N	\N	\N
149	2020-03-09 11:46:36.523975+00	2020-03-09 11:46:36.523981+00	\N	\N	127	\N	\N	\N
150	2020-03-09 11:46:36.524003+00	2020-03-09 11:46:36.524009+00	\N	\N	128	\N	\N	\N
151	2020-03-09 11:46:36.52403+00	2020-03-09 11:46:36.524036+00	\N	\N	129	\N	\N	\N
152	2020-03-09 11:46:36.524057+00	2020-03-09 11:46:36.524063+00	\N	\N	130	\N	\N	\N
153	2020-03-09 11:46:36.524085+00	2020-03-09 11:46:36.524091+00	\N	\N	131	\N	\N	\N
154	2020-03-09 11:46:36.524112+00	2020-03-09 11:46:36.524118+00	\N	\N	132	\N	\N	\N
155	2020-03-09 11:46:36.52414+00	2020-03-09 11:46:36.524146+00	\N	\N	133	\N	\N	\N
156	2020-03-09 11:46:36.524167+00	2020-03-09 11:46:36.524173+00	\N	\N	134	\N	\N	\N
157	2020-03-09 11:46:36.524194+00	2020-03-09 11:46:36.5242+00	\N	\N	135	\N	\N	\N
158	2020-03-09 11:46:36.542942+00	2020-03-09 11:46:36.542961+00	\N	\N	136	\N	\N	\N
159	2020-03-09 11:46:36.542996+00	2020-03-09 11:46:36.543003+00	\N	\N	137	\N	\N	\N
160	2020-03-09 11:46:36.543026+00	2020-03-09 11:46:36.543032+00	\N	\N	138	\N	\N	\N
161	2020-03-09 11:46:36.543055+00	2020-03-09 11:46:36.543061+00	\N	\N	139	\N	\N	\N
162	2020-03-09 11:46:36.543082+00	2020-03-09 11:46:36.543088+00	\N	\N	140	\N	\N	\N
163	2020-03-09 11:46:36.54311+00	2020-03-09 11:46:36.543116+00	\N	\N	141	\N	\N	\N
164	2020-03-09 11:46:36.543138+00	2020-03-09 11:46:36.543144+00	\N	\N	142	\N	\N	\N
165	2020-03-09 11:46:36.543165+00	2020-03-09 11:46:36.543171+00	\N	\N	143	\N	\N	\N
166	2020-03-09 11:46:36.543193+00	2020-03-09 11:46:36.543199+00	\N	\N	144	\N	\N	\N
167	2020-03-09 11:46:36.54322+00	2020-03-09 11:46:36.543235+00	\N	\N	145	\N	\N	\N
168	2020-03-09 11:46:36.54326+00	2020-03-09 11:46:36.543267+00	\N	\N	146	\N	\N	\N
169	2020-03-09 11:46:36.543288+00	2020-03-09 11:46:36.543294+00	\N	\N	147	\N	\N	\N
170	2020-03-09 11:46:36.543315+00	2020-03-09 11:46:36.543322+00	\N	\N	148	\N	\N	\N
171	2020-03-09 11:46:36.543343+00	2020-03-09 11:46:36.543349+00	\N	\N	149	\N	\N	\N
172	2020-03-09 11:46:36.54337+00	2020-03-09 11:46:36.543376+00	\N	\N	150	\N	\N	\N
173	2020-03-09 11:46:36.543398+00	2020-03-09 11:46:36.543404+00	\N	\N	151	\N	\N	\N
174	2020-03-09 11:46:36.543425+00	2020-03-09 11:46:36.543431+00	\N	\N	152	\N	\N	\N
175	2020-03-09 11:46:36.543453+00	2020-03-09 11:46:36.543459+00	\N	\N	153	\N	\N	\N
176	2020-03-09 11:46:36.54348+00	2020-03-09 11:46:36.543486+00	\N	\N	154	\N	\N	\N
177	2020-03-09 11:46:36.543508+00	2020-03-09 11:46:36.543514+00	\N	\N	155	\N	\N	\N
178	2020-03-09 11:46:36.543535+00	2020-03-09 11:46:36.543541+00	\N	\N	156	\N	\N	\N
179	2020-03-09 11:46:36.543562+00	2020-03-09 11:46:36.543568+00	\N	\N	157	\N	\N	\N
180	2020-03-09 11:46:36.54359+00	2020-03-09 11:46:36.543596+00	\N	\N	158	\N	\N	\N
181	2020-03-09 11:46:36.543617+00	2020-03-09 11:46:36.543623+00	\N	\N	159	\N	\N	\N
182	2020-03-09 11:46:36.543644+00	2020-03-09 11:46:36.54365+00	\N	\N	160	\N	\N	\N
183	2020-03-09 11:46:36.543672+00	2020-03-09 11:46:36.543678+00	\N	\N	161	\N	\N	\N
184	2020-03-09 11:46:36.543699+00	2020-03-09 11:46:36.543705+00	\N	\N	162	\N	\N	\N
185	2020-03-09 11:46:36.543727+00	2020-03-09 11:46:36.543733+00	\N	\N	163	\N	\N	\N
186	2020-03-09 11:46:36.543754+00	2020-03-09 11:46:36.54376+00	\N	\N	164	\N	\N	\N
187	2020-03-09 11:46:36.543782+00	2020-03-09 11:46:36.543788+00	\N	\N	165	\N	\N	\N
188	2020-03-09 11:46:36.543809+00	2020-03-09 11:46:36.543815+00	\N	\N	166	\N	\N	\N
189	2020-03-09 11:46:36.543836+00	2020-03-09 11:46:36.543842+00	\N	\N	167	\N	\N	\N
190	2020-03-09 11:46:36.543864+00	2020-03-09 11:46:36.54387+00	\N	\N	168	\N	\N	\N
191	2020-03-09 11:46:36.543891+00	2020-03-09 11:46:36.543897+00	\N	\N	169	\N	\N	\N
192	2020-03-09 11:46:36.543919+00	2020-03-09 11:46:36.543925+00	\N	\N	170	\N	\N	\N
193	2020-03-09 11:46:36.543946+00	2020-03-09 11:46:36.543952+00	\N	\N	171	\N	\N	\N
194	2020-03-09 11:46:36.543974+00	2020-03-09 11:46:36.54398+00	\N	\N	172	\N	\N	\N
195	2020-03-09 11:46:36.544001+00	2020-03-09 11:46:36.544007+00	\N	\N	173	\N	\N	\N
196	2020-03-09 11:46:36.544028+00	2020-03-09 11:46:36.544034+00	\N	\N	174	\N	\N	\N
197	2020-03-09 11:46:36.544056+00	2020-03-09 11:46:36.544062+00	\N	\N	175	\N	\N	\N
198	2020-03-09 11:46:36.544083+00	2020-03-09 11:46:36.544089+00	\N	\N	176	\N	\N	\N
199	2020-03-09 11:46:36.544111+00	2020-03-09 11:46:36.544117+00	\N	\N	177	\N	\N	\N
200	2020-03-09 11:46:36.544138+00	2020-03-09 11:46:36.544144+00	\N	\N	178	\N	\N	\N
201	2020-03-09 11:46:36.544165+00	2020-03-09 11:46:36.544171+00	\N	\N	179	\N	\N	\N
202	2020-03-09 11:46:36.544193+00	2020-03-09 11:46:36.544199+00	\N	\N	180	\N	\N	\N
203	2020-03-09 11:46:36.563605+00	2020-03-09 11:46:36.563625+00	\N	\N	181	\N	\N	\N
204	2020-03-09 11:46:36.56366+00	2020-03-09 11:46:36.563667+00	\N	\N	182	\N	\N	\N
205	2020-03-09 11:46:36.56369+00	2020-03-09 11:46:36.563697+00	\N	\N	183	\N	\N	\N
206	2020-03-09 11:46:36.563719+00	2020-03-09 11:46:36.563725+00	\N	\N	184	\N	\N	\N
207	2020-03-09 11:46:36.563746+00	2020-03-09 11:46:36.563753+00	\N	\N	185	\N	\N	\N
208	2020-03-09 11:46:36.563774+00	2020-03-09 11:46:36.56378+00	\N	\N	186	\N	\N	\N
209	2020-03-09 11:46:36.563802+00	2020-03-09 11:46:36.563808+00	\N	\N	187	\N	\N	\N
210	2020-03-09 11:46:36.56383+00	2020-03-09 11:46:36.563837+00	\N	\N	188	\N	\N	\N
211	2020-03-09 11:46:36.563858+00	2020-03-09 11:46:36.563864+00	\N	\N	189	\N	\N	\N
212	2020-03-09 11:46:36.563886+00	2020-03-09 11:46:36.563892+00	\N	\N	190	\N	\N	\N
213	2020-03-09 11:46:36.563914+00	2020-03-09 11:46:36.56392+00	\N	\N	191	\N	\N	\N
214	2020-03-09 11:46:36.563942+00	2020-03-09 11:46:36.563948+00	\N	\N	192	\N	\N	\N
215	2020-03-09 11:46:36.56397+00	2020-03-09 11:46:36.563976+00	\N	\N	193	\N	\N	\N
216	2020-03-09 11:46:36.563997+00	2020-03-09 11:46:36.564003+00	\N	\N	194	\N	\N	\N
217	2020-03-09 11:46:36.564025+00	2020-03-09 11:46:36.564031+00	\N	\N	195	\N	\N	\N
218	2020-03-09 11:46:36.564052+00	2020-03-09 11:46:36.564058+00	\N	\N	196	\N	\N	\N
219	2020-03-09 11:46:36.56408+00	2020-03-09 11:46:36.564086+00	\N	\N	197	\N	\N	\N
220	2020-03-09 11:46:36.564107+00	2020-03-09 11:46:36.564113+00	\N	\N	198	\N	\N	\N
221	2020-03-09 11:46:36.564135+00	2020-03-09 11:46:36.564141+00	\N	\N	199	\N	\N	\N
222	2020-03-09 11:46:36.564163+00	2020-03-09 11:46:36.564169+00	\N	\N	200	\N	\N	\N
223	2020-03-09 11:46:36.56419+00	2020-03-09 11:46:36.564205+00	\N	\N	201	\N	\N	\N
224	2020-03-09 11:46:36.56425+00	2020-03-09 11:46:36.564258+00	\N	\N	202	\N	\N	\N
225	2020-03-09 11:46:36.564282+00	2020-03-09 11:46:36.564288+00	\N	\N	203	\N	\N	\N
226	2020-03-09 11:46:36.564309+00	2020-03-09 11:46:36.564315+00	\N	\N	204	\N	\N	\N
227	2020-03-09 11:46:36.564337+00	2020-03-09 11:46:36.564343+00	\N	\N	205	\N	\N	\N
228	2020-03-09 11:46:36.564364+00	2020-03-09 11:46:36.56437+00	\N	\N	206	\N	\N	\N
229	2020-03-09 11:46:36.564391+00	2020-03-09 11:46:36.564397+00	\N	\N	207	\N	\N	\N
230	2020-03-09 11:46:36.564419+00	2020-03-09 11:46:36.564425+00	\N	\N	208	\N	\N	\N
231	2020-03-09 11:46:36.564446+00	2020-03-09 11:46:36.564452+00	\N	\N	209	\N	\N	\N
232	2020-03-09 11:46:36.564474+00	2020-03-09 11:46:36.56448+00	\N	\N	210	\N	\N	\N
233	2020-03-09 11:46:36.564501+00	2020-03-09 11:46:36.564507+00	\N	\N	211	\N	\N	\N
234	2020-03-09 11:46:36.564529+00	2020-03-09 11:46:36.564535+00	\N	\N	212	\N	\N	\N
235	2020-03-09 11:46:36.564556+00	2020-03-09 11:46:36.564562+00	\N	\N	213	\N	\N	\N
236	2020-03-09 11:46:36.564583+00	2020-03-09 11:46:36.564589+00	\N	\N	214	\N	\N	\N
237	2020-03-09 11:46:36.56461+00	2020-03-09 11:46:36.564617+00	\N	\N	215	\N	\N	\N
238	2020-03-09 11:46:36.564638+00	2020-03-09 11:46:36.564644+00	\N	\N	216	\N	\N	\N
239	2020-03-09 11:46:36.564666+00	2020-03-09 11:46:36.564672+00	\N	\N	217	\N	\N	\N
240	2020-03-09 11:46:36.564694+00	2020-03-09 11:46:36.5647+00	\N	\N	218	\N	\N	\N
241	2020-03-09 11:46:36.564721+00	2020-03-09 11:46:36.564727+00	\N	\N	219	\N	\N	\N
242	2020-03-09 11:46:36.564749+00	2020-03-09 11:46:36.564755+00	\N	\N	220	\N	\N	\N
243	2020-03-09 11:46:36.564776+00	2020-03-09 11:46:36.564783+00	\N	\N	221	\N	\N	\N
244	2020-03-09 11:46:36.564804+00	2020-03-09 11:46:36.56481+00	\N	\N	222	\N	\N	\N
245	2020-03-09 11:46:36.564831+00	2020-03-09 11:46:36.564837+00	\N	\N	223	\N	\N	\N
246	2020-03-09 11:46:36.564859+00	2020-03-09 11:46:36.564865+00	\N	\N	224	\N	\N	\N
247	2020-03-09 11:46:36.564887+00	2020-03-09 11:46:36.564893+00	\N	\N	225	\N	\N	\N
248	2020-03-09 11:46:36.61041+00	2020-03-09 11:46:36.610434+00	\N	\N	226	\N	\N	\N
249	2020-03-09 11:46:36.61047+00	2020-03-09 11:46:36.610477+00	\N	\N	227	\N	\N	\N
250	2020-03-09 11:46:36.6105+00	2020-03-09 11:46:36.610506+00	\N	\N	228	\N	\N	\N
251	2020-03-09 11:46:36.610528+00	2020-03-09 11:46:36.610534+00	\N	\N	229	\N	\N	\N
252	2020-03-09 11:46:36.610556+00	2020-03-09 11:46:36.610562+00	\N	\N	230	\N	\N	\N
253	2020-03-09 11:46:36.610584+00	2020-03-09 11:46:36.61059+00	\N	\N	231	\N	\N	\N
254	2020-03-09 11:46:36.610612+00	2020-03-09 11:46:36.610618+00	\N	\N	232	\N	\N	\N
255	2020-03-09 11:46:36.61064+00	2020-03-09 11:46:36.610646+00	\N	\N	233	\N	\N	\N
256	2020-03-09 11:46:36.610668+00	2020-03-09 11:46:36.610674+00	\N	\N	234	\N	\N	\N
257	2020-03-09 11:46:36.610695+00	2020-03-09 11:46:36.610702+00	\N	\N	235	\N	\N	\N
258	2020-03-09 11:46:36.610724+00	2020-03-09 11:46:36.61073+00	\N	\N	236	\N	\N	\N
259	2020-03-09 11:46:36.610751+00	2020-03-09 11:46:36.610757+00	\N	\N	237	\N	\N	\N
260	2020-03-09 11:46:36.610779+00	2020-03-09 11:46:36.610785+00	\N	\N	238	\N	\N	\N
261	2020-03-09 11:46:36.610807+00	2020-03-09 11:46:36.610813+00	\N	\N	239	\N	\N	\N
262	2020-03-09 11:46:36.610835+00	2020-03-09 11:46:36.610841+00	\N	\N	240	\N	\N	\N
263	2020-03-09 11:46:36.610863+00	2020-03-09 11:46:36.610869+00	\N	\N	241	\N	\N	\N
264	2020-03-09 11:46:36.61089+00	2020-03-09 11:46:36.610896+00	\N	\N	242	\N	\N	\N
265	2020-03-09 11:46:36.610918+00	2020-03-09 11:46:36.610924+00	\N	\N	243	\N	\N	\N
266	2020-03-09 11:46:36.610945+00	2020-03-09 11:46:36.610951+00	\N	\N	244	\N	\N	\N
267	2020-03-09 11:46:36.610973+00	2020-03-09 11:46:36.610979+00	\N	\N	245	\N	\N	\N
268	2020-03-09 11:46:36.611001+00	2020-03-09 11:46:36.611007+00	\N	\N	246	\N	\N	\N
269	2020-03-09 11:46:36.611028+00	2020-03-09 11:46:36.611034+00	\N	\N	247	\N	\N	\N
270	2020-03-09 11:46:36.611055+00	2020-03-09 11:46:36.611061+00	\N	\N	248	\N	\N	\N
271	2020-03-09 11:46:36.611083+00	2020-03-09 11:46:36.611089+00	\N	\N	249	\N	\N	\N
272	2020-03-09 11:46:36.61111+00	2020-03-09 11:46:36.611117+00	\N	\N	250	\N	\N	\N
273	2020-03-09 11:46:36.611138+00	2020-03-09 11:46:36.611144+00	\N	\N	251	\N	\N	\N
274	2020-03-09 11:46:36.611166+00	2020-03-09 11:46:36.611172+00	\N	\N	252	\N	\N	\N
275	2020-03-09 11:46:36.611194+00	2020-03-09 11:46:36.6112+00	\N	\N	253	\N	\N	\N
276	2020-03-09 11:46:36.611222+00	2020-03-09 11:46:36.611228+00	\N	\N	254	\N	\N	\N
277	2020-03-09 11:46:36.61125+00	2020-03-09 11:46:36.611256+00	\N	\N	255	\N	\N	\N
278	2020-03-09 11:46:36.611278+00	2020-03-09 11:46:36.611284+00	\N	\N	256	\N	\N	\N
279	2020-03-09 11:46:36.611306+00	2020-03-09 11:46:36.611312+00	\N	\N	257	\N	\N	\N
280	2020-03-09 11:46:36.611333+00	2020-03-09 11:46:36.61134+00	\N	\N	258	\N	\N	\N
281	2020-03-09 11:46:36.611361+00	2020-03-09 11:46:36.611367+00	\N	\N	259	\N	\N	\N
282	2020-03-09 11:46:36.611389+00	2020-03-09 11:46:36.611395+00	\N	\N	260	\N	\N	\N
283	2020-03-09 11:46:36.611417+00	2020-03-09 11:46:36.611424+00	\N	\N	261	\N	\N	\N
284	2020-03-09 11:46:36.611446+00	2020-03-09 11:46:36.611452+00	\N	\N	262	\N	\N	\N
285	2020-03-09 11:46:36.611474+00	2020-03-09 11:46:36.61148+00	\N	\N	263	\N	\N	\N
286	2020-03-09 11:46:36.611502+00	2020-03-09 11:46:36.611508+00	\N	\N	264	\N	\N	\N
287	2020-03-09 11:46:36.61153+00	2020-03-09 11:46:36.611536+00	\N	\N	265	\N	\N	\N
288	2020-03-09 11:46:36.611558+00	2020-03-09 11:46:36.611564+00	\N	\N	266	\N	\N	\N
289	2020-03-09 11:46:36.611585+00	2020-03-09 11:46:36.611591+00	\N	\N	267	\N	\N	\N
290	2020-03-09 11:46:36.611613+00	2020-03-09 11:46:36.611619+00	\N	\N	268	\N	\N	\N
291	2020-03-09 11:46:36.611641+00	2020-03-09 11:46:36.611647+00	\N	\N	269	\N	\N	\N
292	2020-03-09 11:46:36.611669+00	2020-03-09 11:46:36.611675+00	\N	\N	270	\N	\N	\N
293	2020-03-09 11:46:36.625121+00	2020-03-09 11:46:36.625138+00	\N	12	\N	\N	\N	\N
294	2020-03-09 11:46:36.625172+00	2020-03-09 11:46:36.625179+00	\N	13	\N	\N	\N	\N
295	2020-03-09 11:46:36.625203+00	2020-03-09 11:46:36.625209+00	\N	14	\N	\N	\N	\N
296	2020-03-09 11:46:36.625231+00	2020-03-09 11:46:36.625237+00	\N	15	\N	\N	\N	\N
297	2020-03-09 11:46:36.625259+00	2020-03-09 11:46:36.625265+00	\N	16	\N	\N	\N	\N
298	2020-03-09 11:46:36.625287+00	2020-03-09 11:46:36.625293+00	\N	17	\N	\N	\N	\N
299	2020-03-09 11:46:36.625315+00	2020-03-09 11:46:36.625321+00	\N	18	\N	\N	\N	\N
300	2020-03-09 11:46:36.625342+00	2020-03-09 11:46:36.625348+00	\N	19	\N	\N	\N	\N
301	2020-03-09 11:46:36.62537+00	2020-03-09 11:46:36.625376+00	\N	20	\N	\N	\N	\N
302	2020-03-09 11:46:36.625398+00	2020-03-09 11:46:36.625404+00	\N	21	\N	\N	\N	\N
303	2020-03-09 11:46:36.637787+00	2020-03-09 11:46:36.637802+00	1	\N	\N	\N	\N	\N
304	2020-03-09 11:46:36.637851+00	2020-03-09 11:46:36.637859+00	2	\N	\N	\N	\N	\N
305	2020-03-09 11:46:36.637883+00	2020-03-09 11:46:36.637889+00	3	\N	\N	\N	\N	\N
306	2020-03-09 11:46:36.637911+00	2020-03-09 11:46:36.637917+00	4	\N	\N	\N	\N	\N
307	2020-03-09 11:46:36.648492+00	2020-03-09 11:46:36.648508+00	5	\N	\N	\N	\N	\N
308	2020-03-09 11:46:36.648541+00	2020-03-09 11:46:36.648547+00	6	\N	\N	\N	\N	\N
309	2020-03-09 11:46:36.648571+00	2020-03-09 11:46:36.648577+00	7	\N	\N	\N	\N	\N
310	2020-03-09 11:46:36.6486+00	2020-03-09 11:46:36.648606+00	8	\N	\N	\N	\N	\N
311	2020-03-09 11:46:36.658916+00	2020-03-09 11:46:36.658931+00	9	\N	\N	\N	\N	\N
312	2020-03-09 11:46:36.658964+00	2020-03-09 11:46:36.658971+00	10	\N	\N	\N	\N	\N
313	2020-03-09 11:46:36.658995+00	2020-03-09 11:46:36.659001+00	11	\N	\N	\N	\N	\N
314	2020-03-09 11:46:36.659024+00	2020-03-09 11:46:36.65903+00	12	\N	\N	\N	\N	\N
315	2020-03-09 11:46:36.669038+00	2020-03-09 11:46:36.669053+00	13	\N	\N	\N	\N	\N
316	2020-03-09 11:46:36.669087+00	2020-03-09 11:46:36.669094+00	14	\N	\N	\N	\N	\N
317	2020-03-09 11:46:36.669117+00	2020-03-09 11:46:36.669123+00	15	\N	\N	\N	\N	\N
318	2020-03-09 11:46:36.669146+00	2020-03-09 11:46:36.669152+00	16	\N	\N	\N	\N	\N
319	2020-03-09 11:46:36.67901+00	2020-03-09 11:46:36.679024+00	17	\N	\N	\N	\N	\N
320	2020-03-09 11:46:36.679133+00	2020-03-09 11:46:36.679141+00	18	\N	\N	\N	\N	\N
321	2020-03-09 11:46:36.679166+00	2020-03-09 11:46:36.679181+00	19	\N	\N	\N	\N	\N
322	2020-03-09 11:46:36.679205+00	2020-03-09 11:46:36.679211+00	20	\N	\N	\N	\N	\N
323	2020-03-09 11:46:36.689322+00	2020-03-09 11:46:36.689337+00	21	\N	\N	\N	\N	\N
324	2020-03-09 11:46:36.689369+00	2020-03-09 11:46:36.689376+00	22	\N	\N	\N	\N	\N
325	2020-03-09 11:46:36.689399+00	2020-03-09 11:46:36.689406+00	23	\N	\N	\N	\N	\N
326	2020-03-09 11:46:36.689428+00	2020-03-09 11:46:36.689434+00	24	\N	\N	\N	\N	\N
327	2020-03-09 11:46:36.699832+00	2020-03-09 11:46:36.699847+00	25	\N	\N	\N	\N	\N
328	2020-03-09 11:46:36.69988+00	2020-03-09 11:46:36.699887+00	26	\N	\N	\N	\N	\N
329	2020-03-09 11:46:36.699911+00	2020-03-09 11:46:36.699917+00	27	\N	\N	\N	\N	\N
330	2020-03-09 11:46:36.69994+00	2020-03-09 11:46:36.699946+00	28	\N	\N	\N	\N	\N
331	2020-03-09 11:46:36.711223+00	2020-03-09 11:46:36.711237+00	29	\N	\N	\N	\N	\N
332	2020-03-09 11:46:36.71127+00	2020-03-09 11:46:36.711277+00	30	\N	\N	\N	\N	\N
333	2020-03-09 11:46:36.711301+00	2020-03-09 11:46:36.711307+00	31	\N	\N	\N	\N	\N
334	2020-03-09 11:46:36.711329+00	2020-03-09 11:46:36.711335+00	32	\N	\N	\N	\N	\N
335	2020-03-09 11:46:36.721057+00	2020-03-09 11:46:36.721071+00	33	\N	\N	\N	\N	\N
336	2020-03-09 11:46:36.721104+00	2020-03-09 11:46:36.721111+00	34	\N	\N	\N	\N	\N
337	2020-03-09 11:46:36.721134+00	2020-03-09 11:46:36.72114+00	35	\N	\N	\N	\N	\N
338	2020-03-09 11:46:36.721162+00	2020-03-09 11:46:36.721169+00	36	\N	\N	\N	\N	\N
339	2020-03-09 11:46:36.730854+00	2020-03-09 11:46:36.730869+00	37	\N	\N	\N	\N	\N
340	2020-03-09 11:46:36.730903+00	2020-03-09 11:46:36.73091+00	38	\N	\N	\N	\N	\N
341	2020-03-09 11:46:36.740355+00	2020-03-09 11:46:36.740371+00	\N	22	\N	\N	\N	\N
342	2020-03-09 11:46:36.740405+00	2020-03-09 11:46:36.740412+00	\N	23	\N	\N	\N	\N
343	2020-03-09 11:46:36.740436+00	2020-03-09 11:46:36.740442+00	\N	24	\N	\N	\N	\N
344	2020-03-09 11:46:36.740464+00	2020-03-09 11:46:36.74047+00	\N	25	\N	\N	\N	\N
345	2020-03-09 11:46:36.751735+00	2020-03-09 11:46:36.751751+00	39	\N	\N	\N	\N	\N
346	2020-03-09 11:46:36.751784+00	2020-03-09 11:46:36.751792+00	40	\N	\N	\N	\N	\N
347	2020-03-09 11:46:36.751816+00	2020-03-09 11:46:36.751822+00	41	\N	\N	\N	\N	\N
348	2020-03-09 11:46:36.751844+00	2020-03-09 11:46:36.75185+00	42	\N	\N	\N	\N	\N
349	2020-03-09 11:46:36.751872+00	2020-03-09 11:46:36.751878+00	43	\N	\N	\N	\N	\N
350	2020-03-09 11:46:36.7519+00	2020-03-09 11:46:36.751906+00	44	\N	\N	\N	\N	\N
351	2020-03-09 11:46:36.751928+00	2020-03-09 11:46:36.751934+00	45	\N	\N	\N	\N	\N
352	2020-03-09 11:46:36.751955+00	2020-03-09 11:46:36.751961+00	46	\N	\N	\N	\N	\N
353	2020-03-09 11:46:36.751983+00	2020-03-09 11:46:36.751989+00	47	\N	\N	\N	\N	\N
354	2020-03-09 11:46:36.763543+00	2020-03-09 11:46:36.763558+00	48	\N	\N	\N	\N	\N
355	2020-03-09 11:46:36.763592+00	2020-03-09 11:46:36.763599+00	49	\N	\N	\N	\N	\N
356	2020-03-09 11:46:36.763623+00	2020-03-09 11:46:36.763629+00	50	\N	\N	\N	\N	\N
357	2020-03-09 11:46:36.763651+00	2020-03-09 11:46:36.763657+00	51	\N	\N	\N	\N	\N
358	2020-03-09 11:46:36.763679+00	2020-03-09 11:46:36.763685+00	52	\N	\N	\N	\N	\N
359	2020-03-09 11:46:36.763707+00	2020-03-09 11:46:36.763713+00	53	\N	\N	\N	\N	\N
360	2020-03-09 11:46:36.763735+00	2020-03-09 11:46:36.763741+00	54	\N	\N	\N	\N	\N
361	2020-03-09 11:46:36.763762+00	2020-03-09 11:46:36.763768+00	55	\N	\N	\N	\N	\N
362	2020-03-09 11:46:36.763789+00	2020-03-09 11:46:36.763795+00	56	\N	\N	\N	\N	\N
363	2020-03-09 11:46:36.77479+00	2020-03-09 11:46:36.774805+00	57	\N	\N	\N	\N	\N
364	2020-03-09 11:46:36.774838+00	2020-03-09 11:46:36.774845+00	58	\N	\N	\N	\N	\N
365	2020-03-09 11:46:36.774869+00	2020-03-09 11:46:36.774875+00	59	\N	\N	\N	\N	\N
366	2020-03-09 11:46:36.774897+00	2020-03-09 11:46:36.774903+00	60	\N	\N	\N	\N	\N
367	2020-03-09 11:46:36.774937+00	2020-03-09 11:46:36.774944+00	61	\N	\N	\N	\N	\N
368	2020-03-09 11:46:36.774967+00	2020-03-09 11:46:36.774973+00	62	\N	\N	\N	\N	\N
369	2020-03-09 11:46:36.774995+00	2020-03-09 11:46:36.775001+00	63	\N	\N	\N	\N	\N
370	2020-03-09 11:46:36.775022+00	2020-03-09 11:46:36.775028+00	64	\N	\N	\N	\N	\N
371	2020-03-09 11:46:36.77505+00	2020-03-09 11:46:36.775056+00	65	\N	\N	\N	\N	\N
372	2020-03-09 11:46:36.786497+00	2020-03-09 11:46:36.786513+00	66	\N	\N	\N	\N	\N
373	2020-03-09 11:46:36.786547+00	2020-03-09 11:46:36.786553+00	67	\N	\N	\N	\N	\N
374	2020-03-09 11:46:36.786577+00	2020-03-09 11:46:36.786583+00	68	\N	\N	\N	\N	\N
375	2020-03-09 11:46:36.786605+00	2020-03-09 11:46:36.786611+00	69	\N	\N	\N	\N	\N
376	2020-03-09 11:46:36.786633+00	2020-03-09 11:46:36.786639+00	70	\N	\N	\N	\N	\N
377	2020-03-09 11:46:36.78666+00	2020-03-09 11:46:36.786667+00	71	\N	\N	\N	\N	\N
378	2020-03-09 11:46:36.786688+00	2020-03-09 11:46:36.786694+00	72	\N	\N	\N	\N	\N
379	2020-03-09 11:46:36.786716+00	2020-03-09 11:46:36.786722+00	73	\N	\N	\N	\N	\N
380	2020-03-09 11:46:36.786744+00	2020-03-09 11:46:36.78675+00	74	\N	\N	\N	\N	\N
381	2020-03-09 11:46:36.79535+00	2020-03-09 11:46:36.795366+00	\N	26	\N	\N	\N	\N
382	2020-03-09 11:46:36.7954+00	2020-03-09 11:46:36.795407+00	\N	27	\N	\N	\N	\N
383	2020-03-09 11:46:36.79543+00	2020-03-09 11:46:36.795436+00	\N	28	\N	\N	\N	\N
384	2020-03-09 11:46:36.795458+00	2020-03-09 11:46:36.795464+00	\N	29	\N	\N	\N	\N
385	2020-03-09 11:46:36.803055+00	2020-03-09 11:46:36.80307+00	75	\N	\N	\N	\N	\N
386	2020-03-09 11:46:36.803103+00	2020-03-09 11:46:36.803109+00	76	\N	\N	\N	\N	\N
387	2020-03-09 11:46:36.803133+00	2020-03-09 11:46:36.803139+00	77	\N	\N	\N	\N	\N
388	2020-03-09 11:46:36.803161+00	2020-03-09 11:46:36.803167+00	78	\N	\N	\N	\N	\N
389	2020-03-09 11:46:36.803189+00	2020-03-09 11:46:36.803195+00	79	\N	\N	\N	\N	\N
390	2020-03-09 11:46:36.810066+00	2020-03-09 11:46:36.81008+00	80	\N	\N	\N	\N	\N
391	2020-03-09 11:46:36.810114+00	2020-03-09 11:46:36.810121+00	81	\N	\N	\N	\N	\N
392	2020-03-09 11:46:36.810144+00	2020-03-09 11:46:36.81015+00	82	\N	\N	\N	\N	\N
393	2020-03-09 11:46:36.810172+00	2020-03-09 11:46:36.810178+00	83	\N	\N	\N	\N	\N
394	2020-03-09 11:46:36.8102+00	2020-03-09 11:46:36.810206+00	84	\N	\N	\N	\N	\N
395	2020-03-09 11:46:36.816604+00	2020-03-09 11:46:36.816619+00	85	\N	\N	\N	\N	\N
396	2020-03-09 11:46:36.816653+00	2020-03-09 11:46:36.81666+00	86	\N	\N	\N	\N	\N
397	2020-03-09 11:46:36.816684+00	2020-03-09 11:46:36.81669+00	87	\N	\N	\N	\N	\N
398	2020-03-09 11:46:36.816713+00	2020-03-09 11:46:36.816719+00	88	\N	\N	\N	\N	\N
399	2020-03-09 11:46:36.816741+00	2020-03-09 11:46:36.816747+00	89	\N	\N	\N	\N	\N
400	2020-03-09 11:46:36.823301+00	2020-03-09 11:46:36.823315+00	90	\N	\N	\N	\N	\N
401	2020-03-09 11:46:36.823349+00	2020-03-09 11:46:36.823356+00	91	\N	\N	\N	\N	\N
402	2020-03-09 11:46:36.823379+00	2020-03-09 11:46:36.823385+00	92	\N	\N	\N	\N	\N
403	2020-03-09 11:46:36.823407+00	2020-03-09 11:46:36.823413+00	93	\N	\N	\N	\N	\N
404	2020-03-09 11:46:36.823435+00	2020-03-09 11:46:36.823441+00	94	\N	\N	\N	\N	\N
405	2020-03-09 11:46:36.828698+00	2020-03-09 11:46:36.828712+00	\N	30	\N	\N	\N	\N
406	2020-03-09 11:46:36.828745+00	2020-03-09 11:46:36.828753+00	\N	31	\N	\N	\N	\N
407	2020-03-09 11:46:36.828776+00	2020-03-09 11:46:36.828782+00	\N	32	\N	\N	\N	\N
408	2020-03-09 11:46:36.828805+00	2020-03-09 11:46:36.828811+00	\N	33	\N	\N	\N	\N
409	2020-03-09 11:46:36.83833+00	2020-03-09 11:46:36.838346+00	95	\N	\N	\N	\N	\N
410	2020-03-09 11:46:36.83838+00	2020-03-09 11:46:36.838387+00	96	\N	\N	\N	\N	\N
411	2020-03-09 11:46:36.838411+00	2020-03-09 11:46:36.838417+00	97	\N	\N	\N	\N	\N
412	2020-03-09 11:46:36.83844+00	2020-03-09 11:46:36.838446+00	98	\N	\N	\N	\N	\N
413	2020-03-09 11:46:36.838468+00	2020-03-09 11:46:36.838475+00	99	\N	\N	\N	\N	\N
414	2020-03-09 11:46:36.846478+00	2020-03-09 11:46:36.846493+00	100	\N	\N	\N	\N	\N
415	2020-03-09 11:46:36.846526+00	2020-03-09 11:46:36.846533+00	101	\N	\N	\N	\N	\N
416	2020-03-09 11:46:36.846556+00	2020-03-09 11:46:36.846563+00	102	\N	\N	\N	\N	\N
417	2020-03-09 11:46:36.846585+00	2020-03-09 11:46:36.846591+00	103	\N	\N	\N	\N	\N
418	2020-03-09 11:46:36.846613+00	2020-03-09 11:46:36.846619+00	104	\N	\N	\N	\N	\N
419	2020-03-09 11:46:36.856627+00	2020-03-09 11:46:36.856642+00	105	\N	\N	\N	\N	\N
420	2020-03-09 11:46:36.856675+00	2020-03-09 11:46:36.856682+00	106	\N	\N	\N	\N	\N
421	2020-03-09 11:46:36.856706+00	2020-03-09 11:46:36.856713+00	107	\N	\N	\N	\N	\N
422	2020-03-09 11:46:36.856735+00	2020-03-09 11:46:36.856741+00	108	\N	\N	\N	\N	\N
423	2020-03-09 11:46:36.856764+00	2020-03-09 11:46:36.85677+00	109	\N	\N	\N	\N	\N
424	2020-03-09 11:46:36.866767+00	2020-03-09 11:46:36.866782+00	110	\N	\N	\N	\N	\N
425	2020-03-09 11:46:36.866815+00	2020-03-09 11:46:36.866822+00	111	\N	\N	\N	\N	\N
426	2020-03-09 11:46:36.866846+00	2020-03-09 11:46:36.866852+00	112	\N	\N	\N	\N	\N
427	2020-03-09 11:46:36.866874+00	2020-03-09 11:46:36.86688+00	113	\N	\N	\N	\N	\N
428	2020-03-09 11:46:36.866901+00	2020-03-09 11:46:36.866907+00	114	\N	\N	\N	\N	\N
429	2020-03-09 11:46:36.875732+00	2020-03-09 11:46:36.875747+00	\N	34	\N	\N	\N	\N
430	2020-03-09 11:46:36.875782+00	2020-03-09 11:46:36.875789+00	\N	35	\N	\N	\N	\N
431	2020-03-09 11:46:36.875814+00	2020-03-09 11:46:36.87582+00	\N	36	\N	\N	\N	\N
432	2020-03-09 11:46:36.875844+00	2020-03-09 11:46:36.87585+00	\N	37	\N	\N	\N	\N
433	2020-03-09 11:46:36.886917+00	2020-03-09 11:46:36.886932+00	115	\N	\N	\N	\N	\N
434	2020-03-09 11:46:36.886966+00	2020-03-09 11:46:36.886973+00	116	\N	\N	\N	\N	\N
435	2020-03-09 11:46:36.886997+00	2020-03-09 11:46:36.887003+00	117	\N	\N	\N	\N	\N
436	2020-03-09 11:46:36.887026+00	2020-03-09 11:46:36.887032+00	118	\N	\N	\N	\N	\N
437	2020-03-09 11:46:36.887081+00	2020-03-09 11:46:36.887088+00	119	\N	\N	\N	\N	\N
438	2020-03-09 11:46:36.897658+00	2020-03-09 11:46:36.897673+00	120	\N	\N	\N	\N	\N
439	2020-03-09 11:46:36.897707+00	2020-03-09 11:46:36.897714+00	121	\N	\N	\N	\N	\N
440	2020-03-09 11:46:36.897738+00	2020-03-09 11:46:36.897744+00	122	\N	\N	\N	\N	\N
441	2020-03-09 11:46:36.897766+00	2020-03-09 11:46:36.897772+00	123	\N	\N	\N	\N	\N
442	2020-03-09 11:46:36.897794+00	2020-03-09 11:46:36.8978+00	124	\N	\N	\N	\N	\N
443	2020-03-09 11:46:36.909043+00	2020-03-09 11:46:36.909058+00	125	\N	\N	\N	\N	\N
444	2020-03-09 11:46:36.909092+00	2020-03-09 11:46:36.909099+00	126	\N	\N	\N	\N	\N
445	2020-03-09 11:46:36.909122+00	2020-03-09 11:46:36.909128+00	127	\N	\N	\N	\N	\N
446	2020-03-09 11:46:36.90915+00	2020-03-09 11:46:36.909156+00	128	\N	\N	\N	\N	\N
447	2020-03-09 11:46:36.909177+00	2020-03-09 11:46:36.909183+00	129	\N	\N	\N	\N	\N
448	2020-03-09 11:46:36.918968+00	2020-03-09 11:46:36.918982+00	130	\N	\N	\N	\N	\N
449	2020-03-09 11:46:36.919015+00	2020-03-09 11:46:36.919022+00	131	\N	\N	\N	\N	\N
450	2020-03-09 11:46:36.919046+00	2020-03-09 11:46:36.919052+00	132	\N	\N	\N	\N	\N
451	2020-03-09 11:46:36.919074+00	2020-03-09 11:46:36.91908+00	133	\N	\N	\N	\N	\N
452	2020-03-09 11:46:36.919101+00	2020-03-09 11:46:36.919107+00	134	\N	\N	\N	\N	\N
453	2020-03-09 11:46:36.928555+00	2020-03-09 11:46:36.92857+00	\N	38	\N	\N	\N	\N
454	2020-03-09 11:46:36.938779+00	2020-03-09 11:46:36.938794+00	135	\N	\N	\N	\N	\N
455	2020-03-09 11:46:36.938827+00	2020-03-09 11:46:36.938834+00	136	\N	\N	\N	\N	\N
456	2020-03-09 11:46:36.938857+00	2020-03-09 11:46:36.938863+00	137	\N	\N	\N	\N	\N
457	2020-03-09 11:46:36.938885+00	2020-03-09 11:46:36.938891+00	138	\N	\N	\N	\N	\N
\.


--
-- Data for Name: locations_pigletsgroupcell; Type: TABLE DATA; Schema: public; Owner: postgres
--

COPY public.locations_pigletsgroupcell (id, created_at, modified_at, number, section_id, workshop_id) FROM stdin;
1	2020-03-09 11:46:36.631826+00	2020-03-09 11:46:36.631843+00	1	12	4
2	2020-03-09 11:46:36.631881+00	2020-03-09 11:46:36.631888+00	2	12	4
3	2020-03-09 11:46:36.631913+00	2020-03-09 11:46:36.631919+00	3	12	4
4	2020-03-09 11:46:36.631943+00	2020-03-09 11:46:36.63195+00	4	12	4
5	2020-03-09 11:46:36.64314+00	2020-03-09 11:46:36.643154+00	1	13	4
6	2020-03-09 11:46:36.643191+00	2020-03-09 11:46:36.643198+00	2	13	4
7	2020-03-09 11:46:36.643223+00	2020-03-09 11:46:36.64323+00	3	13	4
8	2020-03-09 11:46:36.643253+00	2020-03-09 11:46:36.64326+00	4	13	4
9	2020-03-09 11:46:36.653647+00	2020-03-09 11:46:36.653662+00	1	14	4
10	2020-03-09 11:46:36.653699+00	2020-03-09 11:46:36.653706+00	2	14	4
11	2020-03-09 11:46:36.65373+00	2020-03-09 11:46:36.653736+00	3	14	4
12	2020-03-09 11:46:36.65376+00	2020-03-09 11:46:36.653766+00	4	14	4
13	2020-03-09 11:46:36.663885+00	2020-03-09 11:46:36.6639+00	1	15	4
14	2020-03-09 11:46:36.663937+00	2020-03-09 11:46:36.663944+00	2	15	4
15	2020-03-09 11:46:36.663969+00	2020-03-09 11:46:36.663975+00	3	15	4
16	2020-03-09 11:46:36.663999+00	2020-03-09 11:46:36.664005+00	4	15	4
17	2020-03-09 11:46:36.673674+00	2020-03-09 11:46:36.67369+00	1	16	4
18	2020-03-09 11:46:36.673726+00	2020-03-09 11:46:36.673733+00	2	16	4
19	2020-03-09 11:46:36.673758+00	2020-03-09 11:46:36.673764+00	3	16	4
20	2020-03-09 11:46:36.673788+00	2020-03-09 11:46:36.673795+00	4	16	4
21	2020-03-09 11:46:36.684109+00	2020-03-09 11:46:36.684124+00	1	17	4
22	2020-03-09 11:46:36.684166+00	2020-03-09 11:46:36.684174+00	2	17	4
23	2020-03-09 11:46:36.684199+00	2020-03-09 11:46:36.684205+00	3	17	4
24	2020-03-09 11:46:36.684247+00	2020-03-09 11:46:36.684256+00	4	17	4
25	2020-03-09 11:46:36.694536+00	2020-03-09 11:46:36.69455+00	1	18	4
26	2020-03-09 11:46:36.694587+00	2020-03-09 11:46:36.694594+00	2	18	4
27	2020-03-09 11:46:36.694619+00	2020-03-09 11:46:36.694625+00	3	18	4
28	2020-03-09 11:46:36.694649+00	2020-03-09 11:46:36.694655+00	4	18	4
29	2020-03-09 11:46:36.706239+00	2020-03-09 11:46:36.706256+00	1	19	4
30	2020-03-09 11:46:36.706294+00	2020-03-09 11:46:36.7063+00	2	19	4
31	2020-03-09 11:46:36.706325+00	2020-03-09 11:46:36.706331+00	3	19	4
32	2020-03-09 11:46:36.706355+00	2020-03-09 11:46:36.706361+00	4	19	4
33	2020-03-09 11:46:36.715913+00	2020-03-09 11:46:36.715927+00	1	20	4
34	2020-03-09 11:46:36.715963+00	2020-03-09 11:46:36.71597+00	2	20	4
35	2020-03-09 11:46:36.715995+00	2020-03-09 11:46:36.716001+00	3	20	4
36	2020-03-09 11:46:36.716024+00	2020-03-09 11:46:36.716031+00	4	20	4
37	2020-03-09 11:46:36.725832+00	2020-03-09 11:46:36.725847+00	1	21	4
38	2020-03-09 11:46:36.725884+00	2020-03-09 11:46:36.725891+00	2	21	4
39	2020-03-09 11:46:36.745971+00	2020-03-09 11:46:36.745986+00	1	22	8
40	2020-03-09 11:46:36.746023+00	2020-03-09 11:46:36.74603+00	2	22	8
41	2020-03-09 11:46:36.746055+00	2020-03-09 11:46:36.746061+00	3	22	8
42	2020-03-09 11:46:36.746085+00	2020-03-09 11:46:36.746091+00	4	22	8
43	2020-03-09 11:46:36.746115+00	2020-03-09 11:46:36.746121+00	5	22	8
44	2020-03-09 11:46:36.746145+00	2020-03-09 11:46:36.746151+00	6	22	8
45	2020-03-09 11:46:36.746175+00	2020-03-09 11:46:36.746181+00	7	22	8
46	2020-03-09 11:46:36.746205+00	2020-03-09 11:46:36.746211+00	8	22	8
47	2020-03-09 11:46:36.746235+00	2020-03-09 11:46:36.746241+00	9	22	8
48	2020-03-09 11:46:36.757571+00	2020-03-09 11:46:36.757588+00	1	23	8
49	2020-03-09 11:46:36.757627+00	2020-03-09 11:46:36.757634+00	2	23	8
50	2020-03-09 11:46:36.75766+00	2020-03-09 11:46:36.757666+00	3	23	8
51	2020-03-09 11:46:36.75769+00	2020-03-09 11:46:36.757696+00	4	23	8
52	2020-03-09 11:46:36.75772+00	2020-03-09 11:46:36.757726+00	5	23	8
53	2020-03-09 11:46:36.75775+00	2020-03-09 11:46:36.757757+00	6	23	8
54	2020-03-09 11:46:36.757781+00	2020-03-09 11:46:36.757787+00	7	23	8
55	2020-03-09 11:46:36.757811+00	2020-03-09 11:46:36.757817+00	8	23	8
56	2020-03-09 11:46:36.757857+00	2020-03-09 11:46:36.757864+00	9	23	8
57	2020-03-09 11:46:36.769174+00	2020-03-09 11:46:36.769189+00	1	24	8
58	2020-03-09 11:46:36.769226+00	2020-03-09 11:46:36.769233+00	2	24	8
59	2020-03-09 11:46:36.769257+00	2020-03-09 11:46:36.769264+00	3	24	8
60	2020-03-09 11:46:36.769288+00	2020-03-09 11:46:36.769294+00	4	24	8
61	2020-03-09 11:46:36.769317+00	2020-03-09 11:46:36.769324+00	5	24	8
62	2020-03-09 11:46:36.769347+00	2020-03-09 11:46:36.769354+00	6	24	8
63	2020-03-09 11:46:36.769378+00	2020-03-09 11:46:36.769384+00	7	24	8
64	2020-03-09 11:46:36.769407+00	2020-03-09 11:46:36.769414+00	8	24	8
65	2020-03-09 11:46:36.769437+00	2020-03-09 11:46:36.769443+00	9	24	8
66	2020-03-09 11:46:36.780503+00	2020-03-09 11:46:36.780519+00	1	25	8
67	2020-03-09 11:46:36.780558+00	2020-03-09 11:46:36.780565+00	2	25	8
68	2020-03-09 11:46:36.780591+00	2020-03-09 11:46:36.780597+00	3	25	8
69	2020-03-09 11:46:36.780621+00	2020-03-09 11:46:36.780627+00	4	25	8
70	2020-03-09 11:46:36.780651+00	2020-03-09 11:46:36.780657+00	5	25	8
71	2020-03-09 11:46:36.780681+00	2020-03-09 11:46:36.780687+00	6	25	8
72	2020-03-09 11:46:36.780711+00	2020-03-09 11:46:36.780717+00	7	25	8
73	2020-03-09 11:46:36.780741+00	2020-03-09 11:46:36.780747+00	8	25	8
74	2020-03-09 11:46:36.780771+00	2020-03-09 11:46:36.780777+00	9	25	8
75	2020-03-09 11:46:36.799542+00	2020-03-09 11:46:36.799558+00	1	26	5
76	2020-03-09 11:46:36.799596+00	2020-03-09 11:46:36.799603+00	2	26	5
77	2020-03-09 11:46:36.799629+00	2020-03-09 11:46:36.799635+00	3	26	5
78	2020-03-09 11:46:36.79966+00	2020-03-09 11:46:36.799666+00	4	26	5
79	2020-03-09 11:46:36.79969+00	2020-03-09 11:46:36.799697+00	5	26	5
80	2020-03-09 11:46:36.806712+00	2020-03-09 11:46:36.806728+00	1	27	5
81	2020-03-09 11:46:36.806765+00	2020-03-09 11:46:36.806772+00	2	27	5
82	2020-03-09 11:46:36.806807+00	2020-03-09 11:46:36.806814+00	3	27	5
83	2020-03-09 11:46:36.806844+00	2020-03-09 11:46:36.806851+00	4	27	5
84	2020-03-09 11:46:36.806881+00	2020-03-09 11:46:36.806888+00	5	27	5
85	2020-03-09 11:46:36.813292+00	2020-03-09 11:46:36.813307+00	1	28	5
86	2020-03-09 11:46:36.813342+00	2020-03-09 11:46:36.813349+00	2	28	5
87	2020-03-09 11:46:36.813374+00	2020-03-09 11:46:36.81338+00	3	28	5
88	2020-03-09 11:46:36.813404+00	2020-03-09 11:46:36.81341+00	4	28	5
89	2020-03-09 11:46:36.813434+00	2020-03-09 11:46:36.81344+00	5	28	5
90	2020-03-09 11:46:36.819793+00	2020-03-09 11:46:36.819807+00	1	29	5
91	2020-03-09 11:46:36.819844+00	2020-03-09 11:46:36.819851+00	2	29	5
92	2020-03-09 11:46:36.819875+00	2020-03-09 11:46:36.819882+00	3	29	5
93	2020-03-09 11:46:36.819906+00	2020-03-09 11:46:36.819912+00	4	29	5
94	2020-03-09 11:46:36.819936+00	2020-03-09 11:46:36.819942+00	5	29	5
95	2020-03-09 11:46:36.833299+00	2020-03-09 11:46:36.833315+00	1	30	6
96	2020-03-09 11:46:36.833353+00	2020-03-09 11:46:36.83336+00	2	30	6
97	2020-03-09 11:46:36.833386+00	2020-03-09 11:46:36.833392+00	3	30	6
98	2020-03-09 11:46:36.833416+00	2020-03-09 11:46:36.833423+00	4	30	6
99	2020-03-09 11:46:36.833447+00	2020-03-09 11:46:36.833453+00	5	30	6
100	2020-03-09 11:46:36.843489+00	2020-03-09 11:46:36.843504+00	1	31	6
101	2020-03-09 11:46:36.843541+00	2020-03-09 11:46:36.843548+00	2	31	6
102	2020-03-09 11:46:36.843573+00	2020-03-09 11:46:36.843579+00	3	31	6
103	2020-03-09 11:46:36.843603+00	2020-03-09 11:46:36.843609+00	4	31	6
104	2020-03-09 11:46:36.843633+00	2020-03-09 11:46:36.843639+00	5	31	6
105	2020-03-09 11:46:36.851418+00	2020-03-09 11:46:36.851434+00	1	32	6
106	2020-03-09 11:46:36.85147+00	2020-03-09 11:46:36.851477+00	2	32	6
107	2020-03-09 11:46:36.851502+00	2020-03-09 11:46:36.851508+00	3	32	6
108	2020-03-09 11:46:36.851532+00	2020-03-09 11:46:36.851538+00	4	32	6
109	2020-03-09 11:46:36.851562+00	2020-03-09 11:46:36.851568+00	5	32	6
110	2020-03-09 11:46:36.861631+00	2020-03-09 11:46:36.861646+00	1	33	6
111	2020-03-09 11:46:36.861684+00	2020-03-09 11:46:36.861691+00	2	33	6
112	2020-03-09 11:46:36.861715+00	2020-03-09 11:46:36.861722+00	3	33	6
113	2020-03-09 11:46:36.861747+00	2020-03-09 11:46:36.861753+00	4	33	6
114	2020-03-09 11:46:36.861777+00	2020-03-09 11:46:36.861783+00	5	33	6
115	2020-03-09 11:46:36.881682+00	2020-03-09 11:46:36.881697+00	1	34	7
116	2020-03-09 11:46:36.881734+00	2020-03-09 11:46:36.881741+00	2	34	7
117	2020-03-09 11:46:36.881766+00	2020-03-09 11:46:36.881773+00	3	34	7
118	2020-03-09 11:46:36.881797+00	2020-03-09 11:46:36.881803+00	4	34	7
119	2020-03-09 11:46:36.881861+00	2020-03-09 11:46:36.881869+00	5	34	7
120	2020-03-09 11:46:36.892163+00	2020-03-09 11:46:36.892177+00	1	35	7
121	2020-03-09 11:46:36.892214+00	2020-03-09 11:46:36.892221+00	2	35	7
122	2020-03-09 11:46:36.892282+00	2020-03-09 11:46:36.892291+00	3	35	7
123	2020-03-09 11:46:36.892317+00	2020-03-09 11:46:36.892323+00	4	35	7
124	2020-03-09 11:46:36.892347+00	2020-03-09 11:46:36.892353+00	5	35	7
125	2020-03-09 11:46:36.902822+00	2020-03-09 11:46:36.902837+00	1	36	7
126	2020-03-09 11:46:36.902874+00	2020-03-09 11:46:36.902881+00	2	36	7
127	2020-03-09 11:46:36.902906+00	2020-03-09 11:46:36.902912+00	3	36	7
128	2020-03-09 11:46:36.902936+00	2020-03-09 11:46:36.902942+00	4	36	7
129	2020-03-09 11:46:36.902966+00	2020-03-09 11:46:36.902972+00	5	36	7
130	2020-03-09 11:46:36.913933+00	2020-03-09 11:46:36.913948+00	1	37	7
131	2020-03-09 11:46:36.913985+00	2020-03-09 11:46:36.913992+00	2	37	7
132	2020-03-09 11:46:36.914016+00	2020-03-09 11:46:36.914023+00	3	37	7
133	2020-03-09 11:46:36.914047+00	2020-03-09 11:46:36.914053+00	4	37	7
134	2020-03-09 11:46:36.914076+00	2020-03-09 11:46:36.914082+00	5	37	7
135	2020-03-09 11:46:36.933945+00	2020-03-09 11:46:36.93396+00	1	38	11
136	2020-03-09 11:46:36.933996+00	2020-03-09 11:46:36.934004+00	2	38	11
137	2020-03-09 11:46:36.934029+00	2020-03-09 11:46:36.934035+00	3	38	11
138	2020-03-09 11:46:36.934059+00	2020-03-09 11:46:36.934065+00	4	38	11
\.


--
-- Data for Name: locations_section; Type: TABLE DATA; Schema: public; Owner: postgres
--

COPY public.locations_section (id, created_at, modified_at, name, number, workshop_id) FROM stdin;
1	2020-03-09 11:46:36.440325+00	2020-03-09 11:46:36.44034+00		1	1
2	2020-03-09 11:46:36.440369+00	2020-03-09 11:46:36.440376+00	 	2	1
3	2020-03-09 11:46:36.440396+00	2020-03-09 11:46:36.440402+00	 	3	1
4	2020-03-09 11:46:36.450941+00	2020-03-09 11:46:36.450958+00	 2-1	1	2
5	2020-03-09 11:46:36.45099+00	2020-03-09 11:46:36.450996+00	 2-2	2	2
6	2020-03-09 11:46:36.460503+00	2020-03-09 11:46:36.460519+00	 3-1	1	3
7	2020-03-09 11:46:36.46055+00	2020-03-09 11:46:36.460557+00	 3-2	2	3
8	2020-03-09 11:46:36.460577+00	2020-03-09 11:46:36.460583+00	 3-3	3	3
9	2020-03-09 11:46:36.460603+00	2020-03-09 11:46:36.460609+00	 3-4	4	3
10	2020-03-09 11:46:36.460628+00	2020-03-09 11:46:36.460634+00	 3-5	5	3
11	2020-03-09 11:46:36.460654+00	2020-03-09 11:46:36.46066+00	 3-6	6	3
12	2020-03-09 11:46:36.61945+00	2020-03-09 11:46:36.619466+00	 4-1	1	4
13	2020-03-09 11:46:36.619499+00	2020-03-09 11:46:36.619506+00	 4-2	2	4
14	2020-03-09 11:46:36.619526+00	2020-03-09 11:46:36.619532+00	 4-3	3	4
15	2020-03-09 11:46:36.619551+00	2020-03-09 11:46:36.619558+00	 4-4	4	4
16	2020-03-09 11:46:36.619577+00	2020-03-09 11:46:36.619583+00	 4-5	5	4
17	2020-03-09 11:46:36.619602+00	2020-03-09 11:46:36.619608+00	 4-6	6	4
18	2020-03-09 11:46:36.619627+00	2020-03-09 11:46:36.619633+00	 4-7	7	4
19	2020-03-09 11:46:36.619652+00	2020-03-09 11:46:36.619658+00	 4-8	8	4
20	2020-03-09 11:46:36.619677+00	2020-03-09 11:46:36.619683+00	 4-9	9	4
21	2020-03-09 11:46:36.619702+00	2020-03-09 11:46:36.619708+00	 4-10	10	4
22	2020-03-09 11:46:36.735414+00	2020-03-09 11:46:36.735429+00	 8-1	1	8
23	2020-03-09 11:46:36.735459+00	2020-03-09 11:46:36.735466+00	 8-2	2	8
24	2020-03-09 11:46:36.735486+00	2020-03-09 11:46:36.735492+00	 8-3	3	8
25	2020-03-09 11:46:36.735512+00	2020-03-09 11:46:36.735518+00	 8-4	4	8
26	2020-03-09 11:46:36.792109+00	2020-03-09 11:46:36.792125+00	 5-1	1	5
27	2020-03-09 11:46:36.792158+00	2020-03-09 11:46:36.792165+00	 5-2	2	5
28	2020-03-09 11:46:36.792186+00	2020-03-09 11:46:36.792192+00	 5-3	3	5
29	2020-03-09 11:46:36.792212+00	2020-03-09 11:46:36.792218+00	 5-4	4	5
30	2020-03-09 11:46:36.825636+00	2020-03-09 11:46:36.82565+00	 6-1	1	6
31	2020-03-09 11:46:36.825681+00	2020-03-09 11:46:36.825688+00	 6-2	2	6
32	2020-03-09 11:46:36.825708+00	2020-03-09 11:46:36.825714+00	 6-3	3	6
33	2020-03-09 11:46:36.825734+00	2020-03-09 11:46:36.825739+00	 6-4	4	6
34	2020-03-09 11:46:36.870859+00	2020-03-09 11:46:36.870874+00	 7-1	1	7
35	2020-03-09 11:46:36.870905+00	2020-03-09 11:46:36.870912+00	 7-2	2	7
36	2020-03-09 11:46:36.870932+00	2020-03-09 11:46:36.870939+00	 7-3	3	7
37	2020-03-09 11:46:36.870958+00	2020-03-09 11:46:36.870964+00	 7-4	4	7
38	2020-03-09 11:46:36.923912+00	2020-03-09 11:46:36.923927+00	 11-1	1	11
\.


--
-- Data for Name: locations_sowandpigletscell; Type: TABLE DATA; Schema: public; Owner: postgres
--

COPY public.locations_sowandpigletscell (id, created_at, modified_at, number, section_id, workshop_id) FROM stdin;
1	2020-03-09 11:46:36.471251+00	2020-03-09 11:46:36.471267+00	1	6	3
2	2020-03-09 11:46:36.471305+00	2020-03-09 11:46:36.471312+00	2	6	3
3	2020-03-09 11:46:36.471337+00	2020-03-09 11:46:36.471343+00	3	6	3
4	2020-03-09 11:46:36.471366+00	2020-03-09 11:46:36.471373+00	4	6	3
5	2020-03-09 11:46:36.471396+00	2020-03-09 11:46:36.471402+00	5	6	3
6	2020-03-09 11:46:36.471425+00	2020-03-09 11:46:36.471432+00	6	6	3
7	2020-03-09 11:46:36.471466+00	2020-03-09 11:46:36.471473+00	7	6	3
8	2020-03-09 11:46:36.471497+00	2020-03-09 11:46:36.471503+00	8	6	3
9	2020-03-09 11:46:36.471526+00	2020-03-09 11:46:36.471532+00	9	6	3
10	2020-03-09 11:46:36.471555+00	2020-03-09 11:46:36.471561+00	10	6	3
11	2020-03-09 11:46:36.471585+00	2020-03-09 11:46:36.471591+00	11	6	3
12	2020-03-09 11:46:36.471615+00	2020-03-09 11:46:36.471621+00	12	6	3
13	2020-03-09 11:46:36.471644+00	2020-03-09 11:46:36.47165+00	13	6	3
14	2020-03-09 11:46:36.471673+00	2020-03-09 11:46:36.471679+00	14	6	3
15	2020-03-09 11:46:36.471703+00	2020-03-09 11:46:36.471709+00	15	6	3
16	2020-03-09 11:46:36.471732+00	2020-03-09 11:46:36.471738+00	16	6	3
17	2020-03-09 11:46:36.471762+00	2020-03-09 11:46:36.471768+00	17	6	3
18	2020-03-09 11:46:36.471791+00	2020-03-09 11:46:36.471797+00	18	6	3
19	2020-03-09 11:46:36.47182+00	2020-03-09 11:46:36.471826+00	19	6	3
20	2020-03-09 11:46:36.471849+00	2020-03-09 11:46:36.471855+00	20	6	3
21	2020-03-09 11:46:36.471879+00	2020-03-09 11:46:36.471885+00	21	6	3
22	2020-03-09 11:46:36.471908+00	2020-03-09 11:46:36.471914+00	22	6	3
23	2020-03-09 11:46:36.471938+00	2020-03-09 11:46:36.471944+00	23	6	3
24	2020-03-09 11:46:36.471967+00	2020-03-09 11:46:36.471973+00	24	6	3
25	2020-03-09 11:46:36.471997+00	2020-03-09 11:46:36.472003+00	25	6	3
26	2020-03-09 11:46:36.472026+00	2020-03-09 11:46:36.472032+00	26	6	3
27	2020-03-09 11:46:36.472055+00	2020-03-09 11:46:36.472061+00	27	6	3
28	2020-03-09 11:46:36.472084+00	2020-03-09 11:46:36.47209+00	28	6	3
29	2020-03-09 11:46:36.472114+00	2020-03-09 11:46:36.472119+00	29	6	3
30	2020-03-09 11:46:36.472143+00	2020-03-09 11:46:36.472149+00	30	6	3
31	2020-03-09 11:46:36.472182+00	2020-03-09 11:46:36.472189+00	31	6	3
32	2020-03-09 11:46:36.472213+00	2020-03-09 11:46:36.472219+00	32	6	3
33	2020-03-09 11:46:36.472273+00	2020-03-09 11:46:36.472281+00	33	6	3
34	2020-03-09 11:46:36.472305+00	2020-03-09 11:46:36.472311+00	34	6	3
35	2020-03-09 11:46:36.472334+00	2020-03-09 11:46:36.472341+00	35	6	3
36	2020-03-09 11:46:36.472364+00	2020-03-09 11:46:36.47237+00	36	6	3
37	2020-03-09 11:46:36.472393+00	2020-03-09 11:46:36.472399+00	37	6	3
38	2020-03-09 11:46:36.472422+00	2020-03-09 11:46:36.472429+00	38	6	3
39	2020-03-09 11:46:36.472452+00	2020-03-09 11:46:36.472458+00	39	6	3
40	2020-03-09 11:46:36.472481+00	2020-03-09 11:46:36.472487+00	40	6	3
41	2020-03-09 11:46:36.47251+00	2020-03-09 11:46:36.472516+00	41	6	3
42	2020-03-09 11:46:36.472539+00	2020-03-09 11:46:36.472545+00	42	6	3
43	2020-03-09 11:46:36.472568+00	2020-03-09 11:46:36.472574+00	43	6	3
44	2020-03-09 11:46:36.472597+00	2020-03-09 11:46:36.472603+00	44	6	3
45	2020-03-09 11:46:36.472626+00	2020-03-09 11:46:36.472632+00	45	6	3
46	2020-03-09 11:46:36.492332+00	2020-03-09 11:46:36.492348+00	1	7	3
47	2020-03-09 11:46:36.492387+00	2020-03-09 11:46:36.492393+00	2	7	3
48	2020-03-09 11:46:36.492418+00	2020-03-09 11:46:36.492424+00	3	7	3
49	2020-03-09 11:46:36.492448+00	2020-03-09 11:46:36.492454+00	4	7	3
50	2020-03-09 11:46:36.492477+00	2020-03-09 11:46:36.492483+00	5	7	3
51	2020-03-09 11:46:36.492507+00	2020-03-09 11:46:36.492513+00	6	7	3
52	2020-03-09 11:46:36.492537+00	2020-03-09 11:46:36.492543+00	7	7	3
53	2020-03-09 11:46:36.492566+00	2020-03-09 11:46:36.492573+00	8	7	3
54	2020-03-09 11:46:36.492596+00	2020-03-09 11:46:36.492602+00	9	7	3
55	2020-03-09 11:46:36.492625+00	2020-03-09 11:46:36.492631+00	10	7	3
56	2020-03-09 11:46:36.492655+00	2020-03-09 11:46:36.492661+00	11	7	3
57	2020-03-09 11:46:36.492685+00	2020-03-09 11:46:36.492691+00	12	7	3
58	2020-03-09 11:46:36.492714+00	2020-03-09 11:46:36.49272+00	13	7	3
59	2020-03-09 11:46:36.492744+00	2020-03-09 11:46:36.49275+00	14	7	3
60	2020-03-09 11:46:36.492785+00	2020-03-09 11:46:36.492793+00	15	7	3
61	2020-03-09 11:46:36.492817+00	2020-03-09 11:46:36.492823+00	16	7	3
62	2020-03-09 11:46:36.492846+00	2020-03-09 11:46:36.492852+00	17	7	3
63	2020-03-09 11:46:36.492876+00	2020-03-09 11:46:36.492882+00	18	7	3
64	2020-03-09 11:46:36.492905+00	2020-03-09 11:46:36.492912+00	19	7	3
65	2020-03-09 11:46:36.492935+00	2020-03-09 11:46:36.492941+00	20	7	3
66	2020-03-09 11:46:36.492964+00	2020-03-09 11:46:36.49297+00	21	7	3
67	2020-03-09 11:46:36.492993+00	2020-03-09 11:46:36.492999+00	22	7	3
68	2020-03-09 11:46:36.493022+00	2020-03-09 11:46:36.493028+00	23	7	3
69	2020-03-09 11:46:36.493052+00	2020-03-09 11:46:36.493058+00	24	7	3
70	2020-03-09 11:46:36.493081+00	2020-03-09 11:46:36.493087+00	25	7	3
71	2020-03-09 11:46:36.49311+00	2020-03-09 11:46:36.493116+00	26	7	3
72	2020-03-09 11:46:36.493139+00	2020-03-09 11:46:36.493145+00	27	7	3
73	2020-03-09 11:46:36.493168+00	2020-03-09 11:46:36.493174+00	28	7	3
74	2020-03-09 11:46:36.493198+00	2020-03-09 11:46:36.493204+00	29	7	3
75	2020-03-09 11:46:36.493227+00	2020-03-09 11:46:36.493233+00	30	7	3
76	2020-03-09 11:46:36.493256+00	2020-03-09 11:46:36.493262+00	31	7	3
77	2020-03-09 11:46:36.493285+00	2020-03-09 11:46:36.493292+00	32	7	3
78	2020-03-09 11:46:36.493315+00	2020-03-09 11:46:36.493328+00	33	7	3
79	2020-03-09 11:46:36.493354+00	2020-03-09 11:46:36.493361+00	34	7	3
80	2020-03-09 11:46:36.493384+00	2020-03-09 11:46:36.49339+00	35	7	3
81	2020-03-09 11:46:36.493413+00	2020-03-09 11:46:36.493419+00	36	7	3
82	2020-03-09 11:46:36.493443+00	2020-03-09 11:46:36.493449+00	37	7	3
83	2020-03-09 11:46:36.493473+00	2020-03-09 11:46:36.493479+00	38	7	3
84	2020-03-09 11:46:36.493511+00	2020-03-09 11:46:36.493518+00	39	7	3
85	2020-03-09 11:46:36.493542+00	2020-03-09 11:46:36.493548+00	40	7	3
86	2020-03-09 11:46:36.493572+00	2020-03-09 11:46:36.493577+00	41	7	3
87	2020-03-09 11:46:36.493601+00	2020-03-09 11:46:36.493607+00	42	7	3
88	2020-03-09 11:46:36.49363+00	2020-03-09 11:46:36.493636+00	43	7	3
89	2020-03-09 11:46:36.493659+00	2020-03-09 11:46:36.493665+00	44	7	3
90	2020-03-09 11:46:36.493689+00	2020-03-09 11:46:36.493695+00	45	7	3
91	2020-03-09 11:46:36.512091+00	2020-03-09 11:46:36.512106+00	1	8	3
92	2020-03-09 11:46:36.512146+00	2020-03-09 11:46:36.512153+00	2	8	3
93	2020-03-09 11:46:36.512178+00	2020-03-09 11:46:36.512184+00	3	8	3
94	2020-03-09 11:46:36.512208+00	2020-03-09 11:46:36.512214+00	4	8	3
95	2020-03-09 11:46:36.51226+00	2020-03-09 11:46:36.512269+00	5	8	3
96	2020-03-09 11:46:36.512293+00	2020-03-09 11:46:36.5123+00	6	8	3
97	2020-03-09 11:46:36.512323+00	2020-03-09 11:46:36.512329+00	7	8	3
98	2020-03-09 11:46:36.512353+00	2020-03-09 11:46:36.512359+00	8	8	3
99	2020-03-09 11:46:36.512383+00	2020-03-09 11:46:36.512389+00	9	8	3
100	2020-03-09 11:46:36.512425+00	2020-03-09 11:46:36.512432+00	10	8	3
101	2020-03-09 11:46:36.512457+00	2020-03-09 11:46:36.512463+00	11	8	3
102	2020-03-09 11:46:36.512487+00	2020-03-09 11:46:36.512493+00	12	8	3
103	2020-03-09 11:46:36.512516+00	2020-03-09 11:46:36.512522+00	13	8	3
104	2020-03-09 11:46:36.512546+00	2020-03-09 11:46:36.512552+00	14	8	3
105	2020-03-09 11:46:36.512575+00	2020-03-09 11:46:36.512581+00	15	8	3
106	2020-03-09 11:46:36.512605+00	2020-03-09 11:46:36.512611+00	16	8	3
107	2020-03-09 11:46:36.512634+00	2020-03-09 11:46:36.51264+00	17	8	3
108	2020-03-09 11:46:36.512664+00	2020-03-09 11:46:36.51267+00	18	8	3
109	2020-03-09 11:46:36.512693+00	2020-03-09 11:46:36.512699+00	19	8	3
110	2020-03-09 11:46:36.512723+00	2020-03-09 11:46:36.512729+00	20	8	3
111	2020-03-09 11:46:36.512753+00	2020-03-09 11:46:36.512759+00	21	8	3
112	2020-03-09 11:46:36.512783+00	2020-03-09 11:46:36.512789+00	22	8	3
113	2020-03-09 11:46:36.512812+00	2020-03-09 11:46:36.512818+00	23	8	3
114	2020-03-09 11:46:36.512842+00	2020-03-09 11:46:36.512848+00	24	8	3
115	2020-03-09 11:46:36.512872+00	2020-03-09 11:46:36.512878+00	25	8	3
116	2020-03-09 11:46:36.512902+00	2020-03-09 11:46:36.512908+00	26	8	3
117	2020-03-09 11:46:36.512931+00	2020-03-09 11:46:36.512937+00	27	8	3
118	2020-03-09 11:46:36.512961+00	2020-03-09 11:46:36.512967+00	28	8	3
119	2020-03-09 11:46:36.512991+00	2020-03-09 11:46:36.512997+00	29	8	3
120	2020-03-09 11:46:36.51302+00	2020-03-09 11:46:36.513026+00	30	8	3
121	2020-03-09 11:46:36.51305+00	2020-03-09 11:46:36.513056+00	31	8	3
122	2020-03-09 11:46:36.513094+00	2020-03-09 11:46:36.5131+00	32	8	3
123	2020-03-09 11:46:36.513137+00	2020-03-09 11:46:36.513143+00	33	8	3
124	2020-03-09 11:46:36.513176+00	2020-03-09 11:46:36.513183+00	34	8	3
125	2020-03-09 11:46:36.513207+00	2020-03-09 11:46:36.513213+00	35	8	3
126	2020-03-09 11:46:36.513236+00	2020-03-09 11:46:36.513242+00	36	8	3
127	2020-03-09 11:46:36.513266+00	2020-03-09 11:46:36.513272+00	37	8	3
128	2020-03-09 11:46:36.513295+00	2020-03-09 11:46:36.513301+00	38	8	3
129	2020-03-09 11:46:36.513325+00	2020-03-09 11:46:36.513331+00	39	8	3
130	2020-03-09 11:46:36.513354+00	2020-03-09 11:46:36.51336+00	40	8	3
131	2020-03-09 11:46:36.513384+00	2020-03-09 11:46:36.51339+00	41	8	3
132	2020-03-09 11:46:36.513413+00	2020-03-09 11:46:36.513419+00	42	8	3
133	2020-03-09 11:46:36.513442+00	2020-03-09 11:46:36.513448+00	43	8	3
134	2020-03-09 11:46:36.513472+00	2020-03-09 11:46:36.513484+00	44	8	3
135	2020-03-09 11:46:36.513511+00	2020-03-09 11:46:36.513517+00	45	8	3
136	2020-03-09 11:46:36.531806+00	2020-03-09 11:46:36.531824+00	1	9	3
137	2020-03-09 11:46:36.531866+00	2020-03-09 11:46:36.531873+00	2	9	3
138	2020-03-09 11:46:36.531899+00	2020-03-09 11:46:36.531905+00	3	9	3
139	2020-03-09 11:46:36.531929+00	2020-03-09 11:46:36.531935+00	4	9	3
140	2020-03-09 11:46:36.531977+00	2020-03-09 11:46:36.531985+00	5	9	3
141	2020-03-09 11:46:36.532011+00	2020-03-09 11:46:36.532018+00	6	9	3
142	2020-03-09 11:46:36.532042+00	2020-03-09 11:46:36.532048+00	7	9	3
143	2020-03-09 11:46:36.532071+00	2020-03-09 11:46:36.532077+00	8	9	3
144	2020-03-09 11:46:36.532101+00	2020-03-09 11:46:36.532107+00	9	9	3
145	2020-03-09 11:46:36.53213+00	2020-03-09 11:46:36.532137+00	10	9	3
146	2020-03-09 11:46:36.53216+00	2020-03-09 11:46:36.532166+00	11	9	3
147	2020-03-09 11:46:36.53219+00	2020-03-09 11:46:36.532196+00	12	9	3
148	2020-03-09 11:46:36.532219+00	2020-03-09 11:46:36.532247+00	13	9	3
149	2020-03-09 11:46:36.532282+00	2020-03-09 11:46:36.532288+00	14	9	3
150	2020-03-09 11:46:36.532312+00	2020-03-09 11:46:36.532318+00	15	9	3
151	2020-03-09 11:46:36.532341+00	2020-03-09 11:46:36.532347+00	16	9	3
152	2020-03-09 11:46:36.532371+00	2020-03-09 11:46:36.532377+00	17	9	3
153	2020-03-09 11:46:36.532401+00	2020-03-09 11:46:36.532407+00	18	9	3
154	2020-03-09 11:46:36.53243+00	2020-03-09 11:46:36.532436+00	19	9	3
155	2020-03-09 11:46:36.53246+00	2020-03-09 11:46:36.532466+00	20	9	3
156	2020-03-09 11:46:36.53249+00	2020-03-09 11:46:36.532496+00	21	9	3
157	2020-03-09 11:46:36.532519+00	2020-03-09 11:46:36.532526+00	22	9	3
158	2020-03-09 11:46:36.532549+00	2020-03-09 11:46:36.532555+00	23	9	3
159	2020-03-09 11:46:36.532579+00	2020-03-09 11:46:36.532585+00	24	9	3
160	2020-03-09 11:46:36.532608+00	2020-03-09 11:46:36.532615+00	25	9	3
161	2020-03-09 11:46:36.532638+00	2020-03-09 11:46:36.532644+00	26	9	3
162	2020-03-09 11:46:36.532668+00	2020-03-09 11:46:36.532674+00	27	9	3
163	2020-03-09 11:46:36.532698+00	2020-03-09 11:46:36.532704+00	28	9	3
164	2020-03-09 11:46:36.532738+00	2020-03-09 11:46:36.532745+00	29	9	3
165	2020-03-09 11:46:36.53277+00	2020-03-09 11:46:36.532776+00	30	9	3
166	2020-03-09 11:46:36.5328+00	2020-03-09 11:46:36.532806+00	31	9	3
167	2020-03-09 11:46:36.53283+00	2020-03-09 11:46:36.532836+00	32	9	3
168	2020-03-09 11:46:36.53286+00	2020-03-09 11:46:36.532866+00	33	9	3
169	2020-03-09 11:46:36.53289+00	2020-03-09 11:46:36.532896+00	34	9	3
170	2020-03-09 11:46:36.532919+00	2020-03-09 11:46:36.532926+00	35	9	3
171	2020-03-09 11:46:36.53295+00	2020-03-09 11:46:36.532956+00	36	9	3
172	2020-03-09 11:46:36.53298+00	2020-03-09 11:46:36.532986+00	37	9	3
173	2020-03-09 11:46:36.53301+00	2020-03-09 11:46:36.533016+00	38	9	3
174	2020-03-09 11:46:36.533039+00	2020-03-09 11:46:36.533045+00	39	9	3
175	2020-03-09 11:46:36.533069+00	2020-03-09 11:46:36.533075+00	40	9	3
176	2020-03-09 11:46:36.533098+00	2020-03-09 11:46:36.533104+00	41	9	3
177	2020-03-09 11:46:36.533128+00	2020-03-09 11:46:36.533134+00	42	9	3
178	2020-03-09 11:46:36.533158+00	2020-03-09 11:46:36.533164+00	43	9	3
179	2020-03-09 11:46:36.533187+00	2020-03-09 11:46:36.533194+00	44	9	3
180	2020-03-09 11:46:36.533217+00	2020-03-09 11:46:36.533223+00	45	9	3
181	2020-03-09 11:46:36.552281+00	2020-03-09 11:46:36.552317+00	1	10	3
182	2020-03-09 11:46:36.552362+00	2020-03-09 11:46:36.552369+00	2	10	3
183	2020-03-09 11:46:36.552394+00	2020-03-09 11:46:36.552401+00	3	10	3
184	2020-03-09 11:46:36.552424+00	2020-03-09 11:46:36.552431+00	4	10	3
185	2020-03-09 11:46:36.552454+00	2020-03-09 11:46:36.55246+00	5	10	3
186	2020-03-09 11:46:36.552492+00	2020-03-09 11:46:36.552499+00	6	10	3
187	2020-03-09 11:46:36.552527+00	2020-03-09 11:46:36.552533+00	7	10	3
188	2020-03-09 11:46:36.552557+00	2020-03-09 11:46:36.552563+00	8	10	3
189	2020-03-09 11:46:36.552586+00	2020-03-09 11:46:36.552593+00	9	10	3
190	2020-03-09 11:46:36.552616+00	2020-03-09 11:46:36.552622+00	10	10	3
191	2020-03-09 11:46:36.552646+00	2020-03-09 11:46:36.552652+00	11	10	3
192	2020-03-09 11:46:36.552676+00	2020-03-09 11:46:36.552682+00	12	10	3
193	2020-03-09 11:46:36.552705+00	2020-03-09 11:46:36.552711+00	13	10	3
194	2020-03-09 11:46:36.552735+00	2020-03-09 11:46:36.552741+00	14	10	3
195	2020-03-09 11:46:36.552764+00	2020-03-09 11:46:36.552771+00	15	10	3
196	2020-03-09 11:46:36.552805+00	2020-03-09 11:46:36.552812+00	16	10	3
197	2020-03-09 11:46:36.552836+00	2020-03-09 11:46:36.552842+00	17	10	3
198	2020-03-09 11:46:36.552865+00	2020-03-09 11:46:36.552871+00	18	10	3
199	2020-03-09 11:46:36.552895+00	2020-03-09 11:46:36.552901+00	19	10	3
200	2020-03-09 11:46:36.552925+00	2020-03-09 11:46:36.552931+00	20	10	3
201	2020-03-09 11:46:36.552955+00	2020-03-09 11:46:36.552961+00	21	10	3
202	2020-03-09 11:46:36.552985+00	2020-03-09 11:46:36.552991+00	22	10	3
203	2020-03-09 11:46:36.553014+00	2020-03-09 11:46:36.553021+00	23	10	3
204	2020-03-09 11:46:36.553045+00	2020-03-09 11:46:36.553051+00	24	10	3
205	2020-03-09 11:46:36.553083+00	2020-03-09 11:46:36.55309+00	25	10	3
206	2020-03-09 11:46:36.553114+00	2020-03-09 11:46:36.55312+00	26	10	3
207	2020-03-09 11:46:36.553144+00	2020-03-09 11:46:36.55315+00	27	10	3
208	2020-03-09 11:46:36.553173+00	2020-03-09 11:46:36.55318+00	28	10	3
209	2020-03-09 11:46:36.553203+00	2020-03-09 11:46:36.553209+00	29	10	3
210	2020-03-09 11:46:36.553233+00	2020-03-09 11:46:36.553239+00	30	10	3
211	2020-03-09 11:46:36.553262+00	2020-03-09 11:46:36.553268+00	31	10	3
212	2020-03-09 11:46:36.553292+00	2020-03-09 11:46:36.553298+00	32	10	3
213	2020-03-09 11:46:36.553321+00	2020-03-09 11:46:36.553327+00	33	10	3
214	2020-03-09 11:46:36.55335+00	2020-03-09 11:46:36.553357+00	34	10	3
215	2020-03-09 11:46:36.55338+00	2020-03-09 11:46:36.553386+00	35	10	3
216	2020-03-09 11:46:36.55341+00	2020-03-09 11:46:36.553416+00	36	10	3
217	2020-03-09 11:46:36.55344+00	2020-03-09 11:46:36.553446+00	37	10	3
218	2020-03-09 11:46:36.553469+00	2020-03-09 11:46:36.553475+00	38	10	3
219	2020-03-09 11:46:36.553499+00	2020-03-09 11:46:36.553505+00	39	10	3
220	2020-03-09 11:46:36.553528+00	2020-03-09 11:46:36.553534+00	40	10	3
221	2020-03-09 11:46:36.553558+00	2020-03-09 11:46:36.553564+00	41	10	3
222	2020-03-09 11:46:36.553587+00	2020-03-09 11:46:36.553593+00	42	10	3
223	2020-03-09 11:46:36.553617+00	2020-03-09 11:46:36.553623+00	43	10	3
224	2020-03-09 11:46:36.553647+00	2020-03-09 11:46:36.553653+00	44	10	3
225	2020-03-09 11:46:36.553676+00	2020-03-09 11:46:36.553683+00	45	10	3
226	2020-03-09 11:46:36.57315+00	2020-03-09 11:46:36.573168+00	1	11	3
227	2020-03-09 11:46:36.573212+00	2020-03-09 11:46:36.573219+00	2	11	3
228	2020-03-09 11:46:36.573244+00	2020-03-09 11:46:36.57325+00	3	11	3
229	2020-03-09 11:46:36.573274+00	2020-03-09 11:46:36.57328+00	4	11	3
230	2020-03-09 11:46:36.573304+00	2020-03-09 11:46:36.57331+00	5	11	3
231	2020-03-09 11:46:36.573333+00	2020-03-09 11:46:36.573339+00	6	11	3
232	2020-03-09 11:46:36.573363+00	2020-03-09 11:46:36.573369+00	7	11	3
233	2020-03-09 11:46:36.573392+00	2020-03-09 11:46:36.573398+00	8	11	3
234	2020-03-09 11:46:36.573422+00	2020-03-09 11:46:36.573428+00	9	11	3
235	2020-03-09 11:46:36.573451+00	2020-03-09 11:46:36.573457+00	10	11	3
236	2020-03-09 11:46:36.573481+00	2020-03-09 11:46:36.573487+00	11	11	3
237	2020-03-09 11:46:36.573511+00	2020-03-09 11:46:36.573517+00	12	11	3
238	2020-03-09 11:46:36.573541+00	2020-03-09 11:46:36.573547+00	13	11	3
239	2020-03-09 11:46:36.57357+00	2020-03-09 11:46:36.573576+00	14	11	3
240	2020-03-09 11:46:36.5736+00	2020-03-09 11:46:36.573606+00	15	11	3
241	2020-03-09 11:46:36.573629+00	2020-03-09 11:46:36.573636+00	16	11	3
242	2020-03-09 11:46:36.573659+00	2020-03-09 11:46:36.573665+00	17	11	3
243	2020-03-09 11:46:36.573688+00	2020-03-09 11:46:36.573694+00	18	11	3
244	2020-03-09 11:46:36.573718+00	2020-03-09 11:46:36.573724+00	19	11	3
245	2020-03-09 11:46:36.573747+00	2020-03-09 11:46:36.573753+00	20	11	3
246	2020-03-09 11:46:36.573777+00	2020-03-09 11:46:36.573783+00	21	11	3
247	2020-03-09 11:46:36.573806+00	2020-03-09 11:46:36.573812+00	22	11	3
248	2020-03-09 11:46:36.57385+00	2020-03-09 11:46:36.573857+00	23	11	3
249	2020-03-09 11:46:36.573881+00	2020-03-09 11:46:36.573887+00	24	11	3
250	2020-03-09 11:46:36.57391+00	2020-03-09 11:46:36.573916+00	25	11	3
251	2020-03-09 11:46:36.57394+00	2020-03-09 11:46:36.573946+00	26	11	3
252	2020-03-09 11:46:36.573969+00	2020-03-09 11:46:36.573975+00	27	11	3
253	2020-03-09 11:46:36.573999+00	2020-03-09 11:46:36.574005+00	28	11	3
254	2020-03-09 11:46:36.574028+00	2020-03-09 11:46:36.574034+00	29	11	3
255	2020-03-09 11:46:36.574057+00	2020-03-09 11:46:36.574064+00	30	11	3
256	2020-03-09 11:46:36.574087+00	2020-03-09 11:46:36.574093+00	31	11	3
257	2020-03-09 11:46:36.574116+00	2020-03-09 11:46:36.574122+00	32	11	3
258	2020-03-09 11:46:36.574146+00	2020-03-09 11:46:36.574152+00	33	11	3
259	2020-03-09 11:46:36.574175+00	2020-03-09 11:46:36.574181+00	34	11	3
260	2020-03-09 11:46:36.574205+00	2020-03-09 11:46:36.574211+00	35	11	3
261	2020-03-09 11:46:36.574234+00	2020-03-09 11:46:36.57424+00	36	11	3
262	2020-03-09 11:46:36.574264+00	2020-03-09 11:46:36.57427+00	37	11	3
263	2020-03-09 11:46:36.574294+00	2020-03-09 11:46:36.5743+00	38	11	3
264	2020-03-09 11:46:36.574323+00	2020-03-09 11:46:36.574329+00	39	11	3
265	2020-03-09 11:46:36.574353+00	2020-03-09 11:46:36.574359+00	40	11	3
266	2020-03-09 11:46:36.574382+00	2020-03-09 11:46:36.574388+00	41	11	3
267	2020-03-09 11:46:36.574411+00	2020-03-09 11:46:36.574417+00	42	11	3
268	2020-03-09 11:46:36.574441+00	2020-03-09 11:46:36.574447+00	43	11	3
269	2020-03-09 11:46:36.57447+00	2020-03-09 11:46:36.574476+00	44	11	3
270	2020-03-09 11:46:36.5745+00	2020-03-09 11:46:36.574506+00	45	11	3
\.


--
-- Data for Name: locations_sowgroupcell; Type: TABLE DATA; Schema: public; Owner: postgres
--

COPY public.locations_sowgroupcell (id, created_at, modified_at, number, sows_quantity, section_id, workshop_id) FROM stdin;
\.


--
-- Data for Name: locations_sowgroupcell_sows; Type: TABLE DATA; Schema: public; Owner: postgres
--

COPY public.locations_sowgroupcell_sows (id, sowgroupcell_id, sow_id) FROM stdin;
\.


--
-- Data for Name: locations_sowsinglecell; Type: TABLE DATA; Schema: public; Owner: postgres
--

COPY public.locations_sowsinglecell (id, created_at, modified_at, number, section_id, workshop_id) FROM stdin;
\.


--
-- Data for Name: locations_workshop; Type: TABLE DATA; Schema: public; Owner: postgres
--

COPY public.locations_workshop (id, created_at, modified_at, number, title) FROM stdin;
1	2020-03-09 11:46:36.428564+00	2020-03-09 11:46:36.428588+00	1	 1 
2	2020-03-09 11:46:36.428619+00	2020-03-09 11:46:36.428627+00	2	 2  
3	2020-03-09 11:46:36.42864+00	2020-03-09 11:46:36.428646+00	3	 3 
4	2020-03-09 11:46:36.428657+00	2020-03-09 11:46:36.428663+00	4	 4  4
5	2020-03-09 11:46:36.428675+00	2020-03-09 11:46:36.428681+00	5	 5  5
6	2020-03-09 11:46:36.428692+00	2020-03-09 11:46:36.428698+00	6	 6  6
7	2020-03-09 11:46:36.42871+00	2020-03-09 11:46:36.428716+00	7	 7  7
8	2020-03-09 11:46:36.428727+00	2020-03-09 11:46:36.428733+00	8	 8  8
9	2020-03-09 11:46:36.428745+00	2020-03-09 11:46:36.42875+00	9	 9  
10	2020-03-09 11:46:36.428762+00	2020-03-09 11:46:36.428768+00	10	 10 
11	2020-03-09 11:46:36.42878+00	2020-03-09 11:46:36.428785+00	11	 7-5 
\.


--
-- Data for Name: piglets_events_cullingpiglets; Type: TABLE DATA; Schema: public; Owner: postgres
--

COPY public.piglets_events_cullingpiglets (id, created_at, modified_at, date, culling_type, reason, is_it_gilt, initiator_id, piglets_group_id, quantity, total_weight, location_id) FROM stdin;
141	2020-04-02 06:55:48.252441+00	2020-04-16 07:15:28.539857+00	2020-03-31 16:00:00+00	padej		f	18	309	2	0	7
142	2020-04-02 06:56:31.87225+00	2020-04-16 07:15:28.546472+00	2020-03-31 16:00:00+00	vinuzhd	 	f	17	293	3	0	6
143	2020-04-02 06:56:35.060037+00	2020-04-16 07:15:28.554184+00	2020-03-31 16:00:00+00	padej		f	16	284	1	0	5
144	2020-04-02 06:56:42.823903+00	2020-04-16 07:15:28.565047+00	2020-03-31 16:00:00+00	padej		f	18	315	3	0	7
145	2020-04-02 06:57:45.385574+00	2020-04-16 07:15:28.574414+00	\N	spec	 	f	17	293	100	11270	6
147	2020-04-02 06:59:17.077127+00	2020-04-16 07:15:28.588141+00	2020-03-31 16:00:00+00	padej		f	18	321	1	0	7
148	2020-04-02 06:59:58.488227+00	2020-04-16 07:15:28.596087+00	2020-03-31 16:00:00+00	padej		f	18	324	1	0	7
149	2020-04-02 07:00:10.818767+00	2020-04-16 07:15:28.601392+00	\N	spec	 	f	17	294	2	220.800000000000011	6
150	2020-04-02 07:01:03.384037+00	2020-04-16 07:15:28.610271+00	2020-03-31 16:00:00+00	padej		f	20	246	2	0	8
151	2020-04-02 07:01:10.445802+00	2020-04-16 07:15:28.618655+00	\N	vinuzhd	 	f	17	295	1	70	6
152	2020-04-02 07:02:36.704111+00	2020-04-16 07:15:28.628549+00	2020-03-31 16:00:00+00	padej		f	15	213	1	0	4
153	2020-04-02 07:02:47.180269+00	2020-04-16 07:15:28.636046+00	2020-03-31 16:00:00+00	padej		f	20	247	2	0	8
154	2020-04-02 07:03:20.678778+00	2020-04-16 07:15:28.643579+00	\N	padej		f	20	248	1	0	8
155	2020-04-02 07:03:22.507864+00	2020-04-16 07:15:28.653214+00	2020-03-31 16:00:00+00	padej		f	15	214	1	0	4
157	2020-04-02 07:04:13.312932+00	2020-04-16 07:15:28.668468+00	2020-03-31 16:00:00+00	vinuzhd		f	18	309	2	100	7
158	2020-04-02 07:04:26.803585+00	2020-04-16 07:15:28.674759+00	2020-03-31 16:00:00+00	vinuzhd		f	20	248	1	0	8
159	2020-04-02 07:04:29.758246+00	2020-04-16 07:15:28.680517+00	2020-03-31 16:00:00+00	padej		f	15	216	1	0	4
160	2020-04-02 07:04:40.90291+00	2020-04-16 07:15:28.685904+00	2020-03-31 16:00:00+00	padej		f	15	221	3	0	4
161	2020-04-02 07:04:51.084739+00	2020-04-16 07:15:28.691542+00	\N	padej		f	20	249	1	0	8
162	2020-04-02 07:04:57.607429+00	2020-04-16 07:15:28.698615+00	2020-03-31 16:00:00+00	vinuzhd		f	18	310	3	150	7
163	2020-04-02 07:05:32.900379+00	2020-04-16 07:15:28.705351+00	2020-03-31 16:00:00+00	vinuzhd		f	18	311	2	100	7
164	2020-04-02 07:06:26.13906+00	2020-04-16 07:15:28.714538+00	2020-03-31 16:00:00+00	vinuzhd		f	18	312	2	100	7
165	2020-04-02 07:06:51.866189+00	2020-04-16 07:15:28.720049+00	\N	padej		f	20	259	1	0	8
167	2020-04-02 07:07:40.640434+00	2020-04-16 07:15:28.735525+00	2020-03-31 16:00:00+00	padej		f	17	297	1	0	6
168	2020-04-02 07:07:48.795881+00	2020-04-16 07:15:28.743236+00	2020-03-31 16:00:00+00	padej		f	15	222	1	0	4
169	2020-04-02 07:07:51.994455+00	2020-04-16 07:15:28.751406+00	\N	padej		f	20	264	1	0	8
170	2020-04-02 07:08:19.042309+00	2020-04-16 07:15:28.759166+00	2020-03-31 16:00:00+00	prirezka		f	15	222	1	0	4
171	2020-04-02 07:08:47.117584+00	2020-04-16 07:15:28.764883+00	2020-03-31 16:00:00+00	padej		f	15	223	4	0	4
172	2020-04-02 07:08:48.597324+00	2020-04-16 07:15:28.773638+00	2020-03-31 16:00:00+00	vinuzhd		f	18	321	1	60	7
173	2020-04-02 07:09:09.631612+00	2020-04-16 07:15:28.781216+00	\N	spec		f	20	265	1	0	8
174	2020-04-02 07:09:13.64403+00	2020-04-16 07:15:28.788908+00	2020-03-31 16:00:00+00	prirezka		f	15	223	1	0	4
176	2020-04-02 07:09:35.679062+00	2020-04-16 07:15:28.804876+00	2020-03-31 16:00:00+00	padej		f	15	224	5	0	4
177	2020-04-02 07:09:48.092942+00	2020-04-16 07:15:28.813062+00	\N	padej		f	20	266	1	0	8
178	2020-04-02 07:09:59.003028+00	2020-04-16 07:15:28.822018+00	2020-03-31 16:00:00+00	prirezka		f	15	224	1	0	4
179	2020-04-02 07:10:24.961916+00	2020-04-16 07:15:28.828255+00	2020-03-31 16:00:00+00	padej		f	15	225	1	0	4
180	2020-04-02 07:10:39.822044+00	2020-04-16 07:15:28.83368+00	2020-03-31 16:00:00+00	vinuzhd		f	18	323	1	60	7
181	2020-04-02 07:10:40.323424+00	2020-04-16 07:15:28.840439+00	2020-03-31 16:00:00+00	padej		f	20	267	1	0	8
182	2020-04-02 07:10:42.094436+00	2020-04-16 07:15:28.847667+00	2020-03-31 16:00:00+00	padej		f	17	299	1	0	6
183	2020-04-02 07:10:47.59828+00	2020-04-16 07:15:28.856619+00	2020-03-31 16:00:00+00	padej		f	15	226	1	0	4
184	2020-04-02 07:11:10.215441+00	2020-04-16 07:15:28.865315+00	2020-03-31 16:00:00+00	padej		f	15	227	1	0	4
186	2020-04-02 07:11:38.947839+00	2020-04-16 07:15:28.885056+00	2020-03-31 16:00:00+00	padej		f	15	229	2	0	4
187	2020-04-02 07:12:02.878693+00	2020-04-16 07:15:28.894521+00	2020-03-31 16:00:00+00	padej		f	15	230	2	0	4
188	2020-04-02 07:12:06.310702+00	2020-04-16 07:15:28.900172+00	2020-03-31 16:00:00+00	padej		f	20	271	1	0	8
189	2020-04-02 07:12:17.306452+00	2020-04-16 07:15:28.908413+00	2020-03-31 16:00:00+00	padej		f	15	231	1	0	4
190	2020-04-02 07:12:19.620568+00	2020-04-16 07:15:28.916914+00	2020-03-31 16:00:00+00	vinuzhd	 	f	17	304	2	70	6
191	2020-04-02 07:12:31.742825+00	2020-04-16 07:15:28.925088+00	2020-03-31 16:00:00+00	padej		f	15	232	1	0	4
192	2020-04-02 07:12:45.425156+00	2020-04-16 07:15:28.930925+00	2020-03-31 16:00:00+00	padej		f	20	270	4	0	8
193	2020-04-02 07:12:47.167808+00	2020-04-16 07:15:28.938228+00	2020-03-31 16:00:00+00	prirezka		f	15	232	1	0	4
194	2020-04-02 07:13:02.247309+00	2020-04-16 07:15:28.943972+00	2020-03-31 16:00:00+00	vinuzhd		f	18	324	1	60	7
196	2020-04-02 07:13:06.572611+00	2020-04-16 07:15:28.963395+00	2020-03-31 16:00:00+00	padej		f	17	305	1	0	6
197	2020-04-02 07:13:27.31358+00	2020-04-16 07:15:28.97414+00	2020-03-31 16:00:00+00	padej		f	20	271	3	0	8
198	2020-04-02 07:13:29.844373+00	2020-04-16 07:15:28.982144+00	2020-03-31 16:00:00+00	padej		f	15	233	3	0	4
199	2020-04-02 07:13:45.747696+00	2020-04-16 07:15:28.990873+00	2020-03-31 16:00:00+00	padej		f	15	234	4	0	4
200	2020-04-02 07:14:01.6497+00	2020-04-16 07:15:28.999344+00	2020-03-31 16:00:00+00	padej		f	15	235	1	0	4
201	2020-04-02 07:14:13.20925+00	2020-04-16 07:15:29.009026+00	2020-03-31 16:00:00+00	vinuzhd	 	f	17	306	2	0	6
202	2020-04-02 07:14:32.688368+00	2020-04-16 07:15:29.017777+00	2020-03-31 16:00:00+00	padej		f	15	239	2	0	4
203	2020-04-02 07:14:33.484744+00	2020-04-16 07:15:29.026487+00	2020-03-31 16:00:00+00	vinuzhd		f	20	271	1	0	8
205	2020-04-02 07:14:53.688475+00	2020-04-16 07:15:29.044359+00	2020-03-31 16:00:00+00	padej		f	20	274	1	0	8
206	2020-04-02 07:15:19.396146+00	2020-04-16 07:15:29.055106+00	2020-03-31 16:00:00+00	padej		f	15	240	1	0	4
207	2020-04-02 07:15:25.650702+00	2020-04-16 07:15:29.063476+00	2020-03-31 16:00:00+00	vinuzhd		f	20	274	1	0	8
208	2020-04-02 07:15:43.07967+00	2020-04-16 07:15:29.075263+00	2020-03-31 16:00:00+00	padej		f	15	241	2	0	4
209	2020-04-02 07:15:46.754642+00	2020-04-16 07:15:29.086008+00	2020-03-31 16:00:00+00	vinuzhd	 	f	17	307	1	70	6
210	2020-04-02 07:15:54.536262+00	2020-04-16 07:15:29.094932+00	2020-03-31 16:00:00+00	padej		f	20	275	1	0	8
211	2020-04-02 07:16:30.108653+00	2020-04-16 07:15:29.103104+00	2020-03-31 16:00:00+00	prirezka		f	15	241	1	0	4
212	2020-04-02 07:16:30.525289+00	2020-04-16 07:15:29.111187+00	2020-03-31 16:00:00+00	padej		f	15	242	2	0	4
213	2020-04-02 07:17:59.381108+00	2020-04-16 07:15:29.117538+00	2020-03-31 16:00:00+00	spec	 	f	17	307	1	70	6
279	2020-04-08 01:02:19.332531+00	2020-04-16 07:15:29.631827+00	2020-04-07 16:00:00+00	padej		f	20	380	1	25	8
216	2020-04-02 07:26:09.63397+00	2020-04-16 07:15:29.135946+00	2020-03-31 16:00:00+00	vinuzhd		f	18	326	2	60	7
217	2020-04-02 07:26:42.905892+00	2020-04-16 07:15:29.14156+00	2020-03-31 16:00:00+00	vinuzhd		f	18	325	1	60	7
218	2020-04-03 01:59:40.429097+00	2020-04-16 07:15:29.148449+00	2020-04-02 16:00:00+00	spec	null	f	17	294	104	11400	6
219	2020-04-03 02:21:18.990424+00	2020-04-16 07:15:29.157698+00	2020-03-31 16:00:00+00	padej	 	f	15	214	1	0	4
220	2020-04-03 02:23:28.346354+00	2020-04-16 07:15:29.163384+00	2020-04-01 16:00:00+00	padej		f	15	385	1	0	4
221	2020-04-03 02:25:54.557923+00	2020-04-16 07:15:29.171362+00	2020-04-01 16:00:00+00	vinuzhd		f	15	387	6	0	4
222	2020-04-03 02:26:20.2866+00	2020-04-16 07:15:29.177874+00	2020-04-01 16:00:00+00	vinuzhd		f	15	381	5	0	4
224	2020-04-03 02:45:46.761686+00	2020-04-16 07:15:29.193125+00	2020-04-02 16:00:00+00	padej		f	15	394	1	0	4
225	2020-04-03 02:46:16.365274+00	2020-04-16 07:15:29.202314+00	2020-04-02 16:00:00+00	prirezka		f	15	394	2	0	4
226	2020-04-03 02:47:00.562664+00	2020-04-16 07:15:29.208761+00	2020-04-02 16:00:00+00	padej		f	15	485	2	0	4
227	2020-04-03 05:04:23.589518+00	2020-04-16 07:15:29.216987+00	\N	vinuzhd		f	16	278	1	50	5
228	2020-04-03 05:05:57.147027+00	2020-04-16 07:15:29.225185+00	\N	vinuzhd		f	16	284	1	50	5
229	2020-04-03 05:07:42.002429+00	2020-04-16 07:15:29.230746+00	\N	vinuzhd		f	16	287	3	140	5
230	2020-04-03 05:08:32.08614+00	2020-04-16 07:15:29.23807+00	\N	vinuzhd		f	16	288	1	50	5
232	2020-04-03 06:37:24.889338+00	2020-04-16 07:15:29.25684+00	2020-04-02 16:00:00+00	padej		f	15	383	2	0	4
233	2020-04-03 06:38:28.556335+00	2020-04-16 07:15:29.26545+00	2020-04-02 16:00:00+00	padej		f	15	421	12	0	4
234	2020-04-03 06:38:47.924952+00	2020-04-16 07:15:29.273536+00	2020-04-02 16:00:00+00	padej		f	15	379	16	0	4
235	2020-04-03 07:13:19.786621+00	2020-04-16 07:15:29.28189+00	\N	vinuzhd	null	f	18	320	1	0	7
236	2020-04-04 00:49:00.798579+00	2020-04-16 07:15:29.291317+00	2020-03-31 16:00:00+00	spec	null	f	17	304	1	70	6
237	2020-04-04 00:50:38.160248+00	2020-04-16 07:15:29.300526+00	2020-04-03 16:00:00+00	padej		f	17	304	1	80	6
238	2020-04-04 01:01:35.931765+00	2020-04-16 07:15:29.308817+00	2020-04-03 16:00:00+00	padej		f	15	241	1	0	4
239	2020-04-04 01:11:35.292145+00	2020-04-16 07:15:29.316516+00	\N	padej		f	20	386	10	10	8
240	2020-04-04 01:13:03.561881+00	2020-04-16 07:15:29.324304+00	\N	padej		f	20	264	1	15	8
241	2020-04-04 04:10:59.173956+00	2020-04-16 07:15:29.332196+00	2020-04-03 16:00:00+00	padej		f	14	201	1	0	3
243	2020-04-05 00:23:15.123726+00	2020-04-16 07:15:29.344075+00	2020-04-04 16:00:00+00	padej		f	14	534	1	0	3
244	2020-04-05 00:24:02.664225+00	2020-04-16 07:15:29.349862+00	\N	padej		f	14	504	1	0	3
245	2020-04-05 01:00:21.404312+00	2020-04-16 07:15:29.356269+00	2020-04-04 16:00:00+00	padej		f	15	394	1	0	4
246	2020-04-05 01:01:34.966901+00	2020-04-16 07:15:29.363153+00	2020-04-04 16:00:00+00	padej		f	15	477	1	0	4
247	2020-04-05 01:02:36.804134+00	2020-04-16 07:15:29.368707+00	2020-04-04 16:00:00+00	prirezka		f	15	483	1	0	4
248	2020-04-06 00:04:08.226626+00	2020-04-16 07:15:29.376121+00	2020-04-05 16:00:00+00	padej		f	17	300	1	80	6
249	2020-04-06 00:05:18.736705+00	2020-04-16 07:15:29.383555+00	2020-04-05 16:00:00+00	padej		f	14	507	1	0	3
250	2020-04-06 00:06:19.115194+00	2020-04-16 07:15:29.391477+00	2020-04-05 16:00:00+00	padej		f	14	200	1	0	3
251	2020-04-06 00:07:13.932355+00	2020-04-16 07:15:29.400333+00	2020-04-05 16:00:00+00	padej		f	14	533	1	0	3
253	2020-04-06 00:08:19.138581+00	2020-04-16 07:15:29.416715+00	2020-04-05 16:00:00+00	padej		f	14	201	1	0	3
254	2020-04-06 00:08:41.39133+00	2020-04-16 07:15:29.425501+00	2020-04-05 16:00:00+00	padej		f	14	411	1	0	3
255	2020-04-06 01:00:47.587733+00	2020-04-16 07:15:29.431697+00	2020-04-05 16:00:00+00	padej	null	f	20	250	1	15	8
256	2020-04-06 01:14:06.285742+00	2020-04-16 07:15:29.439177+00	2020-04-05 16:00:00+00	padej		f	15	394	1	0	4
257	2020-04-06 02:16:49.549106+00	2020-04-16 07:15:29.446889+00	2020-04-05 16:00:00+00	spec	null	f	17	295	105	12220	6
258	2020-04-06 02:17:20.581804+00	2020-04-16 07:15:29.455546+00	2020-04-05 16:00:00+00	spec	null	f	17	496	5	555	6
259	2020-04-06 07:37:45.81846+00	2020-04-16 07:15:29.463733+00	2020-04-05 16:00:00+00	padej		f	20	251	1	15	8
260	2020-04-06 07:39:39.370977+00	2020-04-16 07:15:29.472603+00	2020-04-05 16:00:00+00	padej		f	20	259	1	15	8
261	2020-04-06 08:03:42.946188+00	2020-04-16 07:15:29.480055+00	2020-04-05 16:00:00+00	spec	null	f	17	302	1	80	6
263	2020-04-07 01:08:40.489512+00	2020-04-16 07:15:29.491838+00	\N	padej		f	15	351	1	8	4
264	2020-04-07 01:09:34.843696+00	2020-04-16 07:15:29.497685+00	\N	padej		f	15	493	1	5	4
265	2020-04-07 01:13:33.903388+00	2020-04-16 07:15:29.503445+00	2020-04-06 16:00:00+00	padej		f	14	515	2	0	3
266	2020-04-07 01:14:27.791668+00	2020-04-16 07:15:29.509315+00	2020-04-06 16:00:00+00	padej		f	14	406	1	0	3
267	2020-04-07 01:14:54.290064+00	2020-04-16 07:15:29.522574+00	2020-04-06 16:00:00+00	padej		f	14	505	2	0	3
268	2020-04-07 01:15:50.838706+00	2020-04-16 07:15:29.528091+00	2020-04-06 16:00:00+00	padej		f	14	201	1	0	3
269	2020-04-07 01:16:12.1507+00	2020-04-16 07:15:29.535687+00	2020-04-06 16:00:00+00	padej		f	14	523	1	0	3
270	2020-04-07 02:27:51.185926+00	2020-04-16 07:15:29.541236+00	\N	spec	null	f	17	496	74	8103	6
271	2020-04-07 02:28:37.379735+00	2020-04-16 07:15:29.548971+00	\N	spec	null	f	17	297	36	3942	6
274	2020-04-07 07:15:43.006305+00	2020-04-16 07:15:29.568654+00	2020-04-06 16:00:00+00	vinuzhd		f	20	557	2	70	8
275	2020-04-07 07:18:09.813698+00	2020-04-16 07:15:29.574406+00	2020-04-06 16:00:00+00	vinuzhd		f	20	255	1	25	8
276	2020-04-07 07:23:30.889593+00	2020-04-16 07:15:29.583427+00	2020-04-06 16:00:00+00	vinuzhd		f	18	314	1	60	7
277	2020-04-07 07:24:40.331049+00	2020-04-16 07:15:29.591537+00	2020-04-06 16:00:00+00	vinuzhd		f	18	317	2	140	7
287	2020-04-08 03:06:18.639599+00	2020-04-16 07:15:29.599474+00	2020-04-07 16:00:00+00	padej		f	14	201	1	0	3
288	2020-04-08 03:06:40.798356+00	2020-04-16 07:15:29.607472+00	2020-04-07 16:00:00+00	padej		f	14	513	1	0	3
272	2020-04-07 07:11:19.644233+00	2020-04-16 07:15:29.615354+00	2020-04-06 16:00:00+00	vinuzhd		f	20	553	2	60	8
280	2020-04-08 01:12:43.40699+00	2020-04-16 07:15:29.639972+00	2020-04-07 16:00:00+00	padej		f	15	493	1	3	4
281	2020-04-08 01:13:25.563394+00	2020-04-16 07:15:29.645743+00	2020-04-07 16:00:00+00	prirezka		f	15	394	1	6	4
282	2020-04-08 01:14:16.18921+00	2020-04-16 07:15:29.652693+00	2020-04-07 16:00:00+00	prirezka		f	15	471	1	6	4
283	2020-04-08 01:15:11.761317+00	2020-04-16 07:15:29.658833+00	2020-04-07 16:00:00+00	prirezka		f	15	548	1	5	4
284	2020-04-08 02:24:02.829439+00	2020-04-16 07:15:29.665101+00	2020-04-07 16:00:00+00	spec	null	f	17	297	68	7786	6
285	2020-04-08 02:24:56.377178+00	2020-04-16 07:15:29.670428+00	2020-04-07 16:00:00+00	spec	null	f	17	300	1	90	6
286	2020-04-08 02:26:32.109301+00	2020-04-16 07:15:29.67607+00	2020-04-07 16:00:00+00	spec	null	f	17	298	41	4694	6
289	2020-04-08 03:38:33.236622+00	2020-04-16 07:15:29.685127+00	2020-04-07 16:00:00+00	padej		f	14	513	2	0	3
292	2020-04-09 00:21:44.995629+00	2020-04-16 07:15:29.700398+00	2020-04-08 16:00:00+00	padej		f	14	513	2	0	3
368	2020-04-16 06:45:24.296357+00	2020-04-16 06:45:24.29639+00	2020-04-15 16:00:00+00	prirezka	null	f	20	257	1	35	363
140	2020-04-02 06:55:32.377972+00	2020-04-16 07:15:28.527615+00	2020-03-31 16:00:00+00	padej		f	17	293	2	0	6
294	2020-04-09 00:22:53.039284+00	2020-04-16 07:15:29.71457+00	2020-04-08 16:00:00+00	padej		f	14	530	1	0	3
295	2020-04-09 00:29:55.875402+00	2020-04-16 07:15:29.720394+00	\N	vinuzhd		f	16	290	1	55	5
296	2020-04-09 01:02:20.419071+00	2020-04-16 07:15:29.728205+00	2020-04-08 16:00:00+00	padej		f	15	216	1	3	4
297	2020-04-09 01:49:46.858442+00	2020-04-16 07:15:29.735955+00	2020-04-08 16:00:00+00	spec	null	f	17	298	63	7011	6
298	2020-04-09 01:50:42.09033+00	2020-04-16 07:15:29.74366+00	2020-04-08 16:00:00+00	spec	null	f	17	301	17	1892	6
299	2020-04-09 01:51:18.775496+00	2020-04-16 07:15:29.752294+00	2020-04-08 16:00:00+00	spec	null	f	17	300	20	2226	6
301	2020-04-10 00:51:40.160036+00	2020-04-16 07:15:29.769048+00	2020-04-09 16:00:00+00	padej		f	15	569	1	12	4
302	2020-04-10 00:53:25.246711+00	2020-04-16 07:15:29.774363+00	2020-04-09 16:00:00+00	padej		f	14	501	1	0	3
303	2020-04-10 00:53:45.566927+00	2020-04-16 07:15:29.783068+00	2020-04-09 16:00:00+00	padej		f	14	411	1	0	3
304	2020-04-10 00:54:44.918722+00	2020-04-16 07:15:29.791427+00	2020-04-09 16:00:00+00	padej		f	14	528	1	0	3
305	2020-04-10 00:55:20.012829+00	2020-04-16 07:15:29.797217+00	2020-04-09 16:00:00+00	padej		f	14	560	1	0	3
306	2020-04-10 00:55:40.131572+00	2020-04-16 07:15:29.803483+00	2020-04-09 16:00:00+00	padej		f	14	592	1	0	3
307	2020-04-10 03:19:45.784908+00	2020-04-16 07:15:29.808791+00	2020-04-09 16:00:00+00	padej		f	14	624	1	0	3
309	2020-04-10 05:14:09.654386+00	2020-04-16 07:15:29.82031+00	2020-04-09 16:00:00+00	padej		f	15	569	1	7	4
310	2020-04-10 06:04:42.232851+00	2020-04-16 07:15:29.828196+00	2020-04-09 16:00:00+00	vinuzhd		f	15	477	3	51	4
311	2020-04-10 07:59:29.62763+00	2020-04-16 07:15:29.833962+00	2020-04-09 16:00:00+00	padej	  	f	15	435	1	16	4
312	2020-04-11 00:21:24.140582+00	2020-04-16 07:15:29.842175+00	2020-04-10 16:00:00+00	padej		f	14	630	1	0	3
313	2020-04-11 00:25:10.62959+00	2020-04-16 07:15:29.850257+00	2020-04-10 16:00:00+00	padej		f	14	563	1	0	3
314	2020-04-11 00:48:03.573051+00	2020-04-16 07:15:29.858905+00	2020-04-10 16:00:00+00	padej		f	17	300	1	80	6
315	2020-04-11 00:54:22.444426+00	2020-04-16 07:15:29.867445+00	\N	padej	null	f	20	257	1	25	8
316	2020-04-11 00:57:02.391799+00	2020-04-16 07:15:29.876016+00	\N	padej	null	f	20	257	1	25	8
317	2020-04-11 00:58:09.894993+00	2020-04-16 07:15:29.894098+00	2020-04-10 16:00:00+00	padej	, 	f	15	547	1	3	4
318	2020-04-12 00:41:11.456228+00	2020-04-16 07:15:29.899731+00	2020-04-11 16:00:00+00	padej		f	17	301	1	85	6
320	2020-04-13 02:24:29.125734+00	2020-04-16 07:15:29.916774+00	\N	spec		f	17	299	97	10607	6
321	2020-04-13 02:25:06.889999+00	2020-04-16 07:15:29.924687+00	\N	spec		f	17	301	23	2541	6
322	2020-04-13 05:27:58.111871+00	2020-04-16 07:15:29.932797+00	2020-04-12 16:00:00+00	prirezka		f	14	842	1	0	3
323	2020-04-13 06:15:06.989106+00	2020-04-16 07:15:29.941223+00	2020-04-12 16:00:00+00	spec	null	f	17	300	32	3560	6
324	2020-04-14 00:42:15.046574+00	2020-04-16 07:15:29.949611+00	2020-04-12 16:00:00+00	prirezka		f	14	677	2	0	3
325	2020-04-14 00:43:47.715314+00	2020-04-16 07:15:29.959685+00	2020-04-12 16:00:00+00	prirezka		f	14	832	1	0	3
326	2020-04-14 00:46:31.79583+00	2020-04-16 07:15:29.968192+00	2020-04-13 16:00:00+00	padej		f	20	583	1	15	8
327	2020-04-14 00:48:04.356378+00	2020-04-16 07:15:29.976268+00	2020-04-12 16:00:00+00	padej		f	14	679	1	0	3
328	2020-04-14 00:48:25.688424+00	2020-04-16 07:15:29.984567+00	2020-04-13 16:00:00+00	padej		f	14	679	1	0	3
330	2020-04-14 00:50:54.427438+00	2020-04-16 07:15:30.001058+00	2020-04-13 16:00:00+00	padej		f	14	623	1	0	3
331	2020-04-14 00:52:02.614856+00	2020-04-16 07:15:30.009411+00	2020-04-13 16:00:00+00	padej		f	14	667	2	0	3
332	2020-04-14 00:53:38.718322+00	2020-04-16 07:15:30.015502+00	2020-04-13 16:00:00+00	padej		f	14	666	1	0	3
333	2020-04-14 00:55:29.407093+00	2020-04-16 07:15:30.021671+00	2020-04-13 16:00:00+00	padej		f	14	823	2	0	3
334	2020-04-14 01:32:58.417648+00	2020-04-16 07:15:30.027606+00	\N	padej		f	15	480	1	6	4
335	2020-04-14 01:33:37.596656+00	2020-04-16 07:15:30.033339+00	\N	padej		f	15	569	1	3	4
336	2020-04-14 02:22:19.324377+00	2020-04-16 07:15:30.038649+00	2020-04-13 16:00:00+00	spec	null	f	17	301	62	6916	6
337	2020-04-14 02:22:53.203054+00	2020-04-16 07:15:30.044425+00	2020-04-13 16:00:00+00	spec	null	f	17	300	51	5691	6
338	2020-04-14 02:23:41.196732+00	2020-04-16 07:15:30.05018+00	2020-04-13 16:00:00+00	spec	null	f	17	302	7	780	6
340	2020-04-14 07:01:17.563255+00	2020-04-16 07:15:30.065069+00	2020-04-13 16:00:00+00	vinuzhd		f	20	583	1	25	8
341	2020-04-14 07:05:41.100438+00	2020-04-16 07:15:30.073113+00	2020-04-13 16:00:00+00	vinuzhd		f	20	257	1	30	8
342	2020-04-14 07:06:46.948024+00	2020-04-16 07:15:30.082499+00	2020-04-13 16:00:00+00	vinuzhd		f	20	259	1	30	8
343	2020-04-14 07:08:54.247282+00	2020-04-16 07:15:30.09153+00	2020-04-13 16:00:00+00	vinuzhd		f	20	846	4	120	8
344	2020-04-14 07:10:04.950262+00	2020-04-16 07:15:30.10049+00	2020-04-13 16:00:00+00	vinuzhd		f	20	796	2	60	8
345	2020-04-14 07:12:52.115737+00	2020-04-16 07:15:30.110443+00	2020-04-13 16:00:00+00	vinuzhd		f	20	798	3	90	8
346	2020-04-14 07:14:41.903442+00	2020-04-16 07:15:30.118859+00	2020-04-13 16:00:00+00	vinuzhd		f	20	851	3	100	8
347	2020-04-14 07:24:16.262306+00	2020-04-16 07:15:30.125863+00	2020-04-13 16:00:00+00	vinuzhd	 	f	18	316	1	70	7
349	2020-04-15 00:08:21.979563+00	2020-04-16 07:15:30.142458+00	2020-04-14 16:00:00+00	padej		f	17	498	1	100	6
350	2020-04-15 00:22:51.734328+00	2020-04-16 07:15:30.150766+00	2020-04-14 16:00:00+00	padej		f	14	784	1	0	3
351	2020-04-15 00:23:39.224571+00	2020-04-16 07:15:30.160348+00	\N	padej		f	14	540	2	0	3
352	2020-04-15 00:24:23.24569+00	2020-04-16 07:15:30.166507+00	2020-04-14 16:00:00+00	padej		f	14	664	1	0	3
353	2020-04-15 00:24:48.522015+00	2020-04-16 07:15:30.172398+00	2020-04-14 16:00:00+00	padej		f	14	817	1	0	3
354	2020-04-15 01:18:30.601531+00	2020-04-16 07:15:30.179028+00	2020-04-13 16:00:00+00	padej		f	15	564	1	8	4
355	2020-04-15 02:27:33.911574+00	2020-04-16 07:15:30.185835+00	2020-04-14 16:00:00+00	spec	null	f	17	302	90	11620	6
356	2020-04-15 02:28:20.236135+00	2020-04-16 07:15:30.191483+00	2020-04-14 16:00:00+00	spec	null	f	17	303	9	1054	6
357	2020-04-16 00:49:03.663323+00	2020-04-16 07:15:30.197542+00	2020-04-15 16:00:00+00	padej		f	20	253	1	15	8
359	2020-04-16 00:52:04.210545+00	2020-04-16 07:15:30.211835+00	2020-04-15 16:00:00+00	padej		f	15	495	1	16	4
360	2020-04-16 00:55:12.691945+00	2020-04-16 07:15:30.220604+00	2020-04-15 16:00:00+00	padej		f	14	540	1	0	3
361	2020-04-16 00:55:37.935704+00	2020-04-16 07:15:30.226498+00	2020-04-15 16:00:00+00	padej		f	14	895	1	0	3
362	2020-04-16 00:55:51.847361+00	2020-04-16 07:15:30.237292+00	2020-04-15 16:00:00+00	padej		f	14	892	1	0	3
363	2020-04-16 00:56:07.083389+00	2020-04-16 07:15:30.245503+00	2020-04-15 16:00:00+00	padej		f	14	901	1	0	3
364	2020-04-16 02:11:22.135472+00	2020-04-16 07:15:30.261841+00	2020-04-15 16:00:00+00	padej		f	18	322	1	80	7
365	2020-04-16 02:44:58.685562+00	2020-04-16 07:15:30.270148+00	2020-04-14 16:00:00+00	spec	null	f	17	307	12	1054	6
366	2020-04-16 02:46:31.827449+00	2020-04-16 07:15:30.279481+00	2020-04-15 16:00:00+00	spec	null	f	17	307	78	8377	6
367	2020-04-16 02:47:31.223783+00	2020-04-16 07:15:30.288244+00	2020-04-15 16:00:00+00	spec	null	f	17	498	32	3436	6
146	2020-04-02 06:58:43.375232+00	2020-04-16 07:15:28.579948+00	2020-03-31 16:00:00+00	padej		f	18	318	1	0	7
156	2020-04-02 07:03:23.580853+00	2020-04-16 07:15:28.661137+00	2020-03-31 16:00:00+00	vinuzhd		f	16	287	1	0	5
166	2020-04-02 07:07:23.89143+00	2020-04-16 07:15:28.727777+00	2020-03-31 16:00:00+00	vinuzhd		f	18	316	1	60	7
175	2020-04-02 07:09:31.337271+00	2020-04-16 07:15:28.796867+00	2020-03-31 16:00:00+00	vinuzhd	 	f	17	298	2	0	6
185	2020-04-02 07:11:26.260087+00	2020-04-16 07:15:28.876359+00	2020-03-31 16:00:00+00	padej		f	20	268	1	0	8
195	2020-04-02 07:13:02.584731+00	2020-04-16 07:15:28.952201+00	2020-03-31 16:00:00+00	vinuzhd		f	18	324	1	60	7
204	2020-04-02 07:14:53.659528+00	2020-04-16 07:15:29.034441+00	2020-03-31 16:00:00+00	padej		f	17	307	2	0	6
214	2020-04-02 07:24:36.033676+00	2020-04-16 07:15:29.123768+00	2020-03-31 16:00:00+00	vinuzhd		f	18	328	1	60	7
215	2020-04-02 07:25:20.753043+00	2020-04-16 07:15:29.129594+00	2020-03-31 16:00:00+00	vinuzhd		f	18	327	2	60	7
223	2020-04-03 02:27:42.728953+00	2020-04-16 07:15:29.184016+00	2020-04-01 16:00:00+00	vinuzhd		f	15	379	5	0	4
231	2020-04-03 05:25:08.043308+00	2020-04-16 07:15:29.247633+00	2020-04-02 16:00:00+00	vinuzhd		f	18	328	1	500	7
242	2020-04-05 00:22:38.130423+00	2020-04-16 07:15:29.33832+00	2020-04-04 16:00:00+00	padej		f	14	515	5	0	3
252	2020-04-06 00:07:47.937335+00	2020-04-16 07:15:29.408817+00	2020-04-05 16:00:00+00	padej		f	14	502	1	0	3
262	2020-04-07 01:07:56.325064+00	2020-04-16 07:15:29.486179+00	\N	padej		f	15	546	1	4	4
273	2020-04-07 07:13:51.391648+00	2020-04-16 07:15:29.559891+00	2020-04-06 16:00:00+00	spec		f	20	555	1	25	8
278	2020-04-08 00:33:26.796852+00	2020-04-16 07:15:29.623648+00	2020-04-07 16:00:00+00	padej		f	18	328	1	80	7
291	2020-04-08 04:20:56.354365+00	2020-04-16 07:15:29.692133+00	2020-04-05 16:00:00+00	padej		f	20	557	3	90	8
293	2020-04-09 00:22:13.894274+00	2020-04-16 07:15:29.708196+00	2020-04-08 16:00:00+00	padej		f	14	411	1	0	3
300	2020-04-09 09:45:42.395463+00	2020-04-16 07:15:29.760258+00	2020-04-08 16:00:00+00	padej		f	14	505	3	0	3
308	2020-04-10 03:35:46.883886+00	2020-04-16 07:15:29.814484+00	2020-04-09 16:00:00+00	padej		f	14	631	1	0	3
319	2020-04-12 01:07:42.548926+00	2020-04-16 07:15:29.908184+00	2020-04-11 16:00:00+00	padej		f	14	411	3	0	3
329	2020-04-14 00:49:55.346562+00	2020-04-16 07:15:29.992825+00	2020-04-12 16:00:00+00	padej		f	14	622	1	0	3
339	2020-04-14 03:43:09.012402+00	2020-04-16 07:15:30.057095+00	2020-04-09 16:00:00+00	padej		f	20	262	1	25	8
348	2020-04-14 08:01:00.653485+00	2020-04-16 07:15:30.1345+00	2020-04-13 16:00:00+00	vinuzhd		f	16	286	1	50	5
358	2020-04-16 00:51:05.967892+00	2020-04-16 07:15:30.203307+00	2020-04-15 16:00:00+00	padej		f	15	747	1	4	4
\.


--
-- Data for Name: piglets_events_pigletsmerger; Type: TABLE DATA; Schema: public; Owner: postgres
--

COPY public.piglets_events_pigletsmerger (id, created_at, modified_at, date, created_piglets_id, initiator_id) FROM stdin;
4	2020-03-23 05:59:45.521837+00	2020-03-23 05:59:45.521862+00	2020-03-23 05:59:45.521565+00	\N	\N
1	2020-03-18 07:21:19.986466+00	2020-03-18 07:21:19.986481+00	2020-03-18 07:21:19.986196+00	\N	\N
2	2020-03-22 07:32:16.359525+00	2020-03-22 07:32:16.359538+00	2020-03-22 07:32:16.359282+00	\N	\N
3	2020-03-22 07:42:28.062344+00	2020-03-22 07:42:28.062357+00	2020-03-22 07:42:28.062132+00	\N	\N
5	2020-04-01 07:34:15.351422+00	2020-04-01 07:34:15.351436+00	2020-04-01 07:34:15.351136+00	208	\N
6	2020-04-01 07:36:06.64714+00	2020-04-01 07:36:06.647159+00	2020-04-01 07:36:06.646821+00	209	\N
7	2020-04-02 07:20:27.985816+00	2020-04-02 07:20:27.985831+00	2020-04-02 07:20:27.98551+00	335	\N
8	2020-04-02 07:21:04.799288+00	2020-04-02 07:21:04.799307+00	2020-04-02 07:21:04.798972+00	338	\N
9	2020-04-02 07:21:26.092856+00	2020-04-02 07:21:26.092983+00	2020-04-02 07:21:26.092419+00	341	\N
10	2020-04-02 07:21:50.534779+00	2020-04-02 07:21:50.534801+00	2020-04-02 07:21:50.534417+00	344	\N
11	2020-04-02 07:22:04.626841+00	2020-04-02 07:22:04.627019+00	2020-04-02 07:22:04.626566+00	347	\N
12	2020-04-02 07:22:15.024242+00	2020-04-02 07:22:15.024258+00	2020-04-02 07:22:15.023991+00	350	\N
13	2020-04-02 07:22:33.508109+00	2020-04-02 07:22:33.508124+00	2020-04-02 07:22:33.507857+00	353	\N
14	2020-04-02 07:23:03.436335+00	2020-04-02 07:23:03.436363+00	2020-04-02 07:23:03.435629+00	356	\N
15	2020-04-02 07:23:06.861524+00	2020-04-02 07:23:06.86154+00	2020-04-02 07:23:06.861267+00	359	\N
16	2020-04-02 07:23:29.274464+00	2020-04-02 07:23:29.274478+00	2020-04-02 07:23:29.274219+00	362	\N
17	2020-04-02 07:23:30.62649+00	2020-04-02 07:23:30.626504+00	2020-04-02 07:23:30.626243+00	365	\N
18	2020-04-02 07:23:59.854103+00	2020-04-02 07:23:59.85412+00	2020-04-02 07:23:59.853801+00	368	\N
19	2020-04-02 07:24:39.588328+00	2020-04-02 07:24:39.588342+00	2020-04-02 07:24:39.588092+00	371	\N
20	2020-04-02 07:25:02.156349+00	2020-04-02 07:25:02.156477+00	2020-04-02 07:25:02.153479+00	374	\N
21	2020-04-02 07:41:56.80694+00	2020-04-02 07:41:56.806962+00	2020-04-02 07:41:56.80626+00	391	\N
22	2020-04-02 07:42:22.829966+00	2020-04-02 07:42:22.830063+00	2020-04-02 07:42:22.829018+00	394	\N
23	2020-04-02 07:50:07.207603+00	2020-04-02 07:50:07.207618+00	2020-04-02 07:50:07.207132+00	395	\N
24	2020-04-02 08:21:58.080828+00	2020-04-02 08:21:58.080846+00	2020-04-02 08:21:58.080528+00	410	\N
25	2020-04-02 08:23:14.250274+00	2020-04-02 08:23:14.25029+00	2020-04-02 08:23:14.24999+00	413	\N
26	2020-04-02 08:24:26.135539+00	2020-04-02 08:24:26.135569+00	2020-04-02 08:24:26.135116+00	416	\N
27	2020-04-02 08:24:57.112982+00	2020-04-02 08:24:57.112996+00	2020-04-02 08:24:57.11277+00	419	\N
28	2020-04-02 08:26:11.442798+00	2020-04-02 08:26:11.442814+00	2020-04-02 08:26:11.442546+00	420	\N
29	2020-04-03 02:31:09.642978+00	2020-04-03 02:31:09.642993+00	2020-04-03 02:31:09.642738+00	425	\N
30	2020-04-03 02:32:06.765569+00	2020-04-03 02:32:06.765592+00	2020-04-03 02:32:06.765213+00	428	\N
31	2020-04-03 02:32:28.030436+00	2020-04-03 02:32:28.030455+00	2020-04-03 02:32:28.030145+00	431	\N
32	2020-04-03 02:33:37.146958+00	2020-04-03 02:33:37.146971+00	2020-04-03 02:33:37.146714+00	434	\N
33	2020-04-03 02:33:54.828919+00	2020-04-03 02:33:54.828934+00	2020-04-03 02:33:54.828685+00	437	\N
34	2020-04-03 02:34:31.528607+00	2020-04-03 02:34:31.528622+00	2020-04-03 02:34:31.528356+00	440	\N
35	2020-04-03 02:34:45.377249+00	2020-04-03 02:34:45.377278+00	2020-04-03 02:34:45.376395+00	443	\N
36	2020-04-03 02:35:29.604713+00	2020-04-03 02:35:29.604728+00	2020-04-03 02:35:29.604452+00	446	\N
37	2020-04-03 02:35:42.738606+00	2020-04-03 02:35:42.738624+00	2020-04-03 02:35:42.738283+00	449	\N
38	2020-04-03 02:36:00.558791+00	2020-04-03 02:36:00.558819+00	2020-04-03 02:36:00.558301+00	452	\N
39	2020-04-03 02:36:23.366757+00	2020-04-03 02:36:23.366771+00	2020-04-03 02:36:23.366541+00	455	\N
40	2020-04-03 02:37:03.040706+00	2020-04-03 02:37:03.040722+00	2020-04-03 02:37:03.040447+00	458	\N
41	2020-04-03 02:37:19.407826+00	2020-04-03 02:37:19.407839+00	2020-04-03 02:37:19.407609+00	461	\N
42	2020-04-03 02:37:36.988908+00	2020-04-03 02:37:36.988925+00	2020-04-03 02:37:36.988638+00	464	\N
43	2020-04-03 02:37:54.690938+00	2020-04-03 02:37:54.690953+00	2020-04-03 02:37:54.690706+00	467	\N
44	2020-04-03 02:38:29.479112+00	2020-04-03 02:38:29.479126+00	2020-04-03 02:38:29.478892+00	470	\N
45	2020-04-03 02:38:44.277226+00	2020-04-03 02:38:44.277251+00	2020-04-03 02:38:44.276857+00	473	\N
46	2020-04-03 02:40:04.221097+00	2020-04-03 02:40:04.221119+00	2020-04-03 02:40:04.220681+00	476	\N
47	2020-04-03 02:40:26.704567+00	2020-04-03 02:40:26.704582+00	2020-04-03 02:40:26.704312+00	479	\N
48	2020-04-03 02:42:38.87734+00	2020-04-03 02:42:38.877354+00	2020-04-03 02:42:38.877092+00	482	\N
49	2020-04-03 02:42:49.457644+00	2020-04-03 02:42:49.457658+00	2020-04-03 02:42:49.457405+00	485	\N
50	2020-04-03 06:02:56.58399+00	2020-04-03 06:02:56.584008+00	2020-04-03 06:02:56.583712+00	492	\N
51	2020-04-03 06:03:01.057238+00	2020-04-03 06:03:01.057281+00	2020-04-03 06:03:01.057013+00	495	\N
52	2020-04-04 03:54:06.236173+00	2020-04-04 03:54:06.236189+00	2020-04-04 03:54:06.235862+00	514	14
53	2020-04-04 03:54:34.608383+00	2020-04-04 03:54:34.608397+00	2020-04-04 03:54:34.608155+00	517	14
54	2020-04-04 06:21:11.746529+00	2020-04-04 06:21:11.746547+00	2020-04-04 06:21:11.745904+00	528	14
55	2020-04-04 06:22:44.048336+00	2020-04-04 06:22:44.04835+00	2020-04-04 06:22:44.048107+00	532	14
56	2020-04-04 06:47:49.483472+00	2020-04-04 06:47:49.483486+00	2020-04-04 06:47:49.483245+00	537	4
57	2020-04-05 06:59:19.103216+00	2020-04-05 06:59:19.103233+00	2020-04-05 06:59:19.102889+00	542	14
58	2020-04-08 01:15:46.845613+00	2020-04-08 01:15:46.845627+00	2020-04-08 01:15:46.845275+00	566	15
59	2020-04-08 01:16:33.804797+00	2020-04-08 01:16:33.804816+00	2020-04-08 01:16:33.804499+00	569	15
60	2020-04-08 07:45:12.879617+00	2020-04-08 07:45:12.879643+00	2020-04-08 07:45:12.87907+00	579	14
61	2020-04-09 05:16:56.165702+00	2020-04-09 05:16:56.165717+00	2020-04-09 05:16:56.165403+00	582	15
62	2020-04-09 05:17:12.204941+00	2020-04-09 05:17:12.204958+00	2020-04-09 05:17:12.204705+00	585	15
63	2020-04-09 05:44:37.290152+00	2020-04-09 05:44:37.290167+00	2020-04-09 05:44:37.289931+00	588	20
64	2020-04-09 07:46:12.84169+00	2020-04-09 07:46:12.841704+00	2020-04-09 07:46:12.84145+00	592	14
65	2020-04-09 08:10:49.813292+00	2020-04-09 08:10:49.813308+00	2020-04-09 08:10:49.813027+00	595	14
66	2020-04-09 08:18:10.221478+00	2020-04-09 08:18:10.221493+00	2020-04-09 08:18:10.221212+00	598	14
67	2020-04-09 09:18:24.438434+00	2020-04-09 09:18:24.438448+00	2020-04-09 09:18:24.438179+00	608	14
68	2020-04-10 00:57:23.578602+00	2020-04-10 00:57:23.578624+00	2020-04-10 00:57:23.578208+00	615	14
69	2020-04-10 00:57:50.61401+00	2020-04-10 00:57:50.614023+00	2020-04-10 00:57:50.613781+00	616	14
70	2020-04-10 01:05:51.504743+00	2020-04-10 01:05:51.504759+00	2020-04-10 01:05:51.504414+00	622	14
71	2020-04-10 01:06:10.916001+00	2020-04-10 01:06:10.916014+00	2020-04-10 01:06:10.915771+00	623	14
72	2020-04-10 03:37:05.851668+00	2020-04-10 03:37:05.851682+00	2020-04-10 03:37:05.851438+00	634	14
73	2020-04-10 03:37:23.66418+00	2020-04-10 03:37:23.6642+00	2020-04-10 03:37:23.663877+00	635	14
74	2020-04-10 07:20:30.66454+00	2020-04-10 07:20:30.664554+00	2020-04-10 07:20:30.664291+00	640	14
75	2020-04-10 07:21:34.908634+00	2020-04-10 07:21:34.908648+00	2020-04-10 07:21:34.90841+00	643	14
76	2020-04-10 07:22:16.199234+00	2020-04-10 07:22:16.199249+00	2020-04-10 07:22:16.198952+00	644	14
77	2020-04-10 07:27:08.466174+00	2020-04-10 07:27:08.466191+00	2020-04-10 07:27:08.465889+00	649	14
78	2020-04-10 07:28:30.182052+00	2020-04-10 07:28:30.182066+00	2020-04-10 07:28:30.181806+00	651	14
79	2020-04-10 07:29:16.67657+00	2020-04-10 07:29:16.676591+00	2020-04-10 07:29:16.676202+00	653	14
80	2020-04-10 07:30:46.672267+00	2020-04-10 07:30:46.672284+00	2020-04-10 07:30:46.67198+00	655	14
81	2020-04-10 07:35:52.732936+00	2020-04-10 07:35:52.73295+00	2020-04-10 07:35:52.732695+00	662	14
82	2020-04-10 07:44:17.265352+00	2020-04-10 07:44:17.265368+00	2020-04-10 07:44:17.265076+00	672	14
83	2020-04-10 07:49:20.404585+00	2020-04-10 07:49:20.404599+00	2020-04-10 07:49:20.404315+00	679	14
84	2020-04-10 07:51:53.375476+00	2020-04-10 07:51:53.375519+00	2020-04-10 07:51:53.3746+00	680	14
85	2020-04-11 01:04:05.307647+00	2020-04-11 01:04:05.307665+00	2020-04-11 01:04:05.307325+00	684	14
86	2020-04-11 01:31:04.82223+00	2020-04-11 01:31:04.822263+00	2020-04-11 01:31:04.821604+00	692	14
87	2020-04-11 01:31:35.965017+00	2020-04-11 01:31:35.965031+00	2020-04-11 01:31:35.964767+00	695	14
88	2020-04-11 01:32:02.405731+00	2020-04-11 01:32:02.405747+00	2020-04-11 01:32:02.405426+00	698	14
89	2020-04-11 01:32:17.962424+00	2020-04-11 01:32:17.962438+00	2020-04-11 01:32:17.962201+00	701	14
90	2020-04-11 01:33:03.354661+00	2020-04-11 01:33:03.354677+00	2020-04-11 01:33:03.354394+00	704	14
91	2020-04-11 01:33:42.445022+00	2020-04-11 01:33:42.445039+00	2020-04-11 01:33:42.444752+00	707	14
92	2020-04-11 01:34:09.725237+00	2020-04-11 01:34:09.725252+00	2020-04-11 01:34:09.724955+00	710	14
93	2020-04-11 03:19:15.892822+00	2020-04-11 03:19:15.892848+00	2020-04-11 03:19:15.892574+00	713	14
94	2020-04-11 03:20:00.282472+00	2020-04-11 03:20:00.282495+00	2020-04-11 03:20:00.282199+00	714	14
95	2020-04-11 03:22:11.010651+00	2020-04-11 03:22:11.010671+00	2020-04-11 03:22:11.010287+00	717	14
96	2020-04-11 03:27:04.480734+00	2020-04-11 03:27:04.480749+00	2020-04-11 03:27:04.480479+00	722	14
97	2020-04-11 05:09:58.440245+00	2020-04-11 05:09:58.44026+00	2020-04-11 05:09:58.439976+00	724	14
98	2020-04-11 05:11:03.78803+00	2020-04-11 05:11:03.788053+00	2020-04-11 05:11:03.787695+00	727	14
99	2020-04-11 05:16:21.438792+00	2020-04-11 05:16:21.438807+00	2020-04-11 05:16:21.43852+00	731	14
100	2020-04-11 05:27:28.328647+00	2020-04-11 05:27:28.328664+00	2020-04-11 05:27:28.328353+00	734	14
101	2020-04-11 05:48:15.482184+00	2020-04-11 05:48:15.482199+00	2020-04-11 05:48:15.481942+00	741	14
102	2020-04-11 05:48:39.049167+00	2020-04-11 05:48:39.04918+00	2020-04-11 05:48:39.048916+00	744	14
103	2020-04-11 06:37:54.411588+00	2020-04-11 06:37:54.411603+00	2020-04-11 06:37:54.411331+00	749	14
104	2020-04-11 06:39:24.997048+00	2020-04-11 06:39:24.997062+00	2020-04-11 06:39:24.996836+00	754	14
105	2020-04-11 06:40:09.052671+00	2020-04-11 06:40:09.052697+00	2020-04-11 06:40:09.051301+00	758	14
106	2020-04-11 06:40:53.184275+00	2020-04-11 06:40:53.184303+00	2020-04-11 06:40:53.183914+00	761	14
107	2020-04-11 06:41:14.822704+00	2020-04-11 06:41:14.82272+00	2020-04-11 06:41:14.822447+00	764	14
108	2020-04-11 06:41:34.49599+00	2020-04-11 06:41:34.496005+00	2020-04-11 06:41:34.49577+00	767	14
109	2020-04-11 06:41:49.142138+00	2020-04-11 06:41:49.142166+00	2020-04-11 06:41:49.141658+00	770	14
110	2020-04-11 06:42:05.914733+00	2020-04-11 06:42:05.914749+00	2020-04-11 06:42:05.914458+00	773	14
111	2020-04-12 01:08:50.101806+00	2020-04-12 01:08:50.10182+00	2020-04-12 01:08:50.101574+00	777	14
112	2020-04-12 01:09:33.509845+00	2020-04-12 01:09:33.509858+00	2020-04-12 01:09:33.509618+00	780	14
113	2020-04-12 01:10:56.053556+00	2020-04-12 01:10:56.053572+00	2020-04-12 01:10:56.053273+00	783	14
114	2020-04-12 01:12:41.02093+00	2020-04-12 01:12:41.020943+00	2020-04-12 01:12:41.020677+00	786	14
115	2020-04-12 01:13:26.128516+00	2020-04-12 01:13:26.128531+00	2020-04-12 01:13:26.128269+00	789	14
116	2020-04-12 05:38:21.015353+00	2020-04-12 05:38:21.015371+00	2020-04-12 05:38:21.015064+00	795	14
117	2020-04-13 05:21:48.0943+00	2020-04-13 05:21:48.094319+00	2020-04-13 05:21:48.093964+00	802	14
118	2020-04-13 05:22:11.411212+00	2020-04-13 05:22:11.411227+00	2020-04-13 05:22:11.410969+00	805	14
119	2020-04-13 05:22:26.119033+00	2020-04-13 05:22:26.11905+00	2020-04-13 05:22:26.118758+00	808	14
120	2020-04-13 05:22:41.544296+00	2020-04-13 05:22:41.544311+00	2020-04-13 05:22:41.54408+00	811	14
121	2020-04-13 05:23:11.414172+00	2020-04-13 05:23:11.414187+00	2020-04-13 05:23:11.413915+00	814	14
122	2020-04-13 05:23:44.923991+00	2020-04-13 05:23:44.924009+00	2020-04-13 05:23:44.923714+00	817	14
123	2020-04-13 05:24:04.092417+00	2020-04-13 05:24:04.092432+00	2020-04-13 05:24:04.092161+00	820	14
124	2020-04-13 05:24:32.480035+00	2020-04-13 05:24:32.48005+00	2020-04-13 05:24:32.479792+00	823	14
125	2020-04-13 05:25:21.194542+00	2020-04-13 05:25:21.194561+00	2020-04-13 05:25:21.194179+00	826	14
126	2020-04-13 05:25:35.93918+00	2020-04-13 05:25:35.939195+00	2020-04-13 05:25:35.938899+00	829	14
127	2020-04-13 05:25:53.129033+00	2020-04-13 05:25:53.129048+00	2020-04-13 05:25:53.128785+00	832	14
128	2020-04-13 05:26:07.528437+00	2020-04-13 05:26:07.528454+00	2020-04-13 05:26:07.528068+00	835	14
129	2020-04-13 05:26:31.815101+00	2020-04-13 05:26:31.815116+00	2020-04-13 05:26:31.814827+00	838	14
130	2020-04-13 05:26:59.223921+00	2020-04-13 05:26:59.223936+00	2020-04-13 05:26:59.223677+00	841	14
131	2020-04-13 05:27:18.001109+00	2020-04-13 05:27:18.001125+00	2020-04-13 05:27:18.00084+00	844	14
132	2020-04-13 05:36:02.370425+00	2020-04-13 05:36:02.370461+00	2020-04-13 05:36:02.369771+00	845	14
133	2020-04-13 07:19:08.077811+00	2020-04-13 07:19:08.077826+00	2020-04-13 07:19:08.077533+00	860	14
134	2020-04-14 00:45:49.960518+00	2020-04-14 00:45:49.960533+00	2020-04-14 00:45:49.960227+00	863	14
135	2020-04-14 07:07:16.892959+00	2020-04-14 07:07:16.89298+00	2020-04-14 07:07:16.892601+00	866	14
136	2020-04-14 07:17:45.584379+00	2020-04-14 07:17:45.584394+00	2020-04-14 07:17:45.584124+00	871	14
137	2020-04-14 07:26:07.995303+00	2020-04-14 07:26:07.995316+00	2020-04-14 07:26:07.995079+00	876	14
138	2020-04-14 07:28:43.014386+00	2020-04-14 07:28:43.014401+00	2020-04-14 07:28:43.014131+00	879	14
139	2020-04-14 08:37:16.601845+00	2020-04-14 08:37:16.601898+00	2020-04-14 08:37:16.600906+00	882	14
140	2020-04-14 08:37:55.753639+00	2020-04-14 08:37:55.753654+00	2020-04-14 08:37:55.753359+00	885	14
141	2020-04-14 08:39:14.813443+00	2020-04-14 08:39:14.813462+00	2020-04-14 08:39:14.813038+00	888	14
142	2020-04-14 08:39:57.842709+00	2020-04-14 08:39:57.84273+00	2020-04-14 08:39:57.842427+00	891	14
143	2020-04-14 08:40:56.353815+00	2020-04-14 08:40:56.35383+00	2020-04-14 08:40:56.353537+00	894	14
144	2020-04-14 08:42:09.869954+00	2020-04-14 08:42:09.86997+00	2020-04-14 08:42:09.869654+00	897	14
145	2020-04-14 08:43:57.218474+00	2020-04-14 08:43:57.218496+00	2020-04-14 08:43:57.218198+00	900	14
146	2020-04-14 08:44:18.587622+00	2020-04-14 08:44:18.587638+00	2020-04-14 08:44:18.587334+00	903	14
147	2020-04-14 08:46:09.483455+00	2020-04-14 08:46:09.483471+00	2020-04-14 08:46:09.483175+00	906	14
148	2020-04-14 08:53:36.093648+00	2020-04-14 08:53:36.093664+00	2020-04-14 08:53:36.093407+00	909	14
149	2020-04-14 08:54:25.161247+00	2020-04-14 08:54:25.161262+00	2020-04-14 08:54:25.16099+00	912	14
150	2020-04-15 00:20:53.618073+00	2020-04-15 00:20:53.618088+00	2020-04-15 00:20:53.617791+00	915	14
151	2020-04-15 01:19:05.12028+00	2020-04-15 01:19:05.120298+00	2020-04-15 01:19:05.119904+00	918	15
152	2020-04-15 08:07:03.244428+00	2020-04-15 08:07:03.244443+00	2020-04-15 08:07:03.244148+00	923	14
153	2020-04-15 08:25:56.960601+00	2020-04-15 08:25:56.960615+00	2020-04-15 08:25:56.960355+00	930	14
154	2020-04-15 08:43:19.246311+00	2020-04-15 08:43:19.246337+00	2020-04-15 08:43:19.245851+00	933	14
155	2020-04-15 08:44:33.468075+00	2020-04-15 08:44:33.46809+00	2020-04-15 08:44:33.467801+00	934	14
156	2020-04-15 08:46:09.339773+00	2020-04-15 08:46:09.339787+00	2020-04-15 08:46:09.339497+00	937	14
157	2020-04-15 08:51:33.866704+00	2020-04-15 08:51:33.86672+00	2020-04-15 08:51:33.866436+00	940	14
158	2020-04-15 08:59:15.078566+00	2020-04-15 08:59:15.078583+00	2020-04-15 08:59:15.078267+00	945	14
159	2020-04-15 09:02:46.163843+00	2020-04-15 09:02:46.163866+00	2020-04-15 09:02:46.163588+00	948	14
160	2020-04-15 09:03:34.370422+00	2020-04-15 09:03:34.370437+00	2020-04-15 09:03:34.370186+00	951	14
161	2020-04-15 09:03:48.204258+00	2020-04-15 09:03:48.204274+00	2020-04-15 09:03:48.204001+00	954	14
162	2020-04-15 09:05:07.904007+00	2020-04-15 09:05:07.904029+00	2020-04-15 09:05:07.903585+00	957	14
163	2020-04-15 09:06:00.17687+00	2020-04-15 09:06:00.176884+00	2020-04-15 09:06:00.176622+00	960	14
164	2020-04-15 09:07:38.992514+00	2020-04-15 09:07:38.992528+00	2020-04-15 09:07:38.992278+00	963	14
165	2020-04-15 09:08:50.118147+00	2020-04-15 09:08:50.118161+00	2020-04-15 09:08:50.117909+00	966	14
166	2020-04-15 09:15:54.627911+00	2020-04-15 09:15:54.627929+00	2020-04-15 09:15:54.627469+00	967	14
167	2020-04-16 00:56:58.239192+00	2020-04-16 00:56:58.239207+00	2020-04-16 00:56:58.238912+00	972	14
168	2020-04-16 02:36:39.714151+00	2020-04-16 02:36:39.714175+00	2020-04-16 02:36:39.713745+00	977	14
169	2020-04-16 05:34:55.94567+00	2020-04-16 05:34:55.945686+00	2020-04-16 05:34:55.945406+00	982	15
170	2020-04-16 05:47:02.58006+00	2020-04-16 05:47:02.580076+00	2020-04-16 05:47:02.579792+00	995	15
171	2020-04-16 05:47:43.339481+00	2020-04-16 05:47:43.339496+00	2020-04-16 05:47:43.339243+00	996	15
172	2020-04-16 05:48:13.697185+00	2020-04-16 05:48:13.6972+00	2020-04-16 05:48:13.696929+00	997	15
173	2020-04-16 05:48:44.542913+00	2020-04-16 05:48:44.542929+00	2020-04-16 05:48:44.542636+00	998	15
174	2020-04-16 06:03:06.49228+00	2020-04-16 06:03:06.492298+00	2020-04-16 06:03:06.491924+00	999	20
175	2020-04-16 06:04:27.375448+00	2020-04-16 06:04:27.375464+00	2020-04-16 06:04:27.375167+00	1000	20
176	2020-04-16 06:05:15.674336+00	2020-04-16 06:05:15.67435+00	2020-04-16 06:05:15.674106+00	1001	20
177	2020-04-16 07:10:07.107819+00	2020-04-16 07:10:07.107835+00	2020-04-16 07:10:07.107483+00	1009	14
178	2020-04-16 07:20:08.566733+00	2020-04-16 07:20:08.56677+00	2020-04-16 07:20:08.566338+00	1020	14
179	2020-04-16 07:23:15.450734+00	2020-04-16 07:23:15.450755+00	2020-04-16 07:23:15.450234+00	1025	14
180	2020-04-16 07:26:52.274969+00	2020-04-16 07:26:52.274984+00	2020-04-16 07:26:52.274713+00	1027	14
181	2020-04-16 07:35:45.525109+00	2020-04-16 07:35:45.525125+00	2020-04-16 07:35:45.52484+00	1030	14
182	2020-04-16 07:38:35.650589+00	2020-04-16 07:38:35.650603+00	2020-04-16 07:38:35.650332+00	1035	14
183	2020-04-16 07:39:34.838851+00	2020-04-16 07:39:34.838874+00	2020-04-16 07:39:34.838461+00	1038	14
184	2020-04-16 07:40:53.272969+00	2020-04-16 07:40:53.272985+00	2020-04-16 07:40:53.272701+00	1041	14
185	2020-04-16 07:41:56.224849+00	2020-04-16 07:41:56.224864+00	2020-04-16 07:41:56.224606+00	1044	14
186	2020-04-16 07:43:01.366921+00	2020-04-16 07:43:01.36694+00	2020-04-16 07:43:01.366583+00	1047	14
187	2020-04-16 07:44:07.056866+00	2020-04-16 07:44:07.05688+00	2020-04-16 07:44:07.056627+00	1050	14
\.


--
-- Data for Name: piglets_events_pigletssplit; Type: TABLE DATA; Schema: public; Owner: postgres
--

COPY public.piglets_events_pigletssplit (id, created_at, modified_at, date, initiator_id, parent_piglets_id) FROM stdin;
1	2020-03-17 05:24:48.691729+00	2020-03-17 05:24:48.691756+00	\N	\N	\N
2	2020-03-18 06:17:30.326924+00	2020-03-18 06:17:30.326954+00	\N	\N	\N
3	2020-03-18 07:18:13.231125+00	2020-03-18 07:18:13.231152+00	\N	\N	\N
4	2020-03-18 07:21:19.920588+00	2020-03-18 07:21:19.92062+00	\N	\N	\N
5	2020-03-18 07:57:05.933661+00	2020-03-18 07:57:05.933693+00	\N	\N	\N
6	2020-03-20 05:00:38.517722+00	2020-03-20 05:00:38.51775+00	\N	\N	\N
7	2020-03-20 05:11:22.585723+00	2020-03-20 05:11:22.585747+00	\N	\N	\N
8	2020-03-20 05:11:35.411869+00	2020-03-20 05:11:35.4119+00	\N	\N	\N
9	2020-03-20 05:11:45.317392+00	2020-03-20 05:11:45.317418+00	\N	\N	\N
10	2020-03-22 07:32:16.298268+00	2020-03-22 07:32:16.29829+00	\N	\N	\N
11	2020-03-22 07:33:18.830453+00	2020-03-22 07:33:18.830477+00	\N	\N	\N
12	2020-03-22 07:42:28.019185+00	2020-03-22 07:42:28.019209+00	\N	\N	\N
13	2020-03-22 07:48:44.993905+00	2020-03-22 07:48:44.993932+00	\N	\N	\N
14	2020-03-22 11:50:36.174255+00	2020-03-22 11:50:36.17428+00	\N	\N	\N
15	2020-03-23 05:51:39.219058+00	2020-03-23 05:51:39.219083+00	\N	\N	\N
16	2020-03-23 05:59:45.439195+00	2020-03-23 05:59:45.439222+00	\N	\N	\N
17	2020-04-01 07:34:15.282927+00	2020-04-01 07:34:15.282954+00	\N	\N	204
18	2020-04-02 07:02:37.728451+00	2020-04-02 07:02:37.728482+00	\N	\N	296
19	2020-04-02 07:19:29.048676+00	2020-04-02 07:19:29.048713+00	\N	\N	211
20	2020-04-02 07:20:27.9033+00	2020-04-02 07:20:27.903339+00	\N	\N	221
21	2020-04-02 07:21:04.715085+00	2020-04-02 07:21:04.715124+00	\N	\N	222
22	2020-04-02 07:21:25.999402+00	2020-04-02 07:21:25.999433+00	\N	\N	223
23	2020-04-02 07:21:50.455627+00	2020-04-02 07:21:50.455658+00	\N	\N	224
24	2020-04-02 07:22:04.50698+00	2020-04-02 07:22:04.507016+00	\N	\N	225
25	2020-04-02 07:22:14.945503+00	2020-04-02 07:22:14.945542+00	\N	\N	226
26	2020-04-02 07:22:33.427265+00	2020-04-02 07:22:33.427292+00	\N	\N	227
27	2020-04-02 07:23:03.255312+00	2020-04-02 07:23:03.255346+00	\N	\N	229
28	2020-04-02 07:23:06.766183+00	2020-04-02 07:23:06.766211+00	\N	\N	228
29	2020-04-02 07:23:29.214941+00	2020-04-02 07:23:29.214971+00	\N	\N	230
30	2020-04-02 07:23:30.539334+00	2020-04-02 07:23:30.539365+00	\N	\N	231
31	2020-04-02 07:23:59.74794+00	2020-04-02 07:23:59.747978+00	\N	\N	233
32	2020-04-02 07:24:39.500472+00	2020-04-02 07:24:39.500513+00	\N	\N	234
33	2020-04-02 07:25:01.658903+00	2020-04-02 07:25:01.658957+00	\N	\N	235
34	2020-04-02 07:37:26.713941+00	2020-04-02 07:37:26.713979+00	\N	\N	374
35	2020-04-02 07:38:07.528105+00	2020-04-02 07:38:07.528141+00	\N	\N	219
36	2020-04-02 07:38:31.561937+00	2020-04-02 07:38:31.561974+00	\N	\N	220
37	2020-04-02 07:38:49.046847+00	2020-04-02 07:38:49.046875+00	\N	\N	333
38	2020-04-02 07:39:13.433713+00	2020-04-02 07:39:13.433743+00	\N	\N	336
39	2020-04-02 07:39:32.602289+00	2020-04-02 07:39:32.602325+00	\N	\N	339
40	2020-04-02 07:39:48.465365+00	2020-04-02 07:39:48.4654+00	\N	\N	342
41	2020-04-02 07:41:56.705428+00	2020-04-02 07:41:56.705491+00	\N	\N	372
42	2020-04-02 07:42:22.750699+00	2020-04-02 07:42:22.750735+00	\N	\N	236
43	2020-04-02 08:21:57.998626+00	2020-04-02 08:21:57.998673+00	\N	\N	396
44	2020-04-02 08:23:14.181923+00	2020-04-02 08:23:14.181957+00	\N	\N	410
45	2020-04-02 08:24:26.045117+00	2020-04-02 08:24:26.045154+00	\N	\N	402
46	2020-04-02 08:24:57.049372+00	2020-04-02 08:24:57.049398+00	\N	\N	405
47	2020-04-03 02:29:07.632643+00	2020-04-03 02:29:07.632683+00	\N	\N	377
48	2020-04-03 02:31:09.561403+00	2020-04-03 02:31:09.561438+00	\N	\N	345
49	2020-04-03 02:32:06.678817+00	2020-04-03 02:32:06.678853+00	\N	\N	348
50	2020-04-03 02:32:27.95457+00	2020-04-03 02:32:27.9546+00	\N	\N	357
51	2020-04-03 02:33:37.064968+00	2020-04-03 02:33:37.065011+00	\N	\N	354
52	2020-04-03 02:33:54.749655+00	2020-04-03 02:33:54.74968+00	\N	\N	360
53	2020-04-03 02:34:31.446148+00	2020-04-03 02:34:31.446188+00	\N	\N	363
54	2020-04-03 02:34:45.302915+00	2020-04-03 02:34:45.302947+00	\N	\N	232
55	2020-04-03 02:35:29.531055+00	2020-04-03 02:35:29.531086+00	\N	\N	366
56	2020-04-03 02:35:42.652141+00	2020-04-03 02:35:42.65217+00	\N	\N	369
57	2020-04-03 02:36:00.477204+00	2020-04-03 02:36:00.477239+00	\N	\N	389
58	2020-04-03 02:36:23.288421+00	2020-04-03 02:36:23.288446+00	\N	\N	392
59	2020-04-03 02:37:02.938198+00	2020-04-03 02:37:02.938791+00	\N	\N	237
60	2020-04-03 02:37:19.32336+00	2020-04-03 02:37:19.323393+00	\N	\N	238
61	2020-04-03 02:37:36.905228+00	2020-04-03 02:37:36.905267+00	\N	\N	239
62	2020-04-03 02:37:54.6102+00	2020-04-03 02:37:54.61023+00	\N	\N	240
63	2020-04-03 02:38:29.406046+00	2020-04-03 02:38:29.406082+00	\N	\N	242
64	2020-04-03 02:38:44.194661+00	2020-04-03 02:38:44.194691+00	\N	\N	243
65	2020-04-03 02:40:04.015774+00	2020-04-03 02:40:04.015812+00	\N	\N	423
66	2020-04-03 02:40:26.620126+00	2020-04-03 02:40:26.620156+00	\N	\N	432
67	2020-04-03 02:42:38.795352+00	2020-04-03 02:42:38.795384+00	\N	\N	450
68	2020-04-03 02:42:49.380619+00	2020-04-03 02:42:49.380655+00	\N	\N	453
69	2020-04-03 06:02:56.491933+00	2020-04-03 06:02:56.491973+00	\N	\N	485
70	2020-04-03 06:03:00.968575+00	2020-04-03 06:03:00.968602+00	\N	\N	490
71	2020-04-03 06:17:58.47077+00	2020-04-03 06:17:58.47081+00	\N	\N	489
72	2020-04-03 06:24:37.283879+00	2020-04-03 06:24:37.28392+00	\N	\N	306
73	2020-04-04 03:54:34.550445+00	2020-04-04 03:54:34.550482+00	\N	\N	514
74	2020-04-04 06:21:11.669413+00	2020-04-04 06:21:11.669444+00	\N	\N	525
75	2020-04-04 06:22:43.982148+00	2020-04-04 06:22:43.982181+00	\N	\N	529
76	2020-04-05 06:59:19.00251+00	2020-04-05 06:59:19.002547+00	\N	\N	538
77	2020-04-06 06:29:45.569699+00	2020-04-06 06:29:45.569731+00	\N	\N	249
78	2020-04-06 06:31:33.226149+00	2020-04-06 06:31:33.226184+00	\N	\N	248
79	2020-04-06 06:32:56.468752+00	2020-04-06 06:32:56.468782+00	\N	\N	247
80	2020-04-08 01:15:46.749602+00	2020-04-08 01:15:46.749638+00	\N	\N	241
81	2020-04-08 01:16:33.743775+00	2020-04-08 01:16:33.743897+00	\N	\N	351
82	2020-04-08 07:10:46.788232+00	2020-04-08 07:10:46.788264+00	\N	\N	571
83	2020-04-09 05:16:56.074401+00	2020-04-09 05:16:56.074434+00	\N	\N	567
84	2020-04-09 05:17:12.12281+00	2020-04-09 05:17:12.12285+00	\N	\N	580
85	2020-04-09 05:19:11.045601+00	2020-04-09 05:19:11.04564+00	\N	\N	394
86	2020-04-09 07:32:37.092159+00	2020-04-09 07:32:37.092194+00	\N	\N	589
87	2020-04-09 09:18:24.367467+00	2020-04-09 09:18:24.367501+00	\N	\N	604
88	2020-04-10 00:57:23.492622+00	2020-04-10 00:57:23.492657+00	\N	\N	544
89	2020-04-10 00:59:14.900959+00	2020-04-10 00:59:14.900996+00	\N	\N	616
90	2020-04-10 01:05:51.417865+00	2020-04-10 01:05:51.417898+00	\N	\N	619
91	2020-04-10 03:20:20.472655+00	2020-04-10 03:20:20.472684+00	\N	\N	624
92	2020-04-10 03:21:26.568235+00	2020-04-10 03:21:26.56827+00	\N	\N	625
93	2020-04-10 03:25:57.142782+00	2020-04-10 03:25:57.142835+00	\N	\N	530
94	2020-04-10 03:37:05.786647+00	2020-04-10 03:37:05.786681+00	\N	\N	631
95	2020-04-10 03:37:56.021042+00	2020-04-10 03:37:56.021066+00	\N	\N	635
96	2020-04-10 07:21:34.823417+00	2020-04-10 07:21:34.82345+00	\N	\N	640
97	2020-04-10 07:24:03.668878+00	2020-04-10 07:24:03.668906+00	\N	\N	643
98	2020-04-10 07:27:08.368962+00	2020-04-10 07:27:08.369008+00	\N	\N	644
99	2020-04-10 07:44:17.189545+00	2020-04-10 07:44:17.189577+00	\N	\N	665
100	2020-04-10 07:49:20.326033+00	2020-04-10 07:49:20.326067+00	\N	\N	674
101	2020-04-10 07:52:32.935568+00	2020-04-10 07:52:32.935601+00	\N	\N	680
102	2020-04-11 01:07:12.092526+00	2020-04-11 01:07:12.09256+00	\N	\N	684
103	2020-04-11 01:29:46.65072+00	2020-04-11 01:29:46.650779+00	\N	\N	399
104	2020-04-11 01:31:04.735935+00	2020-04-11 01:31:04.735972+00	\N	\N	618
105	2020-04-11 01:31:35.887726+00	2020-04-11 01:31:35.887763+00	\N	\N	199
106	2020-04-11 01:32:02.300936+00	2020-04-11 01:32:02.300977+00	\N	\N	515
107	2020-04-11 01:32:17.882199+00	2020-04-11 01:32:17.882224+00	\N	\N	535
108	2020-04-11 01:33:03.257987+00	2020-04-11 01:33:03.258021+00	\N	\N	507
109	2020-04-11 01:33:42.364345+00	2020-04-11 01:33:42.364371+00	\N	\N	551
110	2020-04-11 01:34:09.633659+00	2020-04-11 01:34:09.633698+00	\N	\N	509
111	2020-04-11 03:19:15.815844+00	2020-04-11 03:19:15.815878+00	\N	\N	613
112	2020-04-11 03:20:21.594238+00	2020-04-11 03:20:21.594276+00	\N	\N	714
113	2020-04-11 03:22:44.613823+00	2020-04-11 03:22:44.613852+00	\N	\N	717
114	2020-04-11 03:27:04.397597+00	2020-04-11 03:27:04.397634+00	\N	\N	562
115	2020-04-11 05:11:03.649353+00	2020-04-11 05:11:03.649389+00	\N	\N	647
116	2020-04-11 05:16:21.349708+00	2020-04-11 05:16:21.349743+00	\N	\N	715
117	2020-04-11 05:48:15.413438+00	2020-04-11 05:48:15.413467+00	\N	\N	736
118	2020-04-11 05:48:38.975323+00	2020-04-11 05:48:38.975347+00	\N	\N	739
119	2020-04-11 06:38:47.501545+00	2020-04-11 06:38:47.501579+00	\N	\N	655
120	2020-04-11 06:39:24.927611+00	2020-04-11 06:39:24.927645+00	\N	\N	750
121	2020-04-11 06:40:08.980258+00	2020-04-11 06:40:08.980296+00	\N	\N	606
122	2020-04-11 06:40:53.105684+00	2020-04-11 06:40:53.105714+00	\N	\N	659
123	2020-04-11 06:41:14.746851+00	2020-04-11 06:41:14.746883+00	\N	\N	609
124	2020-04-11 06:41:34.44317+00	2020-04-11 06:41:34.443193+00	\N	\N	579
125	2020-04-11 06:41:49.07856+00	2020-04-11 06:41:49.078586+00	\N	\N	610
126	2020-04-11 06:42:05.832783+00	2020-04-11 06:42:05.833041+00	\N	\N	601
127	2020-04-12 01:08:50.006111+00	2020-04-12 01:08:50.006137+00	\N	\N	685
128	2020-04-12 01:09:33.426129+00	2020-04-12 01:09:33.426152+00	\N	\N	777
129	2020-04-12 01:10:55.976299+00	2020-04-12 01:10:55.976334+00	\N	\N	521
130	2020-04-12 01:12:40.934703+00	2020-04-12 01:12:40.93474+00	\N	\N	543
131	2020-04-12 01:13:26.047935+00	2020-04-12 01:13:26.047965+00	\N	\N	629
132	2020-04-12 05:38:20.927749+00	2020-04-12 05:38:20.927828+00	\N	\N	792
133	2020-04-13 04:39:57.543646+00	2020-04-13 04:39:57.54369+00	\N	\N	274
134	2020-04-13 04:40:31.077926+00	2020-04-13 04:40:31.077952+00	\N	\N	273
135	2020-04-13 05:21:48.019074+00	2020-04-13 05:21:48.019117+00	\N	\N	656
136	2020-04-13 05:22:11.357069+00	2020-04-13 05:22:11.3571+00	\N	\N	800
137	2020-04-13 05:22:26.003232+00	2020-04-13 05:22:26.003263+00	\N	\N	803
138	2020-04-13 05:22:41.482736+00	2020-04-13 05:22:41.482761+00	\N	\N	806
139	2020-04-13 05:23:11.368541+00	2020-04-13 05:23:11.368563+00	\N	\N	809
140	2020-04-13 05:23:44.837951+00	2020-04-13 05:23:44.837987+00	\N	\N	812
141	2020-04-13 05:24:03.967607+00	2020-04-13 05:24:03.967643+00	\N	\N	815
142	2020-04-13 05:24:32.418553+00	2020-04-13 05:24:32.418583+00	\N	\N	818
143	2020-04-13 05:25:21.095251+00	2020-04-13 05:25:21.095289+00	\N	\N	771
144	2020-04-13 05:25:35.869914+00	2020-04-13 05:25:35.86994+00	\N	\N	824
145	2020-04-13 05:25:53.064891+00	2020-04-13 05:25:53.064925+00	\N	\N	827
146	2020-04-13 05:26:07.452203+00	2020-04-13 05:26:07.452235+00	\N	\N	830
147	2020-04-13 05:26:31.748237+00	2020-04-13 05:26:31.748269+00	\N	\N	833
148	2020-04-13 05:26:59.162621+00	2020-04-13 05:26:59.16265+00	\N	\N	836
149	2020-04-13 05:27:17.945298+00	2020-04-13 05:27:17.945322+00	\N	\N	839
150	2020-04-13 05:38:23.236721+00	2020-04-13 05:38:23.236749+00	\N	\N	275
151	2020-04-13 07:16:28.023963+00	2020-04-13 07:16:28.023996+00	\N	\N	272
152	2020-04-13 07:19:07.992371+00	2020-04-13 07:19:07.992407+00	\N	\N	855
153	2020-04-14 00:45:49.862143+00	2020-04-14 00:45:49.862179+00	\N	\N	675
154	2020-04-14 07:17:17.177557+00	2020-04-14 07:17:17.177582+00	\N	\N	867
155	2020-04-14 07:26:07.892709+00	2020-04-14 07:26:07.899575+00	\N	\N	868
156	2020-04-14 08:37:16.491667+00	2020-04-14 08:37:16.491715+00	\N	\N	690
157	2020-04-14 08:37:55.660975+00	2020-04-14 08:37:55.661012+00	\N	\N	880
158	2020-04-14 08:39:14.716901+00	2020-04-14 08:39:14.716939+00	\N	\N	414
159	2020-04-14 08:39:57.757536+00	2020-04-14 08:39:57.757578+00	\N	\N	403
160	2020-04-14 08:40:56.278967+00	2020-04-14 08:40:56.279028+00	\N	\N	708
161	2020-04-14 08:42:09.780812+00	2020-04-14 08:42:09.780857+00	\N	\N	517
162	2020-04-14 08:43:57.147193+00	2020-04-14 08:43:57.147231+00	\N	\N	545
163	2020-04-14 08:44:18.516837+00	2020-04-14 08:44:18.516871+00	\N	\N	729
164	2020-04-14 08:46:09.414611+00	2020-04-14 08:46:09.414648+00	\N	\N	598
165	2020-04-14 08:53:36.038184+00	2020-04-14 08:53:36.038218+00	\N	\N	407
166	2020-04-14 08:54:25.085423+00	2020-04-14 08:54:25.085452+00	\N	\N	904
167	2020-04-15 00:20:53.541119+00	2020-04-15 00:20:53.541154+00	\N	\N	910
168	2020-04-15 01:19:05.036251+00	2020-04-15 01:19:05.036283+00	\N	\N	465
169	2020-04-15 02:11:21.921892+00	2020-04-15 02:11:21.921927+00	\N	\N	919
170	2020-04-15 08:43:19.152386+00	2020-04-15 08:43:19.15242+00	\N	\N	682
171	2020-04-15 08:45:10.30572+00	2020-04-15 08:45:10.305751+00	\N	\N	934
172	2020-04-15 08:46:43.444965+00	2020-04-15 08:46:43.445+00	\N	\N	937
173	2020-04-15 08:52:30.480352+00	2020-04-15 08:52:30.480392+00	\N	\N	940
174	2020-04-15 08:59:14.973873+00	2020-04-15 08:59:14.973918+00	\N	\N	738
175	2020-04-15 09:02:46.092909+00	2020-04-15 09:02:46.092945+00	\N	\N	853
176	2020-04-15 09:03:34.274667+00	2020-04-15 09:03:34.274694+00	\N	\N	749
177	2020-04-15 09:03:48.133268+00	2020-04-15 09:03:48.133304+00	\N	\N	676
178	2020-04-15 09:05:07.801895+00	2020-04-15 09:05:07.801933+00	\N	\N	938
179	2020-04-15 09:06:00.129951+00	2020-04-15 09:06:00.129987+00	\N	\N	664
180	2020-04-15 09:07:38.928585+00	2020-04-15 09:07:38.928619+00	\N	\N	744
181	2020-04-15 09:08:50.039905+00	2020-04-15 09:08:50.03994+00	\N	\N	960
182	2020-04-16 00:56:38.281203+00	2020-04-16 00:56:38.281241+00	\N	\N	946
183	2020-04-16 00:56:58.153005+00	2020-04-16 00:56:58.153029+00	\N	\N	677
184	2020-04-16 00:58:03.247552+00	2020-04-16 00:58:03.247589+00	\N	\N	930
185	2020-04-16 00:58:22.655934+00	2020-04-16 00:58:22.655967+00	\N	\N	928
186	2020-04-16 02:52:07.440907+00	2020-04-16 02:52:07.440951+00	\N	\N	967
187	2020-04-16 05:34:55.862308+00	2020-04-16 05:34:55.862341+00	\N	\N	438
188	2020-04-16 05:43:01.507718+00	2020-04-16 05:43:01.507752+00	\N	\N	980
189	2020-04-16 05:43:20.320605+00	2020-04-16 05:43:20.320637+00	\N	\N	441
190	2020-04-16 05:44:21.271734+00	2020-04-16 05:44:21.271771+00	\N	\N	495
191	2020-04-16 05:44:46.912553+00	2020-04-16 05:44:46.912584+00	\N	\N	492
192	2020-04-16 05:45:19.429397+00	2020-04-16 05:45:19.429427+00	\N	\N	918
193	2020-04-16 05:45:46.98905+00	2020-04-16 05:45:46.989074+00	\N	\N	586
194	2020-04-16 06:43:55.030725+00	2020-04-16 06:43:55.030745+00	\N	\N	317
195	2020-04-16 06:56:46.175746+00	2020-04-16 06:56:46.175771+00	\N	\N	321
196	2020-04-16 06:56:56.748132+00	2020-04-16 06:56:56.74815+00	\N	\N	326
197	2020-04-16 07:20:08.455819+00	2020-04-16 07:20:08.455852+00	\N	\N	1017
198	2020-04-16 07:35:26.166302+00	2020-04-16 07:35:26.166344+00	\N	\N	913
199	2020-04-16 07:37:05.403135+00	2020-04-16 07:37:05.403173+00	\N	\N	1030
200	2020-04-16 07:38:35.577006+00	2020-04-16 07:38:35.577036+00	\N	\N	897
201	2020-04-16 07:39:34.735811+00	2020-04-16 07:39:34.735844+00	\N	\N	901
202	2020-04-16 07:40:53.171781+00	2020-04-16 07:40:53.171825+00	\N	\N	728
203	2020-04-16 07:41:56.149115+00	2020-04-16 07:41:56.149299+00	\N	\N	651
204	2020-04-16 07:43:01.26277+00	2020-04-16 07:43:01.262806+00	\N	\N	894
205	2020-04-16 07:44:06.967481+00	2020-04-16 07:44:06.967513+00	\N	\N	888
\.


--
-- Data for Name: piglets_events_recount; Type: TABLE DATA; Schema: public; Owner: postgres
--

COPY public.piglets_events_recount (id, created_at, modified_at, date, quantity_before, quantity_after, balance, initiator_id, piglets_id, comment) FROM stdin;
\.


--
-- Data for Name: piglets_events_weighingpiglets; Type: TABLE DATA; Schema: public; Owner: postgres
--

COPY public.piglets_events_weighingpiglets (id, created_at, modified_at, date, total_weight, average_weight, piglets_quantity, place, initiator_id, piglets_group_id) FROM stdin;
169	2020-04-01 08:49:10.292233+00	2020-04-01 08:49:10.292265+00	2020-04-01 08:49:10.291686+00	1060	8.75999999999999979	121	3/4	4	210
170	2020-04-01 08:49:16.360315+00	2020-04-01 08:49:16.360336+00	2020-04-01 08:49:16.359987+00	735	7.34999999999999964	100	3/4	4	211
171	2020-04-01 08:49:25.10393+00	2020-04-01 08:49:25.103951+00	2020-04-01 08:49:25.103643+00	846	7.29000000000000004	116	3/4	4	212
172	2020-04-01 08:49:29.88822+00	2020-04-01 08:49:29.888239+00	2020-04-01 08:49:29.887919+00	956	8.16999999999999993	117	3/4	4	213
173	2020-04-01 08:50:22.219705+00	2020-04-01 08:50:22.219733+00	2020-04-01 08:50:22.218768+00	881	8.3100000000000005	106	3/4	4	214
174	2020-04-01 08:50:26.745872+00	2020-04-01 08:50:26.745893+00	2020-04-01 08:50:26.74559+00	797	7.12000000000000011	112	3/4	4	215
175	2020-04-01 08:50:33.050431+00	2020-04-01 08:50:33.050454+00	2020-04-01 08:50:33.050121+00	774	7.37000000000000011	105	3/4	4	216
176	2020-04-01 08:50:38.043604+00	2020-04-01 08:50:38.043625+00	2020-04-01 08:50:38.043266+00	799	7.25999999999999979	110	3/4	4	217
177	2020-04-01 08:54:07.478624+00	2020-04-01 08:54:07.478644+00	2020-04-01 08:54:07.478302+00	776	7.25	107	3/4	4	218
178	2020-04-01 08:54:18.253116+00	2020-04-01 08:54:18.253136+00	2020-04-01 08:54:18.252843+00	720	6	120	3/4	4	219
179	2020-04-01 08:54:28.258394+00	2020-04-01 08:54:28.258426+00	2020-04-01 08:54:28.25801+00	732	6	122	3/4	4	220
180	2020-04-01 09:12:59.296523+00	2020-04-01 09:12:59.296547+00	2020-04-01 09:12:59.296161+00	717	5.96999999999999975	120	3/4	4	221
181	2020-04-01 09:13:07.874281+00	2020-04-01 09:13:07.874302+00	2020-04-01 09:13:07.873653+00	669	5.87000000000000011	114	3/4	4	222
182	2020-04-01 09:13:15.024787+00	2020-04-01 09:13:15.024996+00	2020-04-01 09:13:15.023351+00	639	5.61000000000000032	114	3/4	4	223
183	2020-04-01 09:13:20.819802+00	2020-04-01 09:13:20.819821+00	2020-04-01 09:13:20.819531+00	627	4.58000000000000007	137	3/4	4	224
184	2020-04-01 09:40:06.725161+00	2020-04-01 09:40:06.725189+00	2020-04-01 09:40:06.724596+00	726	7.33000000000000007	99	3/4	4	225
185	2020-04-01 09:40:14.068597+00	2020-04-01 09:40:14.068624+00	2020-04-01 09:40:14.06834+00	593	5.75999999999999979	103	3/4	4	226
186	2020-04-01 09:40:18.702132+00	2020-04-01 09:40:18.702151+00	2020-04-01 09:40:18.701863+00	636	6.29999999999999982	101	3/4	4	227
187	2020-04-01 09:40:23.672966+00	2020-04-01 09:40:23.672984+00	2020-04-01 09:40:23.672682+00	585	5.91000000000000014	99	3/4	4	228
188	2020-04-01 10:10:47.630673+00	2020-04-01 10:10:47.630696+00	2020-04-01 10:10:47.630259+00	593	6.30999999999999961	94	3/4	4	229
189	2020-04-01 10:10:53.163389+00	2020-04-01 10:10:53.163408+00	2020-04-01 10:10:53.163135+00	562	6.38999999999999968	88	3/4	4	230
190	2020-04-01 10:11:00.385503+00	2020-04-01 10:11:00.385526+00	2020-04-01 10:11:00.385151+00	616	5.87000000000000011	105	3/4	4	231
191	2020-04-01 10:11:04.999558+00	2020-04-01 10:11:04.999581+00	2020-04-01 10:11:04.999221+00	619	5.83999999999999986	106	3/4	4	232
192	2020-04-01 10:12:23.708829+00	2020-04-01 10:12:23.708851+00	2020-04-01 10:12:23.708479+00	721	6.67999999999999972	108	3/4	4	233
193	2020-04-01 10:12:27.645654+00	2020-04-01 10:12:27.645674+00	2020-04-01 10:12:27.645382+00	776	6.75	115	3/4	4	234
194	2020-04-01 10:12:32.471611+00	2020-04-01 10:12:32.471631+00	2020-04-01 10:12:32.471355+00	660	6.29000000000000004	105	3/4	4	235
195	2020-04-01 10:12:36.525084+00	2020-04-01 10:12:36.525104+00	2020-04-01 10:12:36.524818+00	606	6.05999999999999961	100	3/4	4	236
196	2020-04-01 10:13:39.18956+00	2020-04-01 10:13:39.18958+00	2020-04-01 10:13:39.189291+00	692	6.12000000000000011	113	3/4	4	237
197	2020-04-01 10:13:43.794625+00	2020-04-01 10:13:43.794646+00	2020-04-01 10:13:43.794255+00	596	6.20999999999999996	96	3/4	4	238
198	2020-04-01 10:13:49.673482+00	2020-04-01 10:13:49.673508+00	2020-04-01 10:13:49.673106+00	577	6.00999999999999979	96	3/4	4	239
199	2020-04-01 10:13:54.988126+00	2020-04-01 10:13:54.988144+00	2020-04-01 10:13:54.987876+00	641	6.21999999999999975	103	3/4	4	240
200	2020-04-01 10:21:55.857761+00	2020-04-01 10:21:55.857784+00	2020-04-01 10:21:55.85743+00	607	6.12999999999999989	99	3/4	4	241
201	2020-04-01 10:22:53.000136+00	2020-04-01 10:22:53.000166+00	2020-04-01 10:22:52.999662+00	638	6.08000000000000007	105	3/4	4	242
202	2020-04-01 10:23:20.29803+00	2020-04-01 10:23:20.29806+00	2020-04-01 10:23:20.297474+00	590	5.95999999999999996	99	3/4	4	243
203	2020-04-02 06:06:20.456891+00	2020-04-02 06:06:20.456925+00	2020-04-02 06:06:20.456345+00	917	8.33999999999999986	110	3/4	15	244
204	2020-04-02 06:15:32.165186+00	2020-04-02 06:15:32.165223+00	2020-04-02 06:15:32.164347+00	5127.19999999999982	49.2999999999999972	104	8/6	17	293
205	2020-04-02 06:15:34.024171+00	2020-04-02 06:15:34.024191+00	2020-04-02 06:15:34.023901+00	5376	53.759999999999998	100	8/7	18	309
206	2020-04-02 06:16:35.4238+00	2020-04-02 06:16:35.42383+00	2020-04-02 06:16:35.423327+00	4392	48.7999999999999972	90	8/5	16	276
207	2020-04-02 06:17:09.845685+00	2020-04-02 06:17:09.845718+00	2020-04-02 06:17:09.845173+00	5215.19999999999982	49.2000000000000028	106	8/6	17	294
208	2020-04-02 06:17:11.849872+00	2020-04-02 06:17:11.849893+00	2020-04-02 06:17:11.849587+00	4028	41.9600000000000009	96	8/7	18	310
209	2020-04-02 06:18:13.544031+00	2020-04-02 06:18:13.54406+00	2020-04-02 06:18:13.543557+00	5215.19999999999982	49.2000000000000028	106	8/6	17	295
210	2020-04-02 06:18:59.075238+00	2020-04-02 06:18:59.075266+00	2020-04-02 06:18:59.0748+00	4733.39999999999964	48.2999999999999972	98	8/6	17	296
211	2020-04-02 06:19:26.89336+00	2020-04-02 06:19:26.893387+00	2020-04-02 06:19:26.892978+00	4513.60000000000036	49.6000000000000014	91	8/5	16	277
212	2020-04-02 06:19:52.765209+00	2020-04-02 06:19:52.765235+00	2020-04-02 06:19:52.764854+00	5096	56	91	8/7	18	311
213	2020-04-02 06:19:58.188498+00	2020-04-02 06:19:58.188528+00	2020-04-02 06:19:58.188039+00	5176.5	49.2999999999999972	105	8/6	17	297
214	2020-04-02 06:21:06.234402+00	2020-04-02 06:21:06.234616+00	2020-04-02 06:21:06.23354+00	2829	30.1000000000000014	94	4/8	20	245
215	2020-04-02 06:21:10.520939+00	2020-04-02 06:21:10.520959+00	2020-04-02 06:21:10.520655+00	5208	57.2299999999999969	91	8/7	18	311
216	2020-04-02 06:21:42.22844+00	2020-04-02 06:21:42.22846+00	2020-04-02 06:21:42.228151+00	4770	53	90	8/5	16	278
217	2020-04-02 06:22:17.820054+00	2020-04-02 06:22:17.820086+00	2020-04-02 06:22:17.819528+00	2829	24.6000000000000014	115	4/8	20	247
218	2020-04-02 06:24:17.582235+00	2020-04-02 06:24:17.582264+00	2020-04-02 06:24:17.581781+00	2599	23	113	4/8	20	246
219	2020-04-02 06:24:23.290247+00	2020-04-02 06:24:23.290277+00	2020-04-02 06:24:23.289974+00	4721.5	49.7000000000000028	95	8/5	16	279
220	2020-04-02 06:24:54.815779+00	2020-04-02 06:24:54.815812+00	2020-04-02 06:24:54.81526+00	2576	23	112	4/8	20	248
221	2020-04-02 06:25:32.682084+00	2020-04-02 06:25:32.682103+00	2020-04-02 06:25:32.681812+00	4204.39999999999964	45.7000000000000028	92	8/5	16	280
222	2020-04-02 06:25:44.692959+00	2020-04-02 06:25:44.692979+00	2020-04-02 06:25:44.692651+00	2340	20	117	4/8	20	249
223	2020-04-02 06:26:16.276962+00	2020-04-02 06:26:16.276991+00	2020-04-02 06:26:16.276547+00	5533.19999999999982	52.2000000000000028	106	8/6	17	298
224	2020-04-02 06:27:00.368219+00	2020-04-02 06:27:00.368246+00	2020-04-02 06:27:00.367776+00	1814.40000000000009	21.6000000000000014	84	4/8	20	250
225	2020-04-02 06:27:13.74207+00	2020-04-02 06:27:13.742089+00	2020-04-02 06:27:13.741793+00	4573	53.7999999999999972	85	8/5	16	281
226	2020-04-02 06:27:24.466769+00	2020-04-02 06:27:24.466791+00	2020-04-02 06:27:24.466446+00	4919.60000000000036	50.2000000000000028	98	8/6	17	299
227	2020-04-02 06:27:24.521112+00	2020-04-02 06:27:24.521133+00	2020-04-02 06:27:24.520819+00	4919.60000000000036	50.2000000000000028	98	8/6	17	299
228	2020-04-02 06:28:01.984894+00	2020-04-02 06:28:01.984933+00	2020-04-02 06:28:01.984108+00	5262.60000000000036	53.7000000000000028	98	8/5	16	282
229	2020-04-02 06:28:06.963563+00	2020-04-02 06:28:06.963586+00	2020-04-02 06:28:06.963245+00	1575.59999999999991	20.1999999999999993	78	4/8	20	251
230	2020-04-02 06:28:35.131881+00	2020-04-02 06:28:35.131905+00	2020-04-02 06:28:35.131554+00	5533.19999999999982	52.2000000000000028	106	8/6	17	300
231	2020-04-02 06:29:26.347641+00	2020-04-02 06:29:26.347673+00	2020-04-02 06:29:26.347211+00	5314.80000000000018	51.6000000000000014	103	8/6	17	301
232	2020-04-02 06:29:37.295758+00	2020-04-02 06:29:37.295778+00	2020-04-02 06:29:37.29549+00	1264	15.8000000000000007	80	4/8	20	252
233	2020-04-02 06:30:35.440938+00	2020-04-02 06:30:35.440967+00	2020-04-02 06:30:35.440494+00	5267.10000000000036	53.75	98	8/6	17	302
234	2020-04-02 06:30:38.652081+00	2020-04-02 06:30:38.652107+00	2020-04-02 06:30:38.651803+00	1566.40000000000009	17.8000000000000007	88	4/8	20	253
235	2020-04-02 06:31:06.765588+00	2020-04-02 06:31:06.765619+00	2020-04-02 06:31:06.765254+00	5350	50	107	8/5	16	283
236	2020-04-02 06:31:11.433854+00	2020-04-02 06:31:11.433876+00	2020-04-02 06:31:11.433415+00	5355.89999999999964	54.1000000000000014	99	8/6	17	303
237	2020-04-02 06:31:19.451364+00	2020-04-02 06:31:19.45139+00	2020-04-02 06:31:19.450987+00	1040	16	65	4/8	20	254
238	2020-04-02 06:31:39.353266+00	2020-04-02 06:31:39.353305+00	2020-04-02 06:31:39.352825+00	5355.89999999999964	53.0300000000000011	101	8/6	17	304
239	2020-04-02 06:32:01.14182+00	2020-04-02 06:32:01.141843+00	2020-04-02 06:32:01.141508+00	4905.60000000000036	51.1000000000000014	96	8/5	16	284
240	2020-04-02 06:32:04.02787+00	2020-04-02 06:32:04.02789+00	2020-04-02 06:32:04.027582+00	1625.40000000000009	18.8999999999999986	86	4/8	20	255
241	2020-04-02 06:32:07.763629+00	2020-04-02 06:32:07.763651+00	2020-04-02 06:32:07.76332+00	5355.89999999999964	54.1000000000000014	99	8/6	17	305
242	2020-04-02 06:32:18.411195+00	2020-04-02 06:32:18.411216+00	2020-04-02 06:32:18.410902+00	5390	57.9600000000000009	93	8/7	18	312
243	2020-04-02 06:32:41.049144+00	2020-04-02 06:32:41.049166+00	2020-04-02 06:32:41.048821+00	5320	54.2899999999999991	98	8/7	18	313
244	2020-04-02 06:32:50.990592+00	2020-04-02 06:32:50.990612+00	2020-04-02 06:32:50.990287+00	1305	15	87	4/8	20	256
245	2020-04-02 06:32:55.4156+00	2020-04-02 06:32:55.41562+00	2020-04-02 06:32:55.415324+00	5253.5	55.2999999999999972	95	8/5	16	285
246	2020-04-02 06:33:14.802885+00	2020-04-02 06:33:14.802906+00	2020-04-02 06:33:14.80258+00	4209.80000000000018	43.3999999999999986	97	8/6	17	306
247	2020-04-02 06:33:20.145669+00	2020-04-02 06:33:20.1457+00	2020-04-02 06:33:20.145274+00	5433.80000000000018	57.2000000000000028	95	8/7	18	314
248	2020-04-02 06:33:25.233381+00	2020-04-02 06:33:25.233401+00	2020-04-02 06:33:25.233121+00	5433.80000000000018	57.2000000000000028	95	8/7	18	314
249	2020-04-02 06:33:27.105532+00	2020-04-02 06:33:27.105559+00	2020-04-02 06:33:27.105153+00	1530	17	90	4/8	20	257
250	2020-04-02 06:33:37.948192+00	2020-04-02 06:33:37.948215+00	2020-04-02 06:33:37.947849+00	4643.60000000000036	49.3999999999999986	94	8/6	17	307
251	2020-04-02 06:33:48.06251+00	2020-04-02 06:33:48.062533+00	2020-04-02 06:33:48.062206+00	5480	54.259999999999998	101	8/7	18	315
252	2020-04-02 06:33:52.536195+00	2020-04-02 06:33:52.536214+00	2020-04-02 06:33:52.535922+00	5205.80000000000018	48.2000000000000028	108	8/6	17	308
253	2020-04-02 06:33:58.121437+00	2020-04-02 06:33:58.121457+00	2020-04-02 06:33:58.121169+00	1701.90000000000009	18.3000000000000007	93	4/8	20	258
254	2020-04-02 06:34:08.366057+00	2020-04-02 06:34:08.366079+00	2020-04-02 06:34:08.365748+00	5312	53.1199999999999974	100	8/7	18	316
255	2020-04-02 06:34:24.808608+00	2020-04-02 06:34:24.80863+00	2020-04-02 06:34:24.808289+00	1530	17	90	4/8	20	259
256	2020-04-02 06:34:25.992138+00	2020-04-02 06:34:25.992159+00	2020-04-02 06:34:25.991857+00	5210.39999999999964	52.1000000000000014	100	8/7	18	316
257	2020-04-02 06:34:43.278213+00	2020-04-02 06:34:43.278235+00	2020-04-02 06:34:43.277927+00	5029.19999999999982	49.7899999999999991	101	8/7	18	317
258	2020-04-02 06:34:43.710537+00	2020-04-02 06:34:43.710569+00	2020-04-02 06:34:43.710202+00	4005	44.5	90	8/5	16	286
259	2020-04-02 06:34:53.857807+00	2020-04-02 06:34:53.857827+00	2020-04-02 06:34:53.857516+00	5470.5	54.1599999999999966	101	8/7	18	317
260	2020-04-02 06:35:16.721379+00	2020-04-02 06:35:16.721411+00	2020-04-02 06:35:16.720908+00	1185	15	79	4/8	20	260
261	2020-04-02 06:35:17.837474+00	2020-04-02 06:35:17.837575+00	2020-04-02 06:35:17.836958+00	4969.19999999999982	47.7800000000000011	104	8/7	18	318
262	2020-04-02 06:35:20.528066+00	2020-04-02 06:35:20.528087+00	2020-04-02 06:35:20.527751+00	4969.19999999999982	50.1899999999999977	99	8/7	18	319
263	2020-04-02 06:35:22.785282+00	2020-04-02 06:35:22.78531+00	2020-04-02 06:35:22.784993+00	5233.19999999999982	50.3200000000000003	104	8/7	18	318
264	2020-04-02 06:35:46.519919+00	2020-04-02 06:35:46.519941+00	2020-04-02 06:35:46.519614+00	1335	15	89	4/8	20	261
265	2020-04-02 06:35:51.311979+00	2020-04-02 06:35:51.311999+00	2020-04-02 06:35:51.311705+00	5151	49.0600000000000023	105	8/7	18	320
266	2020-04-02 06:35:51.340799+00	2020-04-02 06:35:51.340819+00	2020-04-02 06:35:51.340527+00	5263.19999999999982	50.1300000000000026	105	8/7	18	320
267	2020-04-02 06:35:55.718646+00	2020-04-02 06:35:55.718668+00	2020-04-02 06:35:55.718318+00	3223.19999999999982	40.7999999999999972	79	8/5	16	287
268	2020-04-02 06:36:05.940093+00	2020-04-02 06:36:05.940115+00	2020-04-02 06:36:05.939716+00	4938.89999999999964	50.3999999999999986	98	8/7	18	321
269	2020-04-02 06:36:19.144364+00	2020-04-02 06:36:19.144386+00	2020-04-02 06:36:19.144067+00	5250	53.5700000000000003	98	8/7	18	321
270	2020-04-02 06:36:20.573343+00	2020-04-02 06:36:20.573364+00	2020-04-02 06:36:20.573066+00	1890	18	105	4/8	20	262
271	2020-04-02 06:36:34.15221+00	2020-04-02 06:36:34.152237+00	2020-04-02 06:36:34.151789+00	5250	51.9799999999999969	101	8/7	18	322
272	2020-04-02 06:37:00.37097+00	2020-04-02 06:37:00.370993+00	2020-04-02 06:37:00.370693+00	4841	47.4600000000000009	102	8/7	18	323
273	2020-04-02 06:37:02.69627+00	2020-04-02 06:37:02.696313+00	2020-04-02 06:37:02.605468+00	4687	54.5	86	8/5	16	288
274	2020-04-02 06:37:13.767122+00	2020-04-02 06:37:13.767141+00	2020-04-02 06:37:13.766852+00	2020	17.4100000000000001	116	4/8	20	263
275	2020-04-02 06:37:44.383999+00	2020-04-02 06:37:44.384028+00	2020-04-02 06:37:44.383645+00	2050	17.5199999999999996	117	4/8	20	264
276	2020-04-02 06:37:46.195835+00	2020-04-02 06:37:46.195856+00	2020-04-02 06:37:46.195557+00	4334.39999999999964	50.3999999999999986	86	8/5	16	289
277	2020-04-02 06:38:03.004558+00	2020-04-02 06:38:03.004579+00	2020-04-02 06:38:03.00427+00	2020	17.7199999999999989	114	4/8	20	265
278	2020-04-02 06:38:19.748227+00	2020-04-02 06:38:19.748257+00	2020-04-02 06:38:19.747805+00	2170	20.870000000000001	104	4/8	20	266
279	2020-04-02 06:38:52.13703+00	2020-04-02 06:38:52.137051+00	2020-04-02 06:38:52.136747+00	2170	20.870000000000001	104	4/8	20	267
280	2020-04-02 06:38:56.767332+00	2020-04-02 06:38:56.767352+00	2020-04-02 06:38:56.767059+00	4521.19999999999982	50.7999999999999972	89	8/5	16	290
281	2020-04-02 06:39:37.214078+00	2020-04-02 06:39:37.214107+00	2020-04-02 06:39:37.213679+00	1890	18.7100000000000009	101	4/8	20	268
282	2020-04-02 06:40:16.915333+00	2020-04-02 06:40:16.915364+00	2020-04-02 06:40:16.914933+00	1908	18	106	4/8	20	270
283	2020-04-02 06:41:06.193332+00	2020-04-02 06:41:06.193354+00	2020-04-02 06:41:06.193038+00	1999.79999999999995	19.8000000000000007	101	4/8	20	271
284	2020-04-02 06:41:53.439779+00	2020-04-02 06:41:53.439803+00	2020-04-02 06:41:53.43903+00	2059.19999999999982	19.8000000000000007	104	4/8	20	272
285	2020-04-02 06:42:20.801592+00	2020-04-02 06:42:20.801619+00	2020-04-02 06:42:20.801194+00	1557	17.3000000000000007	90	4/8	20	273
286	2020-04-02 06:42:58.067161+00	2020-04-02 06:42:58.067182+00	2020-04-02 06:42:58.066886+00	1766.09999999999991	20.3000000000000007	87	4/8	20	274
287	2020-04-02 06:43:35.964164+00	2020-04-02 06:43:35.96419+00	2020-04-02 06:43:35.963858+00	1996.79999999999995	20.8000000000000007	96	4/8	20	275
288	2020-04-02 06:49:44.163746+00	2020-04-02 06:49:44.163774+00	2020-04-02 06:49:44.163367+00	5151	51	101	8/7	18	324
289	2020-04-02 06:50:11.43117+00	2020-04-02 06:50:11.431199+00	2020-04-02 06:50:11.430837+00	4938.89999999999964	48.8999999999999986	101	8/7	18	325
290	2020-04-02 06:50:27.937031+00	2020-04-02 06:50:27.937053+00	2020-04-02 06:50:27.936751+00	5250	50	105	8/7	18	326
291	2020-04-02 06:50:46.12591+00	2020-04-02 06:50:46.125942+00	2020-04-02 06:50:46.125295+00	5250	50	105	8/7	18	327
292	2020-04-02 06:51:03.846783+00	2020-04-02 06:51:03.846805+00	2020-04-02 06:51:03.846454+00	4841	51.5	94	8/7	18	328
293	2020-04-02 07:46:35.592548+00	2020-04-02 07:46:35.592573+00	2020-04-02 07:46:35.59203+00	85	17	5	4/8	20	376
294	2020-04-02 07:47:03.655783+00	2020-04-02 07:47:03.65581+00	2020-04-02 07:47:03.655055+00	1734	17	102	4/8	20	378
295	2020-04-02 07:47:47.768846+00	2020-04-02 07:47:47.768867+00	2020-04-02 07:47:47.768558+00	1616	16	101	4/8	20	380
296	2020-04-02 07:48:04.911756+00	2020-04-02 07:48:04.911786+00	2020-04-02 07:48:04.910153+00	1780	16.7899999999999991	106	4/8	20	382
297	2020-04-02 07:48:24.13021+00	2020-04-02 07:48:24.130236+00	2020-04-02 07:48:24.129853+00	1840	17.0399999999999991	108	4/8	20	384
298	2020-04-02 07:48:51.022669+00	2020-04-02 07:48:51.022691+00	2020-04-02 07:48:51.02233+00	1740	17.0599999999999987	102	4/8	20	386
299	2020-04-02 07:49:28.35323+00	2020-04-02 07:49:28.353262+00	2020-04-02 07:49:28.352813+00	1720	14.8300000000000001	116	4/8	20	388
300	2020-04-03 04:16:53.206708+00	2020-04-03 04:16:53.206743+00	2020-04-03 04:16:53.205869+00	5205.60000000000036	48.2000000000000028	108	8/5	4	486
301	2020-04-03 04:17:15.253675+00	2020-04-03 04:17:15.253701+00	2020-04-03 04:17:15.25329+00	5005	55	91	8/5	4	487
302	2020-04-03 04:17:42.380047+00	2020-04-03 04:17:42.380073+00	2020-04-03 04:17:42.379675+00	5004.80000000000018	54.3999999999999986	92	8/5	4	488
303	2020-04-03 04:18:01.386531+00	2020-04-03 04:18:01.386569+00	2020-04-03 04:18:01.385927+00	5605.60000000000036	61.6000000000000014	91	8/5	4	291
304	2020-04-03 04:18:19.368451+00	2020-04-03 04:18:19.368471+00	2020-04-03 04:18:19.368167+00	5913.60000000000036	61.6000000000000014	96	8/5	4	292
305	2020-04-03 06:12:27.4083+00	2020-04-03 06:12:27.408321+00	2020-04-03 06:12:27.407967+00	4733.39999999999964	48.2999999999999972	98	8/6	17	489
306	2020-04-05 08:24:27.416575+00	2020-04-05 08:24:27.416604+00	2020-04-05 08:24:27.416049+00	854	7.91000000000000014	108	3/4	4	546
307	2020-04-05 08:24:31.557865+00	2020-04-05 08:24:31.557885+00	2020-04-05 08:24:31.557601+00	108	1	108	3/4	4	547
308	2020-04-05 08:24:38.137225+00	2020-04-05 08:24:38.13725+00	2020-04-05 08:24:38.136865+00	826	7.94000000000000039	104	3/4	4	548
309	2020-04-05 08:24:45.058548+00	2020-04-05 08:24:45.058579+00	2020-04-05 08:24:45.058231+00	805	7	115	3/4	4	549
310	2020-04-05 08:24:49.708649+00	2020-04-05 08:24:49.708669+00	2020-04-05 08:24:49.708385+00	708	6.94000000000000039	102	3/4	4	550
311	2020-04-06 07:16:29.850787+00	2020-04-06 07:16:29.850818+00	2020-04-06 07:16:29.850163+00	4740	50.4299999999999997	94	8/6	17	245
312	2020-04-06 07:16:47.348578+00	2020-04-06 07:16:47.348608+00	2020-04-06 07:16:47.348206+00	5560	49.6400000000000006	112	8/6	17	246
313	2020-04-06 07:17:22.459603+00	2020-04-06 07:17:22.459629+00	2020-04-06 07:17:22.459216+00	5780	50.259999999999998	115	8/6	17	554
314	2020-04-06 07:17:56.368022+00	2020-04-06 07:17:56.368041+00	2020-04-06 07:17:56.367673+00	5590	51.2800000000000011	109	8/6	17	556
315	2020-04-06 07:18:02.880162+00	2020-04-06 07:18:02.880182+00	2020-04-06 07:18:02.879882+00	5590	51.2800000000000011	109	8/6	17	556
316	2020-04-06 07:18:13.83056+00	2020-04-06 07:18:13.830592+00	2020-04-06 07:18:13.829997+00	4168	38.5900000000000034	108	8/6	17	558
317	2020-04-09 05:31:31.372047+00	2020-04-09 05:31:31.372077+00	2020-04-09 05:31:31.371489+00	2000	21.2800000000000011	94	4/8	20	429
318	2020-04-09 05:31:49.856357+00	2020-04-09 05:31:49.856392+00	2020-04-09 05:31:49.855956+00	1740	19.120000000000001	91	4/8	20	582
319	2020-04-09 05:32:05.866494+00	2020-04-09 05:32:05.866513+00	2020-04-09 05:32:05.866214+00	1690	18.1700000000000017	93	4/8	20	583
320	2020-04-09 05:32:23.999283+00	2020-04-09 05:32:23.999303+00	2020-04-09 05:32:23.998973+00	1860	18.9800000000000004	98	4/8	20	585
321	2020-04-09 05:44:03.642763+00	2020-04-09 05:44:03.642799+00	2020-04-09 05:44:03.642068+00	210	17.5	12	4/8	20	587
322	2020-04-11 06:35:21.426103+00	2020-04-11 06:35:21.426133+00	2020-04-11 06:35:21.425601+00	871	7.25999999999999979	120	3/4	15	745
323	2020-04-11 06:36:06.244766+00	2020-04-11 06:36:06.244792+00	2020-04-11 06:36:06.24434+00	1023	8.74000000000000021	117	3/4	15	746
324	2020-04-11 06:36:50.990641+00	2020-04-11 06:36:50.990675+00	2020-04-11 06:36:50.990105+00	941	7.83999999999999986	120	3/4	15	747
325	2020-04-11 06:37:19.868844+00	2020-04-11 06:37:19.868863+00	2020-04-11 06:37:19.868566+00	825	6.87999999999999989	120	3/4	15	748
326	2020-04-11 06:43:35.556653+00	2020-04-11 06:43:35.556681+00	2020-04-11 06:43:35.556193+00	945	8.00999999999999979	118	3/4	15	774
327	2020-04-13 05:38:23.296174+00	2020-04-13 05:38:23.296189+00	2020-04-13 05:38:23.295905+00	4940	54.2899999999999991	91	8/6	17	847
328	2020-04-13 05:39:11.653077+00	2020-04-13 05:39:11.653099+00	2020-04-13 05:39:11.652715+00	4112	49.5399999999999991	83	8/6	17	797
329	2020-04-13 05:39:31.334351+00	2020-04-13 05:39:31.33437+00	2020-04-13 05:39:31.334076+00	4260	48.9699999999999989	87	8/6	17	799
330	2020-04-13 07:24:05.685293+00	2020-04-13 07:24:05.685318+00	2020-04-13 07:24:05.684851+00	4600	47.4200000000000017	97	8/6	17	271
331	2020-04-13 07:24:23.488507+00	2020-04-13 07:24:23.488538+00	2020-04-13 07:24:23.488109+00	4980	50.2999999999999972	99	8/6	17	852
332	2020-04-16 05:43:44.614208+00	2020-04-16 05:43:44.614229+00	2020-04-16 05:43:44.613861+00	2030	23.3299999999999983	87	4/8	20	982
333	2020-04-16 05:44:38.821947+00	2020-04-16 05:44:38.821966+00	2020-04-16 05:44:38.821664+00	1870	23.6700000000000017	79	4/8	20	435
334	2020-04-16 05:45:16.593633+00	2020-04-16 05:45:16.593652+00	2020-04-16 05:45:16.593349+00	2010	20.9400000000000013	96	4/8	20	986
335	2020-04-16 05:45:46.292762+00	2020-04-16 05:45:46.292792+00	2020-04-16 05:45:46.292289+00	1900	17.9200000000000017	106	4/8	20	988
336	2020-04-16 05:46:48.958865+00	2020-04-16 05:46:48.95889+00	2020-04-16 05:46:48.958532+00	1666	17	98	4/8	20	990
337	2020-04-16 05:47:10.951386+00	2020-04-16 05:47:10.951408+00	2020-04-16 05:47:10.951065+00	204	17	12	4/8	20	992
338	2020-04-16 05:47:37.523901+00	2020-04-16 05:47:37.52392+00	2020-04-16 05:47:37.52364+00	187	17	11	4/8	20	994
339	2020-04-16 05:48:38.306517+00	2020-04-16 05:48:38.306544+00	2020-04-16 05:48:38.306052+00	1740	18.120000000000001	96	4/8	20	984
\.


--
-- Data for Name: piglets_piglets; Type: TABLE DATA; Schema: public; Owner: postgres
--

COPY public.piglets_piglets (id, created_at, modified_at, start_quantity, quantity, gilts_quantity, active, location_id, merger_as_parent_id, split_as_child_id, status_id, transfer_part_number) FROM stdin;
311	2020-04-01 11:18:22.163204+00	2020-04-02 07:05:32.894625+00	91	89	0	t	435	\N	\N	4	\N
407	2020-04-02 08:19:24.481686+00	2020-04-14 08:53:36.065589+00	13	13	0	f	138	\N	\N	1	\N
276	2020-04-01 11:06:05.17444+00	2020-04-02 06:49:23.191078+00	90	90	0	t	385	\N	\N	4	\N
314	2020-04-01 11:45:42.262568+00	2020-04-07 07:23:30.8867+00	95	94	0	t	438	\N	\N	4	\N
279	2020-04-01 11:07:04.989187+00	2020-04-02 06:49:56.765613+00	95	95	0	t	388	\N	\N	4	\N
265	2020-04-01 11:02:20.714775+00	2020-04-02 07:09:09.625267+00	114	113	0	t	371	\N	\N	4	\N
282	2020-04-01 11:07:55.958886+00	2020-04-02 06:50:31.819177+00	98	98	0	t	391	\N	\N	4	\N
456	2020-04-03 02:37:02.945161+00	2020-04-03 02:37:02.945188+00	109	109	0	t	331	\N	59	4	\N
285	2020-04-01 11:08:58.280074+00	2020-04-02 06:50:50.052935+00	95	95	0	t	394	\N	\N	4	\N
323	2020-04-01 11:47:01.263164+00	2020-04-02 07:10:39.819322+00	102	101	0	t	447	\N	\N	4	\N
268	2020-04-01 11:02:56.013174+00	2020-04-02 07:11:26.257459+00	101	100	0	t	374	\N	\N	4	\N
367	2020-04-02 07:23:59.768076+00	2020-04-02 07:23:59.80688+00	3	3	0	f	340	18	31	4	\N
368	2020-04-02 07:23:59.818174+00	2020-04-02 07:23:59.818203+00	44	44	0	f	340	19	\N	\N	\N
270	2020-04-01 11:04:19.276497+00	2020-04-02 07:12:45.422735+00	106	102	0	t	375	\N	\N	4	\N
442	2020-04-03 02:34:45.317291+00	2020-04-03 02:34:45.350657+00	6	6	0	f	339	35	54	4	\N
388	2020-04-02 07:39:48.47851+00	2020-04-02 07:51:33.706959+00	116	116	0	t	350	\N	40	4	\N
421	2020-04-03 02:29:07.640084+00	2020-04-03 06:38:28.553742+00	12	0	0	f	313	\N	47	4	\N
256	2020-04-01 11:00:59.611147+00	2020-04-02 06:54:30.506249+00	87	87	0	t	362	\N	\N	4	\N
235	2020-04-01 10:12:04.105638+00	2020-04-02 07:25:01.771416+00	105	104	0	f	329	\N	\N	4	\N
297	2020-04-01 11:12:03.016338+00	2020-04-08 02:24:02.82337+00	105	0	0	f	418	\N	\N	4	\N
303	2020-04-01 11:14:03.597226+00	2020-04-15 02:28:20.23355+00	99	90	0	t	424	\N	\N	4	\N
331	2020-04-02 07:19:29.053708+00	2020-04-02 07:19:29.053727+00	99	99	0	t	304	\N	19	4	\N
308	2020-04-01 11:15:13.307718+00	2020-04-02 06:47:08.717811+00	108	108	0	t	413	\N	\N	4	\N
244	2020-04-01 10:21:49.898998+00	2020-04-02 06:07:17.474678+00	110	110	0	t	338	\N	\N	4	\N
348	2020-04-02 07:22:14.949686+00	2020-04-03 02:32:06.710362+00	100	100	0	f	320	\N	25	4	\N
273	2020-04-01 11:04:49.870202+00	2020-04-13 04:40:31.098448+00	90	90	0	f	378	\N	\N	4	\N
329	2020-04-02 07:02:37.739273+00	2020-04-02 07:02:37.739302+00	79	79	0	t	11	\N	18	2	\N
262	2020-04-01 11:01:46.643541+00	2020-04-14 03:43:09.008297+00	105	104	0	t	368	\N	\N	4	\N
330	2020-04-02 07:02:37.748357+00	2020-04-02 07:02:37.780349+00	19	19	0	t	11	\N	18	3	\N
401	2020-04-02 08:15:30.070137+00	2020-04-02 08:15:30.07017+00	12	12	0	f	118	140	\N	1	\N
332	2020-04-02 07:19:29.063015+00	2020-04-02 07:19:29.096559+00	1	1	0	f	340	7	19	4	\N
300	2020-04-01 11:13:09.526622+00	2020-04-14 02:22:53.200203+00	106	0	0	f	422	\N	\N	4	\N
457	2020-04-03 02:37:02.955325+00	2020-04-03 02:37:02.998211+00	4	4	0	f	339	40	59	4	\N
455	2020-04-03 02:36:23.344886+00	2020-04-03 02:36:23.344903+00	40	40	0	f	339	40	\N	\N	\N
340	2020-04-02 07:21:26.014154+00	2020-04-02 07:21:26.047145+00	6	6	0	f	340	9	22	4	\N
341	2020-04-02 07:21:26.055594+00	2020-04-02 07:21:26.055621+00	15	15	0	f	340	10	\N	\N	\N
225	2020-04-01 09:36:16.759735+00	2020-04-02 07:22:04.548354+00	99	98	0	f	319	\N	\N	4	\N
238	2020-04-01 10:13:23.962837+00	2020-04-03 02:37:19.357582+00	96	96	0	f	332	\N	\N	4	\N
458	2020-04-03 02:37:03.013728+00	2020-04-03 02:37:03.01376+00	44	44	0	f	339	41	\N	\N	\N
429	2020-04-03 02:32:27.960485+00	2020-04-09 05:34:51.529259+00	94	94	0	f	346	63	50	4	\N
349	2020-04-02 07:22:14.958091+00	2020-04-02 07:22:14.986104+00	2	2	0	f	340	12	25	4	\N
350	2020-04-02 07:22:14.994634+00	2020-04-02 07:22:14.994656+00	30	30	0	f	340	13	\N	\N	\N
229	2020-04-01 09:39:41.464807+00	2020-04-02 07:23:03.307312+00	94	92	0	f	323	\N	\N	4	\N
259	2020-04-01 11:01:21.336447+00	2020-04-14 07:06:46.945113+00	90	87	0	t	365	\N	\N	4	\N
228	2020-04-01 09:36:28.208511+00	2020-04-02 07:23:06.805607+00	99	99	0	f	322	\N	\N	4	\N
414	2020-04-02 08:24:26.053795+00	2020-04-14 08:39:14.757981+00	13	13	0	f	121	\N	45	1	\N
464	2020-04-03 02:37:36.961681+00	2020-04-03 02:37:36.961709+00	52	52	0	f	339	43	\N	\N	\N
358	2020-04-02 07:23:06.781404+00	2020-04-02 07:23:06.816798+00	4	4	0	f	340	15	28	4	\N
359	2020-04-02 07:23:06.828278+00	2020-04-02 07:23:06.828308+00	38	38	0	f	340	16	\N	\N	\N
453	2020-04-03 02:36:23.294368+00	2020-04-03 02:42:49.405206+00	96	96	0	f	330	\N	58	4	\N
253	2020-04-01 11:00:33.01004+00	2020-04-16 00:49:03.656493+00	88	87	0	t	359	\N	\N	4	\N
326	2020-04-01 11:47:21.60823+00	2020-04-16 06:56:56.77779+00	105	103	0	f	450	\N	\N	4	\N
291	2020-04-01 11:10:37.401679+00	2020-04-03 04:18:43.621863+00	91	91	0	t	403	\N	\N	4	\N
288	2020-04-01 11:09:55.180867+00	2020-04-03 05:08:32.083394+00	86	85	0	t	397	\N	\N	4	\N
447	2020-04-03 02:35:42.661507+00	2020-04-03 02:35:42.66154+00	104	104	0	f	328	51	56	4	\N
306	2020-04-01 11:14:34.441786+00	2020-04-03 06:24:37.327173+00	97	95	0	f	427	\N	\N	4	\N
441	2020-04-03 02:34:45.307899+00	2020-04-16 05:43:20.351564+00	98	98	0	f	326	\N	54	4	\N
339	2020-04-02 07:21:26.004498+00	2020-04-02 07:39:32.656192+00	103	103	0	f	317	\N	22	4	\N
320	2020-04-01 11:46:28.92998+00	2020-04-03 08:14:03.197267+00	105	105	0	t	444	\N	\N	4	\N
416	2020-04-02 08:24:26.114013+00	2020-04-04 03:54:06.20416+00	11	11	0	f	125	52	\N	\N	\N
250	2020-04-01 10:59:21.273559+00	2020-04-06 01:00:47.582521+00	84	83	0	t	356	\N	\N	4	\N
247	2020-04-01 10:58:36.051255+00	2020-04-06 06:32:56.498968+00	115	113	0	f	347	\N	\N	4	\N
375	2020-04-02 07:37:26.718501+00	2020-04-02 07:37:26.718523+00	44	44	0	f	340	21	34	\N	\N
390	2020-04-02 07:41:56.730528+00	2020-04-02 07:41:56.765067+00	1	1	0	f	340	21	41	4	\N
391	2020-04-02 07:41:56.775466+00	2020-04-02 07:41:56.775485+00	45	45	0	f	340	22	\N	\N	\N
317	2020-04-01 11:45:53.945249+00	2020-04-16 06:43:55.062392+00	101	99	0	f	441	\N	\N	4	\N
241	2020-04-01 10:21:16.533879+00	2020-04-08 01:15:46.792403+00	99	95	0	f	335	\N	\N	4	\N
395	2020-04-02 07:50:07.165185+00	2020-04-02 07:50:07.165215+00	107	107	0	t	355	\N	\N	\N	\N
376	2020-04-02 07:37:26.72751+00	2020-04-02 07:49:58.870775+00	5	5	0	f	355	23	34	4	\N
382	2020-04-02 07:38:49.059138+00	2020-04-02 07:51:04.304604+00	106	106	0	t	353	\N	37	4	\N
398	2020-04-02 08:13:43.37461+00	2020-04-02 08:13:43.37464+00	12	12	0	t	113	\N	\N	1	\N
415	2020-04-02 08:24:26.064989+00	2020-04-02 08:24:26.102091+00	2	2	0	f	116	26	45	1	\N
404	2020-04-02 08:16:13.701664+00	2020-04-02 08:16:13.701693+00	9	9	0	f	129	27	\N	1	\N
294	2020-04-01 11:11:51.573849+00	2020-04-03 01:59:40.425344+00	106	0	0	f	415	\N	\N	4	\N
387	2020-04-02 07:39:48.471857+00	2020-04-03 02:25:54.55481+00	6	0	0	f	318	\N	40	4	\N
381	2020-04-02 07:38:49.050971+00	2020-04-03 02:26:20.283204+00	5	0	0	f	315	\N	37	4	\N
422	2020-04-03 02:29:07.652583+00	2020-04-03 02:29:07.703122+00	6	6	0	f	339	29	47	4	\N
357	2020-04-02 07:23:06.770744+00	2020-04-03 02:32:27.981333+00	95	95	0	f	322	\N	28	4	\N
430	2020-04-03 02:32:27.965093+00	2020-04-03 02:32:27.991545+00	1	1	0	f	339	31	50	4	\N
431	2020-04-03 02:32:28.003611+00	2020-04-03 02:32:28.003647+00	13	13	0	f	339	32	\N	\N	\N
436	2020-04-03 02:33:54.76227+00	2020-04-03 02:33:54.79556+00	5	5	0	f	339	33	52	4	\N
232	2020-04-01 09:55:44.565455+00	2020-04-03 02:34:45.341285+00	106	104	0	f	326	\N	\N	4	\N
366	2020-04-02 07:23:59.754874+00	2020-04-03 02:35:29.56596+00	102	102	0	f	327	\N	31	4	\N
443	2020-04-03 02:34:45.359729+00	2020-04-03 02:34:45.359758+00	28	28	0	f	339	36	\N	\N	\N
448	2020-04-03 02:35:42.671221+00	2020-04-03 02:35:42.703057+00	3	3	0	f	339	37	56	4	\N
389	2020-04-02 07:41:56.719543+00	2020-04-03 02:36:00.510193+00	102	102	0	f	329	\N	41	4	\N
449	2020-04-03 02:35:42.713458+00	2020-04-03 02:35:42.713489+00	34	34	0	f	339	38	\N	\N	\N
454	2020-04-03 02:36:23.303103+00	2020-04-03 02:36:23.335874+00	3	3	0	f	339	39	58	4	\N
459	2020-04-03 02:37:19.328331+00	2020-04-03 02:37:19.328355+00	91	91	0	t	332	\N	60	4	\N
309	2020-04-01 11:18:06.574999+00	2020-04-02 07:04:13.310824+00	100	96	0	t	433	\N	\N	4	\N
312	2020-04-01 11:26:04.261339+00	2020-04-02 07:06:26.136425+00	93	91	0	t	436	\N	\N	4	\N
277	2020-04-01 11:06:17.926522+00	2020-04-02 06:49:36.304218+00	91	91	0	t	386	\N	\N	4	\N
324	2020-04-01 11:47:14.10298+00	2020-04-03 06:13:26.978923+00	101	99	0	t	448	\N	\N	4	\N
570	2020-04-08 05:17:42.651574+00	2020-04-08 05:17:42.681298+00	0	0	0	f	252	\N	\N	1	\N
280	2020-04-01 11:07:14.069792+00	2020-04-02 06:50:03.548944+00	92	92	0	t	389	\N	\N	4	\N
266	2020-04-01 11:02:44.946399+00	2020-04-02 07:09:48.090663+00	104	103	0	t	372	\N	\N	4	\N
394	2020-04-02 07:42:22.794081+00	2020-04-09 05:19:11.109061+00	46	40	0	f	340	\N	\N	\N	\N
361	2020-04-02 07:23:29.229447+00	2020-04-02 07:23:29.249808+00	1	1	0	f	340	16	29	4	\N
362	2020-04-02 07:23:29.256275+00	2020-04-02 07:23:29.256293+00	39	39	0	f	340	17	\N	\N	\N
283	2020-04-01 11:08:45.407105+00	2020-04-02 06:50:37.440175+00	107	107	0	t	392	\N	\N	4	\N
304	2020-04-01 11:14:07.820366+00	2020-04-04 00:50:38.157385+00	101	97	0	t	425	\N	\N	4	\N
233	2020-04-01 10:11:54.173194+00	2020-04-02 07:23:59.794854+00	108	105	0	f	327	\N	\N	4	\N
383	2020-04-02 07:39:13.438721+00	2020-04-03 06:37:24.886105+00	2	0	0	f	316	\N	38	4	\N
289	2020-04-01 11:09:58.549885+00	2020-04-02 06:51:28.288651+00	86	86	0	t	398	\N	\N	4	\N
463	2020-04-03 02:37:36.920447+00	2020-04-03 02:37:36.951134+00	3	3	0	f	339	42	61	4	\N
254	2020-04-01 11:00:36.56972+00	2020-04-02 06:53:13.083436+00	65	65	0	t	360	\N	\N	4	\N
260	2020-04-01 11:01:26.447243+00	2020-04-02 06:55:42.24523+00	79	79	0	t	366	\N	\N	4	\N
399	2020-04-02 08:14:59.490438+00	2020-04-11 01:29:46.679549+00	12	12	0	f	114	\N	\N	1	\N
286	2020-04-01 11:09:21.65124+00	2020-04-14 08:01:00.650351+00	90	89	0	t	395	\N	\N	4	\N
199	2020-03-31 06:53:19.147138+00	2020-04-11 01:31:35.918784+00	13	13	0	f	124	\N	\N	1	\N
465	2020-04-03 02:37:54.614694+00	2020-04-15 01:19:05.069058+00	99	99	0	f	334	\N	62	4	\N
438	2020-04-03 02:34:31.451415+00	2020-04-16 05:34:55.903761+00	99	99	0	f	325	\N	53	4	\N
274	2020-04-01 11:04:58.499165+00	2020-04-13 04:39:57.579676+00	87	85	0	f	379	\N	\N	4	\N
460	2020-04-03 02:37:19.337807+00	2020-04-03 02:37:19.368878+00	5	5	0	f	339	41	60	4	\N
315	2020-04-01 11:45:47.150765+00	2020-04-02 06:56:42.82181+00	101	98	0	t	439	\N	\N	4	\N
370	2020-04-02 07:24:39.515762+00	2020-04-02 07:24:39.550996+00	4	4	0	f	340	19	32	4	\N
263	2020-04-01 11:02:07.384114+00	2020-04-02 06:56:47.393482+00	116	116	0	t	369	\N	\N	4	\N
423	2020-04-03 02:31:09.577943+00	2020-04-03 02:40:04.097182+00	91	91	0	f	319	\N	48	4	\N
307	2020-04-01 11:14:39.594918+00	2020-04-16 02:46:31.824744+00	94	0	0	f	428	\N	\N	4	\N
257	2020-04-01 11:01:10.944495+00	2020-04-16 06:45:24.287833+00	90	86	0	t	363	\N	\N	4	\N
318	2020-04-01 11:46:08.781743+00	2020-04-02 06:58:43.372853+00	104	103	0	t	442	\N	\N	4	\N
271	2020-04-01 11:04:28.920724+00	2020-04-13 07:25:16.675862+00	101	97	0	t	419	\N	\N	4	\N
371	2020-04-02 07:24:39.563836+00	2020-04-02 07:24:39.563864+00	48	48	0	f	340	20	\N	\N	\N
327	2020-04-01 11:47:33.350995+00	2020-04-02 07:25:20.748486+00	105	103	0	t	451	\N	\N	4	\N
248	2020-04-01 10:58:43.09917+00	2020-04-06 06:31:33.25964+00	112	110	0	f	348	\N	\N	4	\N
239	2020-04-01 10:13:25.615612+00	2020-04-03 02:37:36.940164+00	96	94	0	f	333	\N	\N	4	\N
461	2020-04-03 02:37:19.379965+00	2020-04-03 02:37:19.379991+00	49	49	0	f	339	42	\N	\N	\N
334	2020-04-02 07:20:27.925338+00	2020-04-02 07:20:27.955509+00	6	6	0	f	340	7	20	4	\N
335	2020-04-02 07:20:27.961932+00	2020-04-02 07:20:27.961951+00	7	7	0	f	340	8	\N	\N	\N
432	2020-04-03 02:33:37.071278+00	2020-04-03 02:40:26.65523+00	90	90	0	f	323	\N	51	4	\N
450	2020-04-03 02:36:00.481677+00	2020-04-03 02:42:38.830946+00	99	99	0	f	329	\N	57	4	\N
301	2020-04-01 11:13:13.471868+00	2020-04-14 02:22:19.321141+00	103	0	0	f	421	\N	\N	4	\N
343	2020-04-02 07:21:50.468861+00	2020-04-02 07:21:50.500236+00	9	9	0	f	340	10	23	4	\N
344	2020-04-02 07:21:50.507342+00	2020-04-02 07:21:50.507371+00	24	24	0	f	340	11	\N	\N	\N
226	2020-04-01 09:36:20.980043+00	2020-04-02 07:22:14.97583+00	103	102	0	f	320	\N	\N	4	\N
200	2020-03-31 06:55:15.713965+00	2020-04-06 00:06:19.109554+00	13	12	0	t	117	\N	\N	1	\N
292	2020-04-01 11:10:42.258277+00	2020-04-03 04:18:45.880635+00	96	96	0	t	404	\N	\N	4	\N
444	2020-04-03 02:35:29.535781+00	2020-04-03 02:35:29.535799+00	99	99	0	f	327	50	55	4	\N
352	2020-04-02 07:22:33.438254+00	2020-04-02 07:22:33.467486+00	3	3	0	f	340	13	26	4	\N
353	2020-04-02 07:22:33.476194+00	2020-04-02 07:22:33.476214+00	33	33	0	f	340	14	\N	\N	\N
321	2020-04-01 11:46:34.265364+00	2020-04-16 06:56:46.211139+00	98	97	0	f	445	\N	\N	4	\N
230	2020-04-01 09:50:46.852024+00	2020-04-02 07:23:29.243707+00	88	86	0	f	324	\N	\N	4	\N
295	2020-04-01 11:11:53.334922+00	2020-04-06 02:16:49.546321+00	106	0	0	f	416	\N	\N	4	\N
351	2020-04-02 07:22:33.432001+00	2020-04-08 01:16:33.768619+00	97	96	0	f	321	\N	26	4	\N
333	2020-04-02 07:20:27.918644+00	2020-04-02 07:38:49.076096+00	111	111	0	f	315	\N	20	4	\N
245	2020-04-01 10:58:05.016677+00	2020-04-06 07:19:35.522151+00	94	94	0	t	414	\N	\N	4	\N
342	2020-04-02 07:21:50.460455+00	2020-04-02 07:39:48.489514+00	122	122	0	f	318	\N	23	4	\N
251	2020-04-01 11:00:26.481331+00	2020-04-06 07:37:45.812893+00	78	77	0	t	357	\N	\N	4	\N
236	2020-04-01 10:12:08.468344+00	2020-04-02 07:42:22.775426+00	100	100	0	f	330	\N	\N	4	\N
393	2020-04-02 07:42:22.761306+00	2020-04-02 07:42:22.784878+00	1	1	0	f	340	22	42	4	\N
378	2020-04-02 07:38:07.544435+00	2020-04-02 07:50:07.152355+00	102	102	0	f	355	23	35	4	\N
384	2020-04-02 07:39:13.444732+00	2020-04-02 07:51:20.724143+00	108	108	0	t	352	\N	38	4	\N
396	2020-04-02 08:12:38.283147+00	2020-04-02 08:21:58.035881+00	6	6	0	f	110	\N	\N	1	\N
409	2020-04-02 08:21:58.014687+00	2020-04-02 08:21:58.046044+00	4	4	0	f	102	24	43	1	\N
410	2020-04-02 08:21:58.059322+00	2020-04-02 08:23:14.209678+00	21	21	0	f	102	\N	\N	\N	\N
408	2020-04-02 08:21:58.005355+00	2020-04-02 08:21:58.005382+00	2	2	0	f	110	25	43	1	\N
402	2020-04-02 08:15:44.14676+00	2020-04-02 08:24:26.090245+00	15	15	0	f	121	\N	\N	1	\N
405	2020-04-02 08:17:44.375734+00	2020-04-02 08:24:57.082181+00	5	5	0	f	133	\N	\N	1	\N
418	2020-04-02 08:24:57.0624+00	2020-04-02 08:24:57.091483+00	2	2	0	f	129	27	46	1	\N
419	2020-04-02 08:24:57.100129+00	2020-04-02 08:24:57.100145+00	11	11	0	f	129	28	\N	\N	\N
417	2020-04-02 08:24:57.053617+00	2020-04-02 08:26:11.414599+00	3	3	0	f	129	28	46	1	\N
377	2020-04-02 07:38:07.535431+00	2020-04-03 02:29:07.682703+00	18	18	0	f	313	\N	35	4	\N
424	2020-04-03 02:31:09.588907+00	2020-04-03 02:31:09.618287+00	3	3	0	f	339	29	48	4	\N
425	2020-04-03 02:31:09.625424+00	2020-04-03 02:31:09.625446+00	9	9	0	f	339	30	\N	\N	\N
433	2020-04-03 02:33:37.081259+00	2020-04-03 02:33:37.115556+00	1	1	0	f	339	32	51	4	\N
360	2020-04-02 07:23:29.219431+00	2020-04-03 02:33:54.784865+00	85	85	0	f	324	\N	29	4	\N
434	2020-04-03 02:33:37.126195+00	2020-04-03 02:33:37.126216+00	14	14	0	f	339	33	\N	\N	\N
439	2020-04-03 02:34:31.460597+00	2020-04-03 02:34:31.496064+00	3	3	0	f	339	34	53	4	\N
440	2020-04-03 02:34:31.505576+00	2020-04-03 02:34:31.505598+00	22	22	0	f	339	35	\N	\N	\N
190	2020-03-22 11:50:36.188531+00	2020-03-22 11:50:36.215301+00	31	31	0	t	11	\N	14	2	\N
445	2020-04-03 02:35:29.545599+00	2020-04-03 02:35:29.578562+00	3	3	0	f	339	36	55	4	\N
369	2020-04-02 07:24:39.506004+00	2020-04-03 02:35:42.692098+00	107	107	0	f	328	\N	32	4	\N
446	2020-04-03 02:35:29.585693+00	2020-04-03 02:35:29.585713+00	31	31	0	f	339	37	\N	\N	\N
451	2020-04-03 02:36:00.490884+00	2020-04-03 02:36:00.521533+00	3	3	0	f	339	38	57	4	\N
392	2020-04-02 07:42:22.755714+00	2020-04-03 02:36:23.325484+00	99	99	0	f	330	\N	42	4	\N
452	2020-04-03 02:36:00.528766+00	2020-04-03 02:36:00.528795+00	37	37	0	f	339	39	\N	\N	\N
202	2020-04-01 07:20:19.98103+00	2020-04-01 07:20:19.981071+00	13	13	0	t	120	\N	\N	1	\N
201	2020-04-01 07:15:57.573153+00	2020-04-08 03:06:18.636934+00	12	8	0	t	100	\N	\N	1	\N
385	2020-04-02 07:39:32.607002+00	2020-04-03 02:23:28.343737+00	1	0	0	f	317	\N	39	4	\N
380	2020-04-02 07:38:31.576743+00	2020-04-08 01:02:19.32959+00	101	100	0	t	354	\N	36	4	\N
204	2020-04-01 07:31:43.235637+00	2020-04-01 07:34:15.316961+00	12	12	0	f	248	\N	\N	1	\N
319	2020-04-01 11:46:24.673789+00	2020-04-02 06:48:02.170743+00	99	99	0	t	443	\N	\N	4	\N
302	2020-04-01 11:13:37.194833+00	2020-04-15 02:27:33.908906+00	98	0	0	f	423	\N	\N	4	\N
205	2020-04-01 07:33:09.516863+00	2020-04-01 07:33:09.516892+00	2	2	0	f	122	5	\N	1	\N
207	2020-04-01 07:34:15.298264+00	2020-04-01 07:34:15.328216+00	11	11	0	f	122	5	17	1	\N
290	2020-04-01 11:10:07.84456+00	2020-04-09 00:29:55.872465+00	89	88	0	t	399	\N	\N	4	\N
574	2020-04-08 07:41:44.017216+00	2020-04-11 03:22:10.973235+00	12	12	0	f	149	95	\N	1	\N
203	2020-04-01 07:25:13.246192+00	2020-04-01 07:25:13.246222+00	12	12	0	f	139	6	\N	1	\N
206	2020-04-01 07:34:15.289878+00	2020-04-01 07:36:06.612996+00	1	1	0	f	139	6	17	1	\N
426	2020-04-03 02:32:06.6833+00	2020-04-03 02:32:06.683321+00	97	97	0	f	320	62	49	4	\N
337	2020-04-02 07:21:04.740592+00	2020-04-02 07:21:04.762882+00	2	2	0	f	340	8	21	4	\N
322	2020-04-01 11:46:56.190873+00	2020-04-16 02:11:22.132441+00	101	100	0	t	446	\N	\N	4	\N
281	2020-04-01 11:07:36.887811+00	2020-04-02 06:50:17.007252+00	85	85	0	t	390	\N	\N	4	\N
310	2020-04-01 11:18:12.161273+00	2020-04-02 07:04:57.604566+00	96	93	0	t	434	\N	\N	4	\N
209	2020-04-01 07:36:06.625671+00	2020-04-04 05:52:13.432062+00	13	13	0	f	116	139	\N	\N	\N
223	2020-04-01 09:12:23.825181+00	2020-04-02 07:21:26.033366+00	114	109	0	f	317	\N	\N	4	\N
216	2020-04-01 08:50:07.160819+00	2020-04-09 01:02:20.415827+00	105	103	0	t	309	\N	\N	4	\N
338	2020-04-02 07:21:04.77367+00	2020-04-02 07:21:04.7737+00	9	9	0	f	340	9	\N	\N	\N
224	2020-04-01 09:12:31.130239+00	2020-04-02 07:21:50.488835+00	137	131	0	f	318	\N	\N	4	\N
379	2020-04-02 07:38:31.567357+00	2020-04-03 06:38:47.922313+00	21	0	0	f	314	\N	36	4	\N
252	2020-04-01 11:00:29.787826+00	2020-04-02 06:52:46.69042+00	80	80	0	t	358	\N	\N	4	\N
234	2020-04-01 10:11:59.867786+00	2020-04-02 07:24:39.539662+00	115	111	0	f	328	\N	\N	4	\N
258	2020-04-01 11:01:16.837104+00	2020-04-02 06:55:25.926738+00	93	93	0	t	364	\N	\N	4	\N
210	2020-04-01 08:25:16.485058+00	2020-04-01 08:50:55.081242+00	121	121	0	t	303	\N	\N	4	\N
212	2020-04-01 08:42:09.630012+00	2020-04-01 08:51:01.829928+00	116	116	0	t	305	\N	\N	4	\N
215	2020-04-01 08:50:01.781199+00	2020-04-01 08:51:12.43013+00	112	112	0	t	308	\N	\N	4	\N
217	2020-04-01 08:50:09.437607+00	2020-04-01 08:51:17.046346+00	110	110	0	t	310	\N	\N	4	\N
267	2020-04-01 11:02:50.203583+00	2020-04-02 07:10:40.319318+00	104	103	0	t	373	\N	\N	4	\N
261	2020-04-01 11:01:34.026228+00	2020-04-02 06:55:48.024878+00	89	89	0	t	367	\N	\N	4	\N
313	2020-04-01 11:26:07.370204+00	2020-04-02 06:47:11.512994+00	98	98	0	t	437	\N	\N	4	\N
218	2020-04-01 08:52:04.693615+00	2020-04-01 08:54:37.916943+00	107	107	0	t	311	\N	\N	4	\N
237	2020-04-01 10:13:06.712786+00	2020-04-03 02:37:02.982018+00	113	113	0	f	331	\N	\N	4	\N
305	2020-04-01 11:14:20.008423+00	2020-04-02 07:13:06.570311+00	99	98	0	t	426	\N	\N	4	\N
287	2020-04-01 11:09:30.407716+00	2020-04-03 05:07:41.999634+00	79	75	0	t	396	\N	\N	4	\N
293	2020-04-01 11:11:44.326861+00	2020-04-02 06:57:45.38336+00	104	-1	0	f	414	\N	\N	4	\N
336	2020-04-02 07:21:04.73001+00	2020-04-02 07:39:13.464116+00	110	110	0	f	316	\N	21	4	\N
243	2020-04-01 10:21:29.697559+00	2020-04-03 02:38:44.227539+00	99	99	0	f	337	\N	\N	4	\N
275	2020-04-01 11:05:02.340041+00	2020-04-13 05:38:23.276771+00	96	95	0	f	6	\N	\N	2	\N
211	2020-04-01 08:41:56.880663+00	2020-04-02 07:19:29.084406+00	100	100	0	f	304	\N	\N	4	\N
221	2020-04-01 09:12:13.257281+00	2020-04-02 07:20:27.944406+00	120	117	0	f	315	\N	\N	4	\N
213	2020-04-01 08:42:12.611143+00	2020-04-02 07:02:36.701894+00	117	116	0	t	306	\N	\N	4	\N
296	2020-04-01 11:11:56.668362+00	2020-04-02 07:02:37.76851+00	98	98	0	f	11	\N	\N	2	\N
462	2020-04-03 02:37:36.911689+00	2020-04-03 02:37:36.911719+00	91	91	0	t	333	\N	61	4	\N
222	2020-04-01 09:12:20.889433+00	2020-04-02 07:21:04.754027+00	114	112	0	f	316	\N	\N	4	\N
278	2020-04-01 11:06:32.999893+00	2020-04-03 05:04:23.586787+00	90	89	0	t	387	\N	\N	4	\N
284	2020-04-01 11:08:53.594127+00	2020-04-03 05:05:57.144413+00	96	94	0	t	393	\N	\N	4	\N
386	2020-04-02 07:39:32.630909+00	2020-04-04 01:11:35.287889+00	102	92	0	t	351	\N	39	4	\N
264	2020-04-01 11:02:16.186416+00	2020-04-04 01:13:03.559015+00	117	115	0	t	370	\N	\N	4	\N
435	2020-04-03 02:33:54.753529+00	2020-04-16 05:59:52.340503+00	80	79	0	t	380	\N	52	4	\N
346	2020-04-02 07:22:04.527142+00	2020-04-02 07:22:04.560804+00	4	4	0	f	340	11	24	4	\N
347	2020-04-02 07:22:04.589365+00	2020-04-02 07:22:04.589395+00	28	28	0	f	340	12	\N	\N	\N
227	2020-04-01 09:36:24.732022+00	2020-04-02 07:22:33.456602+00	101	100	0	f	321	\N	\N	4	\N
255	2020-04-01 11:00:46.656658+00	2020-04-07 07:18:09.809308+00	86	85	0	t	361	\N	\N	4	\N
249	2020-04-01 10:58:47.720613+00	2020-04-06 06:29:45.609507+00	117	116	0	f	349	\N	\N	4	\N
246	2020-04-01 10:58:12.348325+00	2020-04-06 07:19:18.065378+00	113	112	0	t	409	\N	\N	4	\N
355	2020-04-02 07:23:03.275129+00	2020-04-02 07:23:03.374181+00	1	1	0	f	340	14	27	4	\N
356	2020-04-02 07:23:03.39123+00	2020-04-02 07:23:03.391268+00	34	34	0	f	340	15	\N	\N	\N
316	2020-04-01 11:45:49.863972+00	2020-04-14 07:24:16.259739+00	100	98	0	t	440	\N	\N	4	\N
231	2020-04-01 09:52:28.002482+00	2020-04-02 07:23:30.572039+00	105	104	0	f	325	\N	\N	4	\N
208	2020-04-01 07:34:15.33668+00	2020-04-10 00:57:50.575554+00	13	13	0	f	152	69	\N	\N	\N
364	2020-04-02 07:23:30.552329+00	2020-04-02 07:23:30.585096+00	2	2	0	f	340	17	30	4	\N
365	2020-04-02 07:23:30.594593+00	2020-04-02 07:23:30.594621+00	41	41	0	f	340	18	\N	\N	\N
328	2020-04-01 11:47:38.867952+00	2020-04-08 00:33:26.794099+00	94	91	0	t	452	\N	\N	4	\N
373	2020-04-02 07:25:01.709209+00	2020-04-02 07:25:01.813031+00	1	1	0	f	340	20	33	4	\N
325	2020-04-01 11:47:18.063845+00	2020-04-02 07:26:42.903421+00	101	100	0	t	449	\N	\N	4	\N
374	2020-04-02 07:25:01.94375+00	2020-04-02 07:37:26.762202+00	49	49	0	f	340	\N	\N	\N	\N
219	2020-04-01 08:53:56.829967+00	2020-04-02 07:38:07.56543+00	120	120	0	f	313	\N	\N	4	\N
406	2020-04-02 08:19:09.859643+00	2020-04-07 01:14:27.789563+00	14	13	0	f	136	76	\N	1	\N
220	2020-04-01 08:54:01.143112+00	2020-04-02 07:38:31.602886+00	122	122	0	f	314	\N	\N	4	\N
198	2020-03-31 04:17:45.133009+00	2020-03-31 06:59:31.305857+00	3	3	0	f	86	111	\N	1	\N
299	2020-04-01 11:12:54.406645+00	2020-04-13 02:24:29.120701+00	98	0	0	f	420	\N	\N	4	\N
272	2020-04-01 11:04:45.414463+00	2020-04-13 07:16:28.055484+00	104	104	0	f	377	\N	\N	4	\N
372	2020-04-02 07:25:01.693978+00	2020-04-02 07:41:56.750743+00	103	103	0	f	329	\N	33	4	\N
403	2020-04-02 08:15:57.023264+00	2020-04-14 08:39:57.799937+00	11	11	0	f	126	\N	\N	1	\N
397	2020-04-02 08:13:13.04792+00	2020-04-02 08:13:13.047968+00	17	17	0	f	102	24	\N	1	\N
413	2020-04-02 08:23:14.231148+00	2020-04-02 08:23:14.231175+00	10	10	0	t	110	\N	\N	\N	\N
412	2020-04-02 08:23:14.193884+00	2020-04-02 08:23:14.221247+00	8	8	0	f	110	25	44	\N	\N
400	2020-04-02 08:15:14.915385+00	2020-04-02 08:15:14.91542+00	9	9	0	f	116	26	\N	1	\N
420	2020-04-02 08:26:11.423704+00	2020-04-02 08:26:11.423724+00	14	14	0	t	129	\N	\N	\N	\N
214	2020-04-01 08:49:56.946565+00	2020-04-03 02:21:18.987773+00	106	104	0	t	307	\N	\N	4	\N
345	2020-04-02 07:22:04.516041+00	2020-04-03 02:31:09.610035+00	94	94	0	f	319	\N	24	4	\N
427	2020-04-03 02:32:06.691437+00	2020-04-03 02:32:06.721747+00	3	3	0	f	339	30	49	4	\N
428	2020-04-03 02:32:06.730285+00	2020-04-03 02:32:06.730304+00	12	12	0	f	339	31	\N	\N	\N
354	2020-04-02 07:23:03.26575+00	2020-04-03 02:33:37.100741+00	91	91	0	f	323	\N	27	4	\N
363	2020-04-02 07:23:30.543964+00	2020-04-03 02:34:31.484612+00	102	102	0	f	325	\N	30	4	\N
437	2020-04-03 02:33:54.80474+00	2020-04-03 02:33:54.804763+00	19	19	0	f	339	34	\N	\N	\N
717	2020-04-11 03:22:10.980693+00	2020-04-11 03:22:44.643378+00	13	13	0	f	149	\N	\N	\N	\N
240	2020-04-01 10:13:30.648136+00	2020-04-03 02:37:54.647336+00	103	102	0	f	334	\N	\N	4	\N
495	2020-04-03 06:03:01.034557+00	2020-04-16 05:44:21.314162+00	108	107	0	f	328	\N	\N	\N	\N
466	2020-04-03 02:37:54.622937+00	2020-04-03 02:37:54.65912+00	3	3	0	f	339	43	62	4	\N
468	2020-04-03 02:38:29.413394+00	2020-04-03 02:38:29.413427+00	102	102	0	t	336	\N	63	4	\N
543	2020-04-05 07:00:34.258604+00	2020-04-12 01:12:40.975445+00	8	8	0	f	106	\N	\N	1	\N
242	2020-04-01 10:21:25.168669+00	2020-04-03 02:38:29.443786+00	105	103	0	f	336	\N	\N	4	\N
474	2020-04-03 02:40:04.051665+00	2020-04-03 02:40:04.051697+00	90	90	0	f	319	61	65	4	\N
467	2020-04-03 02:37:54.668067+00	2020-04-03 02:37:54.668095+00	55	55	0	f	339	44	\N	\N	\N
469	2020-04-03 02:38:29.423592+00	2020-04-03 02:38:29.455431+00	1	1	0	f	339	44	63	4	\N
520	2020-04-04 06:11:45.926276+00	2020-04-09 07:46:12.810817+00	8	8	0	f	71	64	\N	1	\N
505	2020-04-03 07:30:08.958393+00	2020-04-09 09:45:42.3926+00	14	9	0	t	119	\N	\N	1	\N
501	2020-04-03 07:26:25.099881+00	2020-04-10 00:53:25.238877+00	11	10	0	t	107	\N	\N	1	\N
470	2020-04-03 02:38:29.463041+00	2020-04-03 02:38:29.463071+00	56	56	0	f	339	45	\N	\N	\N
472	2020-04-03 02:38:44.207915+00	2020-04-03 02:38:44.240962+00	2	2	0	f	339	45	64	4	\N
517	2020-04-04 03:54:34.597578+00	2020-04-14 08:42:09.826749+00	14	14	0	f	137	\N	\N	\N	\N
528	2020-04-04 06:21:11.72902+00	2020-04-10 00:54:44.915643+00	13	12	0	t	82	\N	\N	\N	\N
544	2020-04-05 07:01:45.786617+00	2020-04-10 00:57:23.525504+00	14	14	0	f	139	\N	\N	1	\N
473	2020-04-03 02:38:44.252721+00	2020-04-03 02:38:44.252751+00	58	58	0	f	339	46	\N	\N	\N
475	2020-04-03 02:40:04.067306+00	2020-04-03 02:40:04.111072+00	1	1	0	f	339	46	65	4	\N
530	2020-04-04 06:22:43.987074+00	2020-04-10 03:25:57.172252+00	13	12	0	f	105	\N	75	1	\N
547	2020-04-05 08:23:45.307405+00	2020-04-11 00:58:09.891753+00	108	107	0	t	313	\N	\N	4	\N
515	2020-04-04 03:54:34.558122+00	2020-04-11 01:32:02.353472+00	13	6	0	f	125	\N	73	\N	\N
476	2020-04-03 02:40:04.160211+00	2020-04-03 02:40:04.160246+00	59	59	0	f	339	47	\N	\N	\N
478	2020-04-03 02:40:26.632498+00	2020-04-03 02:40:26.667012+00	1	1	0	f	339	47	66	4	\N
535	2020-04-04 06:37:48.567352+00	2020-04-11 01:32:17.919995+00	12	12	0	f	128	\N	\N	1	\N
507	2020-04-03 07:31:29.105141+00	2020-04-11 01:33:03.297875+00	14	13	0	f	130	\N	\N	1	\N
551	2020-04-06 06:24:24.931291+00	2020-04-11 01:33:42.398924+00	5	5	0	f	133	\N	\N	1	\N
479	2020-04-03 02:40:26.676634+00	2020-04-03 02:40:26.676653+00	60	60	0	f	339	48	\N	\N	\N
481	2020-04-03 02:42:38.810063+00	2020-04-03 02:42:38.841909+00	1	1	0	f	339	48	67	4	\N
509	2020-04-03 07:32:31.134175+00	2020-04-11 01:34:09.682108+00	12	12	0	f	132	\N	\N	1	\N
545	2020-04-05 07:03:24.899062+00	2020-04-14 08:43:57.1798+00	13	13	0	f	145	\N	\N	1	\N
482	2020-04-03 02:42:38.851406+00	2020-04-03 02:42:38.851425+00	61	61	0	f	339	49	\N	\N	\N
484	2020-04-03 02:42:49.389544+00	2020-04-03 02:42:49.418225+00	1	1	0	f	339	49	68	4	\N
510	2020-04-03 07:33:11.192066+00	2020-04-11 03:20:00.247979+00	14	14	0	f	156	94	\N	1	\N
477	2020-04-03 02:40:26.624447+00	2020-04-10 06:04:42.230108+00	89	85	0	f	323	169	66	4	\N
498	2020-04-03 06:24:37.290355+00	2020-04-16 02:47:31.220617+00	93	60	0	t	427	\N	72	4	\N
492	2020-04-03 06:02:56.55854+00	2020-04-16 05:44:46.946733+00	102	102	0	f	327	\N	\N	\N	\N
540	2020-04-05 06:59:19.010087+00	2020-04-16 00:55:12.689062+00	13	10	0	t	98	\N	76	1	\N
480	2020-04-03 02:42:38.80015+00	2020-04-14 01:32:58.409907+00	98	97	0	f	329	172	67	4	\N
486	2020-04-03 04:15:00.147662+00	2020-04-03 04:18:30.5393+00	108	108	0	t	400	\N	\N	4	\N
487	2020-04-03 04:15:15.3785+00	2020-04-03 04:18:39.092408+00	91	91	0	t	401	\N	\N	4	\N
488	2020-04-03 04:15:22.780349+00	2020-04-03 04:18:41.364371+00	92	92	0	t	402	\N	\N	4	\N
485	2020-04-03 02:42:49.429205+00	2020-04-03 06:02:56.541521+00	62	60	0	f	339	\N	\N	\N	\N
491	2020-04-03 06:02:56.508463+00	2020-04-03 06:02:56.548341+00	3	3	0	f	327	50	69	\N	\N
490	2020-04-03 06:02:56.497594+00	2020-04-03 06:03:01.014207+00	57	57	0	f	339	\N	69	\N	\N
494	2020-04-03 06:03:00.984737+00	2020-04-03 06:03:01.025291+00	4	4	0	f	328	51	70	\N	\N
503	2020-04-03 07:28:00.787827+00	2020-04-03 07:28:00.787865+00	13	13	0	t	111	\N	\N	1	\N
489	2020-04-03 04:20:52.333868+00	2020-04-03 06:17:58.491571+00	98	98	19	f	417	\N	\N	4	\N
497	2020-04-03 06:17:58.480142+00	2020-04-03 06:17:58.500197+00	19	19	19	t	11	\N	71	2	\N
499	2020-04-03 06:24:37.300428+00	2020-04-03 06:24:37.343788+00	2	2	0	t	11	\N	72	2	\N
500	2020-04-03 07:25:20.206675+00	2020-04-03 07:25:20.206713+00	13	13	0	t	96	\N	\N	1	\N
508	2020-04-03 07:32:04.982039+00	2020-04-03 07:32:04.982084+00	12	12	0	t	131	\N	\N	1	\N
511	2020-04-03 07:33:46.657115+00	2020-04-03 07:33:46.657209+00	11	11	0	t	135	\N	\N	1	\N
506	2020-04-03 07:30:44.933758+00	2020-04-03 07:30:44.933793+00	9	9	0	f	125	52	\N	1	\N
514	2020-04-04 03:54:06.214176+00	2020-04-04 03:54:34.584202+00	20	20	0	f	125	\N	\N	\N	\N
516	2020-04-04 03:54:34.567124+00	2020-04-04 03:54:34.590894+00	7	7	0	f	137	53	73	\N	\N
512	2020-04-03 07:34:32.548764+00	2020-04-03 07:34:32.5488+00	7	7	0	f	137	53	\N	1	\N
524	2020-04-04 06:19:36.460131+00	2020-04-04 06:19:36.460163+00	12	12	0	t	103	\N	\N	1	\N
526	2020-04-04 06:21:11.677391+00	2020-04-04 06:21:11.677416+00	13	13	0	t	104	\N	74	1	\N
525	2020-04-04 06:20:21.418247+00	2020-04-04 06:21:11.708152+00	17	17	0	f	104	\N	\N	1	\N
527	2020-04-04 06:21:11.688055+00	2020-04-04 06:21:11.718575+00	4	4	0	f	82	54	74	1	\N
519	2020-04-04 06:09:54.869932+00	2020-04-04 06:09:54.869967+00	9	9	0	f	82	54	\N	1	\N
529	2020-04-04 06:22:15.269768+00	2020-04-04 06:22:44.015226+00	15	15	0	f	105	\N	\N	1	\N
532	2020-04-04 06:22:44.032284+00	2020-04-04 06:22:44.032308+00	11	11	0	t	99	\N	\N	\N	\N
531	2020-04-04 06:22:43.995804+00	2020-04-04 06:22:44.023581+00	2	2	0	f	99	55	75	1	\N
522	2020-04-04 06:16:54.511204+00	2020-04-04 06:16:54.511234+00	9	9	0	f	99	55	\N	1	\N
537	2020-04-04 06:47:49.465235+00	2020-04-04 06:47:49.465253+00	14	14	0	t	127	\N	\N	\N	\N
518	2020-04-04 05:22:57.555303+00	2020-04-04 06:47:49.456401+00	6	6	0	f	127	56	\N	1	\N
536	2020-04-04 06:47:32.235226+00	2020-04-04 06:47:32.23526+00	8	8	0	f	127	56	\N	1	\N
534	2020-04-04 06:28:37.708845+00	2020-04-05 00:23:15.121106+00	13	12	0	t	123	\N	\N	1	\N
504	2020-04-03 07:28:53.52016+00	2020-04-05 00:24:02.66142+00	9	8	0	t	115	\N	\N	1	\N
483	2020-04-03 02:42:49.385201+00	2020-04-05 01:02:36.801447+00	95	94	0	t	330	\N	68	4	\N
538	2020-04-05 06:58:06.489027+00	2020-04-05 06:59:19.040351+00	15	15	0	f	98	\N	\N	1	\N
542	2020-04-05 06:59:19.084597+00	2020-04-05 06:59:19.084626+00	11	11	0	t	109	\N	\N	\N	\N
541	2020-04-05 06:59:19.01916+00	2020-04-05 06:59:19.054939+00	2	2	0	f	109	57	76	1	\N
539	2020-04-05 06:58:38.099703+00	2020-04-05 06:58:38.099737+00	9	9	0	f	109	57	\N	1	\N
533	2020-04-04 06:24:48.271013+00	2020-04-06 00:07:13.928922+00	12	11	0	t	112	\N	\N	1	\N
502	2020-04-03 07:27:19.394856+00	2020-04-06 00:07:47.934938+00	11	10	0	t	108	\N	\N	1	\N
552	2020-04-06 06:25:35.54072+00	2020-04-06 06:25:35.540753+00	12	12	0	t	148	\N	\N	1	\N
549	2020-04-05 08:24:02.519287+00	2020-04-06 07:04:04.15476+00	115	115	0	t	315	\N	\N	4	\N
550	2020-04-05 08:24:05.353306+00	2020-04-06 07:04:08.601037+00	102	102	0	t	316	\N	\N	4	\N
471	2020-04-03 02:38:44.199663+00	2020-04-08 01:14:16.186675+00	97	96	0	t	337	\N	64	4	\N
523	2020-04-04 06:17:49.162092+00	2020-04-07 01:16:12.146461+00	12	11	0	t	101	\N	\N	1	\N
496	2020-04-03 06:17:58.475509+00	2020-04-07 02:27:51.183849+00	79	0	0	f	417	\N	71	4	\N
548	2020-04-05 08:23:59.833753+00	2020-04-08 01:15:11.758498+00	104	103	0	t	314	\N	\N	4	\N
493	2020-04-03 06:03:00.974898+00	2020-04-08 01:12:43.403855+00	53	51	0	f	339	58	70	\N	\N
559	2020-04-07 03:25:06.856587+00	2020-04-08 03:45:02.360269+00	0	0	0	f	251	\N	\N	1	\N
557	2020-04-06 06:32:56.473323+00	2020-04-08 04:20:56.349788+00	5	0	0	f	347	\N	79	4	\N
719	2020-04-11 03:22:44.625691+00	2020-04-11 03:22:44.650883+00	11	11	0	t	140	\N	113	\N	\N
598	2020-04-09 08:18:10.204764+00	2020-04-14 08:46:09.437867+00	13	13	0	f	154	\N	\N	\N	\N
571	2020-04-08 07:09:32.203192+00	2020-04-08 07:10:46.832775+00	6	6	0	f	173	\N	\N	1	\N
606	2020-04-09 09:18:24.372946+00	2020-04-11 06:40:09.011778+00	14	14	0	f	170	\N	87	1	\N
609	2020-04-09 09:20:38.510816+00	2020-04-11 06:41:14.779216+00	12	12	0	f	172	\N	\N	1	\N
579	2020-04-08 07:45:12.853993+00	2020-04-11 06:41:34.473001+00	12	12	0	f	173	\N	\N	\N	\N
610	2020-04-09 09:26:12.953002+00	2020-04-11 06:41:49.112156+00	10	10	0	f	174	\N	\N	1	\N
554	2020-04-06 06:29:45.588243+00	2020-04-06 07:18:46.549028+00	115	115	0	t	412	\N	77	4	\N
556	2020-04-06 06:31:33.240233+00	2020-04-06 07:18:56.151901+00	109	109	0	t	411	\N	78	4	\N
558	2020-04-06 06:32:56.482264+00	2020-04-06 07:19:07.064851+00	108	108	0	t	410	\N	79	4	\N
546	2020-04-05 08:23:38.116042+00	2020-04-07 01:07:56.318054+00	108	107	0	t	312	\N	\N	4	\N
553	2020-04-06 06:29:45.579303+00	2020-04-07 07:11:19.641868+00	1	-1	0	f	349	\N	77	4	\N
555	2020-04-06 06:31:33.230994+00	2020-04-07 07:13:51.389712+00	1	0	0	f	348	\N	78	4	\N
601	2020-04-09 08:34:38.15238+00	2020-04-11 06:42:05.875602+00	13	13	0	f	165	\N	\N	1	\N
411	2020-04-02 08:23:14.186528+00	2020-04-12 01:07:42.54579+00	13	7	0	t	102	\N	44	1	\N
561	2020-04-07 07:58:52.171267+00	2020-04-09 07:58:13.131888+00	11	11	0	f	91	114	\N	1	\N
600	2020-04-09 08:31:23.218755+00	2020-04-09 08:31:23.218785+00	12	12	0	f	157	149	\N	1	\N
629	2020-04-10 03:25:57.151069+00	2020-04-12 01:13:26.087481+00	9	9	0	f	105	\N	93	1	\N
593	2020-04-09 08:05:42.615501+00	2020-04-09 08:06:40.045376+00	10	10	0	f	142	141	\N	1	\N
622	2020-04-10 01:05:51.485103+00	2020-04-14 00:49:55.343678+00	14	13	0	t	186	\N	\N	\N	\N
623	2020-04-10 01:06:10.904212+00	2020-04-14 00:50:54.424916+00	14	13	0	t	183	\N	\N	\N	\N
565	2020-04-08 01:15:46.77189+00	2020-04-08 01:15:46.807781+00	2	2	0	f	339	58	80	4	\N
578	2020-04-08 07:45:12.82484+00	2020-04-08 07:45:12.824874+00	9	9	0	f	188	60	\N	1	\N
572	2020-04-08 07:10:46.79561+00	2020-04-08 07:17:34.223919+00	3	3	0	f	188	60	82	1	\N
566	2020-04-08 01:15:46.817585+00	2020-04-08 01:15:46.817608+00	53	53	0	f	339	59	\N	\N	\N
568	2020-04-08 01:16:33.757531+00	2020-04-08 01:16:33.775364+00	1	1	0	f	339	59	81	4	\N
603	2020-04-09 09:07:45.521012+00	2020-04-09 09:07:45.521045+00	12	12	0	f	169	163	\N	1	\N
298	2020-04-01 11:12:46.104504+00	2020-04-09 01:49:46.850682+00	106	0	0	f	419	\N	\N	4	\N
583	2020-04-09 05:17:12.128273+00	2020-04-14 07:01:17.559467+00	93	91	0	t	347	\N	84	4	\N
567	2020-04-08 01:16:33.752935+00	2020-04-09 05:16:56.124526+00	95	95	0	f	321	\N	81	4	\N
576	2020-04-08 07:42:34.66754+00	2020-04-09 08:24:46.691955+00	9	9	0	f	144	143	\N	1	\N
569	2020-04-08 01:16:33.782417+00	2020-04-14 01:33:37.590701+00	54	51	0	f	339	151	\N	\N	\N
581	2020-04-09 05:16:56.093662+00	2020-04-09 05:16:56.14179+00	1	1	0	f	319	61	83	4	\N
602	2020-04-09 08:39:29.517414+00	2020-04-09 08:39:29.517444+00	12	12	0	f	166	165	\N	1	\N
586	2020-04-09 05:19:11.050035+00	2020-04-16 05:45:47.042066+00	28	28	0	f	340	\N	85	\N	\N
580	2020-04-09 05:16:56.082449+00	2020-04-09 05:17:12.163463+00	94	94	0	f	321	\N	83	4	\N
584	2020-04-09 05:17:12.142643+00	2020-04-09 05:17:12.17572+00	1	1	0	f	320	62	84	4	\N
582	2020-04-09 05:16:56.150498+00	2020-04-09 05:34:05.758375+00	91	91	0	t	349	\N	\N	4	\N
585	2020-04-09 05:17:12.186779+00	2020-04-09 05:34:37.700187+00	98	98	0	t	348	\N	\N	4	\N
588	2020-04-09 05:44:37.255727+00	2020-04-09 05:44:37.255745+00	106	106	0	t	346	\N	\N	\N	\N
587	2020-04-09 05:19:11.068194+00	2020-04-09 05:44:37.245787+00	12	12	0	f	346	63	85	4	\N
589	2020-04-09 07:30:08.064301+00	2020-04-09 07:32:37.128975+00	6	6	0	f	172	\N	\N	1	\N
513	2020-04-03 07:35:29.260366+00	2020-04-09 07:45:59.024842+00	10	5	0	f	71	64	\N	1	\N
575	2020-04-08 07:42:18.519442+00	2020-04-09 08:00:32.491475+00	12	12	0	t	87	\N	\N	1	\N
595	2020-04-09 08:10:49.788084+00	2020-04-09 08:10:49.788101+00	10	10	0	t	147	\N	\N	\N	\N
594	2020-04-09 08:10:49.763272+00	2020-04-09 08:10:49.763302+00	7	7	0	f	147	65	\N	1	\N
573	2020-04-08 07:10:46.804404+00	2020-04-08 07:10:46.846181+00	3	3	0	f	147	65	82	1	\N
597	2020-04-09 08:18:10.174175+00	2020-04-09 08:18:10.174207+00	11	11	0	f	174	66	\N	1	\N
590	2020-04-09 07:32:37.097321+00	2020-04-09 07:36:16.436628+00	2	2	0	f	174	66	86	1	\N
599	2020-04-09 08:29:50.539991+00	2020-04-09 08:29:50.540024+00	13	13	0	t	155	\N	\N	1	\N
604	2020-04-09 09:14:53.534068+00	2020-04-09 09:18:24.3991+00	16	16	0	f	170	\N	\N	1	\N
608	2020-04-09 09:18:24.417441+00	2020-04-09 09:18:24.417457+00	13	13	0	t	171	\N	\N	\N	\N
607	2020-04-09 09:18:24.379417+00	2020-04-09 09:18:24.409083+00	2	2	0	f	171	67	87	1	\N
605	2020-04-09 09:15:41.283662+00	2020-04-09 09:15:41.283695+00	11	11	0	f	171	67	\N	1	\N
560	2020-04-07 07:58:21.583846+00	2020-04-10 00:55:20.010658+00	10	9	0	t	77	\N	\N	1	\N
618	2020-04-10 00:59:14.914588+00	2020-04-11 01:31:04.783942+00	12	12	0	f	122	\N	89	\N	\N
614	2020-04-10 00:57:23.507044+00	2020-04-10 00:57:23.530814+00	1	1	0	f	152	68	88	1	\N
596	2020-04-09 08:12:59.465371+00	2020-04-09 08:12:59.465405+00	12	12	0	f	152	68	\N	1	\N
615	2020-04-10 00:57:23.54102+00	2020-04-10 00:57:23.541042+00	13	13	0	f	152	69	\N	\N	\N
617	2020-04-10 00:59:14.905414+00	2020-04-10 00:59:14.905434+00	14	14	0	t	152	\N	89	\N	\N
616	2020-04-10 00:57:50.588604+00	2020-04-10 00:59:14.947805+00	26	26	0	f	152	\N	\N	\N	\N
619	2020-04-10 01:03:25.958916+00	2020-04-10 01:05:51.452877+00	11	11	0	f	88	\N	\N	1	\N
621	2020-04-10 01:05:51.431534+00	2020-04-10 01:05:51.472109+00	7	7	0	f	186	70	90	1	\N
612	2020-04-09 09:35:50.283056+00	2020-04-09 09:35:50.28309+00	7	7	0	f	186	70	\N	1	\N
620	2020-04-10 01:05:51.422362+00	2020-04-10 01:06:10.895365+00	4	4	0	f	183	71	90	1	\N
611	2020-04-09 09:35:27.255952+00	2020-04-09 09:35:27.255975+00	10	10	0	f	183	71	\N	1	\N
624	2020-04-10 03:18:25.93359+00	2020-04-10 03:20:20.502561+00	13	12	0	f	97	\N	\N	1	\N
625	2020-04-10 03:20:20.477518+00	2020-04-10 03:21:26.603535+00	7	7	0	f	150	\N	91	1	\N
631	2020-04-10 03:35:15.069617+00	2020-04-10 03:37:05.822758+00	12	11	0	f	68	\N	\N	1	\N
633	2020-04-10 03:37:05.801246+00	2020-04-10 03:37:05.833128+00	2	2	0	f	153	72	94	1	\N
628	2020-04-10 03:21:26.582731+00	2020-04-10 03:21:26.611647+00	2	2	0	f	153	72	92	1	\N
632	2020-04-10 03:37:05.792196+00	2020-04-10 03:37:23.63563+00	9	9	0	f	158	73	94	1	\N
591	2020-04-09 07:32:37.107793+00	2020-04-09 07:32:37.136845+00	4	4	0	f	158	73	86	1	\N
635	2020-04-10 03:37:23.644386+00	2020-04-10 03:37:56.051391+00	13	13	0	f	158	\N	\N	\N	\N
638	2020-04-10 06:22:56.636878+00	2020-04-10 06:22:56.652638+00	0	0	0	f	176	\N	\N	1	\N
577	2020-04-08 07:43:43.991393+00	2020-04-09 08:36:05.683093+00	12	12	0	f	143	75	\N	1	\N
627	2020-04-10 03:21:26.573037+00	2020-04-10 03:21:26.573054+00	5	5	0	f	150	78	92	1	\N
634	2020-04-10 03:37:05.840296+00	2020-04-10 03:37:05.840319+00	4	4	0	f	153	79	\N	\N	\N
636	2020-04-10 03:37:56.024566+00	2020-04-10 03:37:56.024582+00	10	10	0	f	158	80	95	\N	\N
637	2020-04-10 03:37:56.033248+00	2020-04-10 03:37:56.060497+00	3	3	0	f	167	81	95	\N	\N
630	2020-04-10 03:25:57.158199+00	2020-04-11 00:21:24.137826+00	3	2	0	t	97	\N	93	1	\N
563	2020-04-07 07:59:16.114554+00	2020-04-11 00:25:10.626572+00	13	12	0	t	93	\N	\N	1	\N
592	2020-04-09 07:46:12.823031+00	2020-04-10 00:55:40.128903+00	13	12	0	f	71	85	\N	\N	\N
613	2020-04-10 00:57:23.497651+00	2020-04-11 03:19:15.853829+00	13	13	0	f	139	\N	88	1	\N
639	2020-04-10 07:20:30.60685+00	2020-04-10 07:20:30.606882+00	5	5	0	f	141	74	\N	1	\N
626	2020-04-10 03:20:20.486972+00	2020-04-10 03:20:20.508054+00	5	5	0	f	141	74	91	1	\N
687	2020-04-11 01:21:18.607796+00	2020-04-11 01:21:43.819138+00	1	1	0	f	149	95	\N	1	\N
720	2020-04-11 03:27:04.403764+00	2020-04-11 03:27:04.403786+00	13	13	0	t	146	\N	114	1	\N
640	2020-04-10 07:20:30.641209+00	2020-04-10 07:21:34.867429+00	10	10	0	f	141	\N	\N	\N	\N
906	2020-04-14 08:46:09.457366+00	2020-04-14 08:46:09.457384+00	12	12	0	t	133	\N	\N	\N	\N
642	2020-04-10 07:21:34.838019+00	2020-04-10 07:21:34.876942+00	1	1	0	f	143	75	96	\N	\N
562	2020-04-07 07:59:07.31846+00	2020-04-11 03:27:04.435375+00	14	14	0	f	146	\N	\N	1	\N
641	2020-04-10 07:21:34.829699+00	2020-04-10 07:22:16.162689+00	9	9	0	f	136	76	96	\N	\N
645	2020-04-10 07:24:03.68001+00	2020-04-10 07:24:03.680038+00	12	12	0	t	143	\N	97	\N	\N
677	2020-04-10 07:49:20.331266+00	2020-04-16 00:56:58.189103+00	14	12	0	f	190	\N	100	1	\N
643	2020-04-10 07:21:34.886292+00	2020-04-10 07:24:03.735084+00	13	13	0	f	143	\N	\N	\N	\N
682	2020-04-10 07:52:32.943521+00	2020-04-15 08:43:19.193413+00	13	13	0	f	179	\N	101	\N	\N
721	2020-04-11 03:27:04.414502+00	2020-04-11 03:27:04.445642+00	1	1	0	f	149	96	114	1	\N
644	2020-04-10 07:22:16.174417+00	2020-04-10 07:27:08.425268+00	22	22	0	f	136	\N	\N	\N	\N
718	2020-04-11 03:22:44.617119+00	2020-04-11 03:22:44.617135+00	2	2	0	f	149	96	113	\N	\N
648	2020-04-10 07:27:08.389806+00	2020-04-10 07:27:08.435969+00	11	11	0	f	141	77	98	\N	\N
646	2020-04-10 07:24:03.700028+00	2020-04-10 07:24:03.758579+00	1	1	0	f	141	77	97	\N	\N
723	2020-04-11 05:09:58.390456+00	2020-04-11 05:09:58.390484+00	8	8	0	f	149	97	\N	1	\N
650	2020-04-10 07:28:30.140789+00	2020-04-10 07:28:30.140818+00	8	8	0	f	150	78	\N	1	\N
722	2020-04-11 03:27:04.4566+00	2020-04-11 03:27:04.456623+00	3	3	0	f	149	97	\N	\N	\N
653	2020-04-10 07:29:16.653653+00	2020-04-10 07:29:16.653671+00	11	11	0	t	153	\N	\N	\N	\N
652	2020-04-10 07:29:16.625082+00	2020-04-10 07:29:16.625116+00	7	7	0	f	153	79	\N	1	\N
676	2020-04-10 07:47:35.736464+00	2020-04-15 09:03:48.161538+00	13	13	0	f	164	\N	\N	1	\N
654	2020-04-10 07:30:46.630759+00	2020-04-10 07:30:46.630798+00	2	2	0	f	158	80	\N	1	\N
664	2020-04-10 07:38:11.590277+00	2020-04-15 09:06:00.154026+00	12	11	0	f	175	\N	\N	1	\N
728	2020-04-11 05:12:06.640078+00	2020-04-16 07:40:53.227308+00	12	12	0	f	151	\N	\N	1	\N
660	2020-04-10 07:35:08.583845+00	2020-04-10 07:35:08.583874+00	14	14	0	t	163	\N	\N	1	\N
651	2020-04-10 07:28:30.167834+00	2020-04-16 07:41:56.183148+00	13	13	0	f	150	\N	\N	\N	\N
661	2020-04-10 07:35:52.688618+00	2020-04-10 07:35:52.688646+00	9	9	0	f	167	81	\N	1	\N
647	2020-04-10 07:27:08.373664+00	2020-04-11 05:11:03.707711+00	11	11	0	f	136	\N	98	\N	\N
668	2020-04-10 07:42:48.908497+00	2020-04-10 07:42:48.908529+00	14	14	0	t	184	\N	\N	1	\N
726	2020-04-11 05:11:03.667729+00	2020-04-11 05:11:03.726994+00	1	1	0	f	149	98	115	\N	\N
665	2020-04-10 07:39:06.495659+00	2020-04-10 07:44:17.225634+00	17	17	0	f	179	\N	\N	1	\N
724	2020-04-11 05:09:58.41718+00	2020-04-11 05:09:58.417198+00	11	11	0	f	149	98	\N	\N	\N
671	2020-04-10 07:44:17.205635+00	2020-04-10 07:44:17.235566+00	2	2	0	f	185	82	99	1	\N
669	2020-04-10 07:43:29.776081+00	2020-04-10 07:43:29.776113+00	10	10	0	f	185	82	\N	1	\N
674	2020-04-10 07:45:53.529332+00	2020-04-10 07:49:20.362339+00	16	16	0	f	190	\N	\N	1	\N
727	2020-04-11 05:11:03.752813+00	2020-04-11 05:11:03.752845+00	12	12	0	f	149	99	\N	\N	\N
678	2020-04-10 07:49:20.340903+00	2020-04-10 07:49:20.372655+00	2	2	0	f	187	83	100	1	\N
673	2020-04-10 07:45:05.47288+00	2020-04-10 07:45:05.472911+00	11	11	0	f	187	83	\N	1	\N
686	2020-04-11 01:07:12.102127+00	2020-04-11 01:07:12.14429+00	6	6	0	f	178	100	102	\N	\N
670	2020-04-10 07:44:17.19458+00	2020-04-10 07:51:53.341297+00	15	15	0	f	168	84	99	1	\N
663	2020-04-10 07:37:02.759509+00	2020-04-10 07:37:02.759542+00	11	11	0	f	168	84	\N	1	\N
680	2020-04-10 07:51:53.351098+00	2020-04-10 07:52:32.955339+00	26	26	0	f	168	\N	\N	\N	\N
655	2020-04-10 07:30:46.655075+00	2020-04-11 06:38:47.547224+00	12	12	0	f	158	\N	\N	\N	\N
683	2020-04-11 01:04:05.259399+00	2020-04-11 01:04:05.259434+00	6	6	0	f	71	85	\N	1	\N
659	2020-04-10 07:34:37.281451+00	2020-04-11 06:40:53.140992+00	13	13	0	f	162	\N	\N	1	\N
684	2020-04-11 01:04:05.285137+00	2020-04-11 01:07:12.133139+00	18	18	0	f	71	\N	\N	\N	\N
685	2020-04-11 01:07:12.096357+00	2020-04-12 01:08:50.055822+00	12	12	0	f	71	\N	102	\N	\N
688	2020-04-11 01:29:46.656859+00	2020-04-11 01:29:46.656878+00	10	10	0	t	114	\N	103	1	\N
656	2020-04-10 07:31:35.266526+00	2020-04-13 05:21:48.053016+00	13	13	0	f	159	\N	\N	1	\N
662	2020-04-10 07:35:52.715525+00	2020-04-10 07:35:52.715548+00	12	12	0	f	167	117	\N	\N	\N
658	2020-04-10 07:33:31.146467+00	2020-04-10 07:33:31.146504+00	8	8	0	f	161	119	\N	1	\N
681	2020-04-10 07:52:32.939309+00	2020-04-10 07:52:32.939326+00	13	13	0	f	168	121	101	\N	\N
672	2020-04-10 07:44:17.244644+00	2020-04-10 07:44:17.24466+00	12	12	0	f	185	129	\N	\N	\N
691	2020-04-11 01:31:04.750254+00	2020-04-11 01:31:04.795081+00	1	1	0	f	156	86	104	\N	\N
689	2020-04-11 01:29:46.665124+00	2020-04-11 01:29:46.690256+00	2	2	0	f	156	86	103	1	\N
693	2020-04-11 01:31:35.892975+00	2020-04-11 01:31:35.892995+00	12	12	0	t	124	\N	105	1	\N
675	2020-04-10 07:46:35.099972+00	2020-04-14 00:45:49.910264+00	13	13	0	f	192	\N	\N	1	\N
667	2020-04-10 07:41:52.607274+00	2020-04-14 00:52:02.609373+00	13	11	0	t	182	\N	\N	1	\N
694	2020-04-11 01:31:35.901366+00	2020-04-11 01:31:35.930237+00	1	1	0	f	156	87	105	1	\N
692	2020-04-11 01:31:04.804687+00	2020-04-11 01:31:04.804706+00	3	3	0	f	156	87	\N	\N	\N
696	2020-04-11 01:32:02.312248+00	2020-04-11 01:32:02.312278+00	5	5	0	t	125	\N	106	\N	\N
679	2020-04-10 07:49:20.385369+00	2020-04-14 00:48:25.686225+00	13	11	0	t	187	\N	\N	\N	\N
666	2020-04-10 07:41:10.413358+00	2020-04-14 00:53:38.715296+00	14	13	0	t	180	\N	\N	1	\N
690	2020-04-11 01:31:04.740855+00	2020-04-14 08:37:16.544651+00	11	11	0	f	122	\N	104	\N	\N
697	2020-04-11 01:32:02.325303+00	2020-04-11 01:32:02.367339+00	1	1	0	f	156	88	106	\N	\N
695	2020-04-11 01:31:35.940098+00	2020-04-11 01:31:35.940121+00	4	4	0	f	156	88	\N	\N	\N
699	2020-04-11 01:32:17.886452+00	2020-04-11 01:32:17.886468+00	10	10	0	f	128	142	107	1	\N
708	2020-04-11 01:34:09.639195+00	2020-04-14 08:40:56.311615+00	10	10	0	f	132	\N	110	1	\N
725	2020-04-11 05:11:03.654972+00	2020-04-11 05:11:03.65502+00	10	10	0	f	136	144	115	\N	\N
700	2020-04-11 01:32:17.896561+00	2020-04-11 01:32:17.931273+00	2	2	0	f	156	89	107	1	\N
698	2020-04-11 01:32:02.37878+00	2020-04-11 01:32:02.378809+00	5	5	0	f	156	89	\N	\N	\N
702	2020-04-11 01:33:03.262722+00	2020-04-11 01:33:03.262743+00	11	11	0	t	130	\N	108	1	\N
705	2020-04-11 01:33:42.368873+00	2020-04-11 01:33:42.36889+00	4	4	0	f	133	145	109	1	\N
729	2020-04-11 05:16:21.354209+00	2020-04-14 08:44:18.553109+00	13	13	0	f	156	\N	116	\N	\N
703	2020-04-11 01:33:03.272904+00	2020-04-11 01:33:03.311301+00	2	2	0	f	156	90	108	1	\N
701	2020-04-11 01:32:17.94079+00	2020-04-11 01:32:17.940808+00	7	7	0	f	156	90	\N	\N	\N
706	2020-04-11 01:33:42.378565+00	2020-04-11 01:33:42.412731+00	1	1	0	f	156	91	109	1	\N
704	2020-04-11 01:33:03.326097+00	2020-04-11 01:33:03.326129+00	9	9	0	f	156	91	\N	\N	\N
709	2020-04-11 01:34:09.649501+00	2020-04-11 01:34:09.692476+00	2	2	0	f	156	92	110	1	\N
707	2020-04-11 01:33:42.421563+00	2020-04-11 01:33:42.421581+00	10	10	0	f	156	92	\N	\N	\N
711	2020-04-11 03:19:15.822875+00	2020-04-11 03:19:15.822901+00	12	12	0	t	139	\N	111	1	\N
712	2020-04-11 03:19:15.832986+00	2020-04-11 03:19:15.863804+00	1	1	0	f	156	93	111	1	\N
710	2020-04-11 01:34:09.702402+00	2020-04-11 01:34:09.702427+00	12	12	0	f	156	93	\N	\N	\N
713	2020-04-11 03:19:15.872296+00	2020-04-11 03:19:15.872318+00	13	13	0	f	156	94	\N	\N	\N
714	2020-04-11 03:20:00.257286+00	2020-04-11 03:20:21.617289+00	27	27	0	f	156	\N	\N	\N	\N
716	2020-04-11 03:20:21.602527+00	2020-04-11 03:20:21.622635+00	13	13	0	t	134	\N	112	\N	\N
715	2020-04-11 03:20:21.598195+00	2020-04-11 05:16:21.394938+00	14	14	0	f	156	\N	112	\N	\N
814	2020-04-13 05:23:11.4038+00	2020-04-15 08:44:33.434011+00	15	15	0	f	230	155	\N	\N	\N
731	2020-04-11 05:16:21.414301+00	2020-04-11 05:16:21.414324+00	13	13	0	t	149	\N	\N	\N	\N
730	2020-04-11 05:16:21.363772+00	2020-04-11 05:16:21.404651+00	1	1	0	f	149	99	116	\N	\N
738	2020-04-11 05:35:00.728172+00	2020-04-15 08:59:15.027184+00	12	12	0	f	199	\N	\N	1	\N
808	2020-04-13 05:22:26.089738+00	2020-04-13 05:22:26.089766+00	10	10	0	f	161	159	\N	\N	\N
749	2020-04-11 06:37:54.392681+00	2020-04-15 09:03:34.309384+00	13	13	0	f	160	\N	\N	\N	\N
733	2020-04-11 05:27:28.27508+00	2020-04-11 05:27:28.275112+00	6	6	0	f	178	100	\N	1	\N
805	2020-04-13 05:22:11.400139+00	2020-04-13 05:22:11.400155+00	13	13	0	f	173	162	\N	\N	\N
744	2020-04-11 05:48:39.03112+00	2020-04-15 09:07:38.968257+00	13	13	0	f	181	\N	\N	\N	\N
762	2020-04-11 06:41:14.751279+00	2020-04-11 06:41:14.751297+00	11	11	0	f	172	164	123	1	\N
736	2020-04-11 05:32:20.46717+00	2020-04-11 05:48:15.446883+00	7	7	0	f	189	\N	\N	1	\N
747	2020-04-11 06:32:34.524393+00	2020-04-16 00:51:05.964246+00	120	119	0	t	320	\N	\N	4	\N
740	2020-04-11 05:48:15.429343+00	2020-04-11 05:48:15.456182+00	2	2	0	f	177	101	117	1	\N
732	2020-04-11 05:26:29.758366+00	2020-04-11 05:26:29.7584+00	10	10	0	f	177	101	\N	1	\N
739	2020-04-11 05:48:15.419138+00	2020-04-11 05:48:39.013126+00	5	5	0	f	189	\N	117	1	\N
743	2020-04-11 05:48:38.991826+00	2020-04-11 05:48:39.022569+00	2	2	0	f	181	102	118	1	\N
735	2020-04-11 05:30:33.101993+00	2020-04-11 05:30:33.102034+00	11	11	0	f	181	102	\N	1	\N
742	2020-04-11 05:48:38.980198+00	2020-04-11 06:37:54.382621+00	3	3	0	f	160	103	118	1	\N
657	2020-04-10 07:32:19.430906+00	2020-04-10 07:32:19.430959+00	10	10	0	f	160	103	\N	1	\N
750	2020-04-11 06:38:47.506085+00	2020-04-11 06:39:24.96132+00	11	11	0	f	158	\N	119	\N	\N
753	2020-04-11 06:39:24.941462+00	2020-04-11 06:39:24.971173+00	2	2	0	f	189	104	120	\N	\N
751	2020-04-11 06:38:47.518091+00	2020-04-11 06:38:47.554012+00	1	1	0	f	189	104	119	\N	\N
756	2020-04-11 06:40:08.987227+00	2020-04-11 06:40:08.987254+00	12	12	0	t	170	\N	121	1	\N
757	2020-04-11 06:40:08.993778+00	2020-04-11 06:40:09.023039+00	2	2	0	f	189	105	121	1	\N
754	2020-04-11 06:39:24.980043+00	2020-04-11 06:39:24.980067+00	3	3	0	f	189	105	\N	\N	\N
760	2020-04-11 06:40:53.120079+00	2020-04-11 06:40:53.151603+00	1	1	0	f	189	106	122	1	\N
758	2020-04-11 06:40:09.032895+00	2020-04-11 06:40:09.032923+00	5	5	0	f	189	106	\N	\N	\N
763	2020-04-11 06:41:14.759415+00	2020-04-11 06:41:14.788564+00	1	1	0	f	189	107	123	1	\N
761	2020-04-11 06:40:53.160805+00	2020-04-11 06:40:53.16083+00	6	6	0	f	189	107	\N	\N	\N
766	2020-04-11 06:41:34.456028+00	2020-04-11 06:41:34.479577+00	1	1	0	f	189	108	124	\N	\N
764	2020-04-11 06:41:14.797745+00	2020-04-11 06:41:14.797762+00	7	7	0	f	189	108	\N	\N	\N
769	2020-04-11 06:41:49.090836+00	2020-04-11 06:41:49.121088+00	2	2	0	f	189	109	125	1	\N
767	2020-04-11 06:41:34.485458+00	2020-04-11 06:41:34.485474+00	8	8	0	f	189	109	\N	\N	\N
772	2020-04-11 06:42:05.8549+00	2020-04-11 06:42:05.885596+00	2	2	0	f	189	110	126	1	\N
770	2020-04-11 06:41:49.130762+00	2020-04-11 06:41:49.13078+00	10	10	0	f	189	110	\N	\N	\N
774	2020-04-11 06:42:13.274014+00	2020-04-11 06:44:18.367729+00	118	118	0	t	317	\N	\N	4	\N
745	2020-04-11 06:32:17.310565+00	2020-04-11 06:44:34.255185+00	120	120	0	t	318	\N	\N	4	\N
746	2020-04-11 06:32:28.222328+00	2020-04-11 06:44:47.706173+00	117	117	0	t	319	\N	\N	4	\N
748	2020-04-11 06:32:50.485484+00	2020-04-11 06:45:08.88436+00	120	120	11	t	321	\N	\N	4	\N
776	2020-04-12 01:08:50.024315+00	2020-04-12 01:08:50.069502+00	1	1	0	f	86	111	127	\N	\N
778	2020-04-12 01:09:33.429765+00	2020-04-12 01:09:33.429782+00	3	3	0	t	86	\N	128	\N	\N
777	2020-04-12 01:08:50.077946+00	2020-04-12 01:09:33.470628+00	4	4	0	f	86	\N	\N	\N	\N
775	2020-04-12 01:08:50.011819+00	2020-04-12 01:08:50.012442+00	11	11	0	f	71	112	127	\N	\N
779	2020-04-12 01:09:33.438594+00	2020-04-12 01:09:33.47959+00	1	1	0	f	71	112	128	\N	\N
781	2020-04-12 01:10:55.981165+00	2020-04-12 01:10:55.981181+00	11	11	0	t	90	\N	129	1	\N
521	2020-04-04 06:13:15.411956+00	2020-04-12 01:10:56.00773+00	12	12	0	f	90	\N	\N	1	\N
783	2020-04-12 01:10:56.025945+00	2020-04-12 01:10:56.025964+00	13	13	0	t	71	\N	\N	\N	\N
780	2020-04-12 01:09:33.488448+00	2020-04-12 01:09:33.488464+00	12	12	0	f	71	113	\N	\N	\N
782	2020-04-12 01:10:55.989688+00	2020-04-12 01:10:56.016927+00	1	1	0	f	71	113	129	1	\N
785	2020-04-12 01:12:40.948569+00	2020-04-12 01:12:40.985457+00	1	1	0	f	91	114	130	1	\N
787	2020-04-12 01:13:26.052348+00	2020-04-12 01:13:26.052365+00	8	8	0	t	105	\N	131	1	\N
789	2020-04-12 01:13:26.113222+00	2020-04-12 01:13:26.113245+00	13	13	0	t	91	\N	\N	\N	\N
788	2020-04-12 01:13:26.060796+00	2020-04-12 01:13:26.097236+00	1	1	0	f	91	115	131	1	\N
786	2020-04-12 01:12:40.995432+00	2020-04-12 01:12:40.995455+00	12	12	0	f	91	115	\N	\N	\N
793	2020-04-12 05:38:20.934995+00	2020-04-12 05:38:20.935033+00	12	12	0	t	196	\N	132	1	\N
792	2020-04-12 05:37:52.209245+00	2020-04-12 05:38:20.964213+00	15	15	0	f	196	\N	\N	1	\N
794	2020-04-12 05:38:20.943826+00	2020-04-12 05:38:20.977155+00	3	3	0	f	188	116	132	1	\N
790	2020-04-12 05:37:14.4711+00	2020-04-12 05:37:14.471128+00	8	8	0	f	188	116	\N	1	\N
801	2020-04-13 05:21:48.035904+00	2020-04-13 05:21:48.05835+00	1	1	0	f	167	117	135	1	\N
800	2020-04-13 05:21:48.025114+00	2020-04-13 05:22:11.38843+00	12	12	0	f	159	\N	135	1	\N
765	2020-04-11 06:41:34.446828+00	2020-04-11 06:41:34.446849+00	11	11	0	f	173	118	124	\N	\N
804	2020-04-13 05:22:11.369351+00	2020-04-13 05:22:11.393322+00	2	2	0	f	173	118	136	1	\N
803	2020-04-13 05:22:11.361424+00	2020-04-13 05:22:26.065952+00	10	10	0	f	159	\N	136	1	\N
807	2020-04-13 05:22:26.022416+00	2020-04-13 05:22:26.078073+00	2	2	0	f	161	119	137	1	\N
806	2020-04-13 05:22:26.008509+00	2020-04-13 05:22:41.513413+00	8	8	0	f	159	\N	137	1	\N
811	2020-04-13 05:22:41.527177+00	2020-04-13 05:22:41.527194+00	13	13	0	t	162	\N	\N	\N	\N
810	2020-04-13 05:22:41.49544+00	2020-04-13 05:22:41.52078+00	1	1	0	f	162	120	138	1	\N
759	2020-04-11 06:40:53.110208+00	2020-04-11 06:40:53.110227+00	12	12	0	f	162	120	122	1	\N
809	2020-04-13 05:22:41.487409+00	2020-04-13 05:23:11.392854+00	7	7	0	f	159	\N	138	1	\N
813	2020-04-13 05:23:11.382498+00	2020-04-13 05:23:11.397525+00	2	2	0	f	168	121	139	1	\N
802	2020-04-13 05:21:48.070404+00	2020-04-13 05:21:48.070433+00	13	13	0	f	167	122	\N	\N	\N
741	2020-04-11 05:48:15.46462+00	2020-04-11 05:48:15.46464+00	12	12	0	f	177	123	\N	\N	\N
771	2020-04-11 06:42:05.846181+00	2020-04-13 05:25:21.131409+00	11	11	0	f	165	\N	126	1	\N
734	2020-04-11 05:27:28.300388+00	2020-04-11 05:27:28.300405+00	12	12	0	f	178	125	\N	\N	\N
737	2020-04-11 05:33:03.066753+00	2020-04-11 05:33:03.066788+00	11	11	0	f	191	126	\N	1	\N
773	2020-04-11 06:42:05.895466+00	2020-04-11 06:42:05.895494+00	12	12	0	f	189	127	\N	\N	\N
795	2020-04-12 05:38:20.990703+00	2020-04-12 05:38:20.990727+00	11	11	0	f	188	128	\N	\N	\N
791	2020-04-12 05:37:31.566498+00	2020-04-12 05:37:31.56653+00	11	11	0	f	195	130	\N	1	\N
752	2020-04-11 06:39:24.933427+00	2020-04-11 06:39:24.933447+00	9	9	0	f	158	131	120	\N	\N
768	2020-04-11 06:41:49.08257+00	2020-04-11 06:41:49.082586+00	8	8	0	f	174	132	125	1	\N
797	2020-04-13 04:39:57.558148+00	2020-04-13 05:40:21.883257+00	83	83	0	t	416	\N	133	4	\N
799	2020-04-13 04:40:31.087551+00	2020-04-13 05:40:27.933705+00	87	87	0	t	417	\N	134	4	\N
796	2020-04-13 04:39:57.549557+00	2020-04-14 07:10:04.933478+00	2	0	0	f	379	\N	133	4	\N
798	2020-04-13 04:40:31.08258+00	2020-04-14 07:12:52.11227+00	3	0	0	f	378	\N	134	4	\N
905	2020-04-14 08:46:09.423619+00	2020-04-14 08:46:09.447885+00	1	1	0	f	133	147	164	\N	\N
812	2020-04-13 05:23:11.37275+00	2020-04-13 05:23:44.889304+00	5	5	0	f	159	\N	139	1	\N
817	2020-04-13 05:23:44.905268+00	2020-04-15 00:24:48.519236+00	14	13	0	t	167	\N	\N	\N	\N
816	2020-04-13 05:23:44.856287+00	2020-04-13 05:23:44.894399+00	1	1	0	f	167	122	140	1	\N
815	2020-04-13 05:23:44.843142+00	2020-04-13 05:24:04.018985+00	4	4	0	f	159	\N	140	1	\N
874	2020-04-14 07:26:07.915079+00	2020-04-15 02:09:49.487065+00	9	9	0	f	201	152	155	1	\N
872	2020-04-14 07:22:46.681408+00	2020-04-14 07:22:46.681442+00	15	15	0	f	218	154	\N	1	\N
819	2020-04-13 05:24:03.984605+00	2020-04-13 05:24:04.040744+00	1	1	0	f	177	123	141	1	\N
898	2020-04-14 08:43:57.15234+00	2020-04-15 08:51:33.82022+00	9	9	0	f	201	157	162	1	\N
818	2020-04-13 05:24:03.974874+00	2020-04-13 05:24:32.450558+00	3	3	0	f	159	\N	141	1	\N
856	2020-04-13 07:18:08.049953+00	2020-04-13 07:18:08.049988+00	13	13	0	f	198	158	\N	1	\N
820	2020-04-13 05:24:04.065631+00	2020-04-13 05:24:04.065691+00	13	13	0	f	177	124	\N	\N	\N
822	2020-04-13 05:24:32.431638+00	2020-04-13 05:24:32.459974+00	1	1	0	f	177	124	142	1	\N
853	2020-04-13 07:17:07.679106+00	2020-04-15 09:02:46.122631+00	13	13	0	f	159	\N	\N	1	\N
845	2020-04-13 05:36:02.346554+00	2020-04-13 05:36:02.34659+00	10	10	0	f	174	166	\N	\N	\N
826	2020-04-13 05:25:21.150199+00	2020-04-13 05:25:21.150222+00	13	13	0	t	178	\N	\N	\N	\N
825	2020-04-13 05:25:21.112703+00	2020-04-13 05:25:21.140728+00	1	1	0	f	178	125	143	1	\N
895	2020-04-14 08:42:09.805001+00	2020-04-16 07:35:45.489956+00	12	11	0	f	247	181	161	\N	\N
824	2020-04-13 05:25:21.103188+00	2020-04-13 05:25:35.898053+00	10	10	0	f	165	\N	143	1	\N
892	2020-04-14 08:40:56.284181+00	2020-04-16 00:55:51.845036+00	7	6	0	t	132	\N	160	1	\N
829	2020-04-13 05:25:35.915226+00	2020-04-13 05:25:35.915242+00	12	12	0	t	191	\N	\N	\N	\N
828	2020-04-13 05:25:35.882658+00	2020-04-13 05:25:35.907058+00	1	1	0	f	191	126	144	1	\N
894	2020-04-14 08:40:56.332197+00	2020-04-16 07:43:01.287094+00	12	12	0	f	144	\N	\N	\N	\N
827	2020-04-13 05:25:35.874173+00	2020-04-13 05:25:53.095582+00	9	9	0	f	165	\N	144	1	\N
851	2020-04-13 07:16:28.029694+00	2020-04-14 07:14:41.900738+00	5	2	0	f	377	176	151	4	\N
831	2020-04-13 05:25:53.078959+00	2020-04-13 05:25:53.102578+00	1	1	0	f	189	127	145	1	\N
830	2020-04-13 05:25:53.070371+00	2020-04-13 05:26:07.484527+00	8	8	0	f	165	\N	145	1	\N
897	2020-04-14 08:42:09.844848+00	2020-04-16 07:38:35.607889+00	12	12	0	f	136	\N	\N	\N	\N
901	2020-04-14 08:44:18.520438+00	2020-04-16 07:39:34.777379+00	10	9	0	f	156	\N	163	\N	\N
834	2020-04-13 05:26:07.464993+00	2020-04-13 05:26:07.494938+00	1	1	0	f	188	128	146	1	\N
888	2020-04-14 08:39:14.786605+00	2020-04-16 07:44:07.016886+00	11	11	0	f	142	\N	\N	\N	\N
833	2020-04-13 05:26:07.456381+00	2020-04-13 05:26:31.779375+00	7	7	0	f	165	\N	146	1	\N
838	2020-04-13 05:26:31.797031+00	2020-04-13 05:26:31.797051+00	13	13	0	t	185	\N	\N	\N	\N
837	2020-04-13 05:26:31.760973+00	2020-04-13 05:26:31.787921+00	1	1	0	f	185	129	147	1	\N
836	2020-04-13 05:26:31.752698+00	2020-04-13 05:26:59.18937+00	6	6	0	f	165	\N	147	1	\N
841	2020-04-13 05:26:59.20693+00	2020-04-13 05:26:59.206947+00	13	13	0	t	195	\N	\N	\N	\N
840	2020-04-13 05:26:59.173242+00	2020-04-13 05:26:59.19829+00	2	2	0	f	195	130	148	1	\N
839	2020-04-13 05:26:59.167263+00	2020-04-13 05:27:17.965263+00	4	4	0	f	165	\N	148	1	\N
844	2020-04-13 05:27:17.982192+00	2020-04-13 05:27:17.98221+00	12	12	0	t	158	\N	\N	\N	\N
843	2020-04-13 05:27:17.953751+00	2020-04-13 05:27:17.973256+00	3	3	0	f	158	131	149	1	\N
842	2020-04-13 05:27:17.949175+00	2020-04-13 05:27:58.109088+00	1	0	0	f	165	\N	149	1	\N
821	2020-04-13 05:24:32.422846+00	2020-04-13 05:36:02.327598+00	2	2	0	f	174	132	142	1	\N
847	2020-04-13 05:38:23.259873+00	2020-04-13 05:40:07.416313+00	91	91	0	t	415	\N	150	4	\N
849	2020-04-13 06:46:35.895585+00	2020-04-13 06:46:35.911195+00	0	0	0	f	291	\N	\N	1	\N
850	2020-04-13 06:46:49.815943+00	2020-04-13 06:46:49.839971+00	0	0	0	f	290	\N	\N	1	\N
854	2020-04-13 07:17:34.091892+00	2020-04-13 07:17:34.091924+00	13	13	0	t	193	\N	\N	1	\N
858	2020-04-13 07:19:07.998172+00	2020-04-13 07:19:07.998202+00	13	13	0	t	194	\N	152	1	\N
855	2020-04-13 07:17:51.01462+00	2020-04-13 07:19:08.035583+00	15	15	0	f	194	\N	\N	1	\N
860	2020-04-13 07:19:08.05732+00	2020-04-13 07:19:08.057348+00	13	13	0	t	200	\N	\N	\N	\N
859	2020-04-13 07:19:08.009405+00	2020-04-13 07:19:08.046957+00	2	2	0	f	200	133	152	1	\N
857	2020-04-13 07:18:28.878591+00	2020-04-13 07:18:28.878613+00	11	11	0	f	200	133	\N	1	\N
852	2020-04-13 07:16:28.037246+00	2020-04-13 07:24:59.128283+00	99	99	0	t	418	\N	151	4	\N
832	2020-04-13 05:25:53.111671+00	2020-04-14 00:43:47.712871+00	13	12	0	t	189	\N	\N	\N	\N
861	2020-04-14 00:45:49.876004+00	2020-04-14 00:45:49.876031+00	12	12	0	t	192	\N	153	1	\N
863	2020-04-14 00:45:49.938216+00	2020-04-14 00:45:49.938235+00	13	13	0	t	188	\N	\N	\N	\N
835	2020-04-13 05:26:07.505455+00	2020-04-13 05:26:07.505481+00	12	12	0	f	188	134	\N	\N	\N
862	2020-04-14 00:45:49.889002+00	2020-04-14 00:45:49.929228+00	1	1	0	f	188	134	153	1	\N
823	2020-04-13 05:24:32.469+00	2020-04-14 00:55:29.404067+00	14	12	0	t	177	\N	\N	\N	\N
866	2020-04-14 07:07:16.863557+00	2020-04-14 07:07:16.863591+00	13	13	0	t	176	\N	\N	\N	\N
865	2020-04-14 07:07:16.829195+00	2020-04-14 07:07:16.82923+00	10	10	0	f	176	135	\N	1	\N
848	2020-04-13 06:45:29.41514+00	2020-04-14 01:28:45.199957+00	3	3	0	f	176	135	\N	1	\N
846	2020-04-13 05:38:23.246698+00	2020-04-14 07:08:54.244602+00	4	0	0	f	380	\N	150	4	\N
867	2020-04-14 07:16:28.824207+00	2020-04-14 07:17:17.208973+00	17	17	0	f	292	\N	\N	1	\N
871	2020-04-14 07:17:45.569187+00	2020-04-14 07:17:45.569216+00	14	14	0	t	197	\N	\N	\N	\N
870	2020-04-14 07:17:45.540933+00	2020-04-14 07:17:45.540968+00	9	9	0	f	197	136	\N	1	\N
869	2020-04-14 07:17:17.188789+00	2020-04-14 07:17:17.219345+00	5	5	0	f	197	136	154	1	\N
868	2020-04-14 07:17:17.182887+00	2020-04-14 07:26:07.945572+00	12	12	0	f	292	\N	154	1	\N
876	2020-04-14 07:26:07.979189+00	2020-04-14 07:26:07.979219+00	14	14	0	t	221	\N	\N	\N	\N
875	2020-04-14 07:26:07.923579+00	2020-04-14 07:26:07.959558+00	3	3	0	f	221	137	155	1	\N
873	2020-04-14 07:25:28.849835+00	2020-04-14 07:25:28.84988+00	11	11	0	f	221	137	\N	1	\N
877	2020-04-14 07:27:56.066692+00	2020-04-14 07:27:56.066725+00	12	12	0	t	228	\N	\N	1	\N
878	2020-04-14 07:28:42.961986+00	2020-04-14 07:28:42.962022+00	8	8	0	f	232	138	\N	1	\N
864	2020-04-14 01:55:26.379734+00	2020-04-14 01:55:49.740696+00	5	5	0	f	232	138	\N	1	\N
882	2020-04-14 08:37:16.565266+00	2020-04-14 08:37:16.565299+00	15	15	0	t	116	\N	\N	\N	\N
881	2020-04-14 08:37:16.513867+00	2020-04-14 08:37:16.553638+00	2	2	0	f	116	139	156	\N	\N
883	2020-04-14 08:37:55.664941+00	2020-04-14 08:37:55.664958+00	8	8	0	t	122	\N	157	\N	\N
880	2020-04-14 08:37:16.5002+00	2020-04-14 08:37:55.710066+00	9	9	0	f	122	\N	156	\N	\N
885	2020-04-14 08:37:55.73087+00	2020-04-14 08:37:55.730891+00	13	13	0	t	118	\N	\N	\N	\N
884	2020-04-14 08:37:55.670769+00	2020-04-14 08:37:55.719335+00	1	1	0	f	118	140	157	\N	\N
886	2020-04-14 08:39:14.722597+00	2020-04-14 08:39:14.722624+00	12	12	0	t	121	\N	158	1	\N
887	2020-04-14 08:39:14.730332+00	2020-04-14 08:39:14.774138+00	1	1	0	f	142	141	158	1	\N
889	2020-04-14 08:39:57.76365+00	2020-04-14 08:39:57.763674+00	10	10	0	t	126	\N	159	1	\N
891	2020-04-14 08:39:57.823446+00	2020-04-14 08:39:57.823473+00	11	11	0	t	128	\N	\N	\N	\N
890	2020-04-14 08:39:57.776066+00	2020-04-14 08:39:57.810458+00	1	1	0	f	128	142	159	1	\N
893	2020-04-14 08:40:56.289051+00	2020-04-14 08:40:56.322049+00	3	3	0	f	144	143	160	1	\N
896	2020-04-14 08:42:09.815427+00	2020-04-14 08:42:09.834823+00	2	2	0	f	136	144	161	\N	\N
899	2020-04-14 08:43:57.161934+00	2020-04-14 08:43:57.185116+00	4	4	0	f	133	145	162	1	\N
903	2020-04-14 08:44:18.564703+00	2020-04-14 08:44:18.564719+00	11	11	0	f	133	147	\N	\N	\N
907	2020-04-14 08:53:36.043656+00	2020-04-14 08:53:36.043674+00	12	12	0	t	138	\N	165	1	\N
902	2020-04-14 08:44:18.527889+00	2020-04-14 08:44:18.5579+00	3	3	0	f	133	146	163	\N	\N
900	2020-04-14 08:43:57.197683+00	2020-04-14 08:43:57.197717+00	8	8	0	f	133	146	\N	\N	\N
909	2020-04-14 08:53:36.077623+00	2020-04-14 08:53:36.077643+00	13	13	0	t	141	\N	\N	\N	\N
649	2020-04-10 07:27:08.445839+00	2020-04-10 07:27:08.445864+00	12	12	0	f	141	148	\N	\N	\N
908	2020-04-14 08:53:36.052533+00	2020-04-14 08:53:36.070949+00	1	1	0	f	141	148	165	1	\N
904	2020-04-14 08:46:09.419128+00	2020-04-14 08:54:25.129165+00	12	12	0	f	154	\N	164	\N	\N
912	2020-04-14 08:54:25.141393+00	2020-04-14 08:54:25.14141+00	13	13	0	t	157	\N	\N	\N	\N
911	2020-04-14 08:54:25.099214+00	2020-04-14 08:54:25.13436+00	1	1	0	f	157	149	166	\N	\N
910	2020-04-14 08:54:25.090332+00	2020-04-15 00:20:53.580253+00	11	11	0	f	154	\N	166	\N	\N
915	2020-04-15 00:20:53.602174+00	2020-04-15 00:20:53.602195+00	15	15	0	t	232	\N	\N	\N	\N
879	2020-04-14 07:28:42.989724+00	2020-04-14 07:28:42.989743+00	13	13	0	f	232	150	\N	\N	\N
914	2020-04-15 00:20:53.560316+00	2020-04-15 00:20:53.593024+00	2	2	0	f	232	150	167	\N	\N
784	2020-04-12 01:12:40.939422+00	2020-04-15 00:22:51.73102+00	7	6	0	t	106	\N	130	1	\N
564	2020-04-08 01:15:46.756854+00	2020-04-15 01:18:30.597488+00	93	92	0	t	335	\N	80	4	\N
916	2020-04-15 01:19:05.041786+00	2020-04-15 01:19:05.041802+00	98	98	0	t	334	\N	168	4	\N
917	2020-04-15 01:19:05.050763+00	2020-04-15 01:19:05.080665+00	1	1	0	f	339	151	168	4	\N
919	2020-04-15 02:10:36.194311+00	2020-04-15 02:11:21.96329+00	10	10	0	f	292	\N	\N	1	\N
922	2020-04-15 08:07:03.180795+00	2020-04-15 08:07:03.180993+00	6	6	0	f	201	152	\N	1	\N
924	2020-04-15 08:08:56.251145+00	2020-04-15 08:08:56.251178+00	18	18	0	t	205	\N	\N	1	\N
927	2020-04-15 08:23:17.151272+00	2020-04-15 08:23:17.151312+00	15	15	0	t	234	\N	\N	1	\N
921	2020-04-15 02:11:21.93918+00	2020-04-15 02:11:21.979217+00	6	6	0	f	247	153	169	1	\N
929	2020-04-15 08:25:56.922216+00	2020-04-15 08:25:56.92225+00	8	8	0	f	247	153	\N	1	\N
931	2020-04-15 08:43:19.156661+00	2020-04-15 08:43:19.15668+00	12	12	0	t	179	\N	170	\N	\N
933	2020-04-15 08:43:19.218168+00	2020-04-15 08:43:19.218197+00	16	16	0	t	218	\N	\N	\N	\N
932	2020-04-15 08:43:19.16671+00	2020-04-15 08:43:19.20373+00	1	1	0	f	218	154	170	\N	\N
926	2020-04-15 08:16:07.352513+00	2020-04-15 08:16:07.352547+00	13	13	0	f	230	155	\N	1	\N
934	2020-04-15 08:44:33.443795+00	2020-04-15 08:45:10.371944+00	28	28	0	f	230	\N	\N	\N	\N
936	2020-04-15 08:45:10.314647+00	2020-04-15 08:45:10.382946+00	12	12	0	f	168	156	171	\N	\N
935	2020-04-15 08:45:10.310171+00	2020-04-15 08:46:09.301725+00	16	16	0	f	168	156	171	\N	\N
937	2020-04-15 08:46:09.312727+00	2020-04-15 08:46:43.484456+00	28	28	0	f	168	\N	\N	\N	\N
939	2020-04-15 08:46:43.458389+00	2020-04-15 08:46:43.490497+00	14	14	0	t	230	\N	172	\N	\N
923	2020-04-15 08:07:03.219934+00	2020-04-15 08:07:03.219964+00	15	15	0	f	201	157	\N	\N	\N
941	2020-04-15 08:52:30.484312+00	2020-04-15 08:52:30.48433+00	16	16	0	t	201	\N	173	\N	\N
940	2020-04-15 08:51:33.834537+00	2020-04-15 08:52:30.537269+00	24	24	0	f	201	\N	\N	\N	\N
942	2020-04-15 08:52:30.493453+00	2020-04-15 08:52:30.542314+00	8	8	0	t	145	\N	173	\N	\N
943	2020-04-15 08:59:14.979876+00	2020-04-15 08:59:14.979906+00	11	11	0	t	199	\N	174	1	\N
945	2020-04-15 08:59:15.059836+00	2020-04-15 08:59:15.059864+00	14	14	0	t	198	\N	\N	\N	\N
944	2020-04-15 08:59:14.993999+00	2020-04-15 08:59:15.045718+00	1	1	0	f	198	158	174	1	\N
947	2020-04-15 09:02:46.108141+00	2020-04-15 09:02:46.13364+00	1	1	0	f	161	159	175	1	\N
949	2020-04-15 09:03:34.277919+00	2020-04-15 09:03:34.277935+00	12	12	0	t	160	\N	176	\N	\N
948	2020-04-15 09:02:46.140774+00	2020-04-15 09:02:46.140795+00	11	11	0	f	161	160	\N	\N	\N
950	2020-04-15 09:03:34.287967+00	2020-04-15 09:03:34.319768+00	1	1	0	f	161	160	176	\N	\N
952	2020-04-15 09:03:48.139998+00	2020-04-15 09:03:48.140021+00	12	12	0	t	164	\N	177	1	\N
954	2020-04-15 09:03:48.182031+00	2020-04-15 09:03:48.18206+00	13	13	0	t	161	\N	\N	\N	\N
951	2020-04-15 09:03:34.329498+00	2020-04-15 09:03:34.329559+00	12	12	0	f	161	161	\N	\N	\N
953	2020-04-15 09:03:48.150459+00	2020-04-15 09:03:48.166356+00	1	1	0	f	161	161	177	1	\N
955	2020-04-15 09:05:07.806323+00	2020-04-15 09:05:07.806344+00	12	12	0	t	168	\N	178	\N	\N
938	2020-04-15 08:46:43.44906+00	2020-04-15 09:05:07.847993+00	14	14	0	f	168	\N	172	\N	\N
957	2020-04-15 09:05:07.876214+00	2020-04-15 09:05:07.876244+00	15	15	0	t	173	\N	\N	\N	\N
956	2020-04-15 09:05:07.814782+00	2020-04-15 09:05:07.863417+00	2	2	0	f	173	162	178	\N	\N
958	2020-04-15 09:06:00.135266+00	2020-04-15 09:06:00.135284+00	9	9	0	t	175	\N	179	1	\N
959	2020-04-15 09:06:00.143131+00	2020-04-15 09:06:00.158896+00	2	2	0	f	169	163	179	1	\N
961	2020-04-15 09:07:38.932762+00	2020-04-15 09:07:38.932778+00	12	12	0	t	181	\N	180	\N	\N
963	2020-04-15 09:07:38.981783+00	2020-04-15 09:07:38.9818+00	12	12	0	t	172	\N	\N	\N	\N
962	2020-04-15 09:07:38.942359+00	2020-04-15 09:07:38.974899+00	1	1	0	f	172	164	180	\N	\N
960	2020-04-15 09:06:00.166176+00	2020-04-15 09:08:50.074747+00	14	14	0	f	169	\N	\N	\N	\N
966	2020-04-15 09:08:50.105109+00	2020-04-15 09:08:50.105128+00	13	13	0	t	166	\N	\N	\N	\N
965	2020-04-15 09:08:50.054948+00	2020-04-15 09:08:50.097389+00	1	1	0	f	166	165	181	\N	\N
964	2020-04-15 09:08:50.04608+00	2020-04-15 09:15:54.593061+00	13	13	0	f	174	166	181	\N	\N
968	2020-04-16 00:56:38.292145+00	2020-04-16 00:56:38.292167+00	11	11	0	t	159	\N	182	1	\N
946	2020-04-15 09:02:46.098596+00	2020-04-16 00:56:38.311537+00	12	12	0	f	159	\N	175	1	\N
970	2020-04-16 00:56:58.157787+00	2020-04-16 00:56:58.157804+00	11	11	0	t	190	\N	183	1	\N
969	2020-04-16 00:56:38.300638+00	2020-04-16 00:56:38.318627+00	1	1	0	f	202	167	182	1	\N
971	2020-04-16 00:56:58.1694+00	2020-04-16 00:56:58.198655+00	1	1	0	f	202	167	183	1	\N
930	2020-04-15 08:25:56.94868+00	2020-04-16 00:58:03.284311+00	14	14	0	f	247	\N	\N	\N	\N
975	2020-04-16 00:58:22.660493+00	2020-04-16 00:58:22.660512+00	15	15	0	t	245	\N	185	1	\N
928	2020-04-15 08:24:40.419647+00	2020-04-16 00:58:22.689842+00	17	17	0	f	245	\N	\N	1	\N
977	2020-04-16 02:36:39.685949+00	2020-04-16 02:36:39.685983+00	18	18	0	t	226	\N	\N	\N	\N
925	2020-04-15 08:13:09.827517+00	2020-04-15 08:13:09.82755+00	14	14	0	f	226	168	\N	1	\N
920	2020-04-15 02:11:21.930912+00	2020-04-16 02:36:39.673622+00	4	4	0	f	226	168	169	1	\N
973	2020-04-16 00:58:03.252039+00	2020-04-16 02:45:50.096862+00	11	11	0	t	165	\N	184	\N	\N
978	2020-04-16 02:52:07.445196+00	2020-04-16 02:52:07.445212+00	13	13	0	t	174	\N	186	\N	\N
967	2020-04-15 09:15:54.603969+00	2020-04-16 02:52:07.474124+00	23	23	0	f	174	\N	\N	\N	\N
979	2020-04-16 02:52:07.452241+00	2020-04-16 02:52:07.487077+00	10	10	0	t	169	\N	186	\N	\N
981	2020-04-16 05:34:55.8778+00	2020-04-16 05:34:55.915785+00	2	2	0	f	323	169	187	4	\N
980	2020-04-16 05:34:55.867942+00	2020-04-16 05:43:01.55028+00	97	97	0	f	325	\N	187	4	\N
918	2020-04-15 01:19:05.090482+00	2020-04-16 05:45:19.468628+00	52	52	0	f	339	\N	\N	\N	\N
983	2020-04-16 05:43:01.513985+00	2020-04-16 05:47:02.538386+00	1	1	0	f	340	170	188	4	\N
985	2020-04-16 05:43:20.325279+00	2020-04-16 05:47:43.29875+00	2	2	0	f	340	171	189	4	\N
987	2020-04-16 05:44:21.275908+00	2020-04-16 05:48:44.501144+00	1	1	0	f	329	173	190	\N	\N
982	2020-04-16 05:34:55.926203+00	2020-04-16 05:58:59.048997+00	87	87	0	t	345	\N	\N	4	\N
984	2020-04-16 05:43:01.525567+00	2020-04-16 06:00:13.167432+00	96	96	0	t	379	\N	188	4	\N
972	2020-04-16 00:56:58.212023+00	2020-04-16 00:56:58.212104+00	2	2	0	f	202	177	\N	\N	\N
976	2020-04-16 00:58:22.669747+00	2020-04-16 00:58:22.698661+00	2	2	0	f	236	179	185	1	\N
974	2020-04-16 00:58:03.258696+00	2020-04-16 00:58:03.293426+00	3	3	0	f	238	180	184	\N	\N
991	2020-04-16 05:45:19.43271+00	2020-04-16 05:45:19.432736+00	40	40	0	t	339	\N	192	\N	\N
993	2020-04-16 05:45:46.992995+00	2020-04-16 05:45:46.993014+00	17	17	0	f	340	170	193	\N	\N
996	2020-04-16 05:47:43.308579+00	2020-04-16 05:47:43.308596+00	20	20	0	t	340	\N	\N	\N	\N
995	2020-04-16 05:47:02.546324+00	2020-04-16 05:47:02.546349+00	18	18	0	f	340	171	\N	\N	\N
989	2020-04-16 05:44:46.915986+00	2020-04-16 05:48:13.656454+00	4	4	0	f	329	172	191	\N	\N
998	2020-04-16 05:48:44.512081+00	2020-04-16 05:48:44.512108+00	102	102	0	t	329	\N	\N	\N	\N
997	2020-04-16 05:48:13.665498+00	2020-04-16 05:48:13.665517+00	101	101	0	f	329	173	\N	\N	\N
986	2020-04-16 05:43:20.333098+00	2020-04-16 06:00:35.045151+00	96	96	0	t	378	\N	189	4	\N
992	2020-04-16 05:45:19.442094+00	2020-04-16 06:03:06.455199+00	12	12	0	f	376	174	192	4	\N
990	2020-04-16 05:44:46.920437+00	2020-04-16 06:02:00.209314+00	98	98	0	f	376	174	191	4	\N
1000	2020-04-16 06:04:27.33514+00	2020-04-16 06:04:27.33517+00	121	121	0	t	376	\N	\N	\N	\N
994	2020-04-16 05:45:46.999873+00	2020-04-16 06:04:27.326643+00	11	11	0	f	376	175	193	4	\N
999	2020-04-16 06:03:06.46531+00	2020-04-16 06:03:06.465339+00	110	110	0	f	376	175	\N	\N	\N
1001	2020-04-16 06:05:15.646806+00	2020-04-16 06:05:15.646834+00	108	108	0	t	377	\N	\N	\N	\N
988	2020-04-16 05:44:21.284105+00	2020-04-16 06:05:15.635541+00	106	106	0	f	377	176	190	4	\N
1002	2020-04-16 06:43:55.03913+00	2020-04-16 06:43:55.039154+00	89	89	0	t	441	\N	194	4	\N
1003	2020-04-16 06:43:55.049173+00	2020-04-16 06:43:55.078827+00	10	10	10	t	11	\N	194	2	\N
1004	2020-04-16 06:56:46.186983+00	2020-04-16 06:56:46.187046+00	82	82	0	t	445	\N	195	4	\N
1030	2020-04-16 07:35:45.499074+00	2020-04-16 07:37:05.452238+00	13	13	0	f	247	\N	\N	\N	\N
1005	2020-04-16 06:56:46.196527+00	2020-04-16 06:56:46.229854+00	15	15	15	t	11	\N	195	2	\N
1006	2020-04-16 06:56:56.754337+00	2020-04-16 06:56:56.754356+00	90	90	0	t	450	\N	196	4	\N
1032	2020-04-16 07:37:05.419937+00	2020-04-16 07:37:05.46913+00	7	7	0	t	137	\N	199	\N	\N
1007	2020-04-16 06:56:56.763651+00	2020-04-16 06:56:56.797449+00	13	13	13	t	11	\N	196	2	\N
1009	2020-04-16 07:10:07.086841+00	2020-04-16 07:10:07.086869+00	12	12	0	t	202	\N	\N	\N	\N
1008	2020-04-16 07:10:07.046726+00	2020-04-16 07:10:07.046756+00	10	10	0	f	202	177	\N	1	\N
1010	2020-04-16 07:11:34.672034+00	2020-04-16 07:11:34.672074+00	14	14	0	t	209	\N	\N	1	\N
1011	2020-04-16 07:12:29.55462+00	2020-04-16 07:12:29.554656+00	11	11	0	t	211	\N	\N	1	\N
1012	2020-04-16 07:13:58.407595+00	2020-04-16 07:13:58.407631+00	12	12	0	t	216	\N	\N	1	\N
1013	2020-04-16 07:14:47.513347+00	2020-04-16 07:14:47.513376+00	12	12	0	t	217	\N	\N	1	\N
1014	2020-04-16 07:15:59.107049+00	2020-04-16 07:15:59.107079+00	12	12	0	t	219	\N	\N	1	\N
1015	2020-04-16 07:16:25.263218+00	2020-04-16 07:16:25.263257+00	12	12	0	t	220	\N	\N	1	\N
1018	2020-04-16 07:20:08.466795+00	2020-04-16 07:20:08.466823+00	15	15	0	t	224	\N	197	1	\N
1017	2020-04-16 07:18:58.991967+00	2020-04-16 07:20:08.49979+00	17	17	0	f	224	\N	\N	1	\N
1020	2020-04-16 07:20:08.537691+00	2020-04-16 07:20:08.537777+00	14	14	0	t	223	\N	\N	\N	\N
1016	2020-04-16 07:18:10.982184+00	2020-04-16 07:18:10.982211+00	12	12	0	f	223	178	\N	1	\N
1019	2020-04-16 07:20:08.476644+00	2020-04-16 07:20:08.520915+00	2	2	0	f	223	178	197	1	\N
1021	2020-04-16 07:21:01.12922+00	2020-04-16 07:21:01.129252+00	14	14	0	t	227	\N	\N	1	\N
1022	2020-04-16 07:21:35.230643+00	2020-04-16 07:21:35.230667+00	16	16	0	t	229	\N	\N	1	\N
1023	2020-04-16 07:22:21.049734+00	2020-04-16 07:22:21.049763+00	13	13	0	t	233	\N	\N	1	\N
1025	2020-04-16 07:23:15.427563+00	2020-04-16 07:23:15.427583+00	12	12	0	t	236	\N	\N	\N	\N
1024	2020-04-16 07:23:15.401063+00	2020-04-16 07:23:15.401098+00	10	10	0	f	236	179	\N	1	\N
1027	2020-04-16 07:26:52.255929+00	2020-04-16 07:26:52.255951+00	17	17	0	t	238	\N	\N	\N	\N
1026	2020-04-16 07:26:52.223677+00	2020-04-16 07:26:52.223712+00	14	14	0	f	238	180	\N	1	\N
1028	2020-04-16 07:35:26.172543+00	2020-04-16 07:35:26.172573+00	7	7	0	t	154	\N	198	\N	\N
913	2020-04-15 00:20:53.5483+00	2020-04-16 07:35:26.209566+00	9	9	0	f	154	\N	167	\N	\N
1029	2020-04-16 07:35:26.183823+00	2020-04-16 07:35:26.226816+00	2	2	0	f	247	181	198	\N	\N
1033	2020-04-16 07:38:35.580827+00	2020-04-16 07:38:35.580843+00	11	11	0	t	136	\N	200	\N	\N
1031	2020-04-16 07:37:05.408464+00	2020-04-16 07:37:05.408503+00	6	6	0	f	247	182	199	\N	\N
1034	2020-04-16 07:38:35.588902+00	2020-04-16 07:38:35.613161+00	1	1	0	f	247	182	200	\N	\N
1036	2020-04-16 07:39:34.739776+00	2020-04-16 07:39:34.739793+00	8	8	0	t	156	\N	201	\N	\N
1035	2020-04-16 07:38:35.623846+00	2020-04-16 07:38:35.623868+00	7	7	0	f	247	183	\N	\N	\N
1037	2020-04-16 07:39:34.747323+00	2020-04-16 07:39:34.800376+00	1	1	0	f	247	183	201	\N	\N
1039	2020-04-16 07:40:53.186988+00	2020-04-16 07:40:53.187043+00	8	8	0	t	151	\N	202	1	\N
1038	2020-04-16 07:39:34.807653+00	2020-04-16 07:39:34.807677+00	8	8	0	f	247	184	\N	\N	\N
1040	2020-04-16 07:40:53.194795+00	2020-04-16 07:40:53.236544+00	4	4	0	f	247	184	202	1	\N
1042	2020-04-16 07:41:56.156568+00	2020-04-16 07:41:56.156588+00	12	12	0	t	150	\N	203	\N	\N
1041	2020-04-16 07:40:53.245781+00	2020-04-16 07:40:53.245803+00	12	12	0	f	247	185	\N	\N	\N
1043	2020-04-16 07:41:56.165518+00	2020-04-16 07:41:56.192823+00	1	1	0	f	247	185	203	\N	\N
1045	2020-04-16 07:43:01.266916+00	2020-04-16 07:43:01.26694+00	11	11	0	t	144	\N	204	\N	\N
1044	2020-04-16 07:41:56.202002+00	2020-04-16 07:41:56.202025+00	13	13	0	f	247	186	\N	\N	\N
1046	2020-04-16 07:43:01.271391+00	2020-04-16 07:43:01.293353+00	1	1	0	f	247	186	204	\N	\N
1048	2020-04-16 07:44:06.9721+00	2020-04-16 07:44:06.97212+00	10	10	0	t	142	\N	205	\N	\N
1050	2020-04-16 07:44:07.040283+00	2020-04-16 07:44:07.040313+00	15	15	0	t	247	\N	\N	\N	\N
1047	2020-04-16 07:43:01.318632+00	2020-04-16 07:43:01.318662+00	14	14	0	f	247	187	\N	\N	\N
1049	2020-04-16 07:44:06.984345+00	2020-04-16 07:44:07.029045+00	1	1	0	f	247	187	205	\N	\N
\.


--
-- Data for Name: piglets_pigletsstatus; Type: TABLE DATA; Schema: public; Owner: postgres
--

COPY public.piglets_pigletsstatus (id, created_at, modified_at, title) FROM stdin;
1	2020-03-09 11:46:36.948413+00	2020-03-09 11:46:36.948428+00	, 
2	2020-03-09 11:46:36.94844+00	2020-03-09 11:46:36.948446+00	  
3	2020-03-09 11:46:36.948455+00	2020-03-09 11:46:36.948461+00	,   
4	2020-03-09 11:46:36.94847+00	2020-03-09 11:46:36.948485+00	
5	2020-03-09 11:46:36.948494+00	2020-03-09 11:46:36.9485+00	   
\.


--
-- Data for Name: sows_boar; Type: TABLE DATA; Schema: public; Owner: postgres
--

COPY public.sows_boar (id, created_at, modified_at, birth_id, location_id) FROM stdin;
1	2020-03-09 11:46:39.880826+00	2020-03-09 11:46:39.880854+00	1	1
2	2020-03-09 11:46:39.885642+00	2020-03-09 11:46:39.885658+00	2	1
3	2020-03-11 09:03:15.656166+00	2020-03-11 09:03:15.656199+00	17	1
4	2020-03-11 09:03:15.662949+00	2020-03-11 09:03:15.662977+00	22	1
5	2020-03-11 09:03:16.180886+00	2020-03-11 09:03:16.180905+00	416	1
6	2020-03-11 09:03:16.479889+00	2020-03-11 09:03:16.479919+00	20	1
7	2020-03-11 09:03:18.386377+00	2020-03-11 09:03:18.386394+00	19	1
8	2020-03-11 09:03:19.903883+00	2020-03-11 09:03:19.903904+00	18	1
9	2020-03-11 09:03:21.09916+00	2020-03-11 09:03:21.099178+00	21	1
10	2020-03-11 09:03:27.031961+00	2020-03-11 09:03:27.031981+00	216	1
11	2020-03-11 09:03:36.629895+00	2020-03-11 09:03:36.629913+00	5	1
12	2020-03-27 07:13:48.718947+00	2020-03-27 07:13:48.718968+00	221	1
\.


--
-- Data for Name: sows_events_abortionsow; Type: TABLE DATA; Schema: public; Owner: postgres
--

COPY public.sows_events_abortionsow (id, created_at, modified_at, date, initiator_id, sow_id, tour_id) FROM stdin;
35	2020-03-17 05:16:37.750754+00	2020-03-17 05:16:37.750837+00	2019-12-29 16:00:00+00	6	1493	9
39	2020-03-27 06:28:45.195162+00	2020-03-27 06:28:45.195193+00	2020-03-27 06:22:45.367371+00	6	2038	16
40	2020-03-27 07:13:46.937016+00	2020-03-27 07:13:46.937068+00	2020-02-17 16:00:00+00	6	2038	\N
41	2020-03-27 07:13:47.33063+00	2020-03-27 07:13:47.330656+00	2020-02-23 16:00:00+00	8	2085	17
42	2020-03-27 07:16:58.173305+00	2020-03-27 07:16:58.173359+00	2020-02-17 16:00:00+00	6	2038	\N
43	2020-03-27 07:16:58.527669+00	2020-03-27 07:16:58.527695+00	2020-02-23 16:00:00+00	8	2085	\N
44	2020-03-27 07:17:22.581647+00	2020-03-27 07:17:22.581677+00	2020-02-17 16:00:00+00	6	2038	\N
45	2020-03-27 07:17:22.919957+00	2020-03-27 07:17:22.919984+00	2020-02-23 16:00:00+00	8	2085	\N
46	2020-03-27 07:35:31.713805+00	2020-03-27 07:35:31.713829+00	2020-02-17 16:00:00+00	6	2038	\N
47	2020-03-27 07:35:32.67237+00	2020-03-27 07:35:32.672391+00	2020-02-23 16:00:00+00	8	2085	\N
48	2020-03-27 07:47:13.250589+00	2020-03-27 07:47:13.25066+00	2020-02-17 16:00:00+00	6	2038	\N
49	2020-03-27 07:47:13.630871+00	2020-03-27 07:47:13.630898+00	2020-02-23 16:00:00+00	8	2085	\N
50	2020-03-30 05:07:57.80722+00	2020-03-30 05:07:57.807239+00	2019-12-08 16:00:00+00	8	2672	36
51	2020-03-30 05:07:58.744857+00	2020-03-30 05:07:58.744873+00	2019-12-08 16:00:00+00	7	2692	36
52	2020-03-30 05:07:59.076771+00	2020-03-30 05:07:59.076788+00	2019-12-08 16:00:00+00	7	2699	36
53	2020-04-06 03:16:25.900946+00	2020-04-06 03:16:25.900974+00	2020-04-04 07:11:51.53144+00	4	2731	36
54	2020-04-06 03:26:12.649472+00	2020-04-06 03:26:12.649491+00	2019-12-16 16:00:00+00	10	2804	42
55	2020-04-06 03:26:12.974486+00	2020-04-06 03:26:12.974502+00	2019-12-17 16:00:00+00	7	2812	42
56	2020-04-06 03:26:16.668586+00	2020-04-06 03:26:16.668616+00	2019-12-29 16:00:00+00	6	1493	\N
57	2020-04-11 00:25:47.077108+00	2020-04-11 00:25:47.077151+00	2020-04-08 09:13:07.411976+00	14	2757	\N
\.


--
-- Data for Name: sows_events_cullingsow; Type: TABLE DATA; Schema: public; Owner: postgres
--

COPY public.sows_events_cullingsow (id, created_at, modified_at, date, culling_type, reason, initiator_id, sow_id, tour_id) FROM stdin;
10	2020-03-17 06:22:37.459523+00	2020-03-17 06:22:37.459547+00	2020-03-17 06:22:37.459054+00	padej	padej	6	1525	14
11	2020-03-17 06:30:21.581234+00	2020-03-17 06:30:21.581266+00	2020-03-17 06:30:21.580916+00	padej	padej	6	1963	15
12	2020-03-17 06:30:29.52474+00	2020-03-17 06:30:29.524763+00	2020-03-17 06:30:29.524375+00	padej	padej	6	1954	15
13	2020-03-27 05:49:52.949986+00	2020-03-27 05:49:52.950007+00	2020-03-27 05:49:52.949644+00	padej	padej	6	2085	17
14	2020-03-27 06:09:39.086371+00	2020-03-27 06:09:39.086391+00	2020-03-27 06:09:39.086098+00	padej	padej	6	1973	15
15	2020-03-30 03:40:53.909474+00	2020-03-30 03:40:53.909499+00	2020-03-30 03:40:53.90904+00	padej	padej	6	2355	16
16	2020-03-30 03:41:15.719572+00	2020-03-30 03:41:15.71959+00	2020-03-30 03:41:15.719319+00	padej	padej	6	2340	16
17	2020-03-30 03:41:37.400836+00	2020-03-30 03:41:37.400856+00	2020-03-30 03:41:37.400579+00	padej	padej	6	2378	16
18	2020-03-30 03:41:50.235724+00	2020-03-30 03:41:50.235746+00	2020-03-30 03:41:50.235432+00	padej	padej	6	2379	16
19	2020-03-30 03:42:06.727734+00	2020-03-30 03:42:06.727755+00	2020-03-30 03:42:06.727392+00	padej	padej	6	2383	16
20	2020-03-31 04:23:28.676173+00	2020-03-31 04:23:28.676196+00	2020-03-31 04:23:28.675788+00	padej	padej	14	2719	36
21	2020-04-04 01:00:42.753087+00	2020-04-04 01:00:42.753116+00	2020-04-04 01:00:42.752477+00	padej	padej	14	2726	36
22	2020-04-04 01:00:50.958066+00	2020-04-04 01:00:50.958091+00	2020-04-04 01:00:50.957672+00	padej	padej	14	2725	36
23	2020-04-04 03:55:50.462889+00	2020-04-04 03:55:50.462908+00	2020-04-04 03:55:50.462477+00	padej	padej	14	2681	36
24	2020-04-05 03:48:38.235048+00	2020-04-05 03:48:38.235075+00	2020-04-05 03:48:38.234441+00	padej	padej	14	2728	36
25	2020-04-06 03:14:50.384144+00	2020-04-06 03:14:50.384171+00	2020-04-06 03:14:50.383732+00	padej	padej	4	2691	36
26	2020-04-06 03:15:20.453223+00	2020-04-06 03:15:20.453247+00	2020-04-06 03:15:20.452833+00	padej	padej	4	2688	36
27	2020-04-06 03:15:47.430804+00	2020-04-06 03:15:47.430823+00	2020-04-06 03:15:47.430548+00	padej	padej	4	2676	36
28	2020-04-06 03:16:06.726589+00	2020-04-06 03:16:06.726611+00	2020-04-06 03:16:06.726225+00	padej	padej	4	2668	36
29	2020-04-06 03:33:18.11044+00	2020-04-06 03:33:18.110489+00	2020-04-06 03:33:18.110091+00	padej	padej	6	2789	42
30	2020-04-06 03:33:28.021477+00	2020-04-06 03:33:28.021503+00	2020-04-06 03:33:28.021084+00	padej	padej	6	2752	42
31	2020-04-06 03:33:39.111141+00	2020-04-06 03:33:39.111161+00	2020-04-06 03:33:39.110834+00	padej	padej	6	2772	42
32	2020-04-06 03:34:15.707255+00	2020-04-06 03:34:15.70728+00	2020-04-06 03:34:15.706844+00	padej	padej	6	2812	\N
33	2020-04-06 03:42:41.938545+00	2020-04-06 03:42:41.93857+00	2020-04-06 03:42:41.938193+00	padej	padej	6	2851	43
34	2020-04-07 05:27:49.546708+00	2020-04-07 05:27:49.546731+00	2020-04-07 05:27:49.54635+00	padej	padej	14	2778	42
35	2020-04-08 03:04:26.317509+00	2020-04-08 03:04:26.317535+00	2020-04-08 03:04:26.317107+00	padej	padej	14	2738	36
36	2020-04-08 07:57:02.447493+00	2020-04-08 07:57:02.447879+00	2020-04-08 07:57:02.44497+00	padej	padej	6	2535	34
37	2020-04-08 07:59:32.853598+00	2020-04-08 07:59:32.853618+00	2020-04-08 07:59:32.853305+00	padej	padej	6	1551	34
38	2020-04-08 08:26:43.916621+00	2020-04-08 08:26:43.916647+00	2020-04-08 08:26:43.915565+00	padej	padej	4	2799	42
39	2020-04-08 08:27:08.364618+00	2020-04-08 08:27:08.364639+00	2020-04-08 08:27:08.364328+00	padej	padej	4	2777	42
40	2020-04-08 08:27:32.585977+00	2020-04-08 08:27:32.586006+00	2020-04-08 08:27:32.585576+00	padej	padej	4	2725	36
41	2020-04-11 00:26:18.220519+00	2020-04-11 00:26:18.220546+00	2020-04-11 00:26:18.219992+00	padej	padej	14	2781	42
42	2020-04-11 01:01:38.649939+00	2020-04-11 01:01:38.649967+00	2020-04-11 01:01:38.649488+00	padej	padej	14	2757	\N
43	2020-04-15 06:36:41.85934+00	2020-04-15 06:36:41.859367+00	2020-04-15 06:36:41.8589+00	padej	padej	14	2869	43
44	2020-04-15 06:37:37.052602+00	2020-04-15 06:37:37.05263+00	2020-04-15 06:37:37.05209+00	padej	padej	14	2808	42
45	2020-04-15 07:17:46.020203+00	2020-04-15 07:17:46.0204+00	2020-04-15 07:17:46.019914+00	padej	padej	6	2644	35
46	2020-04-15 07:18:10.503476+00	2020-04-15 07:18:10.503524+00	2020-04-15 07:18:10.502735+00	padej	padej	6	2610	35
47	2020-04-15 07:18:28.675318+00	2020-04-15 07:18:28.675341+00	2020-04-15 07:18:28.674976+00	padej	padej	6	2580	34
48	2020-04-15 07:18:44.047917+00	2020-04-15 07:18:44.047952+00	2020-04-15 07:18:44.047608+00	padej	padej	6	2645	35
49	2020-04-15 07:24:34.188939+00	2020-04-15 07:24:34.188963+00	2020-04-15 07:24:34.188583+00	padej	padej	6	2627	35
50	2020-04-16 02:01:47.916578+00	2020-04-16 02:01:47.916601+00	2020-04-16 02:01:47.916241+00	padej	padej	14	2871	43
\.


--
-- Data for Name: sows_events_semination; Type: TABLE DATA; Schema: public; Owner: postgres
--

COPY public.sows_events_semination (id, created_at, modified_at, date, boar_id, initiator_id, semination_employee_id, sow_id, tour_id) FROM stdin;
2847	2020-03-17 05:16:36.61239+00	2020-03-17 05:16:36.612415+00	2019-12-29 16:00:00+00	3	3	8	1463	9
2848	2020-03-17 05:16:36.625991+00	2020-03-17 05:16:36.626008+00	2019-12-29 16:00:00+00	4	3	8	1463	9
2849	2020-03-17 05:16:36.658784+00	2020-03-17 05:16:36.658801+00	2019-12-29 16:00:00+00	3	3	8	1464	9
2850	2020-03-17 05:16:36.670737+00	2020-03-17 05:16:36.670752+00	2019-12-29 16:00:00+00	4	3	8	1464	9
2851	2020-03-17 05:16:36.699857+00	2020-03-17 05:16:36.699876+00	2019-12-29 16:00:00+00	3	3	8	1465	9
2852	2020-03-17 05:16:36.71205+00	2020-03-17 05:16:36.712067+00	2019-12-29 16:00:00+00	3	3	8	1465	9
2853	2020-03-17 05:16:36.739438+00	2020-03-17 05:16:36.739471+00	2019-12-29 16:00:00+00	3	3	8	1466	9
2854	2020-03-17 05:16:36.747696+00	2020-03-17 05:16:36.747712+00	2019-12-29 16:00:00+00	4	3	8	1466	9
2855	2020-03-17 05:16:36.787682+00	2020-03-17 05:16:36.787702+00	2019-12-29 16:00:00+00	3	3	8	1468	9
2856	2020-03-17 05:16:36.800771+00	2020-03-17 05:16:36.800791+00	2019-12-29 16:00:00+00	3	3	8	1468	9
2857	2020-03-17 05:16:36.827123+00	2020-03-17 05:16:36.82714+00	2019-12-29 16:00:00+00	3	3	8	1469	9
2858	2020-03-17 05:16:36.838518+00	2020-03-17 05:16:36.838538+00	2019-12-29 16:00:00+00	3	3	8	1469	9
2859	2020-03-17 05:16:36.869096+00	2020-03-17 05:16:36.869114+00	2019-12-29 16:00:00+00	3	3	6	1470	9
2860	2020-03-17 05:16:36.876613+00	2020-03-17 05:16:36.87664+00	2019-12-29 16:00:00+00	4	3	6	1470	9
2861	2020-03-17 05:16:36.898688+00	2020-03-17 05:16:36.898706+00	2019-12-29 16:00:00+00	3	3	8	1471	9
2862	2020-03-17 05:16:36.906363+00	2020-03-17 05:16:36.906378+00	2019-12-29 16:00:00+00	3	3	8	1471	9
2863	2020-03-17 05:16:36.936994+00	2020-03-17 05:16:36.937015+00	2019-12-29 16:00:00+00	3	3	8	1472	9
2864	2020-03-17 05:16:36.950025+00	2020-03-17 05:16:36.950093+00	2019-12-29 16:00:00+00	4	3	8	1472	9
2865	2020-03-17 05:16:36.989505+00	2020-03-17 05:16:36.989523+00	2019-12-29 16:00:00+00	5	3	8	1473	9
2866	2020-03-17 05:16:37.000557+00	2020-03-17 05:16:37.000573+00	2019-12-29 16:00:00+00	5	3	8	1473	9
2867	2020-03-17 05:16:37.02872+00	2020-03-17 05:16:37.02874+00	2019-12-29 16:00:00+00	3	3	8	1474	9
2868	2020-03-17 05:16:37.041338+00	2020-03-17 05:16:37.041357+00	2019-12-29 16:00:00+00	4	3	8	1474	9
2869	2020-03-17 05:16:37.071544+00	2020-03-17 05:16:37.071568+00	2019-12-29 16:00:00+00	3	3	8	1475	9
2870	2020-03-17 05:16:37.081126+00	2020-03-17 05:16:37.081142+00	2019-12-29 16:00:00+00	3	3	8	1475	9
2871	2020-03-17 05:16:37.104412+00	2020-03-17 05:16:37.104435+00	2019-12-29 16:00:00+00	3	3	8	1476	9
2872	2020-03-17 05:16:37.113956+00	2020-03-17 05:16:37.113977+00	2019-12-29 16:00:00+00	3	3	8	1476	9
2873	2020-03-17 05:16:37.139635+00	2020-03-17 05:16:37.139659+00	2019-12-29 16:00:00+00	3	3	6	1477	9
2874	2020-03-17 05:16:37.14984+00	2020-03-17 05:16:37.149858+00	2019-12-29 16:00:00+00	4	3	6	1477	9
2875	2020-03-17 05:16:37.175038+00	2020-03-17 05:16:37.17506+00	2019-12-29 16:00:00+00	3	3	8	1478	9
2876	2020-03-17 05:16:37.1845+00	2020-03-17 05:16:37.184518+00	2019-12-29 16:00:00+00	3	3	8	1478	9
2877	2020-03-17 05:16:37.213254+00	2020-03-17 05:16:37.213272+00	2019-12-29 16:00:00+00	3	3	8	1479	9
2878	2020-03-17 05:16:37.224417+00	2020-03-17 05:16:37.224435+00	2019-12-29 16:00:00+00	3	3	8	1479	9
2879	2020-03-17 05:16:37.256838+00	2020-03-17 05:16:37.256859+00	2019-12-29 16:00:00+00	4	3	8	1480	9
2880	2020-03-17 05:16:37.268633+00	2020-03-17 05:16:37.26865+00	2019-12-29 16:00:00+00	6	3	8	1480	9
2881	2020-03-17 05:16:37.292789+00	2020-03-17 05:16:37.292806+00	2019-12-29 16:00:00+00	4	3	6	1481	9
2882	2020-03-17 05:16:37.300555+00	2020-03-17 05:16:37.300572+00	2019-12-29 16:00:00+00	6	3	6	1481	9
2883	2020-03-17 05:16:37.326845+00	2020-03-17 05:16:37.326866+00	2019-12-29 16:00:00+00	3	3	8	1482	9
2884	2020-03-17 05:16:37.334327+00	2020-03-17 05:16:37.334343+00	2019-12-29 16:00:00+00	4	3	8	1482	9
2885	2020-03-17 05:16:37.360081+00	2020-03-17 05:16:37.360101+00	2019-12-29 16:00:00+00	3	3	8	1483	9
2886	2020-03-17 05:16:37.36785+00	2020-03-17 05:16:37.367868+00	2019-12-29 16:00:00+00	3	3	8	1483	9
2887	2020-03-17 05:16:37.406925+00	2020-03-17 05:16:37.406948+00	2019-12-29 16:00:00+00	3	3	8	1484	9
2888	2020-03-17 05:16:37.41788+00	2020-03-17 05:16:37.417896+00	2019-12-29 16:00:00+00	4	3	8	1484	9
2889	2020-03-17 05:16:37.443857+00	2020-03-17 05:16:37.443873+00	2019-12-29 16:00:00+00	3	3	8	1485	9
2890	2020-03-17 05:16:37.458055+00	2020-03-17 05:16:37.458073+00	2019-12-29 16:00:00+00	3	3	8	1485	9
2891	2020-03-17 05:16:37.500259+00	2020-03-17 05:16:37.50028+00	2019-12-29 16:00:00+00	3	3	8	1487	9
2892	2020-03-17 05:16:37.507161+00	2020-03-17 05:16:37.507176+00	2019-12-29 16:00:00+00	4	3	8	1487	9
2893	2020-03-17 05:16:37.529457+00	2020-03-17 05:16:37.529473+00	2019-12-29 16:00:00+00	3	3	8	1488	9
2894	2020-03-17 05:16:37.537455+00	2020-03-17 05:16:37.53747+00	2019-12-29 16:00:00+00	4	3	8	1488	9
2895	2020-03-17 05:16:37.565433+00	2020-03-17 05:16:37.565452+00	2019-12-29 16:00:00+00	3	3	8	1489	9
2896	2020-03-17 05:16:37.576893+00	2020-03-17 05:16:37.576909+00	2019-12-29 16:00:00+00	4	3	8	1489	9
2897	2020-03-17 05:16:37.614747+00	2020-03-17 05:16:37.614764+00	2019-12-29 16:00:00+00	3	3	8	1490	9
2898	2020-03-17 05:16:37.625983+00	2020-03-17 05:16:37.625999+00	2019-12-29 16:00:00+00	4	3	8	1490	9
2899	2020-03-17 05:16:37.656313+00	2020-03-17 05:16:37.656333+00	2019-12-29 16:00:00+00	3	3	6	1491	9
2900	2020-03-17 05:16:37.669769+00	2020-03-17 05:16:37.669788+00	2019-12-29 16:00:00+00	4	3	6	1491	9
2901	2020-03-17 05:16:37.697606+00	2020-03-17 05:16:37.697623+00	2019-12-29 16:00:00+00	4	3	6	1492	9
2902	2020-03-17 05:16:37.704405+00	2020-03-17 05:16:37.70442+00	2019-12-29 16:00:00+00	6	3	6	1492	9
2903	2020-03-17 05:16:37.729751+00	2020-03-17 05:16:37.729768+00	2019-12-29 16:00:00+00	4	3	6	1493	9
2904	2020-03-17 05:16:37.738968+00	2020-03-17 05:16:37.738984+00	2019-12-29 16:00:00+00	6	3	6	1493	9
2905	2020-03-17 05:16:37.792131+00	2020-03-17 05:16:37.792154+00	2019-12-29 16:00:00+00	3	3	8	1494	9
2906	2020-03-17 05:16:37.804008+00	2020-03-17 05:16:37.804025+00	2019-12-29 16:00:00+00	3	3	8	1494	9
2907	2020-03-17 05:16:37.833357+00	2020-03-17 05:16:37.833374+00	2019-12-29 16:00:00+00	3	3	8	1495	9
2908	2020-03-17 05:16:37.844576+00	2020-03-17 05:16:37.844592+00	2019-12-29 16:00:00+00	4	3	8	1495	9
2909	2020-03-17 05:16:37.872179+00	2020-03-17 05:16:37.872196+00	2019-12-29 16:00:00+00	3	3	8	1496	9
2910	2020-03-17 05:16:37.880729+00	2020-03-17 05:16:37.880744+00	2019-12-29 16:00:00+00	4	3	8	1496	9
2911	2020-03-17 05:16:37.904825+00	2020-03-17 05:16:37.904841+00	2019-12-29 16:00:00+00	3	3	8	1497	9
2912	2020-03-17 05:16:37.911795+00	2020-03-17 05:16:37.91181+00	2019-12-29 16:00:00+00	4	3	8	1497	9
2913	2020-03-17 05:16:37.933777+00	2020-03-17 05:16:37.933793+00	2019-12-29 16:00:00+00	3	3	8	1498	9
2914	2020-03-17 05:16:37.940976+00	2020-03-17 05:16:37.940993+00	2019-12-29 16:00:00+00	3	3	8	1498	9
2915	2020-03-17 05:16:37.990263+00	2020-03-17 05:16:37.990285+00	2019-12-29 16:00:00+00	3	3	8	1500	9
2916	2020-03-17 05:16:38.001234+00	2020-03-17 05:16:38.001249+00	2019-12-29 16:00:00+00	3	3	8	1500	9
2917	2020-03-17 05:16:38.030123+00	2020-03-17 05:16:38.030141+00	2019-12-29 16:00:00+00	5	3	8	1501	9
2918	2020-03-17 05:16:38.041424+00	2020-03-17 05:16:38.041439+00	2019-12-29 16:00:00+00	5	3	8	1501	9
2919	2020-03-17 05:16:38.080717+00	2020-03-17 05:16:38.080741+00	2019-12-29 16:00:00+00	3	3	8	1502	9
2920	2020-03-17 05:16:38.088175+00	2020-03-17 05:16:38.088192+00	2019-12-29 16:00:00+00	3	3	8	1502	9
2921	2020-03-17 05:16:38.122871+00	2020-03-17 05:16:38.122892+00	2019-12-29 16:00:00+00	3	3	8	1503	9
2922	2020-03-17 05:16:38.129835+00	2020-03-17 05:16:38.129851+00	2019-12-29 16:00:00+00	4	3	8	1503	9
2923	2020-03-17 05:16:38.15135+00	2020-03-17 05:16:38.151365+00	2019-12-29 16:00:00+00	3	3	8	1504	9
2924	2020-03-17 05:16:38.158975+00	2020-03-17 05:16:38.158991+00	2019-12-29 16:00:00+00	3	3	8	1504	9
2925	2020-03-17 05:16:38.187967+00	2020-03-17 05:16:38.187984+00	2019-12-29 16:00:00+00	4	3	6	1505	9
2926	2020-03-17 05:16:38.199202+00	2020-03-17 05:16:38.199217+00	2019-12-29 16:00:00+00	6	3	6	1505	9
2927	2020-03-17 05:16:38.227315+00	2020-03-17 05:16:38.227333+00	2019-12-29 16:00:00+00	3	3	8	1506	9
2928	2020-03-17 05:16:38.23851+00	2020-03-17 05:16:38.238526+00	2019-12-29 16:00:00+00	3	3	8	1506	9
2929	2020-03-17 05:16:38.267937+00	2020-03-17 05:16:38.267955+00	2019-12-29 16:00:00+00	5	3	6	1507	9
2930	2020-03-17 05:16:38.279698+00	2020-03-17 05:16:38.279714+00	2019-12-29 16:00:00+00	5	3	6	1507	9
2931	2020-03-17 05:16:38.31059+00	2020-03-17 05:16:38.310617+00	2019-12-29 16:00:00+00	4	3	8	1508	9
2932	2020-03-17 05:16:38.318405+00	2020-03-17 05:16:38.318421+00	2019-12-29 16:00:00+00	6	3	8	1508	9
2933	2020-03-17 05:16:38.343801+00	2020-03-17 05:16:38.343824+00	2019-12-29 16:00:00+00	3	3	8	1509	9
2934	2020-03-17 05:16:38.351877+00	2020-03-17 05:16:38.351893+00	2019-12-29 16:00:00+00	3	3	8	1509	9
2935	2020-03-17 05:16:38.383731+00	2020-03-17 05:16:38.38375+00	2019-12-29 16:00:00+00	3	3	8	1510	9
2936	2020-03-17 05:16:38.391758+00	2020-03-17 05:16:38.391776+00	2019-12-29 16:00:00+00	3	3	8	1510	9
2937	2020-03-17 05:16:38.419852+00	2020-03-17 05:16:38.419868+00	2019-12-29 16:00:00+00	3	3	8	1511	9
2938	2020-03-17 05:16:38.430944+00	2020-03-17 05:16:38.430961+00	2019-12-29 16:00:00+00	3	3	8	1511	9
2939	2020-03-17 05:16:38.459288+00	2020-03-17 05:16:38.459304+00	2019-12-29 16:00:00+00	3	3	8	1512	9
2940	2020-03-17 05:16:38.472127+00	2020-03-17 05:16:38.472145+00	2019-12-29 16:00:00+00	3	3	8	1512	9
2941	2020-03-17 05:16:38.501986+00	2020-03-17 05:16:38.502003+00	2019-12-30 16:00:00+00	6	3	7	1513	9
2942	2020-03-17 05:16:38.510639+00	2020-03-17 05:16:38.510655+00	2019-12-30 16:00:00+00	6	3	7	1513	9
2943	2020-03-17 05:16:38.532908+00	2020-03-17 05:16:38.532927+00	2019-12-30 16:00:00+00	6	3	7	1514	9
2944	2020-03-17 05:16:38.539945+00	2020-03-17 05:16:38.539961+00	2019-12-30 16:00:00+00	6	3	7	1514	9
2945	2020-03-17 05:16:38.562014+00	2020-03-17 05:16:38.562035+00	2019-12-30 16:00:00+00	6	3	8	1515	9
2946	2020-03-17 05:16:38.570175+00	2020-03-17 05:16:38.570195+00	2019-12-30 16:00:00+00	6	3	8	1515	9
2947	2020-03-17 05:16:38.600843+00	2020-03-17 05:16:38.600861+00	2019-12-30 16:00:00+00	6	3	6	1516	9
2948	2020-03-17 05:16:38.611887+00	2020-03-17 05:16:38.611904+00	2019-12-30 16:00:00+00	6	3	6	1516	9
2949	2020-03-17 05:16:38.640035+00	2020-03-17 05:16:38.640051+00	2019-12-30 16:00:00+00	6	3	6	1517	9
2950	2020-03-17 05:16:38.65114+00	2020-03-17 05:16:38.651157+00	2019-12-30 16:00:00+00	6	3	6	1517	9
2951	2020-03-17 05:16:38.681898+00	2020-03-17 05:16:38.681919+00	2019-12-30 16:00:00+00	6	3	7	1518	9
2952	2020-03-17 05:16:38.691326+00	2020-03-17 05:16:38.691342+00	2019-12-30 16:00:00+00	6	3	7	1518	9
2953	2020-03-17 05:16:38.715309+00	2020-03-17 05:16:38.715325+00	2019-12-30 16:00:00+00	6	3	7	1519	9
2954	2020-03-17 05:16:38.722576+00	2020-03-17 05:16:38.722591+00	2019-12-30 16:00:00+00	6	3	7	1519	9
2955	2020-03-17 05:16:38.744278+00	2020-03-17 05:16:38.744297+00	2019-12-30 16:00:00+00	6	3	8	1520	9
2956	2020-03-17 05:16:38.753489+00	2020-03-17 05:16:38.753525+00	2019-12-30 16:00:00+00	6	3	8	1520	9
2957	2020-03-17 05:16:38.785538+00	2020-03-17 05:16:38.785656+00	2019-12-30 16:00:00+00	6	3	6	1521	9
2958	2020-03-17 05:16:38.796084+00	2020-03-17 05:16:38.796102+00	2019-12-30 16:00:00+00	6	3	6	1521	9
2959	2020-03-17 05:16:38.826027+00	2020-03-17 05:16:38.826045+00	2019-12-30 16:00:00+00	5	3	6	1522	9
2960	2020-03-17 05:16:38.838137+00	2020-03-17 05:16:38.838155+00	2019-12-30 16:00:00+00	5	3	6	1522	9
2961	2020-03-17 05:16:38.868479+00	2020-03-17 05:16:38.868499+00	2019-12-30 16:00:00+00	6	3	7	1523	9
2962	2020-03-17 05:16:38.889543+00	2020-03-17 05:16:38.88956+00	2019-12-30 16:00:00+00	6	3	7	1523	9
2963	2020-03-17 05:16:38.912176+00	2020-03-17 05:16:38.912191+00	2019-12-30 16:00:00+00	6	3	6	1524	9
2964	2020-03-17 05:16:38.921792+00	2020-03-17 05:16:38.921809+00	2019-12-30 16:00:00+00	6	3	6	1524	9
2965	2020-03-17 05:16:38.949478+00	2020-03-17 05:16:38.949495+00	2019-12-30 16:00:00+00	5	3	6	1525	9
2966	2020-03-17 05:16:38.957133+00	2020-03-17 05:16:38.957149+00	2019-12-30 16:00:00+00	5	3	6	1525	9
2967	2020-03-17 05:16:38.990953+00	2020-03-17 05:16:38.990983+00	2019-12-31 16:00:00+00	6	3	8	1526	9
2968	2020-03-17 05:16:39.002883+00	2020-03-17 05:16:39.002899+00	2019-12-31 16:00:00+00	7	3	8	1526	9
2969	2020-03-17 05:16:39.031353+00	2020-03-17 05:16:39.031368+00	2019-12-31 16:00:00+00	6	3	7	1527	9
2970	2020-03-17 05:16:39.04272+00	2020-03-17 05:16:39.042737+00	2019-12-31 16:00:00+00	7	3	7	1527	9
2971	2020-03-17 05:16:39.072339+00	2020-03-17 05:16:39.072355+00	2019-12-31 16:00:00+00	6	3	8	1528	9
2972	2020-03-17 05:16:39.084317+00	2020-03-17 05:16:39.084337+00	2019-12-31 16:00:00+00	7	3	8	1528	9
2973	2020-03-17 05:16:39.113001+00	2020-03-17 05:16:39.113018+00	2019-12-31 16:00:00+00	6	3	6	1529	9
2974	2020-03-17 05:16:39.121348+00	2020-03-17 05:16:39.121364+00	2019-12-31 16:00:00+00	7	3	6	1529	9
2975	2020-03-17 05:16:39.149293+00	2020-03-17 05:16:39.149308+00	2019-12-31 16:00:00+00	6	3	8	1530	9
2976	2020-03-17 05:16:39.156546+00	2020-03-17 05:16:39.156562+00	2019-12-31 16:00:00+00	7	3	8	1530	9
2977	2020-03-17 05:16:39.187432+00	2020-03-17 05:16:39.187448+00	2019-12-31 16:00:00+00	6	3	6	1531	9
2978	2020-03-17 05:16:39.195544+00	2020-03-17 05:16:39.19556+00	2019-12-31 16:00:00+00	7	3	6	1531	9
4605	2020-03-27 07:35:29.757367+00	2020-03-27 07:35:29.75739+00	2020-02-16 16:00:00+00	3	3	6	2319	16
4606	2020-03-27 07:35:29.77022+00	2020-03-27 07:35:29.770237+00	2020-02-16 16:00:00+00	6	3	6	2319	16
2981	2020-03-17 05:16:39.274583+00	2020-03-17 05:16:39.274602+00	2020-01-01 16:00:00+00	7	3	6	1533	9
2982	2020-03-17 05:16:39.288345+00	2020-03-17 05:16:39.288368+00	2020-01-01 16:00:00+00	7	3	6	1533	9
2983	2020-03-17 05:16:39.343865+00	2020-03-17 05:16:39.343881+00	2020-01-01 16:00:00+00	7	3	10	1535	9
2984	2020-03-17 05:16:39.35327+00	2020-03-17 05:16:39.353286+00	2020-01-01 16:00:00+00	7	3	10	1535	9
2985	2020-03-17 05:16:39.377599+00	2020-03-17 05:16:39.377617+00	2020-01-02 16:00:00+00	7	3	8	1536	9
2986	2020-03-17 05:16:39.385728+00	2020-03-17 05:16:39.385749+00	2020-01-02 16:00:00+00	7	3	8	1536	9
2987	2020-03-17 05:16:39.410767+00	2020-03-17 05:16:39.410786+00	2020-01-02 16:00:00+00	7	3	10	1537	9
2988	2020-03-17 05:16:39.418125+00	2020-03-17 05:16:39.418141+00	2020-01-02 16:00:00+00	7	3	10	1537	9
2989	2020-03-17 05:16:39.44158+00	2020-03-17 05:16:39.441598+00	2020-01-02 16:00:00+00	7	3	8	1538	9
2990	2020-03-17 05:16:39.453134+00	2020-03-17 05:16:39.453151+00	2020-01-02 16:00:00+00	7	3	8	1538	9
2991	2020-03-17 05:16:39.483349+00	2020-03-17 05:16:39.483367+00	2020-01-02 16:00:00+00	7	3	6	1539	9
2992	2020-03-17 05:16:39.49571+00	2020-03-17 05:16:39.495728+00	2020-01-02 16:00:00+00	7	3	6	1539	9
2993	2020-03-17 05:16:39.531671+00	2020-03-17 05:16:39.531689+00	2020-01-02 16:00:00+00	7	3	8	1540	9
2994	2020-03-17 05:16:39.540588+00	2020-03-17 05:16:39.540613+00	2020-01-02 16:00:00+00	7	3	8	1540	9
2995	2020-03-17 05:16:39.567112+00	2020-03-17 05:16:39.567129+00	2020-01-02 16:00:00+00	7	3	8	1541	9
2996	2020-03-17 05:16:39.575428+00	2020-03-17 05:16:39.575444+00	2020-01-02 16:00:00+00	7	3	8	1541	9
2997	2020-03-17 05:16:39.604902+00	2020-03-17 05:16:39.604919+00	2020-01-05 16:00:00+00	7	3	7	1542	10
2998	2020-03-17 05:16:39.616102+00	2020-03-17 05:16:39.616118+00	2020-01-05 16:00:00+00	3	3	7	1542	10
2999	2020-03-17 05:16:39.643803+00	2020-03-17 05:16:39.643819+00	2020-01-05 16:00:00+00	7	3	8	1543	10
3000	2020-03-17 05:16:39.652572+00	2020-03-17 05:16:39.652588+00	2020-01-05 16:00:00+00	3	3	8	1543	10
3001	2020-03-17 05:16:39.681446+00	2020-03-17 05:16:39.681466+00	2020-01-05 16:00:00+00	3	3	8	1544	10
3002	2020-03-17 05:16:39.693368+00	2020-03-17 05:16:39.693386+00	2020-01-05 16:00:00+00	6	3	8	1544	10
3003	2020-03-17 05:16:39.715775+00	2020-03-17 05:16:39.715794+00	2020-01-05 16:00:00+00	7	3	7	1545	10
3004	2020-03-17 05:16:39.72292+00	2020-03-17 05:16:39.722936+00	2020-01-05 16:00:00+00	3	3	7	1545	10
3005	2020-03-17 05:16:39.757625+00	2020-03-17 05:16:39.757645+00	2020-01-05 16:00:00+00	7	3	7	1547	10
3006	2020-03-17 05:16:39.76461+00	2020-03-17 05:16:39.764626+00	2020-01-05 16:00:00+00	3	3	7	1547	10
3007	2020-03-17 05:16:39.791605+00	2020-03-17 05:16:39.791626+00	2020-01-05 16:00:00+00	3	3	8	1548	10
3008	2020-03-17 05:16:39.79914+00	2020-03-17 05:16:39.799157+00	2020-01-05 16:00:00+00	6	3	8	1548	10
3009	2020-03-17 05:16:39.827522+00	2020-03-17 05:16:39.827543+00	2020-01-05 16:00:00+00	5	3	8	1549	10
3010	2020-03-17 05:16:39.838993+00	2020-03-17 05:16:39.83901+00	2020-01-05 16:00:00+00	5	3	8	1549	10
3011	2020-03-17 05:16:39.867084+00	2020-03-17 05:16:39.867102+00	2020-01-05 16:00:00+00	7	3	8	1550	10
3012	2020-03-17 05:16:39.881179+00	2020-03-17 05:16:39.881199+00	2020-01-05 16:00:00+00	3	3	8	1550	10
3013	2020-03-17 05:16:39.915592+00	2020-03-17 05:16:39.915625+00	2020-01-05 16:00:00+00	7	3	7	1551	10
3014	2020-03-17 05:16:39.925311+00	2020-03-17 05:16:39.925332+00	2020-01-05 16:00:00+00	3	3	7	1551	10
3015	2020-03-17 05:16:39.948354+00	2020-03-17 05:16:39.948381+00	2020-01-05 16:00:00+00	5	3	7	1552	10
3016	2020-03-17 05:16:39.955396+00	2020-03-17 05:16:39.955412+00	2020-01-05 16:00:00+00	5	3	7	1552	10
3017	2020-03-17 05:16:39.976921+00	2020-03-17 05:16:39.976939+00	2020-01-05 16:00:00+00	7	3	8	1553	10
3018	2020-03-17 05:16:39.983861+00	2020-03-17 05:16:39.983877+00	2020-01-05 16:00:00+00	3	3	8	1553	10
3019	2020-03-17 05:16:40.011758+00	2020-03-17 05:16:40.011778+00	2020-01-05 16:00:00+00	7	3	8	1554	10
3020	2020-03-17 05:16:40.02315+00	2020-03-17 05:16:40.023165+00	2020-01-05 16:00:00+00	3	3	8	1554	10
3021	2020-03-17 05:16:40.050975+00	2020-03-17 05:16:40.050992+00	2020-01-05 16:00:00+00	5	3	8	1555	10
3022	2020-03-17 05:16:40.062364+00	2020-03-17 05:16:40.062381+00	2020-01-05 16:00:00+00	5	3	8	1555	10
3023	2020-03-17 05:16:40.090885+00	2020-03-17 05:16:40.090908+00	2020-01-05 16:00:00+00	7	3	7	1556	10
3024	2020-03-17 05:16:40.103119+00	2020-03-17 05:16:40.103155+00	2020-01-05 16:00:00+00	7	3	7	1556	10
3025	2020-03-17 05:16:40.137098+00	2020-03-17 05:16:40.137121+00	2020-01-05 16:00:00+00	5	3	8	1557	10
3026	2020-03-17 05:16:40.144067+00	2020-03-17 05:16:40.144082+00	2020-01-05 16:00:00+00	5	3	8	1557	10
3027	2020-03-17 05:16:40.165647+00	2020-03-17 05:16:40.165665+00	2020-01-05 16:00:00+00	5	3	7	1558	10
3028	2020-03-17 05:16:40.175723+00	2020-03-17 05:16:40.175741+00	2020-01-05 16:00:00+00	5	3	7	1558	10
3029	2020-03-17 05:16:40.200217+00	2020-03-17 05:16:40.200273+00	2020-01-05 16:00:00+00	5	3	8	1559	10
3030	2020-03-17 05:16:40.207442+00	2020-03-17 05:16:40.207458+00	2020-01-05 16:00:00+00	5	3	8	1559	10
3031	2020-03-17 05:16:40.234182+00	2020-03-17 05:16:40.2342+00	2020-01-05 16:00:00+00	7	3	7	1560	10
3032	2020-03-17 05:16:40.243592+00	2020-03-17 05:16:40.243608+00	2020-01-05 16:00:00+00	7	3	7	1560	10
3033	2020-03-17 05:16:40.26917+00	2020-03-17 05:16:40.269194+00	2020-01-05 16:00:00+00	7	3	8	1561	10
3034	2020-03-17 05:16:40.283307+00	2020-03-17 05:16:40.283324+00	2020-01-05 16:00:00+00	3	3	8	1561	10
3035	2020-03-17 05:16:40.304273+00	2020-03-17 05:16:40.304298+00	2020-01-05 16:00:00+00	7	3	7	1562	10
3036	2020-03-17 05:16:40.314037+00	2020-03-17 05:16:40.314069+00	2020-01-05 16:00:00+00	3	3	7	1562	10
3037	2020-03-17 05:16:40.342465+00	2020-03-17 05:16:40.342487+00	2020-01-05 16:00:00+00	3	3	8	1563	10
3038	2020-03-17 05:16:40.353729+00	2020-03-17 05:16:40.353746+00	2020-01-05 16:00:00+00	6	3	8	1563	10
3039	2020-03-17 05:16:40.382308+00	2020-03-17 05:16:40.382326+00	2020-01-05 16:00:00+00	3	3	8	1564	10
3040	2020-03-17 05:16:40.393323+00	2020-03-17 05:16:40.393339+00	2020-01-05 16:00:00+00	6	3	8	1564	10
3041	2020-03-17 05:16:40.424446+00	2020-03-17 05:16:40.424472+00	2020-01-05 16:00:00+00	7	3	8	1565	10
3042	2020-03-17 05:16:40.435105+00	2020-03-17 05:16:40.435129+00	2020-01-05 16:00:00+00	8	3	8	1565	10
3043	2020-03-17 05:16:40.467336+00	2020-03-17 05:16:40.467353+00	2020-01-05 16:00:00+00	3	3	10	1566	10
3044	2020-03-17 05:16:40.474241+00	2020-03-17 05:16:40.474258+00	2020-01-05 16:00:00+00	8	3	10	1566	10
3045	2020-03-17 05:16:40.496083+00	2020-03-17 05:16:40.496102+00	2020-01-05 16:00:00+00	3	3	6	1567	10
3046	2020-03-17 05:16:40.504702+00	2020-03-17 05:16:40.504718+00	2020-01-05 16:00:00+00	6	3	6	1567	10
3047	2020-03-17 05:16:40.534347+00	2020-03-17 05:16:40.534369+00	2020-01-05 16:00:00+00	5	3	8	1568	10
3048	2020-03-17 05:16:40.54215+00	2020-03-17 05:16:40.542165+00	2020-01-05 16:00:00+00	5	3	8	1568	10
3049	2020-03-17 05:16:40.569741+00	2020-03-17 05:16:40.569762+00	2020-01-05 16:00:00+00	3	3	8	1569	10
3050	2020-03-17 05:16:40.580828+00	2020-03-17 05:16:40.580849+00	2020-01-05 16:00:00+00	6	3	8	1569	10
3051	2020-03-17 05:16:40.609216+00	2020-03-17 05:16:40.609239+00	2020-01-05 16:00:00+00	7	3	7	1570	10
3052	2020-03-17 05:16:40.615475+00	2020-03-17 05:16:40.615493+00	2020-01-05 16:00:00+00	3	3	7	1570	10
3053	2020-03-17 05:16:40.650888+00	2020-03-17 05:16:40.650913+00	2020-01-05 16:00:00+00	3	3	6	1571	10
3054	2020-03-17 05:16:40.662288+00	2020-03-17 05:16:40.66231+00	2020-01-05 16:00:00+00	6	3	6	1571	10
3055	2020-03-17 05:16:40.688907+00	2020-03-17 05:16:40.688933+00	2020-01-05 16:00:00+00	3	3	6	1572	10
3056	2020-03-17 05:16:40.70009+00	2020-03-17 05:16:40.700107+00	2020-01-05 16:00:00+00	6	3	6	1572	10
3057	2020-03-17 05:16:40.728334+00	2020-03-17 05:16:40.728354+00	2020-01-05 16:00:00+00	7	3	6	1573	10
3058	2020-03-17 05:16:40.739089+00	2020-03-17 05:16:40.739106+00	2020-01-05 16:00:00+00	3	3	6	1573	10
3059	2020-03-17 05:16:40.766474+00	2020-03-17 05:16:40.766493+00	2020-01-05 16:00:00+00	7	3	7	1574	10
3060	2020-03-17 05:16:40.774001+00	2020-03-17 05:16:40.774017+00	2020-01-05 16:00:00+00	3	3	7	1574	10
3061	2020-03-17 05:16:40.795638+00	2020-03-17 05:16:40.795663+00	2020-01-05 16:00:00+00	3	3	8	1575	10
3062	2020-03-17 05:16:40.802161+00	2020-03-17 05:16:40.802177+00	2020-01-05 16:00:00+00	6	3	8	1575	10
3063	2020-03-17 05:16:40.825858+00	2020-03-17 05:16:40.825876+00	2020-01-05 16:00:00+00	7	3	7	1576	10
3064	2020-03-17 05:16:40.836567+00	2020-03-17 05:16:40.836583+00	2020-01-05 16:00:00+00	3	3	7	1576	10
3065	2020-03-17 05:16:40.864111+00	2020-03-17 05:16:40.864128+00	2020-01-05 16:00:00+00	7	3	8	1577	10
3066	2020-03-17 05:16:40.875308+00	2020-03-17 05:16:40.875326+00	2020-01-05 16:00:00+00	3	3	8	1577	10
3067	2020-03-17 05:16:40.902664+00	2020-03-17 05:16:40.902681+00	2020-01-05 16:00:00+00	5	3	8	1578	10
3068	2020-03-17 05:16:40.913748+00	2020-03-17 05:16:40.913764+00	2020-01-05 16:00:00+00	5	3	8	1578	10
3069	2020-03-17 05:16:40.958955+00	2020-03-17 05:16:40.958974+00	2020-01-05 16:00:00+00	7	3	7	1580	10
3070	2020-03-17 05:16:40.970408+00	2020-03-17 05:16:40.970425+00	2020-01-05 16:00:00+00	3	3	7	1580	10
3071	2020-03-17 05:16:40.998888+00	2020-03-17 05:16:40.998907+00	2020-01-05 16:00:00+00	7	3	7	1581	10
3072	2020-03-17 05:16:41.010207+00	2020-03-17 05:16:41.010223+00	2020-01-05 16:00:00+00	7	3	7	1581	10
3073	2020-03-17 05:16:41.039787+00	2020-03-17 05:16:41.039804+00	2020-01-05 16:00:00+00	5	3	8	1582	10
3074	2020-03-17 05:16:41.046623+00	2020-03-17 05:16:41.046639+00	2020-01-05 16:00:00+00	5	3	8	1582	10
3075	2020-03-17 05:16:41.069586+00	2020-03-17 05:16:41.069603+00	2020-01-05 16:00:00+00	3	3	8	1583	10
3076	2020-03-17 05:16:41.080429+00	2020-03-17 05:16:41.080446+00	2020-01-05 16:00:00+00	6	3	8	1583	10
3077	2020-03-17 05:16:41.107753+00	2020-03-17 05:16:41.107769+00	2020-01-05 16:00:00+00	7	3	8	1584	10
3078	2020-03-17 05:16:41.118466+00	2020-03-17 05:16:41.118482+00	2020-01-05 16:00:00+00	7	3	8	1584	10
3079	2020-03-17 05:16:41.146528+00	2020-03-17 05:16:41.146545+00	2020-01-05 16:00:00+00	7	3	8	1585	10
3080	2020-03-17 05:16:41.158018+00	2020-03-17 05:16:41.158034+00	2020-01-05 16:00:00+00	7	3	8	1585	10
3081	2020-03-17 05:16:41.186394+00	2020-03-17 05:16:41.186411+00	2020-01-05 16:00:00+00	7	3	8	1586	10
3082	2020-03-17 05:16:41.197895+00	2020-03-17 05:16:41.197941+00	2020-01-05 16:00:00+00	7	3	8	1586	10
3083	2020-03-17 05:16:41.226095+00	2020-03-17 05:16:41.226112+00	2020-01-05 16:00:00+00	3	3	8	1587	10
3084	2020-03-17 05:16:41.241289+00	2020-03-17 05:16:41.241306+00	2020-01-05 16:00:00+00	6	3	8	1587	10
3085	2020-03-17 05:16:41.269751+00	2020-03-17 05:16:41.269768+00	2020-01-05 16:00:00+00	7	3	7	1588	10
3086	2020-03-17 05:16:41.277236+00	2020-03-17 05:16:41.277251+00	2020-01-05 16:00:00+00	3	3	7	1588	10
3087	2020-03-17 05:16:41.299849+00	2020-03-17 05:16:41.299865+00	2020-01-05 16:00:00+00	3	3	6	1589	10
3088	2020-03-17 05:16:41.310621+00	2020-03-17 05:16:41.310637+00	2020-01-05 16:00:00+00	6	3	6	1589	10
3089	2020-03-17 05:16:41.338689+00	2020-03-17 05:16:41.338708+00	2020-01-05 16:00:00+00	7	3	7	1590	10
3090	2020-03-17 05:16:41.349591+00	2020-03-17 05:16:41.349607+00	2020-01-05 16:00:00+00	3	3	7	1590	10
3091	2020-03-17 05:16:41.378468+00	2020-03-17 05:16:41.378485+00	2020-01-05 16:00:00+00	3	3	8	1591	10
3092	2020-03-17 05:16:41.39017+00	2020-03-17 05:16:41.390189+00	2020-01-05 16:00:00+00	6	3	8	1591	10
3093	2020-03-17 05:16:41.428344+00	2020-03-17 05:16:41.428363+00	2020-01-06 16:00:00+00	5	3	8	1592	10
3094	2020-03-17 05:16:41.4382+00	2020-03-17 05:16:41.438217+00	2020-01-06 16:00:00+00	5	3	8	1592	10
3095	2020-03-17 05:16:41.465045+00	2020-03-17 05:16:41.465062+00	2020-01-06 16:00:00+00	6	3	7	1593	10
3096	2020-03-17 05:16:41.471825+00	2020-03-17 05:16:41.471842+00	2020-01-06 16:00:00+00	8	3	7	1593	10
3097	2020-03-17 05:16:41.492699+00	2020-03-17 05:16:41.492718+00	2020-01-06 16:00:00+00	6	3	8	1594	10
3098	2020-03-17 05:16:41.499315+00	2020-03-17 05:16:41.49933+00	2020-01-06 16:00:00+00	8	3	8	1594	10
3099	2020-03-17 05:16:41.520509+00	2020-03-17 05:16:41.520531+00	2020-01-06 16:00:00+00	6	3	8	1595	10
3100	2020-03-17 05:16:41.527859+00	2020-03-17 05:16:41.527875+00	2020-01-06 16:00:00+00	8	3	8	1595	10
3101	2020-03-17 05:16:41.574819+00	2020-03-17 05:16:41.574843+00	2020-01-06 16:00:00+00	8	3	7	1597	10
3102	2020-03-17 05:16:41.587772+00	2020-03-17 05:16:41.58779+00	2020-01-06 16:00:00+00	9	3	7	1597	10
3103	2020-03-17 05:16:41.618817+00	2020-03-17 05:16:41.618837+00	2020-01-06 16:00:00+00	6	3	7	1598	10
3104	2020-03-17 05:16:41.632503+00	2020-03-17 05:16:41.632529+00	2020-01-06 16:00:00+00	8	3	7	1598	10
3105	2020-03-17 05:16:41.663878+00	2020-03-17 05:16:41.663904+00	2020-01-06 16:00:00+00	3	3	8	1599	10
3106	2020-03-17 05:16:41.6711+00	2020-03-17 05:16:41.671117+00	2020-01-06 16:00:00+00	8	3	8	1599	10
3107	2020-03-17 05:16:41.69307+00	2020-03-17 05:16:41.693086+00	2020-01-07 16:00:00+00	8	3	6	1600	10
3108	2020-03-17 05:16:41.700091+00	2020-03-17 05:16:41.700106+00	2020-01-07 16:00:00+00	9	3	6	1600	10
3109	2020-03-17 05:16:41.726317+00	2020-03-17 05:16:41.726335+00	2020-01-07 16:00:00+00	8	3	6	1601	10
3110	2020-03-17 05:16:41.73543+00	2020-03-17 05:16:41.735446+00	2020-01-07 16:00:00+00	9	3	6	1601	10
3111	2020-03-17 05:16:41.765912+00	2020-03-17 05:16:41.765929+00	2020-01-07 16:00:00+00	5	3	10	1602	10
3112	2020-03-17 05:16:41.776115+00	2020-03-17 05:16:41.776131+00	2020-01-07 16:00:00+00	5	3	10	1602	10
3113	2020-03-17 05:16:41.807139+00	2020-03-17 05:16:41.807165+00	2020-01-07 16:00:00+00	8	3	7	1603	10
3114	2020-03-17 05:16:41.817482+00	2020-03-17 05:16:41.817501+00	2020-01-07 16:00:00+00	8	3	7	1603	10
3115	2020-03-17 05:16:41.840705+00	2020-03-17 05:16:41.840734+00	2020-01-07 16:00:00+00	8	3	10	1604	10
3116	2020-03-17 05:16:41.848577+00	2020-03-17 05:16:41.848596+00	2020-01-07 16:00:00+00	9	3	10	1604	10
3117	2020-03-17 05:16:41.874279+00	2020-03-17 05:16:41.874307+00	2020-01-07 16:00:00+00	8	3	7	1605	10
3118	2020-03-17 05:16:41.886905+00	2020-03-17 05:16:41.886929+00	2020-01-07 16:00:00+00	9	3	7	1605	10
3119	2020-03-17 05:16:41.916207+00	2020-03-17 05:16:41.916269+00	2020-01-07 16:00:00+00	5	3	6	1606	10
3120	2020-03-17 05:16:41.929398+00	2020-03-17 05:16:41.929425+00	2020-01-07 16:00:00+00	5	3	6	1606	10
3121	2020-03-17 05:16:41.962188+00	2020-03-17 05:16:41.962211+00	2020-01-07 16:00:00+00	8	3	6	1607	10
3122	2020-03-17 05:16:41.975113+00	2020-03-17 05:16:41.97514+00	2020-01-07 16:00:00+00	9	3	6	1607	10
3123	2020-03-17 05:16:42.005737+00	2020-03-17 05:16:42.005754+00	2020-01-08 16:00:00+00	9	3	10	1608	10
3124	2020-03-17 05:16:42.018633+00	2020-03-17 05:16:42.01865+00	2020-01-08 16:00:00+00	4	3	10	1608	10
3125	2020-03-17 05:16:42.050431+00	2020-03-17 05:16:42.050456+00	2020-01-08 16:00:00+00	9	3	8	1609	10
3126	2020-03-17 05:16:42.057856+00	2020-03-17 05:16:42.057872+00	2020-01-08 16:00:00+00	4	3	8	1609	10
3127	2020-03-17 05:16:42.079455+00	2020-03-17 05:16:42.079475+00	2020-01-09 16:00:00+00	7	3	8	1610	10
3128	2020-03-17 05:16:42.086288+00	2020-03-17 05:16:42.086304+00	2020-01-09 16:00:00+00	6	3	8	1610	10
3129	2020-03-17 05:16:42.111659+00	2020-03-17 05:16:42.111676+00	2020-01-09 16:00:00+00	7	3	8	1611	10
3130	2020-03-17 05:16:42.123051+00	2020-03-17 05:16:42.123067+00	2020-01-09 16:00:00+00	6	3	8	1611	10
3131	2020-03-17 05:16:42.152877+00	2020-03-17 05:16:42.152902+00	2020-01-09 16:00:00+00	4	3	6	1612	10
3132	2020-03-17 05:16:42.164859+00	2020-03-17 05:16:42.164875+00	2020-01-09 16:00:00+00	4	3	6	1612	10
3133	2020-03-17 05:16:42.198913+00	2020-03-17 05:16:42.198931+00	2020-01-09 16:00:00+00	4	3	8	1613	10
3134	2020-03-17 05:16:42.210534+00	2020-03-17 05:16:42.210551+00	2020-01-09 16:00:00+00	4	3	8	1613	10
3135	2020-03-17 05:16:42.237568+00	2020-03-17 05:16:42.237588+00	2020-01-09 16:00:00+00	4	3	8	1614	10
3136	2020-03-17 05:16:42.247713+00	2020-03-17 05:16:42.247739+00	2020-01-09 16:00:00+00	4	3	8	1614	10
3137	2020-03-17 05:16:42.276684+00	2020-03-17 05:16:42.27671+00	2020-01-09 16:00:00+00	4	3	8	1615	10
3138	2020-03-17 05:16:42.288088+00	2020-03-17 05:16:42.288114+00	2020-01-09 16:00:00+00	4	3	8	1615	10
3139	2020-03-17 05:16:42.311437+00	2020-03-17 05:16:42.31146+00	2020-01-09 16:00:00+00	4	3	8	1616	10
3140	2020-03-17 05:16:42.323272+00	2020-03-17 05:16:42.323297+00	2020-01-09 16:00:00+00	4	3	8	1616	10
3141	2020-03-17 05:16:42.353087+00	2020-03-17 05:16:42.353106+00	2020-01-09 16:00:00+00	4	3	8	1617	10
3142	2020-03-17 05:16:42.364453+00	2020-03-17 05:16:42.36447+00	2020-01-09 16:00:00+00	4	3	8	1617	10
3143	2020-03-17 05:16:42.392889+00	2020-03-17 05:16:42.392908+00	2020-01-12 16:00:00+00	5	3	7	1618	11
3144	2020-03-17 05:16:42.404403+00	2020-03-17 05:16:42.40442+00	2020-01-12 16:00:00+00	5	3	7	1618	11
3145	2020-03-17 05:16:42.432616+00	2020-03-17 05:16:42.432633+00	2020-01-12 16:00:00+00	5	3	8	1619	11
3146	2020-03-17 05:16:42.443509+00	2020-03-17 05:16:42.443525+00	2020-01-12 16:00:00+00	5	3	8	1619	11
3147	2020-03-17 05:16:42.470105+00	2020-03-17 05:16:42.470126+00	2020-01-12 16:00:00+00	3	3	6	1620	11
3148	2020-03-17 05:16:42.48155+00	2020-03-17 05:16:42.481568+00	2020-01-12 16:00:00+00	6	3	6	1620	11
4607	2020-03-27 07:35:29.798986+00	2020-03-27 07:35:29.799005+00	2020-02-16 16:00:00+00	3	3	8	2320	16
4608	2020-03-27 07:35:29.808426+00	2020-03-27 07:35:29.808442+00	2020-02-16 16:00:00+00	6	3	8	2320	16
3151	2020-03-17 05:16:42.549371+00	2020-03-17 05:16:42.54939+00	2020-01-12 16:00:00+00	3	3	8	1622	11
3152	2020-03-17 05:16:42.561597+00	2020-03-17 05:16:42.561617+00	2020-01-12 16:00:00+00	6	3	8	1622	11
3153	2020-03-17 05:16:42.590546+00	2020-03-17 05:16:42.590565+00	2020-01-12 16:00:00+00	3	3	6	1623	11
3154	2020-03-17 05:16:42.602078+00	2020-03-17 05:16:42.602095+00	2020-01-12 16:00:00+00	6	3	6	1623	11
3155	2020-03-17 05:16:42.630244+00	2020-03-17 05:16:42.630269+00	2020-01-12 16:00:00+00	7	3	8	1624	11
3156	2020-03-17 05:16:42.637035+00	2020-03-17 05:16:42.637051+00	2020-01-12 16:00:00+00	3	3	8	1624	11
3157	2020-03-17 05:16:42.683508+00	2020-03-17 05:16:42.683535+00	2020-01-12 16:00:00+00	7	3	8	1626	11
3158	2020-03-17 05:16:42.695251+00	2020-03-17 05:16:42.695272+00	2020-01-12 16:00:00+00	3	3	8	1626	11
3159	2020-03-17 05:16:42.723546+00	2020-03-17 05:16:42.723573+00	2020-01-12 16:00:00+00	6	3	8	1627	11
3160	2020-03-17 05:16:42.73506+00	2020-03-17 05:16:42.735079+00	2020-01-12 16:00:00+00	9	3	8	1627	11
3161	2020-03-17 05:16:42.760542+00	2020-03-17 05:16:42.760569+00	2020-01-12 16:00:00+00	3	3	8	1628	11
3162	2020-03-17 05:16:42.772539+00	2020-03-17 05:16:42.77256+00	2020-01-12 16:00:00+00	6	3	8	1628	11
3163	2020-03-17 05:16:42.802293+00	2020-03-17 05:16:42.802321+00	2020-01-12 16:00:00+00	6	3	6	1629	11
3164	2020-03-17 05:16:42.811931+00	2020-03-17 05:16:42.81195+00	2020-01-12 16:00:00+00	9	3	6	1629	11
3165	2020-03-17 05:16:42.841007+00	2020-03-17 05:16:42.841031+00	2020-01-12 16:00:00+00	3	3	8	1630	11
3166	2020-03-17 05:16:42.853116+00	2020-03-17 05:16:42.853136+00	2020-01-12 16:00:00+00	6	3	8	1630	11
3167	2020-03-17 05:16:42.890495+00	2020-03-17 05:16:42.890529+00	2020-01-12 16:00:00+00	3	3	6	1631	11
3168	2020-03-17 05:16:42.902309+00	2020-03-17 05:16:42.902328+00	2020-01-12 16:00:00+00	6	3	6	1631	11
3169	2020-03-17 05:16:42.930828+00	2020-03-17 05:16:42.930853+00	2020-01-12 16:00:00+00	5	3	6	1632	11
3170	2020-03-17 05:16:42.938801+00	2020-03-17 05:16:42.938817+00	2020-01-12 16:00:00+00	5	3	6	1632	11
3171	2020-03-17 05:16:42.96217+00	2020-03-17 05:16:42.962193+00	2020-01-12 16:00:00+00	7	3	8	1633	11
3172	2020-03-17 05:16:42.969746+00	2020-03-17 05:16:42.969765+00	2020-01-12 16:00:00+00	3	3	8	1633	11
3173	2020-03-17 05:16:42.995351+00	2020-03-17 05:16:42.995378+00	2020-01-12 16:00:00+00	6	3	8	1634	11
3174	2020-03-17 05:16:43.007915+00	2020-03-17 05:16:43.007936+00	2020-01-12 16:00:00+00	9	3	8	1634	11
3175	2020-03-17 05:16:43.037058+00	2020-03-17 05:16:43.037084+00	2020-01-12 16:00:00+00	3	3	6	1635	11
3176	2020-03-17 05:16:43.049159+00	2020-03-17 05:16:43.049176+00	2020-01-12 16:00:00+00	9	3	6	1635	11
3177	2020-03-17 05:16:43.079795+00	2020-03-17 05:16:43.079819+00	2020-01-12 16:00:00+00	7	3	8	1636	11
3178	2020-03-17 05:16:43.091701+00	2020-03-17 05:16:43.09172+00	2020-01-12 16:00:00+00	6	3	8	1636	11
3179	2020-03-17 05:16:43.118416+00	2020-03-17 05:16:43.11844+00	2020-01-12 16:00:00+00	7	3	8	1637	11
3180	2020-03-17 05:16:43.125829+00	2020-03-17 05:16:43.125845+00	2020-01-12 16:00:00+00	3	3	8	1637	11
3181	2020-03-17 05:16:43.15053+00	2020-03-17 05:16:43.15055+00	2020-01-12 16:00:00+00	7	3	8	1638	11
3182	2020-03-17 05:16:43.159891+00	2020-03-17 05:16:43.15991+00	2020-01-12 16:00:00+00	3	3	8	1638	11
3183	2020-03-17 05:16:43.197234+00	2020-03-17 05:16:43.197256+00	2020-01-12 16:00:00+00	5	3	8	1640	11
3184	2020-03-17 05:16:43.204508+00	2020-03-17 05:16:43.204524+00	2020-01-12 16:00:00+00	5	3	8	1640	11
3185	2020-03-17 05:16:43.230728+00	2020-03-17 05:16:43.230749+00	2020-01-12 16:00:00+00	6	3	8	1641	11
3186	2020-03-17 05:16:43.242369+00	2020-03-17 05:16:43.242386+00	2020-01-12 16:00:00+00	9	3	8	1641	11
3187	2020-03-17 05:16:43.272136+00	2020-03-17 05:16:43.27216+00	2020-01-12 16:00:00+00	7	3	8	1642	11
3188	2020-03-17 05:16:43.284551+00	2020-03-17 05:16:43.284569+00	2020-01-12 16:00:00+00	3	3	8	1642	11
3189	2020-03-17 05:16:43.313492+00	2020-03-17 05:16:43.313515+00	2020-01-12 16:00:00+00	3	3	6	1643	11
3190	2020-03-17 05:16:43.325015+00	2020-03-17 05:16:43.325032+00	2020-01-12 16:00:00+00	6	3	6	1643	11
3191	2020-03-17 05:16:43.350848+00	2020-03-17 05:16:43.350869+00	2020-01-12 16:00:00+00	7	3	8	1644	11
3192	2020-03-17 05:16:43.358235+00	2020-03-17 05:16:43.358251+00	2020-01-12 16:00:00+00	6	3	8	1644	11
3193	2020-03-17 05:16:43.381735+00	2020-03-17 05:16:43.381753+00	2020-01-12 16:00:00+00	3	3	10	1645	11
3194	2020-03-17 05:16:43.390045+00	2020-03-17 05:16:43.390062+00	2020-01-12 16:00:00+00	6	3	10	1645	11
3195	2020-03-17 05:16:43.415757+00	2020-03-17 05:16:43.415776+00	2020-01-12 16:00:00+00	7	3	8	1646	11
3196	2020-03-17 05:16:43.428471+00	2020-03-17 05:16:43.428489+00	2020-01-12 16:00:00+00	3	3	8	1646	11
3197	2020-03-17 05:16:43.457143+00	2020-03-17 05:16:43.457167+00	2020-01-12 16:00:00+00	7	3	8	1647	11
3198	2020-03-17 05:16:43.466719+00	2020-03-17 05:16:43.466746+00	2020-01-12 16:00:00+00	3	3	8	1647	11
3199	2020-03-17 05:16:43.497875+00	2020-03-17 05:16:43.497903+00	2020-01-12 16:00:00+00	3	3	8	1648	11
3200	2020-03-17 05:16:43.507467+00	2020-03-17 05:16:43.507487+00	2020-01-12 16:00:00+00	9	3	8	1648	11
3201	2020-03-17 05:16:43.537244+00	2020-03-17 05:16:43.537272+00	2020-01-12 16:00:00+00	7	3	8	1649	11
3202	2020-03-17 05:16:43.545238+00	2020-03-17 05:16:43.545261+00	2020-01-12 16:00:00+00	3	3	8	1649	11
3203	2020-03-17 05:16:43.571735+00	2020-03-17 05:16:43.571763+00	2020-01-12 16:00:00+00	7	3	8	1650	11
3204	2020-03-17 05:16:43.580613+00	2020-03-17 05:16:43.58064+00	2020-01-12 16:00:00+00	6	3	8	1650	11
3205	2020-03-17 05:16:43.6062+00	2020-03-17 05:16:43.606229+00	2020-01-12 16:00:00+00	7	3	8	1651	11
3206	2020-03-17 05:16:43.619423+00	2020-03-17 05:16:43.619452+00	2020-01-12 16:00:00+00	3	3	8	1651	11
3207	2020-03-17 05:16:43.647045+00	2020-03-17 05:16:43.647072+00	2020-01-12 16:00:00+00	6	3	8	1652	11
3208	2020-03-17 05:16:43.653505+00	2020-03-17 05:16:43.653524+00	2020-01-12 16:00:00+00	9	3	8	1652	11
3209	2020-03-17 05:16:43.6813+00	2020-03-17 05:16:43.681327+00	2020-01-12 16:00:00+00	3	3	6	1653	11
3210	2020-03-17 05:16:43.688134+00	2020-03-17 05:16:43.68815+00	2020-01-12 16:00:00+00	6	3	6	1653	11
3211	2020-03-17 05:16:43.709796+00	2020-03-17 05:16:43.709826+00	2020-01-12 16:00:00+00	7	3	7	1654	11
3212	2020-03-17 05:16:43.716118+00	2020-03-17 05:16:43.716133+00	2020-01-12 16:00:00+00	6	3	7	1654	11
3213	2020-03-17 05:16:43.741685+00	2020-03-17 05:16:43.741708+00	2020-01-12 16:00:00+00	3	3	6	1655	11
3214	2020-03-17 05:16:43.748174+00	2020-03-17 05:16:43.748189+00	2020-01-12 16:00:00+00	6	3	6	1655	11
3215	2020-03-17 05:16:43.774216+00	2020-03-17 05:16:43.774239+00	2020-01-12 16:00:00+00	5	3	8	1656	11
3216	2020-03-17 05:16:43.782019+00	2020-03-17 05:16:43.782035+00	2020-01-12 16:00:00+00	5	3	8	1656	11
3217	2020-03-17 05:16:43.80735+00	2020-03-17 05:16:43.807375+00	2020-01-12 16:00:00+00	7	3	7	1657	11
3218	2020-03-17 05:16:43.816796+00	2020-03-17 05:16:43.816817+00	2020-01-12 16:00:00+00	6	3	7	1657	11
3219	2020-03-17 05:16:43.841381+00	2020-03-17 05:16:43.841405+00	2020-01-12 16:00:00+00	7	3	8	1658	11
3220	2020-03-17 05:16:43.848146+00	2020-03-17 05:16:43.848173+00	2020-01-12 16:00:00+00	3	3	8	1658	11
3221	2020-03-17 05:16:43.879117+00	2020-03-17 05:16:43.87919+00	2020-01-12 16:00:00+00	7	3	8	1659	11
3222	2020-03-17 05:16:43.887999+00	2020-03-17 05:16:43.888022+00	2020-01-12 16:00:00+00	3	3	8	1659	11
3223	2020-03-17 05:16:43.916073+00	2020-03-17 05:16:43.916102+00	2020-01-12 16:00:00+00	3	3	8	1660	11
3224	2020-03-17 05:16:43.936174+00	2020-03-17 05:16:43.936201+00	2020-01-12 16:00:00+00	6	3	8	1660	11
3225	2020-03-17 05:16:43.966534+00	2020-03-17 05:16:43.966559+00	2020-01-12 16:00:00+00	6	3	8	1661	11
3226	2020-03-17 05:16:43.981373+00	2020-03-17 05:16:43.981403+00	2020-01-12 16:00:00+00	9	3	8	1661	11
3227	2020-03-17 05:16:44.011269+00	2020-03-17 05:16:44.011292+00	2020-01-12 16:00:00+00	3	3	8	1662	11
3228	2020-03-17 05:16:44.023235+00	2020-03-17 05:16:44.023264+00	2020-01-12 16:00:00+00	6	3	8	1662	11
3229	2020-03-17 05:16:44.052637+00	2020-03-17 05:16:44.052659+00	2020-01-12 16:00:00+00	3	3	8	1663	11
3230	2020-03-17 05:16:44.060469+00	2020-03-17 05:16:44.060485+00	2020-01-12 16:00:00+00	6	3	8	1663	11
3231	2020-03-17 05:16:44.086592+00	2020-03-17 05:16:44.086615+00	2020-01-12 16:00:00+00	6	3	6	1664	11
3232	2020-03-17 05:16:44.097242+00	2020-03-17 05:16:44.09726+00	2020-01-12 16:00:00+00	9	3	6	1664	11
3233	2020-03-17 05:16:44.120032+00	2020-03-17 05:16:44.120052+00	2020-01-12 16:00:00+00	6	3	6	1665	11
3234	2020-03-17 05:16:44.130009+00	2020-03-17 05:16:44.130027+00	2020-01-12 16:00:00+00	9	3	6	1665	11
3235	2020-03-17 05:16:44.161504+00	2020-03-17 05:16:44.161531+00	2020-01-12 16:00:00+00	6	3	6	1666	11
3236	2020-03-17 05:16:44.173633+00	2020-03-17 05:16:44.173654+00	2020-01-12 16:00:00+00	9	3	6	1666	11
3237	2020-03-17 05:16:44.20624+00	2020-03-17 05:16:44.206261+00	2020-01-12 16:00:00+00	3	3	8	1667	11
3238	2020-03-17 05:16:44.216276+00	2020-03-17 05:16:44.216293+00	2020-01-12 16:00:00+00	6	3	8	1667	11
3239	2020-03-17 05:16:44.246122+00	2020-03-17 05:16:44.246146+00	2020-01-12 16:00:00+00	7	3	8	1668	11
3240	2020-03-17 05:16:44.253909+00	2020-03-17 05:16:44.253926+00	2020-01-12 16:00:00+00	3	3	8	1668	11
3241	2020-03-17 05:16:44.278486+00	2020-03-17 05:16:44.278513+00	2020-01-12 16:00:00+00	7	3	8	1669	11
3242	2020-03-17 05:16:44.289179+00	2020-03-17 05:16:44.289197+00	2020-01-12 16:00:00+00	3	3	8	1669	11
3243	2020-03-17 05:16:44.314802+00	2020-03-17 05:16:44.314829+00	2020-01-12 16:00:00+00	7	3	8	1670	11
3244	2020-03-17 05:16:44.32439+00	2020-03-17 05:16:44.324412+00	2020-01-12 16:00:00+00	3	3	8	1670	11
3245	2020-03-17 05:16:44.354576+00	2020-03-17 05:16:44.354603+00	2020-01-12 16:00:00+00	3	3	6	1671	11
3246	2020-03-17 05:16:44.366915+00	2020-03-17 05:16:44.366935+00	2020-01-12 16:00:00+00	6	3	6	1671	11
3247	2020-03-17 05:16:44.398793+00	2020-03-17 05:16:44.398818+00	2020-01-12 16:00:00+00	7	3	8	1672	11
3248	2020-03-17 05:16:44.410514+00	2020-03-17 05:16:44.410534+00	2020-01-12 16:00:00+00	9	3	8	1672	11
3249	2020-03-17 05:16:44.45682+00	2020-03-17 05:16:44.456846+00	2020-01-12 16:00:00+00	3	3	6	1674	11
3250	2020-03-17 05:16:44.469075+00	2020-03-17 05:16:44.469095+00	2020-01-12 16:00:00+00	6	3	6	1674	11
3251	2020-03-17 05:16:44.499701+00	2020-03-17 05:16:44.499724+00	2020-01-12 16:00:00+00	5	3	8	1675	11
3252	2020-03-17 05:16:44.507158+00	2020-03-17 05:16:44.507176+00	2020-01-12 16:00:00+00	5	3	8	1675	11
3253	2020-03-17 05:16:44.530018+00	2020-03-17 05:16:44.530041+00	2020-01-12 16:00:00+00	7	3	8	1676	11
3254	2020-03-17 05:16:44.539508+00	2020-03-17 05:16:44.539525+00	2020-01-12 16:00:00+00	3	3	8	1676	11
3255	2020-03-17 05:16:44.569079+00	2020-03-17 05:16:44.569102+00	2020-01-12 16:00:00+00	3	3	8	1677	11
3256	2020-03-17 05:16:44.581226+00	2020-03-17 05:16:44.581245+00	2020-01-12 16:00:00+00	6	3	8	1677	11
3257	2020-03-17 05:16:44.612985+00	2020-03-17 05:16:44.613011+00	2020-01-12 16:00:00+00	7	3	7	1678	11
3258	2020-03-17 05:16:44.625405+00	2020-03-17 05:16:44.62543+00	2020-01-12 16:00:00+00	6	3	7	1678	11
3259	2020-03-17 05:16:44.657281+00	2020-03-17 05:16:44.657305+00	2020-01-12 16:00:00+00	6	3	6	1679	11
3260	2020-03-17 05:16:44.669453+00	2020-03-17 05:16:44.66947+00	2020-01-12 16:00:00+00	9	3	6	1679	11
3261	2020-03-17 05:16:44.702761+00	2020-03-17 05:16:44.702786+00	2020-01-12 16:00:00+00	7	3	8	1680	11
3262	2020-03-17 05:16:44.709919+00	2020-03-17 05:16:44.709936+00	2020-01-12 16:00:00+00	3	3	8	1680	11
3263	2020-03-17 05:16:44.732694+00	2020-03-17 05:16:44.73272+00	2020-01-12 16:00:00+00	5	3	8	1681	11
3264	2020-03-17 05:16:44.740545+00	2020-03-17 05:16:44.740562+00	2020-01-12 16:00:00+00	5	3	8	1681	11
3265	2020-03-17 05:16:44.76576+00	2020-03-17 05:16:44.765785+00	2020-01-12 16:00:00+00	6	3	7	1682	11
3266	2020-03-17 05:16:44.778264+00	2020-03-17 05:16:44.778285+00	2020-01-12 16:00:00+00	9	3	7	1682	11
3267	2020-03-17 05:16:44.809333+00	2020-03-17 05:16:44.809358+00	2020-01-12 16:00:00+00	3	3	8	1683	11
3268	2020-03-17 05:16:44.822142+00	2020-03-17 05:16:44.822165+00	2020-01-12 16:00:00+00	6	3	8	1683	11
3269	2020-03-17 05:16:44.855486+00	2020-03-17 05:16:44.855513+00	2020-01-12 16:00:00+00	5	3	8	1684	11
3270	2020-03-17 05:16:44.867815+00	2020-03-17 05:16:44.867843+00	2020-01-12 16:00:00+00	5	3	8	1684	11
3271	2020-03-17 05:16:44.909886+00	2020-03-17 05:16:44.90991+00	2020-01-13 16:00:00+00	6	3	8	1686	11
3272	2020-03-17 05:16:44.917171+00	2020-03-17 05:16:44.917187+00	2020-01-13 16:00:00+00	9	3	8	1686	11
3273	2020-03-17 05:16:44.93874+00	2020-03-17 05:16:44.938762+00	2020-01-13 16:00:00+00	6	3	8	1687	11
3274	2020-03-17 05:16:44.946019+00	2020-03-17 05:16:44.946035+00	2020-01-13 16:00:00+00	9	3	8	1687	11
3275	2020-03-17 05:16:44.967482+00	2020-03-17 05:16:44.967503+00	2020-01-13 16:00:00+00	4	3	7	1688	11
3276	2020-03-17 05:16:44.975646+00	2020-03-17 05:16:44.975663+00	2020-01-13 16:00:00+00	9	3	7	1688	11
3277	2020-03-17 05:16:45.006881+00	2020-03-17 05:16:45.006906+00	2020-01-14 16:00:00+00	9	3	6	1689	11
3278	2020-03-17 05:16:45.018825+00	2020-03-17 05:16:45.018843+00	2020-01-14 16:00:00+00	7	3	6	1689	11
3279	2020-03-17 05:16:45.047751+00	2020-03-17 05:16:45.047776+00	2020-01-14 16:00:00+00	9	3	6	1690	11
3280	2020-03-17 05:16:45.059676+00	2020-03-17 05:16:45.059695+00	2020-01-14 16:00:00+00	7	3	6	1690	11
3281	2020-03-17 05:16:45.089536+00	2020-03-17 05:16:45.089559+00	2020-01-14 16:00:00+00	9	3	8	1691	11
3282	2020-03-17 05:16:45.101262+00	2020-03-17 05:16:45.101279+00	2020-01-14 16:00:00+00	7	3	8	1691	11
3283	2020-03-17 05:16:45.130063+00	2020-03-17 05:16:45.130084+00	2020-01-14 16:00:00+00	9	3	8	1692	11
3284	2020-03-17 05:16:45.137827+00	2020-03-17 05:16:45.137844+00	2020-01-14 16:00:00+00	7	3	8	1692	11
3285	2020-03-17 05:16:45.160789+00	2020-03-17 05:16:45.160808+00	2020-01-19 16:00:00+00	7	3	8	1693	12
3286	2020-03-17 05:16:45.168433+00	2020-03-17 05:16:45.16845+00	2020-01-19 16:00:00+00	3	3	8	1693	12
3287	2020-03-17 05:16:45.199976+00	2020-03-17 05:16:45.200001+00	2020-01-19 16:00:00+00	7	3	10	1694	12
3288	2020-03-17 05:16:45.211889+00	2020-03-17 05:16:45.211907+00	2020-01-19 16:00:00+00	3	3	10	1694	12
3289	2020-03-17 05:16:45.241285+00	2020-03-17 05:16:45.241304+00	2020-01-19 16:00:00+00	3	3	8	1695	12
3290	2020-03-17 05:16:45.251267+00	2020-03-17 05:16:45.251283+00	2020-01-19 16:00:00+00	9	3	8	1695	12
3291	2020-03-17 05:16:45.301621+00	2020-03-17 05:16:45.301651+00	2020-01-19 16:00:00+00	3	3	8	1697	12
3292	2020-03-17 05:16:45.314127+00	2020-03-17 05:16:45.314149+00	2020-01-19 16:00:00+00	6	3	8	1697	12
4609	2020-03-27 07:35:29.830694+00	2020-03-27 07:35:29.830714+00	2020-02-16 16:00:00+00	7	3	6	2321	16
4610	2020-03-27 07:35:29.838327+00	2020-03-27 07:35:29.838344+00	2020-02-16 16:00:00+00	3	3	6	2321	16
3295	2020-03-17 05:16:45.396578+00	2020-03-17 05:16:45.396604+00	2020-01-19 16:00:00+00	3	3	8	1699	12
3296	2020-03-17 05:16:45.407673+00	2020-03-17 05:16:45.407692+00	2020-01-19 16:00:00+00	9	3	8	1699	12
3297	2020-03-17 05:16:45.431765+00	2020-03-17 05:16:45.431792+00	2020-01-19 16:00:00+00	7	3	8	1700	12
3298	2020-03-17 05:16:45.441641+00	2020-03-17 05:16:45.441661+00	2020-01-19 16:00:00+00	3	3	8	1700	12
3299	2020-03-17 05:16:45.471702+00	2020-03-17 05:16:45.471744+00	2020-01-19 16:00:00+00	7	3	8	1701	12
3300	2020-03-17 05:16:45.484565+00	2020-03-17 05:16:45.48459+00	2020-01-19 16:00:00+00	3	3	8	1701	12
3301	2020-03-17 05:16:45.514853+00	2020-03-17 05:16:45.514878+00	2020-01-19 16:00:00+00	7	3	10	1702	12
3302	2020-03-17 05:16:45.526723+00	2020-03-17 05:16:45.526751+00	2020-01-19 16:00:00+00	3	3	10	1702	12
3303	2020-03-17 05:16:45.556737+00	2020-03-17 05:16:45.556764+00	2020-01-19 16:00:00+00	7	3	8	1703	12
3304	2020-03-17 05:16:45.568598+00	2020-03-17 05:16:45.568621+00	2020-01-19 16:00:00+00	3	3	8	1703	12
3305	2020-03-17 05:16:45.597989+00	2020-03-17 05:16:45.598015+00	2020-01-19 16:00:00+00	5	3	8	1704	12
3306	2020-03-17 05:16:45.610872+00	2020-03-17 05:16:45.610896+00	2020-01-19 16:00:00+00	5	3	8	1704	12
3307	2020-03-17 05:16:45.638995+00	2020-03-17 05:16:45.639022+00	2020-01-19 16:00:00+00	3	3	6	1705	12
3308	2020-03-17 05:16:45.648605+00	2020-03-17 05:16:45.648623+00	2020-01-19 16:00:00+00	9	3	6	1705	12
3309	2020-03-17 05:16:45.667603+00	2020-03-17 05:16:45.667627+00	2020-01-19 16:00:00+00	7	3	8	1499	12
3310	2020-03-17 05:16:45.679535+00	2020-03-17 05:16:45.679608+00	2020-01-19 16:00:00+00	3	3	8	1499	12
3311	2020-03-17 05:16:45.712027+00	2020-03-17 05:16:45.712053+00	2020-01-19 16:00:00+00	7	3	8	1706	12
3312	2020-03-17 05:16:45.723957+00	2020-03-17 05:16:45.723978+00	2020-01-19 16:00:00+00	3	3	8	1706	12
3313	2020-03-17 05:16:45.747212+00	2020-03-17 05:16:45.747236+00	2020-01-19 16:00:00+00	7	3	8	1486	12
3314	2020-03-17 05:16:45.757405+00	2020-03-17 05:16:45.757424+00	2020-01-19 16:00:00+00	3	3	8	1486	12
3315	2020-03-17 05:16:45.789403+00	2020-03-17 05:16:45.789429+00	2020-01-19 16:00:00+00	7	3	10	1707	12
3316	2020-03-17 05:16:45.801083+00	2020-03-17 05:16:45.801103+00	2020-01-19 16:00:00+00	3	3	10	1707	12
3317	2020-03-17 05:16:45.828816+00	2020-03-17 05:16:45.828841+00	2020-01-19 16:00:00+00	7	3	8	1708	12
3318	2020-03-17 05:16:45.840092+00	2020-03-17 05:16:45.840113+00	2020-01-19 16:00:00+00	3	3	8	1708	12
3319	2020-03-17 05:16:45.86505+00	2020-03-17 05:16:45.865071+00	2020-01-19 16:00:00+00	7	3	8	1709	12
3320	2020-03-17 05:16:45.876797+00	2020-03-17 05:16:45.876816+00	2020-01-19 16:00:00+00	3	3	8	1709	12
3321	2020-03-17 05:16:45.908017+00	2020-03-17 05:16:45.90804+00	2020-01-19 16:00:00+00	7	3	8	1710	12
3322	2020-03-17 05:16:45.920046+00	2020-03-17 05:16:45.920072+00	2020-01-19 16:00:00+00	3	3	8	1710	12
3323	2020-03-17 05:16:45.949144+00	2020-03-17 05:16:45.949165+00	2020-01-19 16:00:00+00	5	3	8	1711	12
3324	2020-03-17 05:16:45.960639+00	2020-03-17 05:16:45.960657+00	2020-01-19 16:00:00+00	5	3	8	1711	12
3325	2020-03-17 05:16:45.991387+00	2020-03-17 05:16:45.991409+00	2020-01-19 16:00:00+00	3	3	6	1712	12
3326	2020-03-17 05:16:46.003879+00	2020-03-17 05:16:46.003897+00	2020-01-19 16:00:00+00	9	3	6	1712	12
3327	2020-03-17 05:16:46.025377+00	2020-03-17 05:16:46.025396+00	2020-01-19 16:00:00+00	7	3	8	1713	12
3328	2020-03-17 05:16:46.032519+00	2020-03-17 05:16:46.032534+00	2020-01-19 16:00:00+00	3	3	8	1713	12
3329	2020-03-17 05:16:46.05413+00	2020-03-17 05:16:46.054149+00	2020-01-19 16:00:00+00	7	3	8	1714	12
3330	2020-03-17 05:16:46.061273+00	2020-03-17 05:16:46.061289+00	2020-01-19 16:00:00+00	3	3	8	1714	12
3331	2020-03-17 05:16:46.090819+00	2020-03-17 05:16:46.090841+00	2020-01-19 16:00:00+00	5	3	8	1715	12
3332	2020-03-17 05:16:46.102893+00	2020-03-17 05:16:46.102918+00	2020-01-19 16:00:00+00	5	3	8	1715	12
3333	2020-03-17 05:16:46.130927+00	2020-03-17 05:16:46.130946+00	2020-01-19 16:00:00+00	7	3	8	1716	12
3334	2020-03-17 05:16:46.142204+00	2020-03-17 05:16:46.142222+00	2020-01-19 16:00:00+00	3	3	8	1716	12
3335	2020-03-17 05:16:46.185882+00	2020-03-17 05:16:46.1859+00	2020-01-19 16:00:00+00	7	3	10	1718	12
3336	2020-03-17 05:16:46.195485+00	2020-03-17 05:16:46.19551+00	2020-01-19 16:00:00+00	3	3	10	1718	12
3337	2020-03-17 05:16:46.216904+00	2020-03-17 05:16:46.21692+00	2020-01-19 16:00:00+00	7	3	8	1719	12
3338	2020-03-17 05:16:46.223339+00	2020-03-17 05:16:46.223354+00	2020-01-19 16:00:00+00	3	3	8	1719	12
3339	2020-03-17 05:16:46.24482+00	2020-03-17 05:16:46.244836+00	2020-01-19 16:00:00+00	7	3	10	1720	12
3340	2020-03-17 05:16:46.254362+00	2020-03-17 05:16:46.254378+00	2020-01-19 16:00:00+00	3	3	10	1720	12
3341	2020-03-17 05:16:46.282189+00	2020-03-17 05:16:46.282206+00	2020-01-19 16:00:00+00	7	3	10	1721	12
3342	2020-03-17 05:16:46.294228+00	2020-03-17 05:16:46.294246+00	2020-01-19 16:00:00+00	3	3	10	1721	12
3343	2020-03-17 05:16:46.322849+00	2020-03-17 05:16:46.322866+00	2020-01-19 16:00:00+00	5	3	6	1722	12
3344	2020-03-17 05:16:46.334175+00	2020-03-17 05:16:46.334192+00	2020-01-19 16:00:00+00	5	3	6	1722	12
3345	2020-03-17 05:16:46.3731+00	2020-03-17 05:16:46.373122+00	2020-01-19 16:00:00+00	7	3	8	1723	12
3346	2020-03-17 05:16:46.38304+00	2020-03-17 05:16:46.383063+00	2020-01-19 16:00:00+00	3	3	8	1723	12
3347	2020-03-17 05:16:46.407702+00	2020-03-17 05:16:46.407725+00	2020-01-19 16:00:00+00	7	3	10	1724	12
3348	2020-03-17 05:16:46.414089+00	2020-03-17 05:16:46.414104+00	2020-01-19 16:00:00+00	3	3	10	1724	12
3349	2020-03-17 05:16:46.435253+00	2020-03-17 05:16:46.435269+00	2020-01-19 16:00:00+00	7	3	7	1725	12
3350	2020-03-17 05:16:46.444957+00	2020-03-17 05:16:46.444974+00	2020-01-19 16:00:00+00	3	3	7	1725	12
3351	2020-03-17 05:16:46.473516+00	2020-03-17 05:16:46.473538+00	2020-01-19 16:00:00+00	7	3	8	1726	12
3352	2020-03-17 05:16:46.485396+00	2020-03-17 05:16:46.485415+00	2020-01-19 16:00:00+00	3	3	8	1726	12
3353	2020-03-17 05:16:46.515246+00	2020-03-17 05:16:46.515266+00	2020-01-19 16:00:00+00	3	3	6	1727	12
3354	2020-03-17 05:16:46.52672+00	2020-03-17 05:16:46.526736+00	2020-01-19 16:00:00+00	9	3	6	1727	12
3355	2020-03-17 05:16:46.552772+00	2020-03-17 05:16:46.552789+00	2020-01-19 16:00:00+00	3	3	6	1728	12
3356	2020-03-17 05:16:46.564427+00	2020-03-17 05:16:46.564443+00	2020-01-19 16:00:00+00	9	3	6	1728	12
3357	2020-03-17 05:16:46.598925+00	2020-03-17 05:16:46.598942+00	2020-01-19 16:00:00+00	7	3	8	1730	12
3358	2020-03-17 05:16:46.606454+00	2020-03-17 05:16:46.60647+00	2020-01-19 16:00:00+00	7	3	8	1730	12
3359	2020-03-17 05:16:46.627715+00	2020-03-17 05:16:46.627731+00	2020-01-19 16:00:00+00	7	3	8	1731	12
3360	2020-03-17 05:16:46.634617+00	2020-03-17 05:16:46.634633+00	2020-01-19 16:00:00+00	3	3	8	1731	12
3361	2020-03-17 05:16:46.662759+00	2020-03-17 05:16:46.662777+00	2020-01-19 16:00:00+00	7	3	10	1732	12
3362	2020-03-17 05:16:46.674341+00	2020-03-17 05:16:46.674357+00	2020-01-19 16:00:00+00	3	3	10	1732	12
3363	2020-03-17 05:16:46.70399+00	2020-03-17 05:16:46.704008+00	2020-01-19 16:00:00+00	3	3	6	1733	12
3364	2020-03-17 05:16:46.715504+00	2020-03-17 05:16:46.71552+00	2020-01-19 16:00:00+00	6	3	6	1733	12
3365	2020-03-17 05:16:46.743901+00	2020-03-17 05:16:46.743928+00	2020-01-19 16:00:00+00	7	3	8	1734	12
3366	2020-03-17 05:16:46.755731+00	2020-03-17 05:16:46.755747+00	2020-01-19 16:00:00+00	3	3	8	1734	12
3367	2020-03-17 05:16:46.777666+00	2020-03-17 05:16:46.777687+00	2020-01-19 16:00:00+00	9	3	8	1735	12
3368	2020-03-17 05:16:46.784583+00	2020-03-17 05:16:46.7846+00	2020-01-19 16:00:00+00	7	3	8	1735	12
3369	2020-03-17 05:16:46.806501+00	2020-03-17 05:16:46.80652+00	2020-01-19 16:00:00+00	3	3	6	1736	12
3370	2020-03-17 05:16:46.815823+00	2020-03-17 05:16:46.815839+00	2020-01-19 16:00:00+00	9	3	6	1736	12
3371	2020-03-17 05:16:46.843522+00	2020-03-17 05:16:46.843538+00	2020-01-19 16:00:00+00	5	3	8	1737	12
3372	2020-03-17 05:16:46.854886+00	2020-03-17 05:16:46.854902+00	2020-01-19 16:00:00+00	5	3	8	1737	12
3373	2020-03-17 05:16:46.882706+00	2020-03-17 05:16:46.882722+00	2020-01-19 16:00:00+00	3	3	8	1738	12
3374	2020-03-17 05:16:46.894052+00	2020-03-17 05:16:46.894068+00	2020-01-19 16:00:00+00	9	3	8	1738	12
3375	2020-03-17 05:16:46.92339+00	2020-03-17 05:16:46.923407+00	2020-01-19 16:00:00+00	5	3	8	1739	12
3376	2020-03-17 05:16:46.932796+00	2020-03-17 05:16:46.932812+00	2020-01-19 16:00:00+00	5	3	8	1739	12
3377	2020-03-17 05:16:46.956127+00	2020-03-17 05:16:46.956148+00	2020-01-19 16:00:00+00	3	3	8	1740	12
3378	2020-03-17 05:16:46.96336+00	2020-03-17 05:16:46.963376+00	2020-01-19 16:00:00+00	9	3	8	1740	12
3379	2020-03-17 05:16:46.987396+00	2020-03-17 05:16:46.987414+00	2020-01-19 16:00:00+00	3	3	6	1741	12
3380	2020-03-17 05:16:46.995279+00	2020-03-17 05:16:46.995296+00	2020-01-19 16:00:00+00	9	3	6	1741	12
3381	2020-03-17 05:16:47.024038+00	2020-03-17 05:16:47.024056+00	2020-01-20 16:00:00+00	9	3	8	1742	12
3382	2020-03-17 05:16:47.035328+00	2020-03-17 05:16:47.035343+00	2020-01-20 16:00:00+00	6	3	8	1742	12
3383	2020-03-17 05:16:47.063522+00	2020-03-17 05:16:47.063542+00	2020-01-20 16:00:00+00	9	3	6	1743	12
3384	2020-03-17 05:16:47.075041+00	2020-03-17 05:16:47.075058+00	2020-01-20 16:00:00+00	6	3	6	1743	12
3385	2020-03-17 05:16:47.104199+00	2020-03-17 05:16:47.104215+00	2020-01-20 16:00:00+00	6	3	8	1744	12
3386	2020-03-17 05:16:47.115116+00	2020-03-17 05:16:47.115132+00	2020-01-20 16:00:00+00	6	3	8	1744	12
3387	2020-03-17 05:16:47.142+00	2020-03-17 05:16:47.142016+00	2020-01-20 16:00:00+00	9	3	8	1745	12
3388	2020-03-17 05:16:47.152583+00	2020-03-17 05:16:47.152599+00	2020-01-20 16:00:00+00	6	3	8	1745	12
3389	2020-03-17 05:16:47.175746+00	2020-03-17 05:16:47.175761+00	2020-01-20 16:00:00+00	6	3	7	1746	12
3390	2020-03-17 05:16:47.183008+00	2020-03-17 05:16:47.183024+00	2020-01-20 16:00:00+00	6	3	7	1746	12
3391	2020-03-17 05:16:47.204758+00	2020-03-17 05:16:47.204774+00	2020-01-20 16:00:00+00	6	3	7	1534	12
3392	2020-03-17 05:16:47.211887+00	2020-03-17 05:16:47.211903+00	2020-01-20 16:00:00+00	6	3	7	1534	12
3393	2020-03-17 05:16:47.23614+00	2020-03-17 05:16:47.236156+00	2020-01-20 16:00:00+00	6	3	8	1747	12
3394	2020-03-17 05:16:47.243689+00	2020-03-17 05:16:47.243705+00	2020-01-20 16:00:00+00	6	3	8	1747	12
3395	2020-03-17 05:16:47.26948+00	2020-03-17 05:16:47.269496+00	2020-01-20 16:00:00+00	6	3	7	1748	12
3396	2020-03-17 05:16:47.28084+00	2020-03-17 05:16:47.280857+00	2020-01-20 16:00:00+00	6	3	7	1748	12
3397	2020-03-17 05:16:47.310486+00	2020-03-17 05:16:47.310505+00	2020-01-21 16:00:00+00	5	3	8	1749	12
3398	2020-03-17 05:16:47.322026+00	2020-03-17 05:16:47.322041+00	2020-01-21 16:00:00+00	5	3	8	1749	12
4611	2020-03-27 07:35:29.863901+00	2020-03-27 07:35:29.863921+00	2020-02-16 16:00:00+00	7	3	6	2322	16
4612	2020-03-27 07:35:29.871099+00	2020-03-27 07:35:29.871115+00	2020-02-16 16:00:00+00	3	3	6	2322	16
3401	2020-03-17 05:16:47.394596+00	2020-03-17 05:16:47.394613+00	2020-01-22 16:00:00+00	6	3	10	1751	12
3402	2020-03-17 05:16:47.403062+00	2020-03-17 05:16:47.403079+00	2020-01-22 16:00:00+00	6	3	10	1751	12
3403	2020-03-17 05:16:47.424924+00	2020-03-17 05:16:47.424941+00	2020-01-22 16:00:00+00	6	3	10	1752	12
3404	2020-03-17 05:16:47.43189+00	2020-03-17 05:16:47.431905+00	2020-01-22 16:00:00+00	6	3	10	1752	12
3405	2020-03-17 05:16:47.453335+00	2020-03-17 05:16:47.453351+00	2020-01-22 16:00:00+00	5	3	10	1753	12
3406	2020-03-17 05:16:47.464463+00	2020-03-17 05:16:47.464479+00	2020-01-22 16:00:00+00	5	3	10	1753	12
3407	2020-03-17 05:16:47.492569+00	2020-03-17 05:16:47.492585+00	2020-01-23 16:00:00+00	6	3	10	1754	12
3408	2020-03-17 05:16:47.504452+00	2020-03-17 05:16:47.50448+00	2020-01-23 16:00:00+00	10	3	10	1754	12
3409	2020-03-17 05:16:47.527953+00	2020-03-17 05:16:47.527972+00	2020-01-23 16:00:00+00	6	3	10	1472	12
3410	2020-03-17 05:16:47.538202+00	2020-03-17 05:16:47.538218+00	2020-01-23 16:00:00+00	10	3	10	1472	12
3411	2020-03-17 05:16:47.561165+00	2020-03-17 05:16:47.561182+00	2020-01-23 16:00:00+00	6	3	10	1546	12
3412	2020-03-17 05:16:47.57088+00	2020-03-17 05:16:47.570895+00	2020-01-23 16:00:00+00	10	3	10	1546	12
3413	2020-03-17 05:16:47.591736+00	2020-03-17 05:16:47.591752+00	2020-01-23 16:00:00+00	6	3	10	1755	12
3414	2020-03-17 05:16:47.598572+00	2020-03-17 05:16:47.598589+00	2020-01-23 16:00:00+00	10	3	10	1755	12
3415	2020-03-17 05:16:47.634389+00	2020-03-17 05:16:47.634405+00	2020-01-24 16:00:00+00	6	3	7	1757	12
3416	2020-03-17 05:16:47.645467+00	2020-03-17 05:16:47.645483+00	2020-01-24 16:00:00+00	7	3	7	1757	12
3417	2020-03-17 05:16:47.67284+00	2020-03-17 05:16:47.672857+00	2020-01-24 16:00:00+00	10	3	7	1758	12
3418	2020-03-17 05:16:47.684405+00	2020-03-17 05:16:47.684421+00	2020-01-24 16:00:00+00	7	3	7	1758	12
3419	2020-03-17 05:16:47.710784+00	2020-03-17 05:16:47.7108+00	2020-01-24 16:00:00+00	10	3	7	1759	12
3420	2020-03-17 05:16:47.722321+00	2020-03-17 05:16:47.722338+00	2020-01-24 16:00:00+00	7	3	7	1759	12
3421	2020-03-17 05:16:47.750293+00	2020-03-17 05:16:47.750309+00	2020-01-24 16:00:00+00	5	3	7	1760	12
3422	2020-03-17 05:16:47.760975+00	2020-03-17 05:16:47.760991+00	2020-01-24 16:00:00+00	5	3	7	1760	12
3423	2020-03-17 05:16:47.78887+00	2020-03-17 05:16:47.788892+00	2020-01-24 16:00:00+00	6	3	7	1761	12
3424	2020-03-17 05:16:47.799772+00	2020-03-17 05:16:47.799789+00	2020-01-24 16:00:00+00	7	3	7	1761	12
3425	2020-03-17 05:16:47.828185+00	2020-03-17 05:16:47.828201+00	2020-01-24 16:00:00+00	6	3	7	1762	12
3426	2020-03-17 05:16:47.839054+00	2020-03-17 05:16:47.83907+00	2020-01-24 16:00:00+00	7	3	7	1762	12
3427	2020-03-17 05:16:47.867283+00	2020-03-17 05:16:47.867298+00	2020-01-26 16:00:00+00	3	3	6	1763	13
3428	2020-03-17 05:16:47.879+00	2020-03-17 05:16:47.879016+00	2020-01-26 16:00:00+00	9	3	6	1763	13
3429	2020-03-17 05:16:47.907377+00	2020-03-17 05:16:47.907393+00	2020-01-26 16:00:00+00	7	3	7	1764	13
3430	2020-03-17 05:16:47.920304+00	2020-03-17 05:16:47.920321+00	2020-01-26 16:00:00+00	6	3	7	1764	13
3431	2020-03-17 05:16:47.948526+00	2020-03-17 05:16:47.948542+00	2020-01-26 16:00:00+00	7	3	8	1765	13
3432	2020-03-17 05:16:47.960429+00	2020-03-17 05:16:47.960445+00	2020-01-26 16:00:00+00	3	3	8	1765	13
3433	2020-03-17 05:16:47.989179+00	2020-03-17 05:16:47.989195+00	2020-01-26 16:00:00+00	6	3	6	1766	13
3434	2020-03-17 05:16:47.999818+00	2020-03-17 05:16:47.999834+00	2020-01-26 16:00:00+00	9	3	6	1766	13
3435	2020-03-17 05:16:48.043059+00	2020-03-17 05:16:48.043077+00	2020-01-26 16:00:00+00	3	3	6	1767	13
3436	2020-03-17 05:16:48.050013+00	2020-03-17 05:16:48.05003+00	2020-01-26 16:00:00+00	9	3	6	1767	13
3437	2020-03-17 05:16:48.071109+00	2020-03-17 05:16:48.071125+00	2020-01-26 16:00:00+00	7	3	8	1768	13
3438	2020-03-17 05:16:48.082835+00	2020-03-17 05:16:48.082851+00	2020-01-26 16:00:00+00	6	3	8	1768	13
3439	2020-03-17 05:16:48.111362+00	2020-03-17 05:16:48.111381+00	2020-01-26 16:00:00+00	7	3	7	1769	13
3440	2020-03-17 05:16:48.124117+00	2020-03-17 05:16:48.124136+00	2020-01-26 16:00:00+00	6	3	7	1769	13
3441	2020-03-17 05:16:48.152771+00	2020-03-17 05:16:48.152788+00	2020-01-26 16:00:00+00	6	3	8	1770	13
3442	2020-03-17 05:16:48.164324+00	2020-03-17 05:16:48.164341+00	2020-01-26 16:00:00+00	9	3	8	1770	13
3443	2020-03-17 05:16:48.193022+00	2020-03-17 05:16:48.193041+00	2020-01-26 16:00:00+00	7	3	7	1771	13
3444	2020-03-17 05:16:48.203893+00	2020-03-17 05:16:48.203909+00	2020-01-26 16:00:00+00	3	3	7	1771	13
3445	2020-03-17 05:16:48.230267+00	2020-03-17 05:16:48.230282+00	2020-01-26 16:00:00+00	7	3	8	1772	13
3446	2020-03-17 05:16:48.240984+00	2020-03-17 05:16:48.241+00	2020-01-26 16:00:00+00	3	3	8	1772	13
3447	2020-03-17 05:16:48.263194+00	2020-03-17 05:16:48.263211+00	2020-01-26 16:00:00+00	7	3	8	1773	13
3448	2020-03-17 05:16:48.270397+00	2020-03-17 05:16:48.270412+00	2020-01-26 16:00:00+00	3	3	8	1773	13
3449	2020-03-17 05:16:48.299392+00	2020-03-17 05:16:48.299409+00	2020-01-26 16:00:00+00	3	3	6	1774	13
3450	2020-03-17 05:16:48.312622+00	2020-03-17 05:16:48.312637+00	2020-01-26 16:00:00+00	9	3	6	1774	13
3451	2020-03-17 05:16:48.341873+00	2020-03-17 05:16:48.341889+00	2020-01-26 16:00:00+00	7	3	7	1775	13
3452	2020-03-17 05:16:48.367404+00	2020-03-17 05:16:48.367422+00	2020-01-26 16:00:00+00	6	3	7	1775	13
3453	2020-03-17 05:16:48.398497+00	2020-03-17 05:16:48.398517+00	2020-01-26 16:00:00+00	7	3	7	1776	13
3454	2020-03-17 05:16:48.411164+00	2020-03-17 05:16:48.411181+00	2020-01-26 16:00:00+00	3	3	7	1776	13
3455	2020-03-17 05:16:48.43981+00	2020-03-17 05:16:48.439828+00	2020-01-26 16:00:00+00	7	3	8	1777	13
3456	2020-03-17 05:16:48.453334+00	2020-03-17 05:16:48.45335+00	2020-01-26 16:00:00+00	6	3	8	1777	13
3457	2020-03-17 05:16:48.484825+00	2020-03-17 05:16:48.484844+00	2020-01-26 16:00:00+00	7	3	8	1778	13
3458	2020-03-17 05:16:48.498264+00	2020-03-17 05:16:48.498281+00	2020-01-26 16:00:00+00	6	3	8	1778	13
3459	2020-03-17 05:16:48.541337+00	2020-03-17 05:16:48.541359+00	2020-01-26 16:00:00+00	6	3	6	1779	13
3460	2020-03-17 05:16:48.551539+00	2020-03-17 05:16:48.551554+00	2020-01-26 16:00:00+00	9	3	6	1779	13
3461	2020-03-17 05:16:48.579983+00	2020-03-17 05:16:48.58+00	2020-01-26 16:00:00+00	7	3	8	1780	13
3462	2020-03-17 05:16:48.592081+00	2020-03-17 05:16:48.592097+00	2020-01-26 16:00:00+00	6	3	8	1780	13
4613	2020-03-27 07:35:29.894558+00	2020-03-27 07:35:29.894576+00	2020-02-16 16:00:00+00	7	3	6	2323	16
4614	2020-03-27 07:35:29.907625+00	2020-03-27 07:35:29.907641+00	2020-02-16 16:00:00+00	3	3	6	2323	16
3465	2020-03-17 05:16:48.673875+00	2020-03-17 05:16:48.673895+00	2020-01-26 16:00:00+00	7	3	8	1782	13
3466	2020-03-17 05:16:48.686667+00	2020-03-17 05:16:48.686685+00	2020-01-26 16:00:00+00	3	3	8	1782	13
3467	2020-03-17 05:16:48.716687+00	2020-03-17 05:16:48.716707+00	2020-01-26 16:00:00+00	7	3	8	1783	13
3468	2020-03-17 05:16:48.730143+00	2020-03-17 05:16:48.730166+00	2020-01-26 16:00:00+00	6	3	8	1783	13
3469	2020-03-17 05:16:48.760573+00	2020-03-17 05:16:48.760591+00	2020-01-26 16:00:00+00	7	3	7	1784	13
3470	2020-03-17 05:16:48.773059+00	2020-03-17 05:16:48.773076+00	2020-01-26 16:00:00+00	6	3	7	1784	13
3471	2020-03-17 05:16:48.796218+00	2020-03-17 05:16:48.796264+00	2020-01-26 16:00:00+00	6	3	6	1785	13
3472	2020-03-17 05:16:48.808306+00	2020-03-17 05:16:48.808325+00	2020-01-26 16:00:00+00	9	3	6	1785	13
3473	2020-03-17 05:16:48.835677+00	2020-03-17 05:16:48.835699+00	2020-01-26 16:00:00+00	7	3	7	1786	13
3474	2020-03-17 05:16:48.847858+00	2020-03-17 05:16:48.847876+00	2020-01-26 16:00:00+00	6	3	7	1786	13
3475	2020-03-17 05:16:48.892949+00	2020-03-17 05:16:48.892971+00	2020-01-26 16:00:00+00	5	3	8	1788	13
3476	2020-03-17 05:16:48.905052+00	2020-03-17 05:16:48.905068+00	2020-01-26 16:00:00+00	5	3	8	1788	13
3477	2020-03-17 05:16:48.935613+00	2020-03-17 05:16:48.935632+00	2020-01-26 16:00:00+00	7	3	8	1789	13
3478	2020-03-17 05:16:48.949375+00	2020-03-17 05:16:48.949401+00	2020-01-26 16:00:00+00	3	3	8	1789	13
3479	2020-03-17 05:16:48.973044+00	2020-03-17 05:16:48.97306+00	2020-01-26 16:00:00+00	7	3	8	1790	13
3480	2020-03-17 05:16:48.979846+00	2020-03-17 05:16:48.979861+00	2020-01-26 16:00:00+00	6	3	8	1790	13
3481	2020-03-17 05:16:49.001577+00	2020-03-17 05:16:49.001594+00	2020-01-26 16:00:00+00	5	3	8	1791	13
3482	2020-03-17 05:16:49.008703+00	2020-03-17 05:16:49.008719+00	2020-01-26 16:00:00+00	5	3	8	1791	13
3483	2020-03-17 05:16:49.034264+00	2020-03-17 05:16:49.03428+00	2020-01-26 16:00:00+00	7	3	8	1792	13
3484	2020-03-17 05:16:49.046098+00	2020-03-17 05:16:49.046114+00	2020-01-26 16:00:00+00	6	3	8	1792	13
3485	2020-03-17 05:16:49.073805+00	2020-03-17 05:16:49.07382+00	2020-01-26 16:00:00+00	7	3	8	1793	13
3486	2020-03-17 05:16:49.085384+00	2020-03-17 05:16:49.0854+00	2020-01-26 16:00:00+00	6	3	8	1793	13
3487	2020-03-17 05:16:49.113842+00	2020-03-17 05:16:49.113859+00	2020-01-26 16:00:00+00	6	3	6	1794	13
3488	2020-03-17 05:16:49.126123+00	2020-03-17 05:16:49.12614+00	2020-01-26 16:00:00+00	9	3	6	1794	13
3489	2020-03-17 05:16:49.149708+00	2020-03-17 05:16:49.149724+00	2020-01-26 16:00:00+00	6	3	6	1795	13
3490	2020-03-17 05:16:49.156766+00	2020-03-17 05:16:49.156782+00	2020-01-26 16:00:00+00	9	3	6	1795	13
3491	2020-03-17 05:16:49.178029+00	2020-03-17 05:16:49.178045+00	2020-01-26 16:00:00+00	7	3	8	1796	13
3492	2020-03-17 05:16:49.185048+00	2020-03-17 05:16:49.185064+00	2020-01-26 16:00:00+00	6	3	8	1796	13
3493	2020-03-17 05:16:49.207999+00	2020-03-17 05:16:49.208015+00	2020-01-26 16:00:00+00	7	3	8	1797	13
3494	2020-03-17 05:16:49.214569+00	2020-03-17 05:16:49.214584+00	2020-01-26 16:00:00+00	6	3	8	1797	13
3495	2020-03-17 05:16:49.242799+00	2020-03-17 05:16:49.242815+00	2020-01-26 16:00:00+00	3	3	8	1798	13
3496	2020-03-17 05:16:49.254343+00	2020-03-17 05:16:49.254359+00	2020-01-26 16:00:00+00	9	3	8	1798	13
3497	2020-03-17 05:16:49.283665+00	2020-03-17 05:16:49.283682+00	2020-01-26 16:00:00+00	3	3	6	1799	13
3498	2020-03-17 05:16:49.29549+00	2020-03-17 05:16:49.295507+00	2020-01-26 16:00:00+00	9	3	6	1799	13
3499	2020-03-17 05:16:49.32478+00	2020-03-17 05:16:49.324796+00	2020-01-26 16:00:00+00	6	3	8	1800	13
3500	2020-03-17 05:16:49.336145+00	2020-03-17 05:16:49.336162+00	2020-01-26 16:00:00+00	9	3	8	1800	13
4615	2020-03-27 07:35:29.93631+00	2020-03-27 07:35:29.936335+00	2020-02-16 16:00:00+00	7	3	6	2324	16
4616	2020-03-27 07:35:29.954205+00	2020-03-27 07:35:29.954247+00	2020-02-16 16:00:00+00	3	3	6	2324	16
3503	2020-03-17 05:16:49.39659+00	2020-03-17 05:16:49.396606+00	2020-01-26 16:00:00+00	6	3	6	1596	13
3504	2020-03-17 05:16:49.405768+00	2020-03-17 05:16:49.405784+00	2020-01-26 16:00:00+00	9	3	6	1596	13
3505	2020-03-17 05:16:49.435511+00	2020-03-17 05:16:49.435529+00	2020-01-26 16:00:00+00	6	3	6	1802	13
3506	2020-03-17 05:16:49.444683+00	2020-03-17 05:16:49.444699+00	2020-01-26 16:00:00+00	9	3	6	1802	13
3507	2020-03-17 05:16:49.473647+00	2020-03-17 05:16:49.473663+00	2020-01-26 16:00:00+00	7	3	7	1803	13
3508	2020-03-17 05:16:49.485482+00	2020-03-17 05:16:49.485498+00	2020-01-26 16:00:00+00	6	3	7	1803	13
3509	2020-03-17 05:16:49.513569+00	2020-03-17 05:16:49.51359+00	2020-01-26 16:00:00+00	7	3	8	1804	13
3510	2020-03-17 05:16:49.520544+00	2020-03-17 05:16:49.520613+00	2020-01-26 16:00:00+00	6	3	8	1804	13
3511	2020-03-17 05:16:49.545385+00	2020-03-17 05:16:49.545403+00	2020-01-26 16:00:00+00	7	3	8	1805	13
3512	2020-03-17 05:16:49.551999+00	2020-03-17 05:16:49.552014+00	2020-01-26 16:00:00+00	3	3	8	1805	13
3513	2020-03-17 05:16:49.577364+00	2020-03-17 05:16:49.577384+00	2020-01-26 16:00:00+00	7	3	8	1806	13
3514	2020-03-17 05:16:49.584774+00	2020-03-17 05:16:49.584791+00	2020-01-26 16:00:00+00	3	3	8	1806	13
3515	2020-03-17 05:16:49.614232+00	2020-03-17 05:16:49.614253+00	2020-01-26 16:00:00+00	7	3	7	1807	13
3516	2020-03-17 05:16:49.626718+00	2020-03-17 05:16:49.626735+00	2020-01-26 16:00:00+00	3	3	7	1807	13
3517	2020-03-17 05:16:49.657483+00	2020-03-17 05:16:49.657506+00	2020-01-26 16:00:00+00	6	3	8	1808	13
3518	2020-03-17 05:16:49.669436+00	2020-03-17 05:16:49.669452+00	2020-01-26 16:00:00+00	9	3	8	1808	13
3519	2020-03-17 05:16:49.698053+00	2020-03-17 05:16:49.698073+00	2020-01-26 16:00:00+00	7	3	7	1809	13
3520	2020-03-17 05:16:49.709876+00	2020-03-17 05:16:49.709895+00	2020-01-26 16:00:00+00	3	3	7	1809	13
3521	2020-03-17 05:16:49.736415+00	2020-03-17 05:16:49.736437+00	2020-01-26 16:00:00+00	7	3	7	1810	13
3522	2020-03-17 05:16:49.745109+00	2020-03-17 05:16:49.745128+00	2020-01-26 16:00:00+00	6	3	7	1810	13
3523	2020-03-17 05:16:49.772464+00	2020-03-17 05:16:49.772483+00	2020-01-26 16:00:00+00	6	3	6	1811	13
3524	2020-03-17 05:16:49.780023+00	2020-03-17 05:16:49.780039+00	2020-01-26 16:00:00+00	9	3	6	1811	13
3525	2020-03-17 05:16:49.804445+00	2020-03-17 05:16:49.804463+00	2020-01-26 16:00:00+00	7	3	7	1812	13
3526	2020-03-17 05:16:49.811366+00	2020-03-17 05:16:49.811383+00	2020-01-26 16:00:00+00	3	3	7	1812	13
3527	2020-03-17 05:16:49.836649+00	2020-03-17 05:16:49.836666+00	2020-01-26 16:00:00+00	7	3	7	1813	13
3528	2020-03-17 05:16:49.843513+00	2020-03-17 05:16:49.84353+00	2020-01-26 16:00:00+00	3	3	7	1813	13
3529	2020-03-17 05:16:49.871458+00	2020-03-17 05:16:49.871475+00	2020-01-26 16:00:00+00	7	3	8	1814	13
3530	2020-03-17 05:16:49.880056+00	2020-03-17 05:16:49.880071+00	2020-01-26 16:00:00+00	6	3	8	1814	13
3531	2020-03-17 05:16:49.908509+00	2020-03-17 05:16:49.908532+00	2020-01-26 16:00:00+00	7	3	8	1815	13
3532	2020-03-17 05:16:49.917955+00	2020-03-17 05:16:49.917975+00	2020-01-26 16:00:00+00	6	3	8	1815	13
3533	2020-03-17 05:16:49.943863+00	2020-03-17 05:16:49.94388+00	2020-01-26 16:00:00+00	7	3	7	1816	13
3534	2020-03-17 05:16:49.951287+00	2020-03-17 05:16:49.951303+00	2020-01-26 16:00:00+00	6	3	7	1816	13
3535	2020-03-17 05:16:49.974082+00	2020-03-17 05:16:49.974106+00	2020-01-26 16:00:00+00	7	3	8	1817	13
3536	2020-03-17 05:16:49.987042+00	2020-03-17 05:16:49.987059+00	2020-01-26 16:00:00+00	3	3	8	1817	13
3537	2020-03-17 05:16:50.019106+00	2020-03-17 05:16:50.019134+00	2020-01-26 16:00:00+00	7	3	8	1818	13
3538	2020-03-17 05:16:50.031427+00	2020-03-17 05:16:50.031448+00	2020-01-26 16:00:00+00	6	3	8	1818	13
3539	2020-03-17 05:16:50.061045+00	2020-03-17 05:16:50.061063+00	2020-01-26 16:00:00+00	7	3	7	1819	13
3540	2020-03-17 05:16:50.073092+00	2020-03-17 05:16:50.073109+00	2020-01-26 16:00:00+00	6	3	7	1819	13
3541	2020-03-17 05:16:50.101513+00	2020-03-17 05:16:50.10153+00	2020-01-26 16:00:00+00	7	3	7	1820	13
3542	2020-03-17 05:16:50.110825+00	2020-03-17 05:16:50.110842+00	2020-01-26 16:00:00+00	6	3	7	1820	13
3543	2020-03-17 05:16:50.13575+00	2020-03-17 05:16:50.135768+00	2020-01-26 16:00:00+00	7	3	7	1821	13
3544	2020-03-17 05:16:50.143644+00	2020-03-17 05:16:50.14366+00	2020-01-26 16:00:00+00	6	3	7	1821	13
3545	2020-03-17 05:16:50.167133+00	2020-03-17 05:16:50.167153+00	2020-01-26 16:00:00+00	6	3	6	1822	13
3546	2020-03-17 05:16:50.176916+00	2020-03-17 05:16:50.176932+00	2020-01-26 16:00:00+00	9	3	6	1822	13
3547	2020-03-17 05:16:50.204365+00	2020-03-17 05:16:50.204383+00	2020-01-26 16:00:00+00	7	3	7	1823	13
3548	2020-03-17 05:16:50.216687+00	2020-03-17 05:16:50.216705+00	2020-01-26 16:00:00+00	3	3	7	1823	13
3549	2020-03-17 05:16:50.245113+00	2020-03-17 05:16:50.245131+00	2020-01-26 16:00:00+00	7	3	8	1824	13
3550	2020-03-17 05:16:50.256962+00	2020-03-17 05:16:50.256978+00	2020-01-26 16:00:00+00	3	3	8	1824	13
3551	2020-03-17 05:16:50.286951+00	2020-03-17 05:16:50.286968+00	2020-01-26 16:00:00+00	3	3	6	1825	13
3552	2020-03-17 05:16:50.298753+00	2020-03-17 05:16:50.29877+00	2020-01-26 16:00:00+00	9	3	6	1825	13
3553	2020-03-17 05:16:50.328506+00	2020-03-17 05:16:50.328525+00	2020-01-26 16:00:00+00	5	3	7	1826	13
3554	2020-03-17 05:16:50.339781+00	2020-03-17 05:16:50.339798+00	2020-01-26 16:00:00+00	5	3	7	1826	13
3555	2020-03-17 05:16:50.361911+00	2020-03-17 05:16:50.361928+00	2020-01-26 16:00:00+00	7	3	7	1827	13
3556	2020-03-17 05:16:50.368663+00	2020-03-17 05:16:50.368679+00	2020-01-26 16:00:00+00	3	3	7	1827	13
3557	2020-03-17 05:16:50.390885+00	2020-03-17 05:16:50.390906+00	2020-01-27 16:00:00+00	9	3	6	1828	13
3558	2020-03-17 05:16:50.40042+00	2020-03-17 05:16:50.400436+00	2020-01-27 16:00:00+00	9	3	6	1828	13
3559	2020-03-17 05:16:50.431014+00	2020-03-17 05:16:50.431033+00	2020-01-27 16:00:00+00	9	3	10	1829	13
3560	2020-03-17 05:16:50.443002+00	2020-03-17 05:16:50.443018+00	2020-01-27 16:00:00+00	9	3	10	1829	13
3561	2020-03-17 05:16:50.466889+00	2020-03-17 05:16:50.466906+00	2020-01-27 16:00:00+00	9	3	10	1530	13
3562	2020-03-17 05:16:50.478671+00	2020-03-17 05:16:50.478686+00	2020-01-27 16:00:00+00	9	3	10	1530	13
3563	2020-03-17 05:16:50.508096+00	2020-03-17 05:16:50.508851+00	2020-01-27 16:00:00+00	9	3	10	1830	13
3564	2020-03-17 05:16:50.520963+00	2020-03-17 05:16:50.52098+00	2020-01-27 16:00:00+00	9	3	10	1830	13
3565	2020-03-17 05:16:50.544653+00	2020-03-17 05:16:50.544673+00	2020-01-27 16:00:00+00	9	3	6	1831	13
3566	2020-03-17 05:16:50.551375+00	2020-03-17 05:16:50.551391+00	2020-01-27 16:00:00+00	9	3	6	1831	13
3567	2020-03-17 05:16:50.573147+00	2020-03-17 05:16:50.57317+00	2020-01-27 16:00:00+00	9	3	6	1832	13
3568	2020-03-17 05:16:50.582603+00	2020-03-17 05:16:50.58262+00	2020-01-27 16:00:00+00	9	3	6	1832	13
3569	2020-03-17 05:16:50.611703+00	2020-03-17 05:16:50.611723+00	2020-01-28 16:00:00+00	9	3	7	1833	13
3570	2020-03-17 05:16:50.625801+00	2020-03-17 05:16:50.62582+00	2020-01-28 16:00:00+00	10	3	7	1833	13
4617	2020-03-27 07:35:29.986028+00	2020-03-27 07:35:29.986062+00	2020-02-16 16:00:00+00	7	3	6	2325	16
4618	2020-03-27 07:35:29.999466+00	2020-03-27 07:35:29.999483+00	2020-02-16 16:00:00+00	3	3	6	2325	16
3573	2020-03-17 05:16:50.695013+00	2020-03-17 05:16:50.695031+00	2020-01-29 16:00:00+00	5	3	8	1539	13
3574	2020-03-17 05:16:50.702022+00	2020-03-17 05:16:50.702038+00	2020-01-29 16:00:00+00	5	3	8	1539	13
3575	2020-03-17 05:16:50.724509+00	2020-03-17 05:16:50.724527+00	2020-02-02 16:00:00+00	3	3	6	1835	14
3576	2020-03-17 05:16:50.731443+00	2020-03-17 05:16:50.731459+00	2020-02-02 16:00:00+00	6	3	6	1835	14
3577	2020-03-17 05:16:50.75272+00	2020-03-17 05:16:50.752737+00	2020-02-02 16:00:00+00	7	3	8	1836	14
3578	2020-03-17 05:16:50.759827+00	2020-03-17 05:16:50.759843+00	2020-02-02 16:00:00+00	3	3	8	1836	14
3579	2020-03-17 05:16:50.786762+00	2020-03-17 05:16:50.786781+00	2020-02-02 16:00:00+00	7	3	8	1837	14
3580	2020-03-17 05:16:50.798481+00	2020-03-17 05:16:50.798498+00	2020-02-02 16:00:00+00	3	3	8	1837	14
3581	2020-03-17 05:16:50.829106+00	2020-03-17 05:16:50.829126+00	2020-02-02 16:00:00+00	3	3	6	1838	14
3582	2020-03-17 05:16:50.840582+00	2020-03-17 05:16:50.840599+00	2020-02-02 16:00:00+00	6	3	6	1838	14
3583	2020-03-17 05:16:50.869182+00	2020-03-17 05:16:50.869203+00	2020-02-02 16:00:00+00	3	3	8	1839	14
3584	2020-03-17 05:16:50.878317+00	2020-03-17 05:16:50.878333+00	2020-02-02 16:00:00+00	6	3	8	1839	14
3585	2020-03-17 05:16:50.899825+00	2020-03-17 05:16:50.899846+00	2020-02-02 16:00:00+00	3	3	6	1840	14
3586	2020-03-17 05:16:50.907087+00	2020-03-17 05:16:50.907107+00	2020-02-02 16:00:00+00	6	3	6	1840	14
3587	2020-03-17 05:16:50.929621+00	2020-03-17 05:16:50.929645+00	2020-02-02 16:00:00+00	7	3	8	1841	14
3588	2020-03-17 05:16:50.936669+00	2020-03-17 05:16:50.936686+00	2020-02-02 16:00:00+00	3	3	8	1841	14
3589	2020-03-17 05:16:50.960079+00	2020-03-17 05:16:50.960101+00	2020-02-02 16:00:00+00	9	3	8	1625	14
3590	2020-03-17 05:16:50.972205+00	2020-03-17 05:16:50.972296+00	2020-02-02 16:00:00+00	6	3	8	1625	14
4619	2020-03-27 07:35:30.028887+00	2020-03-27 07:35:30.028905+00	2020-02-16 16:00:00+00	7	3	8	2326	16
4620	2020-03-27 07:35:30.036113+00	2020-03-27 07:35:30.036129+00	2020-02-16 16:00:00+00	3	3	8	2326	16
3593	2020-03-17 05:16:51.043929+00	2020-03-17 05:16:51.043949+00	2020-02-02 16:00:00+00	3	3	6	1843	14
3594	2020-03-17 05:16:51.055723+00	2020-03-17 05:16:51.05574+00	2020-02-02 16:00:00+00	6	3	6	1843	14
3595	2020-03-17 05:16:51.091294+00	2020-03-17 05:16:51.091322+00	2020-02-02 16:00:00+00	3	3	6	1844	14
3596	2020-03-17 05:16:51.098727+00	2020-03-17 05:16:51.098744+00	2020-02-02 16:00:00+00	6	3	6	1844	14
3597	2020-03-17 05:16:51.121041+00	2020-03-17 05:16:51.12108+00	2020-02-02 16:00:00+00	7	3	8	1845	14
3598	2020-03-17 05:16:51.129314+00	2020-03-17 05:16:51.129329+00	2020-02-02 16:00:00+00	3	3	8	1845	14
3599	2020-03-17 05:16:51.147947+00	2020-03-17 05:16:51.147967+00	2020-02-02 16:00:00+00	5	3	8	1525	14
3600	2020-03-17 05:16:51.157355+00	2020-03-17 05:16:51.157373+00	2020-02-02 16:00:00+00	5	3	8	1525	14
3601	2020-03-17 05:16:51.186663+00	2020-03-17 05:16:51.186685+00	2020-02-02 16:00:00+00	7	3	8	1846	14
3602	2020-03-17 05:16:51.19875+00	2020-03-17 05:16:51.198769+00	2020-02-02 16:00:00+00	3	3	8	1846	14
3603	2020-03-17 05:16:51.222812+00	2020-03-17 05:16:51.222838+00	2020-02-02 16:00:00+00	3	3	8	1591	14
3604	2020-03-17 05:16:51.234645+00	2020-03-17 05:16:51.234663+00	2020-02-02 16:00:00+00	9	3	8	1591	14
3605	2020-03-17 05:16:51.263941+00	2020-03-17 05:16:51.263968+00	2020-02-02 16:00:00+00	9	3	6	1847	14
3606	2020-03-17 05:16:51.275743+00	2020-03-17 05:16:51.275761+00	2020-02-02 16:00:00+00	6	3	6	1847	14
3607	2020-03-17 05:16:51.297639+00	2020-03-17 05:16:51.29766+00	2020-02-02 16:00:00+00	7	3	8	1848	14
3608	2020-03-17 05:16:51.304543+00	2020-03-17 05:16:51.304559+00	2020-02-02 16:00:00+00	7	3	8	1848	14
3609	2020-03-17 05:16:51.323943+00	2020-03-17 05:16:51.323966+00	2020-02-02 16:00:00+00	9	3	8	1639	14
3610	2020-03-17 05:16:51.331168+00	2020-03-17 05:16:51.331186+00	2020-02-02 16:00:00+00	6	3	8	1639	14
3611	2020-03-17 05:16:51.357116+00	2020-03-17 05:16:51.357142+00	2020-02-02 16:00:00+00	7	3	8	1849	14
3612	2020-03-17 05:16:51.366361+00	2020-03-17 05:16:51.366378+00	2020-02-02 16:00:00+00	3	3	8	1849	14
3613	2020-03-17 05:16:51.39574+00	2020-03-17 05:16:51.395764+00	2020-02-02 16:00:00+00	9	3	8	1850	14
3614	2020-03-17 05:16:51.407647+00	2020-03-17 05:16:51.407664+00	2020-02-02 16:00:00+00	6	3	8	1850	14
3615	2020-03-17 05:16:51.45376+00	2020-03-17 05:16:51.453777+00	2020-02-02 16:00:00+00	7	3	8	1852	14
3616	2020-03-17 05:16:51.462748+00	2020-03-17 05:16:51.462764+00	2020-02-02 16:00:00+00	3	3	8	1852	14
3617	2020-03-17 05:16:51.488389+00	2020-03-17 05:16:51.488406+00	2020-02-02 16:00:00+00	7	3	8	1853	14
3618	2020-03-17 05:16:51.499821+00	2020-03-17 05:16:51.499836+00	2020-02-02 16:00:00+00	3	3	8	1853	14
3619	2020-03-17 05:16:51.527814+00	2020-03-17 05:16:51.527832+00	2020-02-02 16:00:00+00	7	3	8	1854	14
3620	2020-03-17 05:16:51.53896+00	2020-03-17 05:16:51.538977+00	2020-02-02 16:00:00+00	3	3	8	1854	14
3621	2020-03-17 05:16:51.577101+00	2020-03-17 05:16:51.577118+00	2020-02-02 16:00:00+00	9	3	6	1856	14
3622	2020-03-17 05:16:51.586183+00	2020-03-17 05:16:51.5862+00	2020-02-02 16:00:00+00	6	3	6	1856	14
3623	2020-03-17 05:16:51.614939+00	2020-03-17 05:16:51.614972+00	2020-02-02 16:00:00+00	9	3	6	1857	14
3624	2020-03-17 05:16:51.628803+00	2020-03-17 05:16:51.628821+00	2020-02-02 16:00:00+00	6	3	6	1857	14
3625	2020-03-17 05:16:51.655618+00	2020-03-17 05:16:51.655636+00	2020-02-02 16:00:00+00	9	3	8	1858	14
3626	2020-03-17 05:16:51.666879+00	2020-03-17 05:16:51.666896+00	2020-02-02 16:00:00+00	6	3	8	1858	14
3627	2020-03-17 05:16:51.70989+00	2020-03-17 05:16:51.709909+00	2020-02-02 16:00:00+00	9	3	8	1860	14
3628	2020-03-17 05:16:51.72267+00	2020-03-17 05:16:51.72269+00	2020-02-02 16:00:00+00	6	3	8	1860	14
3629	2020-03-17 05:16:51.753466+00	2020-03-17 05:16:51.753495+00	2020-02-02 16:00:00+00	5	3	8	1861	14
3630	2020-03-17 05:16:51.76545+00	2020-03-17 05:16:51.765471+00	2020-02-02 16:00:00+00	5	3	8	1861	14
3631	2020-03-17 05:16:51.790974+00	2020-03-17 05:16:51.791001+00	2020-02-02 16:00:00+00	3	3	8	1565	14
3632	2020-03-17 05:16:51.802841+00	2020-03-17 05:16:51.802857+00	2020-02-02 16:00:00+00	9	3	8	1565	14
4621	2020-03-27 07:35:30.058449+00	2020-03-27 07:35:30.05847+00	2020-02-16 16:00:00+00	7	3	8	2327	16
4622	2020-03-27 07:35:30.065797+00	2020-03-27 07:35:30.065812+00	2020-02-16 16:00:00+00	6	3	8	2327	16
3635	2020-03-17 05:16:51.867067+00	2020-03-17 05:16:51.867085+00	2020-02-02 16:00:00+00	7	3	8	1863	14
3636	2020-03-17 05:16:51.874523+00	2020-03-17 05:16:51.874539+00	2020-02-02 16:00:00+00	3	3	8	1863	14
3637	2020-03-17 05:16:51.901315+00	2020-03-17 05:16:51.901333+00	2020-02-02 16:00:00+00	5	3	8	1864	14
3638	2020-03-17 05:16:51.910195+00	2020-03-17 05:16:51.910211+00	2020-02-02 16:00:00+00	5	3	8	1864	14
3639	2020-03-17 05:16:51.938957+00	2020-03-17 05:16:51.938981+00	2020-02-02 16:00:00+00	7	3	8	1865	14
3640	2020-03-17 05:16:51.951008+00	2020-03-17 05:16:51.951029+00	2020-02-02 16:00:00+00	3	3	8	1865	14
3641	2020-03-17 05:16:51.979746+00	2020-03-17 05:16:51.979764+00	2020-02-02 16:00:00+00	7	3	8	1866	14
3642	2020-03-17 05:16:51.988601+00	2020-03-17 05:16:51.988627+00	2020-02-02 16:00:00+00	3	3	8	1866	14
3643	2020-03-17 05:16:52.017586+00	2020-03-17 05:16:52.017604+00	2020-02-02 16:00:00+00	7	3	8	1867	14
3644	2020-03-17 05:16:52.030603+00	2020-03-17 05:16:52.030686+00	2020-02-02 16:00:00+00	3	3	8	1867	14
3645	2020-03-17 05:16:52.059332+00	2020-03-17 05:16:52.059349+00	2020-02-02 16:00:00+00	3	3	6	1868	14
3646	2020-03-17 05:16:52.066448+00	2020-03-17 05:16:52.066464+00	2020-02-02 16:00:00+00	6	3	6	1868	14
3647	2020-03-17 05:16:52.094075+00	2020-03-17 05:16:52.094094+00	2020-02-02 16:00:00+00	3	3	8	1869	14
3648	2020-03-17 05:16:52.103022+00	2020-03-17 05:16:52.103038+00	2020-02-02 16:00:00+00	6	3	8	1869	14
3649	2020-03-17 05:16:52.125018+00	2020-03-17 05:16:52.125035+00	2020-02-02 16:00:00+00	7	3	8	1870	14
3650	2020-03-17 05:16:52.132301+00	2020-03-17 05:16:52.132319+00	2020-02-02 16:00:00+00	3	3	8	1870	14
3651	2020-03-17 05:16:52.151503+00	2020-03-17 05:16:52.151525+00	2020-02-02 16:00:00+00	9	3	8	1489	14
3652	2020-03-17 05:16:52.160602+00	2020-03-17 05:16:52.160619+00	2020-02-02 16:00:00+00	6	3	8	1489	14
3653	2020-03-17 05:16:52.183366+00	2020-03-17 05:16:52.183385+00	2020-02-02 16:00:00+00	9	3	6	1570	14
3654	2020-03-17 05:16:52.194362+00	2020-03-17 05:16:52.194392+00	2020-02-02 16:00:00+00	6	3	6	1570	14
3655	2020-03-17 05:16:52.221583+00	2020-03-17 05:16:52.221599+00	2020-02-02 16:00:00+00	3	3	6	1871	14
3656	2020-03-17 05:16:52.232869+00	2020-03-17 05:16:52.232887+00	2020-02-02 16:00:00+00	6	3	6	1871	14
3657	2020-03-17 05:16:52.260711+00	2020-03-17 05:16:52.260731+00	2020-02-02 16:00:00+00	7	3	8	1872	14
3658	2020-03-17 05:16:52.271589+00	2020-03-17 05:16:52.271615+00	2020-02-02 16:00:00+00	9	3	8	1872	14
3659	2020-03-17 05:16:52.296664+00	2020-03-17 05:16:52.296681+00	2020-02-02 16:00:00+00	3	3	6	1873	14
3660	2020-03-17 05:16:52.30354+00	2020-03-17 05:16:52.303555+00	2020-02-02 16:00:00+00	9	3	6	1873	14
3661	2020-03-17 05:16:52.324514+00	2020-03-17 05:16:52.324532+00	2020-02-02 16:00:00+00	9	3	6	1874	14
3662	2020-03-17 05:16:52.333456+00	2020-03-17 05:16:52.333476+00	2020-02-02 16:00:00+00	6	3	6	1874	14
4623	2020-03-27 07:35:30.087619+00	2020-03-27 07:35:30.087636+00	2020-02-16 16:00:00+00	7	3	8	2328	16
4624	2020-03-27 07:35:30.094857+00	2020-03-27 07:35:30.094873+00	2020-02-16 16:00:00+00	3	3	8	2328	16
3665	2020-03-17 05:16:52.406087+00	2020-03-17 05:16:52.406109+00	2020-02-02 16:00:00+00	7	3	8	1876	14
3666	2020-03-17 05:16:52.417238+00	2020-03-17 05:16:52.417256+00	2020-02-02 16:00:00+00	3	3	8	1876	14
3667	2020-03-17 05:16:52.446168+00	2020-03-17 05:16:52.446189+00	2020-02-02 16:00:00+00	7	3	8	1877	14
3668	2020-03-17 05:16:52.457701+00	2020-03-17 05:16:52.45772+00	2020-02-02 16:00:00+00	7	3	8	1877	14
3669	2020-03-17 05:16:52.485366+00	2020-03-17 05:16:52.485387+00	2020-02-02 16:00:00+00	7	3	8	1878	14
3670	2020-03-17 05:16:52.496416+00	2020-03-17 05:16:52.496435+00	2020-02-02 16:00:00+00	3	3	8	1878	14
3671	2020-03-17 05:16:52.519738+00	2020-03-17 05:16:52.519754+00	2020-02-02 16:00:00+00	7	3	6	1879	14
3672	2020-03-17 05:16:52.526808+00	2020-03-17 05:16:52.52684+00	2020-02-02 16:00:00+00	6	3	6	1879	14
3673	2020-03-17 05:16:52.553084+00	2020-03-17 05:16:52.553102+00	2020-02-02 16:00:00+00	5	3	8	1880	14
3674	2020-03-17 05:16:52.56169+00	2020-03-17 05:16:52.561706+00	2020-02-02 16:00:00+00	5	3	8	1880	14
3675	2020-03-17 05:16:52.588289+00	2020-03-17 05:16:52.588305+00	2020-02-02 16:00:00+00	7	3	8	1881	14
3676	2020-03-17 05:16:52.599598+00	2020-03-17 05:16:52.599614+00	2020-02-02 16:00:00+00	3	3	8	1881	14
3677	2020-03-17 05:16:52.627043+00	2020-03-17 05:16:52.627061+00	2020-02-02 16:00:00+00	7	3	8	1882	14
3678	2020-03-17 05:16:52.638533+00	2020-03-17 05:16:52.638549+00	2020-02-02 16:00:00+00	3	3	8	1882	14
3679	2020-03-17 05:16:52.665635+00	2020-03-17 05:16:52.665657+00	2020-02-02 16:00:00+00	3	3	8	1883	14
3680	2020-03-17 05:16:52.676543+00	2020-03-17 05:16:52.676561+00	2020-02-02 16:00:00+00	6	3	8	1883	14
3681	2020-03-17 05:16:52.702013+00	2020-03-17 05:16:52.702031+00	2020-02-02 16:00:00+00	7	3	8	1884	14
3682	2020-03-17 05:16:52.70818+00	2020-03-17 05:16:52.708196+00	2020-02-02 16:00:00+00	3	3	8	1884	14
3683	2020-03-17 05:16:52.73408+00	2020-03-17 05:16:52.734101+00	2020-02-02 16:00:00+00	7	3	8	1885	14
3684	2020-03-17 05:16:52.745941+00	2020-03-17 05:16:52.745958+00	2020-02-02 16:00:00+00	9	3	8	1885	14
3685	2020-03-17 05:16:52.773689+00	2020-03-17 05:16:52.773706+00	2020-02-02 16:00:00+00	3	3	8	1886	14
3686	2020-03-17 05:16:52.785619+00	2020-03-17 05:16:52.785635+00	2020-02-02 16:00:00+00	6	3	8	1886	14
3687	2020-03-17 05:16:52.811246+00	2020-03-17 05:16:52.811265+00	2020-02-02 16:00:00+00	5	3	8	1887	14
3688	2020-03-17 05:16:52.818155+00	2020-03-17 05:16:52.818171+00	2020-02-02 16:00:00+00	5	3	8	1887	14
3689	2020-03-17 05:16:52.839554+00	2020-03-17 05:16:52.839589+00	2020-02-03 16:00:00+00	5	3	6	1888	14
3690	2020-03-17 05:16:52.855364+00	2020-03-17 05:16:52.85538+00	2020-02-03 16:00:00+00	5	3	6	1888	14
3691	2020-03-17 05:16:52.876624+00	2020-03-17 05:16:52.876641+00	2020-02-03 16:00:00+00	9	3	6	1889	14
3692	2020-03-17 05:16:52.888409+00	2020-03-17 05:16:52.888428+00	2020-02-03 16:00:00+00	9	3	6	1889	14
3693	2020-03-17 05:16:52.933638+00	2020-03-17 05:16:52.93366+00	2020-02-03 16:00:00+00	9	3	6	1891	14
3694	2020-03-17 05:16:52.947957+00	2020-03-17 05:16:52.947973+00	2020-02-03 16:00:00+00	6	3	6	1891	14
3695	2020-03-17 05:16:52.976854+00	2020-03-17 05:16:52.976875+00	2020-02-03 16:00:00+00	5	3	8	1892	14
3696	2020-03-17 05:16:52.988792+00	2020-03-17 05:16:52.988809+00	2020-02-03 16:00:00+00	5	3	8	1892	14
3697	2020-03-17 05:16:53.019076+00	2020-03-17 05:16:53.019099+00	2020-02-03 16:00:00+00	6	3	10	1893	14
3698	2020-03-17 05:16:53.026458+00	2020-03-17 05:16:53.026474+00	2020-02-03 16:00:00+00	6	3	10	1893	14
3699	2020-03-17 05:16:53.047818+00	2020-03-17 05:16:53.047836+00	2020-02-03 16:00:00+00	6	3	8	1894	14
3700	2020-03-17 05:16:53.054823+00	2020-03-17 05:16:53.054838+00	2020-02-03 16:00:00+00	6	3	8	1894	14
3701	2020-03-17 05:16:53.077095+00	2020-03-17 05:16:53.077113+00	2020-02-03 16:00:00+00	6	3	10	1895	14
3702	2020-03-17 05:16:53.085687+00	2020-03-17 05:16:53.085704+00	2020-02-03 16:00:00+00	6	3	10	1895	14
3703	2020-03-17 05:16:53.114463+00	2020-03-17 05:16:53.114484+00	2020-02-03 16:00:00+00	6	3	6	1896	14
3704	2020-03-17 05:16:53.124409+00	2020-03-17 05:16:53.124426+00	2020-02-03 16:00:00+00	6	3	6	1896	14
3705	2020-03-17 05:16:53.153116+00	2020-03-17 05:16:53.153135+00	2020-02-04 16:00:00+00	5	3	8	1897	14
3706	2020-03-17 05:16:53.16461+00	2020-03-17 05:16:53.164627+00	2020-02-04 16:00:00+00	5	3	8	1897	14
3707	2020-03-17 05:16:53.186943+00	2020-03-17 05:16:53.18696+00	2020-02-04 16:00:00+00	6	3	8	1898	14
3708	2020-03-17 05:16:53.193984+00	2020-03-17 05:16:53.193999+00	2020-02-04 16:00:00+00	6	3	8	1898	14
3709	2020-03-17 05:16:53.215567+00	2020-03-17 05:16:53.215584+00	2020-02-04 16:00:00+00	9	3	6	1899	14
3710	2020-03-17 05:16:53.222584+00	2020-03-17 05:16:53.222599+00	2020-02-04 16:00:00+00	9	3	6	1899	14
3711	2020-03-17 05:16:53.24925+00	2020-03-17 05:16:53.249271+00	2020-02-04 16:00:00+00	5	3	6	1900	14
3712	2020-03-17 05:16:53.26033+00	2020-03-17 05:16:53.260347+00	2020-02-04 16:00:00+00	5	3	6	1900	14
3713	2020-03-17 05:16:53.288542+00	2020-03-17 05:16:53.288562+00	2020-02-04 16:00:00+00	6	3	8	1901	14
3714	2020-03-17 05:16:53.297852+00	2020-03-17 05:16:53.29787+00	2020-02-04 16:00:00+00	6	3	8	1901	14
3715	2020-03-17 05:16:53.326651+00	2020-03-17 05:16:53.326669+00	2020-02-04 16:00:00+00	6	3	8	1902	14
3716	2020-03-17 05:16:53.338429+00	2020-03-17 05:16:53.338448+00	2020-02-04 16:00:00+00	6	3	8	1902	14
3717	2020-03-17 05:16:53.367616+00	2020-03-17 05:16:53.367637+00	2020-02-04 16:00:00+00	6	3	8	1903	14
3718	2020-03-17 05:16:53.379224+00	2020-03-17 05:16:53.379239+00	2020-02-04 16:00:00+00	6	3	8	1903	14
3719	2020-03-17 05:16:53.407325+00	2020-03-17 05:16:53.407341+00	2020-02-04 16:00:00+00	6	3	10	1904	14
3720	2020-03-17 05:16:53.418603+00	2020-03-17 05:16:53.418619+00	2020-02-04 16:00:00+00	6	3	10	1904	14
3721	2020-03-17 05:16:53.444054+00	2020-03-17 05:16:53.44407+00	2020-02-04 16:00:00+00	5	3	10	1905	14
3722	2020-03-17 05:16:53.453377+00	2020-03-17 05:16:53.453393+00	2020-02-04 16:00:00+00	5	3	10	1905	14
3723	2020-03-17 05:16:53.479777+00	2020-03-17 05:16:53.479793+00	2020-02-04 16:00:00+00	6	3	6	1906	14
3724	2020-03-17 05:16:53.490562+00	2020-03-17 05:16:53.490577+00	2020-02-04 16:00:00+00	6	3	6	1906	14
3725	2020-03-17 05:16:53.513083+00	2020-03-17 05:16:53.5131+00	2020-02-06 16:00:00+00	3	3	6	1467	14
3726	2020-03-17 05:16:53.524717+00	2020-03-17 05:16:53.524733+00	2020-02-06 16:00:00+00	6	3	6	1467	14
3727	2020-03-17 05:16:53.551378+00	2020-03-17 05:16:53.551396+00	2020-02-09 16:00:00+00	7	3	6	1907	15
3728	2020-03-17 05:16:53.560223+00	2020-03-17 05:16:53.560263+00	2020-02-09 16:00:00+00	3	3	6	1907	15
3729	2020-03-17 05:16:53.585741+00	2020-03-17 05:16:53.585757+00	2020-02-09 16:00:00+00	3	3	8	1908	15
3730	2020-03-17 05:16:53.596433+00	2020-03-17 05:16:53.596449+00	2020-02-09 16:00:00+00	6	3	8	1908	15
3731	2020-03-17 05:16:53.624639+00	2020-03-17 05:16:53.624658+00	2020-02-09 16:00:00+00	5	3	6	1909	15
3732	2020-03-17 05:16:53.635624+00	2020-03-17 05:16:53.63564+00	2020-02-09 16:00:00+00	5	3	6	1909	15
3733	2020-03-17 05:16:53.663473+00	2020-03-17 05:16:53.663491+00	2020-02-09 16:00:00+00	7	3	6	1910	15
3734	2020-03-17 05:16:53.674883+00	2020-03-17 05:16:53.674899+00	2020-02-09 16:00:00+00	3	3	6	1910	15
3735	2020-03-17 05:16:53.702886+00	2020-03-17 05:16:53.702902+00	2020-02-09 16:00:00+00	3	3	6	1911	15
3736	2020-03-17 05:16:53.714523+00	2020-03-17 05:16:53.71454+00	2020-02-09 16:00:00+00	6	3	6	1911	15
3737	2020-03-17 05:16:53.742786+00	2020-03-17 05:16:53.742809+00	2020-02-09 16:00:00+00	7	3	6	1912	15
3738	2020-03-17 05:16:53.755123+00	2020-03-17 05:16:53.75514+00	2020-02-09 16:00:00+00	3	3	6	1912	15
3739	2020-03-17 05:16:53.78347+00	2020-03-17 05:16:53.783487+00	2020-02-09 16:00:00+00	3	3	8	1913	15
3740	2020-03-17 05:16:53.792874+00	2020-03-17 05:16:53.792902+00	2020-02-09 16:00:00+00	9	3	8	1913	15
3741	2020-03-17 05:16:53.814536+00	2020-03-17 05:16:53.814554+00	2020-02-09 16:00:00+00	7	3	6	1914	15
3742	2020-03-17 05:16:53.82342+00	2020-03-17 05:16:53.823436+00	2020-02-09 16:00:00+00	3	3	6	1914	15
4625	2020-03-27 07:35:30.123778+00	2020-03-27 07:35:30.123801+00	2020-02-16 16:00:00+00	5	3	6	2329	16
4626	2020-03-27 07:35:30.135542+00	2020-03-27 07:35:30.135559+00	2020-02-16 16:00:00+00	5	3	6	2329	16
3745	2020-03-17 05:16:53.88774+00	2020-03-17 05:16:53.887759+00	2020-02-09 16:00:00+00	3	3	8	1916	15
3746	2020-03-17 05:16:53.897366+00	2020-03-17 05:16:53.897384+00	2020-02-09 16:00:00+00	6	3	8	1916	15
3747	2020-03-17 05:16:53.921908+00	2020-03-17 05:16:53.921929+00	2020-02-09 16:00:00+00	3	3	6	1917	15
3748	2020-03-17 05:16:53.928865+00	2020-03-17 05:16:53.928881+00	2020-02-09 16:00:00+00	9	3	6	1917	15
4627	2020-03-27 07:35:30.164055+00	2020-03-27 07:35:30.164077+00	2020-02-16 16:00:00+00	7	3	6	2330	16
4628	2020-03-27 07:35:30.175574+00	2020-03-27 07:35:30.17559+00	2020-02-16 16:00:00+00	3	3	6	2330	16
3751	2020-03-17 05:16:53.996171+00	2020-03-17 05:16:53.996191+00	2020-02-09 16:00:00+00	7	3	6	1919	15
3752	2020-03-17 05:16:54.00822+00	2020-03-17 05:16:54.008259+00	2020-02-09 16:00:00+00	6	3	6	1919	15
3753	2020-03-17 05:16:54.036738+00	2020-03-17 05:16:54.036756+00	2020-02-09 16:00:00+00	7	3	8	1920	15
3754	2020-03-17 05:16:54.04825+00	2020-03-17 05:16:54.048274+00	2020-02-09 16:00:00+00	3	3	8	1920	15
4629	2020-03-27 07:35:30.204344+00	2020-03-27 07:35:30.204369+00	2020-02-16 16:00:00+00	3	3	6	2331	16
4630	2020-03-27 07:35:30.215332+00	2020-03-27 07:35:30.215358+00	2020-02-16 16:00:00+00	6	3	6	2331	16
3757	2020-03-17 05:16:54.111852+00	2020-03-17 05:16:54.111874+00	2020-02-09 16:00:00+00	7	3	6	1922	15
3758	2020-03-17 05:16:54.123546+00	2020-03-17 05:16:54.123566+00	2020-02-09 16:00:00+00	3	3	6	1922	15
3759	2020-03-17 05:16:54.15351+00	2020-03-17 05:16:54.153532+00	2020-02-09 16:00:00+00	7	3	6	1923	15
3760	2020-03-17 05:16:54.165479+00	2020-03-17 05:16:54.165508+00	2020-02-09 16:00:00+00	3	3	6	1923	15
3761	2020-03-17 05:16:54.194114+00	2020-03-17 05:16:54.194134+00	2020-02-09 16:00:00+00	3	3	8	1924	15
3762	2020-03-17 05:16:54.205578+00	2020-03-17 05:16:54.205596+00	2020-02-09 16:00:00+00	3	3	8	1924	15
3763	2020-03-17 05:16:54.233608+00	2020-03-17 05:16:54.233631+00	2020-02-09 16:00:00+00	7	3	8	1925	15
3764	2020-03-17 05:16:54.240821+00	2020-03-17 05:16:54.240836+00	2020-02-09 16:00:00+00	3	3	8	1925	15
3765	2020-03-17 05:16:54.264062+00	2020-03-17 05:16:54.264082+00	2020-02-09 16:00:00+00	7	3	8	1926	15
3766	2020-03-17 05:16:54.272346+00	2020-03-17 05:16:54.272363+00	2020-02-09 16:00:00+00	3	3	8	1926	15
3767	2020-03-17 05:16:54.300576+00	2020-03-17 05:16:54.300599+00	2020-02-09 16:00:00+00	7	3	6	1927	15
3768	2020-03-17 05:16:54.312274+00	2020-03-17 05:16:54.312294+00	2020-02-09 16:00:00+00	3	3	6	1927	15
3769	2020-03-17 05:16:54.341739+00	2020-03-17 05:16:54.34176+00	2020-02-09 16:00:00+00	3	3	8	1928	15
3770	2020-03-17 05:16:54.353821+00	2020-03-17 05:16:54.353839+00	2020-02-09 16:00:00+00	6	3	8	1928	15
3771	2020-03-17 05:16:54.380066+00	2020-03-17 05:16:54.380086+00	2020-02-09 16:00:00+00	3	3	6	1929	15
3772	2020-03-17 05:16:54.39141+00	2020-03-17 05:16:54.391428+00	2020-02-09 16:00:00+00	6	3	6	1929	15
3773	2020-03-17 05:16:54.423093+00	2020-03-17 05:16:54.42312+00	2020-02-09 16:00:00+00	6	3	10	1930	15
3774	2020-03-17 05:16:54.43065+00	2020-03-17 05:16:54.430666+00	2020-02-09 16:00:00+00	6	3	10	1930	15
3775	2020-03-17 05:16:54.452409+00	2020-03-17 05:16:54.452428+00	2020-02-09 16:00:00+00	3	3	6	1931	15
3776	2020-03-17 05:16:54.459576+00	2020-03-17 05:16:54.459592+00	2020-02-09 16:00:00+00	6	3	6	1931	15
3777	2020-03-17 05:16:54.485084+00	2020-03-17 05:16:54.485101+00	2020-02-09 16:00:00+00	3	3	6	1932	15
3778	2020-03-17 05:16:54.496515+00	2020-03-17 05:16:54.496532+00	2020-02-09 16:00:00+00	6	3	6	1932	15
3779	2020-03-17 05:16:54.525001+00	2020-03-17 05:16:54.525019+00	2020-02-09 16:00:00+00	3	3	8	1933	15
3780	2020-03-17 05:16:54.536011+00	2020-03-17 05:16:54.536028+00	2020-02-09 16:00:00+00	6	3	8	1933	15
3781	2020-03-17 05:16:54.565378+00	2020-03-17 05:16:54.565399+00	2020-02-09 16:00:00+00	3	3	8	1934	15
3782	2020-03-17 05:16:54.57636+00	2020-03-17 05:16:54.576394+00	2020-02-09 16:00:00+00	9	3	8	1934	15
3783	2020-03-17 05:16:54.597611+00	2020-03-17 05:16:54.597628+00	2020-02-09 16:00:00+00	3	3	8	1935	15
3784	2020-03-17 05:16:54.605061+00	2020-03-17 05:16:54.605077+00	2020-02-09 16:00:00+00	6	3	8	1935	15
3785	2020-03-17 05:16:54.626452+00	2020-03-17 05:16:54.626471+00	2020-02-09 16:00:00+00	7	3	6	1936	15
3786	2020-03-17 05:16:54.633409+00	2020-03-17 05:16:54.633424+00	2020-02-09 16:00:00+00	3	3	6	1936	15
3787	2020-03-17 05:16:54.659891+00	2020-03-17 05:16:54.65991+00	2020-02-09 16:00:00+00	7	3	6	1937	15
3788	2020-03-17 05:16:54.671762+00	2020-03-17 05:16:54.67178+00	2020-02-09 16:00:00+00	3	3	6	1937	15
3789	2020-03-17 05:16:54.700215+00	2020-03-17 05:16:54.700262+00	2020-02-09 16:00:00+00	7	3	8	1938	15
3790	2020-03-17 05:16:54.71167+00	2020-03-17 05:16:54.711687+00	2020-02-09 16:00:00+00	3	3	8	1938	15
3791	2020-03-17 05:16:54.73957+00	2020-03-17 05:16:54.73959+00	2020-02-09 16:00:00+00	5	3	6	1939	15
3792	2020-03-17 05:16:54.75103+00	2020-03-17 05:16:54.751049+00	2020-02-09 16:00:00+00	5	3	6	1939	15
3793	2020-03-17 05:16:54.775243+00	2020-03-17 05:16:54.775267+00	2020-02-09 16:00:00+00	7	3	8	1940	15
3794	2020-03-17 05:16:54.782469+00	2020-03-17 05:16:54.782485+00	2020-02-09 16:00:00+00	6	3	8	1940	15
3795	2020-03-17 05:16:54.804438+00	2020-03-17 05:16:54.804459+00	2020-02-09 16:00:00+00	3	3	8	1941	15
3796	2020-03-17 05:16:54.811126+00	2020-03-17 05:16:54.811141+00	2020-02-09 16:00:00+00	3	3	8	1941	15
3797	2020-03-17 05:16:54.834209+00	2020-03-17 05:16:54.834234+00	2020-02-09 16:00:00+00	7	3	6	1942	15
3798	2020-03-17 05:16:54.846041+00	2020-03-17 05:16:54.846079+00	2020-02-09 16:00:00+00	3	3	6	1942	15
3799	2020-03-17 05:16:54.875005+00	2020-03-17 05:16:54.875026+00	2020-02-09 16:00:00+00	7	3	8	1943	15
3800	2020-03-17 05:16:54.884125+00	2020-03-17 05:16:54.884148+00	2020-02-09 16:00:00+00	3	3	8	1943	15
3801	2020-03-17 05:16:54.913163+00	2020-03-17 05:16:54.913186+00	2020-02-09 16:00:00+00	3	3	8	1944	15
3802	2020-03-17 05:16:54.924752+00	2020-03-17 05:16:54.924768+00	2020-02-09 16:00:00+00	9	3	8	1944	15
3803	2020-03-17 05:16:54.953303+00	2020-03-17 05:16:54.953325+00	2020-02-09 16:00:00+00	7	3	6	1945	15
3804	2020-03-17 05:16:54.960413+00	2020-03-17 05:16:54.960429+00	2020-02-09 16:00:00+00	3	3	6	1945	15
3805	2020-03-17 05:16:54.981968+00	2020-03-17 05:16:54.981991+00	2020-02-09 16:00:00+00	7	3	6	1946	15
3806	2020-03-17 05:16:54.98916+00	2020-03-17 05:16:54.989177+00	2020-02-09 16:00:00+00	3	3	6	1946	15
3807	2020-03-17 05:16:55.011518+00	2020-03-17 05:16:55.01154+00	2020-02-09 16:00:00+00	7	3	6	1947	15
3808	2020-03-17 05:16:55.022641+00	2020-03-17 05:16:55.02266+00	2020-02-09 16:00:00+00	3	3	6	1947	15
3809	2020-03-17 05:16:55.051123+00	2020-03-17 05:16:55.051143+00	2020-02-09 16:00:00+00	3	3	6	1948	15
3810	2020-03-17 05:16:55.062594+00	2020-03-17 05:16:55.06266+00	2020-02-09 16:00:00+00	9	3	6	1948	15
3811	2020-03-17 05:16:55.09162+00	2020-03-17 05:16:55.091647+00	2020-02-09 16:00:00+00	3	3	6	1949	15
3812	2020-03-17 05:16:55.100677+00	2020-03-17 05:16:55.100697+00	2020-02-09 16:00:00+00	6	3	6	1949	15
3813	2020-03-17 05:16:55.126865+00	2020-03-17 05:16:55.126885+00	2020-02-09 16:00:00+00	7	3	8	1950	15
3814	2020-03-17 05:16:55.133947+00	2020-03-17 05:16:55.133963+00	2020-02-09 16:00:00+00	3	3	8	1950	15
3815	2020-03-17 05:16:55.158+00	2020-03-17 05:16:55.158018+00	2020-02-09 16:00:00+00	3	3	6	1951	15
3816	2020-03-17 05:16:55.164444+00	2020-03-17 05:16:55.164461+00	2020-02-09 16:00:00+00	6	3	6	1951	15
4631	2020-03-27 07:35:30.237717+00	2020-03-27 07:35:30.237738+00	2020-02-16 16:00:00+00	6	3	6	2332	16
4632	2020-03-27 07:35:30.245269+00	2020-03-27 07:35:30.245286+00	2020-02-16 16:00:00+00	9	3	6	2332	16
3819	2020-03-17 05:16:55.227916+00	2020-03-17 05:16:55.227936+00	2020-02-09 16:00:00+00	7	3	6	1953	15
3820	2020-03-17 05:16:55.239443+00	2020-03-17 05:16:55.23946+00	2020-02-09 16:00:00+00	3	3	6	1953	15
3821	2020-03-17 05:16:55.267865+00	2020-03-17 05:16:55.267882+00	2020-02-09 16:00:00+00	7	3	8	1954	15
3822	2020-03-17 05:16:55.276895+00	2020-03-17 05:16:55.27691+00	2020-02-09 16:00:00+00	6	3	8	1954	15
3823	2020-03-17 05:16:55.298693+00	2020-03-17 05:16:55.298717+00	2020-02-09 16:00:00+00	7	3	6	1955	15
3824	2020-03-17 05:16:55.306058+00	2020-03-17 05:16:55.306074+00	2020-02-09 16:00:00+00	6	3	6	1955	15
3825	2020-03-17 05:16:55.330207+00	2020-03-17 05:16:55.330224+00	2020-02-09 16:00:00+00	3	3	6	1956	15
3826	2020-03-17 05:16:55.338037+00	2020-03-17 05:16:55.338052+00	2020-02-09 16:00:00+00	9	3	6	1956	15
3827	2020-03-17 05:16:55.362065+00	2020-03-17 05:16:55.362084+00	2020-02-09 16:00:00+00	3	3	6	1957	15
3828	2020-03-17 05:16:55.373216+00	2020-03-17 05:16:55.373231+00	2020-02-09 16:00:00+00	6	3	6	1957	15
4633	2020-03-27 07:35:30.269403+00	2020-03-27 07:35:30.269427+00	2020-02-16 16:00:00+00	7	3	8	2333	16
4634	2020-03-27 07:35:30.277582+00	2020-03-27 07:35:30.2776+00	2020-02-16 16:00:00+00	3	3	8	2333	16
3831	2020-03-17 05:16:55.442089+00	2020-03-17 05:16:55.442107+00	2020-02-09 16:00:00+00	3	3	6	1959	15
3832	2020-03-17 05:16:55.454147+00	2020-03-17 05:16:55.454163+00	2020-02-09 16:00:00+00	6	3	6	1959	15
3833	2020-03-17 05:16:55.480068+00	2020-03-17 05:16:55.480086+00	2020-02-09 16:00:00+00	5	3	8	1960	15
3834	2020-03-17 05:16:55.488317+00	2020-03-17 05:16:55.488334+00	2020-02-09 16:00:00+00	5	3	8	1960	15
3835	2020-03-17 05:16:55.51307+00	2020-03-17 05:16:55.513087+00	2020-02-09 16:00:00+00	7	3	8	1961	15
3836	2020-03-17 05:16:55.52052+00	2020-03-17 05:16:55.520536+00	2020-02-09 16:00:00+00	3	3	8	1961	15
3837	2020-03-17 05:16:55.543583+00	2020-03-17 05:16:55.543599+00	2020-02-09 16:00:00+00	3	3	8	1962	15
3838	2020-03-17 05:16:55.554007+00	2020-03-17 05:16:55.554028+00	2020-02-09 16:00:00+00	6	3	8	1962	15
3839	2020-03-17 05:16:55.582381+00	2020-03-17 05:16:55.582405+00	2020-02-09 16:00:00+00	3	3	8	1963	15
3840	2020-03-17 05:16:55.593792+00	2020-03-17 05:16:55.59381+00	2020-02-09 16:00:00+00	9	3	8	1963	15
3841	2020-03-17 05:16:55.622947+00	2020-03-17 05:16:55.62297+00	2020-02-09 16:00:00+00	7	3	8	1964	15
3842	2020-03-17 05:16:55.634575+00	2020-03-17 05:16:55.634597+00	2020-02-09 16:00:00+00	3	3	8	1964	15
3843	2020-03-17 05:16:55.660958+00	2020-03-17 05:16:55.660982+00	2020-02-09 16:00:00+00	3	3	6	1965	15
3844	2020-03-17 05:16:55.668621+00	2020-03-17 05:16:55.668637+00	2020-02-09 16:00:00+00	9	3	6	1965	15
4635	2020-03-27 07:35:30.300878+00	2020-03-27 07:35:30.3009+00	2020-02-16 16:00:00+00	7	3	8	2334	16
4636	2020-03-27 07:35:30.310747+00	2020-03-27 07:35:30.310765+00	2020-02-16 16:00:00+00	3	3	8	2334	16
3847	2020-03-17 05:16:55.722384+00	2020-03-17 05:16:55.7224+00	2020-02-09 16:00:00+00	7	3	6	1967	15
3848	2020-03-17 05:16:55.731654+00	2020-03-17 05:16:55.73167+00	2020-02-09 16:00:00+00	3	3	6	1967	15
3849	2020-03-17 05:16:55.76121+00	2020-03-17 05:16:55.761229+00	2020-02-10 16:00:00+00	9	3	8	1968	15
3850	2020-03-17 05:16:55.77221+00	2020-03-17 05:16:55.772245+00	2020-02-10 16:00:00+00	6	3	8	1968	15
3851	2020-03-17 05:16:55.801953+00	2020-03-17 05:16:55.801978+00	2020-02-10 16:00:00+00	9	3	8	1969	15
3852	2020-03-17 05:16:55.813899+00	2020-03-17 05:16:55.813916+00	2020-02-10 16:00:00+00	6	3	8	1969	15
3853	2020-03-17 05:16:55.843592+00	2020-03-17 05:16:55.843611+00	2020-02-10 16:00:00+00	5	3	6	1970	15
3854	2020-03-17 05:16:55.854467+00	2020-03-17 05:16:55.854483+00	2020-02-10 16:00:00+00	5	3	6	1970	15
3855	2020-03-17 05:16:55.883968+00	2020-03-17 05:16:55.883994+00	2020-02-10 16:00:00+00	5	3	6	1971	15
3856	2020-03-17 05:16:55.891055+00	2020-03-17 05:16:55.891071+00	2020-02-10 16:00:00+00	5	3	6	1971	15
3857	2020-03-17 05:16:55.913875+00	2020-03-17 05:16:55.913894+00	2020-02-10 16:00:00+00	9	3	8	1972	15
3858	2020-03-17 05:16:55.925316+00	2020-03-17 05:16:55.925332+00	2020-02-10 16:00:00+00	6	3	8	1972	15
3859	2020-03-17 05:16:55.956103+00	2020-03-17 05:16:55.956131+00	2020-02-10 16:00:00+00	9	3	6	1973	15
3860	2020-03-17 05:16:55.967646+00	2020-03-17 05:16:55.967666+00	2020-02-10 16:00:00+00	6	3	6	1973	15
3861	2020-03-17 05:16:55.996623+00	2020-03-17 05:16:55.996642+00	2020-02-10 16:00:00+00	9	3	6	1974	15
3862	2020-03-17 05:16:56.008892+00	2020-03-17 05:16:56.008908+00	2020-02-10 16:00:00+00	6	3	6	1974	15
3863	2020-03-17 05:16:56.03806+00	2020-03-17 05:16:56.03808+00	2020-02-10 16:00:00+00	9	3	6	1975	15
3864	2020-03-17 05:16:56.051067+00	2020-03-17 05:16:56.051103+00	2020-02-10 16:00:00+00	6	3	6	1975	15
3865	2020-03-17 05:16:56.082171+00	2020-03-17 05:16:56.082191+00	2020-02-11 16:00:00+00	5	3	8	1976	15
3866	2020-03-17 05:16:56.091813+00	2020-03-17 05:16:56.091829+00	2020-02-11 16:00:00+00	5	3	8	1976	15
4637	2020-03-27 07:35:30.339277+00	2020-03-27 07:35:30.339301+00	2020-02-16 16:00:00+00	7	3	6	2335	16
4638	2020-03-27 07:35:30.348188+00	2020-03-27 07:35:30.348206+00	2020-02-16 16:00:00+00	3	3	6	2335	16
3869	2020-03-17 05:16:56.159602+00	2020-03-17 05:16:56.15963+00	2020-02-11 16:00:00+00	6	3	6	1978	15
3870	2020-03-17 05:16:56.171433+00	2020-03-17 05:16:56.171455+00	2020-02-11 16:00:00+00	6	3	6	1978	15
3871	2020-03-17 05:16:56.200122+00	2020-03-17 05:16:56.200141+00	2020-02-11 16:00:00+00	6	3	8	1979	15
3872	2020-03-17 05:16:56.212112+00	2020-03-17 05:16:56.212129+00	2020-02-11 16:00:00+00	6	3	8	1979	15
3873	2020-03-17 05:16:56.240843+00	2020-03-17 05:16:56.240862+00	2020-02-11 16:00:00+00	6	3	8	1980	15
3874	2020-03-17 05:16:56.249056+00	2020-03-17 05:16:56.249074+00	2020-02-11 16:00:00+00	6	3	8	1980	15
3875	2020-03-17 05:16:56.274792+00	2020-03-17 05:16:56.274809+00	2020-02-11 16:00:00+00	6	3	8	1981	15
3876	2020-03-17 05:16:56.28261+00	2020-03-17 05:16:56.282626+00	2020-02-11 16:00:00+00	10	3	8	1981	15
4639	2020-03-27 07:35:30.377129+00	2020-03-27 07:35:30.377154+00	2020-02-16 16:00:00+00	7	3	6	2336	16
4640	2020-03-27 07:35:30.385939+00	2020-03-27 07:35:30.385956+00	2020-02-16 16:00:00+00	3	3	6	2336	16
4641	2020-03-27 07:35:30.414546+00	2020-03-27 07:35:30.414566+00	2020-02-16 16:00:00+00	7	3	6	2337	16
4642	2020-03-27 07:35:30.42217+00	2020-03-27 07:35:30.422223+00	2020-02-16 16:00:00+00	6	3	6	2337	16
4643	2020-03-27 07:35:30.443522+00	2020-03-27 07:35:30.443542+00	2020-02-16 16:00:00+00	3	3	6	2338	16
4644	2020-03-27 07:35:30.451329+00	2020-03-27 07:35:30.451365+00	2020-02-16 16:00:00+00	6	3	6	2338	16
4645	2020-03-27 07:35:30.482061+00	2020-03-27 07:35:30.482092+00	2020-02-16 16:00:00+00	7	3	6	2339	16
4646	2020-03-27 07:35:30.495161+00	2020-03-27 07:35:30.495197+00	2020-02-16 16:00:00+00	3	3	6	2339	16
4647	2020-03-27 07:35:30.524868+00	2020-03-27 07:35:30.524891+00	2020-02-16 16:00:00+00	6	3	8	2340	16
4648	2020-03-27 07:35:30.537032+00	2020-03-27 07:35:30.53705+00	2020-02-16 16:00:00+00	9	3	8	2340	16
4649	2020-03-27 07:35:30.561828+00	2020-03-27 07:35:30.561848+00	2020-02-16 16:00:00+00	7	3	8	2341	16
4650	2020-03-27 07:35:30.569058+00	2020-03-27 07:35:30.569073+00	2020-02-16 16:00:00+00	3	3	8	2341	16
4651	2020-03-27 07:35:30.590753+00	2020-03-27 07:35:30.59077+00	2020-02-16 16:00:00+00	7	3	8	2342	16
4652	2020-03-27 07:35:30.597736+00	2020-03-27 07:35:30.597752+00	2020-02-16 16:00:00+00	3	3	8	2342	16
4653	2020-03-27 07:35:30.619546+00	2020-03-27 07:35:30.619567+00	2020-02-16 16:00:00+00	7	3	8	2343	16
4654	2020-03-27 07:35:30.628314+00	2020-03-27 07:35:30.628332+00	2020-02-16 16:00:00+00	6	3	8	2343	16
4655	2020-03-27 07:35:30.657405+00	2020-03-27 07:35:30.657427+00	2020-02-16 16:00:00+00	3	3	6	2344	16
4656	2020-03-27 07:35:30.669718+00	2020-03-27 07:35:30.669736+00	2020-02-16 16:00:00+00	6	3	6	2344	16
4657	2020-03-27 07:35:30.698831+00	2020-03-27 07:35:30.698853+00	2020-02-16 16:00:00+00	3	3	8	2345	16
4658	2020-03-27 07:35:30.708358+00	2020-03-27 07:35:30.708374+00	2020-02-16 16:00:00+00	6	3	8	2345	16
4659	2020-03-27 07:35:30.737834+00	2020-03-27 07:35:30.737857+00	2020-02-16 16:00:00+00	5	3	8	2346	16
4660	2020-03-27 07:35:30.747953+00	2020-03-27 07:35:30.74797+00	2020-02-16 16:00:00+00	5	3	8	2346	16
4661	2020-03-27 07:35:30.770133+00	2020-03-27 07:35:30.770151+00	2020-02-16 16:00:00+00	7	3	8	2347	16
4662	2020-03-27 07:35:30.777548+00	2020-03-27 07:35:30.777565+00	2020-02-16 16:00:00+00	3	3	8	2347	16
4663	2020-03-27 07:35:30.804836+00	2020-03-27 07:35:30.804856+00	2020-02-16 16:00:00+00	7	3	6	2348	16
4664	2020-03-27 07:35:30.81679+00	2020-03-27 07:35:30.816808+00	2020-02-16 16:00:00+00	3	3	6	2348	16
4665	2020-03-27 07:35:30.845075+00	2020-03-27 07:35:30.845094+00	2020-02-16 16:00:00+00	7	3	6	2349	16
4666	2020-03-27 07:35:30.857878+00	2020-03-27 07:35:30.857896+00	2020-02-16 16:00:00+00	3	3	6	2349	16
4667	2020-03-27 07:35:30.885045+00	2020-03-27 07:35:30.885065+00	2020-02-16 16:00:00+00	7	3	\N	2350	16
4668	2020-03-27 07:35:30.897101+00	2020-03-27 07:35:30.897117+00	2020-02-16 16:00:00+00	11	3	\N	2350	16
4669	2020-03-27 07:35:30.926286+00	2020-03-27 07:35:30.926307+00	2020-02-16 16:00:00+00	3	3	6	2351	16
4670	2020-03-27 07:35:30.938421+00	2020-03-27 07:35:30.938437+00	2020-02-16 16:00:00+00	6	3	6	2351	16
4671	2020-03-27 07:35:30.967446+00	2020-03-27 07:35:30.967472+00	2020-02-16 16:00:00+00	7	3	8	2352	16
4672	2020-03-27 07:35:30.977051+00	2020-03-27 07:35:30.977068+00	2020-02-16 16:00:00+00	3	3	8	2352	16
4673	2020-03-27 07:35:31.011305+00	2020-03-27 07:35:31.011325+00	2020-02-16 16:00:00+00	7	3	8	2353	16
4674	2020-03-27 07:35:31.019068+00	2020-03-27 07:35:31.019083+00	2020-02-16 16:00:00+00	6	3	8	2353	16
4675	2020-03-27 07:35:31.045381+00	2020-03-27 07:35:31.045401+00	2020-02-16 16:00:00+00	5	3	8	2354	16
4676	2020-03-27 07:35:31.05663+00	2020-03-27 07:35:31.056648+00	2020-02-16 16:00:00+00	5	3	8	2354	16
4677	2020-03-27 07:35:31.084104+00	2020-03-27 07:35:31.084122+00	2020-02-16 16:00:00+00	7	3	8	2355	16
4678	2020-03-27 07:35:31.095369+00	2020-03-27 07:35:31.095385+00	2020-02-16 16:00:00+00	6	3	8	2355	16
4679	2020-03-27 07:35:31.12399+00	2020-03-27 07:35:31.124006+00	2020-02-16 16:00:00+00	3	3	6	2356	16
4680	2020-03-27 07:35:31.135288+00	2020-03-27 07:35:31.135305+00	2020-02-16 16:00:00+00	6	3	6	2356	16
4681	2020-03-27 07:35:31.157658+00	2020-03-27 07:35:31.157674+00	2020-02-16 16:00:00+00	3	3	6	2357	16
4682	2020-03-27 07:35:31.164246+00	2020-03-27 07:35:31.164266+00	2020-02-16 16:00:00+00	6	3	6	2357	16
4683	2020-03-27 07:35:31.185018+00	2020-03-27 07:35:31.185038+00	2020-02-16 16:00:00+00	6	3	8	2358	16
4684	2020-03-27 07:35:31.191919+00	2020-03-27 07:35:31.191935+00	2020-02-16 16:00:00+00	9	3	8	2358	16
4685	2020-03-27 07:35:31.212465+00	2020-03-27 07:35:31.212481+00	2020-02-16 16:00:00+00	7	3	6	2359	16
4686	2020-03-27 07:35:31.219632+00	2020-03-27 07:35:31.219647+00	2020-02-16 16:00:00+00	3	3	6	2359	16
4687	2020-03-27 07:35:31.246544+00	2020-03-27 07:35:31.246562+00	2020-02-16 16:00:00+00	6	3	6	2360	16
4688	2020-03-27 07:35:31.257725+00	2020-03-27 07:35:31.257754+00	2020-02-16 16:00:00+00	9	3	6	2360	16
4689	2020-03-27 07:35:31.295443+00	2020-03-27 07:35:31.295459+00	2020-02-16 16:00:00+00	6	3	8	2361	16
4690	2020-03-27 07:35:31.309623+00	2020-03-27 07:35:31.30964+00	2020-02-16 16:00:00+00	9	3	8	2361	16
4691	2020-03-27 07:35:31.337214+00	2020-03-27 07:35:31.337235+00	2020-02-16 16:00:00+00	7	3	8	2362	16
4692	2020-03-27 07:35:31.348454+00	2020-03-27 07:35:31.348471+00	2020-02-16 16:00:00+00	3	3	8	2362	16
4693	2020-03-27 07:35:31.372973+00	2020-03-27 07:35:31.372992+00	2020-02-16 16:00:00+00	6	3	8	2363	16
4694	2020-03-27 07:35:31.380401+00	2020-03-27 07:35:31.380417+00	2020-02-16 16:00:00+00	9	3	8	2363	16
4695	2020-03-27 07:35:31.399891+00	2020-03-27 07:35:31.399909+00	2020-02-16 16:00:00+00	7	3	\N	2364	16
4696	2020-03-27 07:35:31.407372+00	2020-03-27 07:35:31.407388+00	2020-02-16 16:00:00+00	11	3	\N	2364	16
3935	2020-03-17 05:16:57.379268+00	2020-03-17 05:16:57.379286+00	2020-02-16 16:00:00+00	5	3	6	2009	16
3936	2020-03-17 05:16:57.386121+00	2020-03-17 05:16:57.386137+00	2020-02-16 16:00:00+00	5	3	6	2009	16
4697	2020-03-27 07:35:31.428572+00	2020-03-27 07:35:31.428589+00	2020-02-16 16:00:00+00	7	3	8	2365	16
4698	2020-03-27 07:35:31.437981+00	2020-03-27 07:35:31.437999+00	2020-02-16 16:00:00+00	6	3	8	2365	16
4699	2020-03-27 07:35:31.465554+00	2020-03-27 07:35:31.465575+00	2020-02-16 16:00:00+00	7	3	8	2366	16
4700	2020-03-27 07:35:31.476453+00	2020-03-27 07:35:31.476472+00	2020-02-16 16:00:00+00	3	3	8	2366	16
4701	2020-03-27 07:35:31.50857+00	2020-03-27 07:35:31.508591+00	2020-02-16 16:00:00+00	7	3	8	2367	16
4702	2020-03-27 07:35:31.519963+00	2020-03-27 07:35:31.519981+00	2020-02-16 16:00:00+00	3	3	8	2367	16
4703	2020-03-27 07:35:31.549292+00	2020-03-27 07:35:31.549318+00	2020-02-16 16:00:00+00	7	3	8	2368	16
4704	2020-03-27 07:35:31.560964+00	2020-03-27 07:35:31.560983+00	2020-02-16 16:00:00+00	6	3	8	2368	16
4705	2020-03-27 07:35:31.581928+00	2020-03-27 07:35:31.581947+00	2020-02-16 16:00:00+00	3	3	8	2369	16
4706	2020-03-27 07:35:31.588835+00	2020-03-27 07:35:31.588852+00	2020-02-16 16:00:00+00	6	3	8	2369	16
4707	2020-03-27 07:35:31.611828+00	2020-03-27 07:35:31.61185+00	2020-02-16 16:00:00+00	3	3	6	2370	16
4708	2020-03-27 07:35:31.618995+00	2020-03-27 07:35:31.619013+00	2020-02-16 16:00:00+00	6	3	6	2370	16
4709	2020-03-27 07:35:31.640911+00	2020-03-27 07:35:31.640936+00	2020-02-16 16:00:00+00	7	3	8	2371	16
4710	2020-03-27 07:35:31.650396+00	2020-03-27 07:35:31.650416+00	2020-02-16 16:00:00+00	6	3	8	2371	16
4711	2020-03-27 07:35:31.678816+00	2020-03-27 07:35:31.678841+00	2020-02-17 16:00:00+00	5	3	10	2372	16
4712	2020-03-27 07:35:31.690612+00	2020-03-27 07:35:31.690628+00	2020-02-17 16:00:00+00	5	3	10	2372	16
4713	2020-03-27 07:35:31.739057+00	2020-03-27 07:35:31.739083+00	2020-02-17 16:00:00+00	6	3	8	2373	16
4714	2020-03-27 07:35:31.750973+00	2020-03-27 07:35:31.750993+00	2020-02-17 16:00:00+00	9	3	8	2373	16
4715	2020-03-27 07:35:31.777874+00	2020-03-27 07:35:31.777899+00	2020-02-17 16:00:00+00	6	3	8	2374	16
4716	2020-03-27 07:35:31.784955+00	2020-03-27 07:35:31.784971+00	2020-02-17 16:00:00+00	9	3	8	2374	16
4717	2020-03-27 07:35:31.805851+00	2020-03-27 07:35:31.805875+00	2020-02-17 16:00:00+00	6	3	6	2375	16
4718	2020-03-27 07:35:31.817453+00	2020-03-27 07:35:31.817473+00	2020-02-17 16:00:00+00	9	3	6	2375	16
4719	2020-03-27 07:35:31.845866+00	2020-03-27 07:35:31.845889+00	2020-02-17 16:00:00+00	6	3	6	2376	16
4720	2020-03-27 07:35:31.857352+00	2020-03-27 07:35:31.857373+00	2020-02-17 16:00:00+00	9	3	6	2376	16
4721	2020-03-27 07:35:31.88543+00	2020-03-27 07:35:31.885456+00	2020-02-17 16:00:00+00	6	3	6	2377	16
4722	2020-03-27 07:35:31.896992+00	2020-03-27 07:35:31.897011+00	2020-02-17 16:00:00+00	9	3	6	2377	16
4723	2020-03-27 07:35:31.925773+00	2020-03-27 07:35:31.925801+00	2020-02-18 16:00:00+00	9	3	8	2378	16
4724	2020-03-27 07:35:31.937603+00	2020-03-27 07:35:31.937624+00	2020-02-18 16:00:00+00	9	3	8	2378	16
4725	2020-03-27 07:35:31.965696+00	2020-03-27 07:35:31.965723+00	2020-02-18 16:00:00+00	9	3	8	2379	16
4726	2020-03-27 07:35:31.978333+00	2020-03-27 07:35:31.978353+00	2020-02-18 16:00:00+00	9	3	8	2379	16
4727	2020-03-27 07:35:32.004395+00	2020-03-27 07:35:32.004417+00	2020-02-18 16:00:00+00	5	3	6	2380	16
4728	2020-03-27 07:35:32.0115+00	2020-03-27 07:35:32.011517+00	2020-02-18 16:00:00+00	5	3	6	2380	16
4729	2020-03-27 07:35:32.032768+00	2020-03-27 07:35:32.03279+00	2020-02-18 16:00:00+00	9	3	7	2381	16
4730	2020-03-27 07:35:32.044452+00	2020-03-27 07:35:32.044469+00	2020-02-18 16:00:00+00	9	3	7	2381	16
4731	2020-03-27 07:35:32.072649+00	2020-03-27 07:35:32.072672+00	2020-02-18 16:00:00+00	9	3	8	2382	16
4732	2020-03-27 07:35:32.08432+00	2020-03-27 07:35:32.084338+00	2020-02-18 16:00:00+00	9	3	8	2382	16
4733	2020-03-27 07:35:32.112555+00	2020-03-27 07:35:32.112576+00	2020-02-19 16:00:00+00	9	3	8	2383	16
4734	2020-03-27 07:35:32.124123+00	2020-03-27 07:35:32.124141+00	2020-02-19 16:00:00+00	9	3	8	2383	16
3975	2020-03-17 05:16:58.113237+00	2020-03-17 05:16:58.113255+00	2020-02-16 16:00:00+00	7	3	6	2028	16
3976	2020-03-17 05:16:58.124668+00	2020-03-17 05:16:58.124684+00	2020-02-16 16:00:00+00	3	3	6	2028	16
4735	2020-03-27 07:35:32.153895+00	2020-03-27 07:35:32.153919+00	2020-02-19 16:00:00+00	9	3	8	2384	16
4736	2020-03-27 07:35:32.165619+00	2020-03-27 07:35:32.165638+00	2020-02-19 16:00:00+00	9	3	8	2384	16
4737	2020-03-27 07:35:32.190559+00	2020-03-27 07:35:32.190581+00	2020-02-19 16:00:00+00	9	3	8	2385	16
4738	2020-03-27 07:35:32.19826+00	2020-03-27 07:35:32.198277+00	2020-02-19 16:00:00+00	9	3	8	2385	16
4739	2020-03-27 07:35:32.220683+00	2020-03-27 07:35:32.220709+00	2020-02-20 16:00:00+00	9	3	10	2386	16
4740	2020-03-27 07:35:32.228527+00	2020-03-27 07:35:32.228545+00	2020-02-20 16:00:00+00	9	3	10	2386	16
4741	2020-03-27 07:35:32.274926+00	2020-03-27 07:35:32.274952+00	2020-02-23 16:00:00+00	7	3	8	2387	17
4742	2020-03-27 07:35:32.286125+00	2020-03-27 07:35:32.286143+00	2020-02-23 16:00:00+00	3	3	8	2387	17
4743	2020-03-27 07:35:32.31413+00	2020-03-27 07:35:32.314153+00	2020-02-23 16:00:00+00	7	3	7	2388	17
4744	2020-03-27 07:35:32.325986+00	2020-03-27 07:35:32.326005+00	2020-02-23 16:00:00+00	3	3	7	2388	17
4745	2020-03-27 07:35:32.354876+00	2020-03-27 07:35:32.354903+00	2020-02-23 16:00:00+00	7	3	6	2389	17
4746	2020-03-27 07:35:32.36398+00	2020-03-27 07:35:32.364008+00	2020-02-23 16:00:00+00	3	3	6	2389	17
4747	2020-03-27 07:35:32.393199+00	2020-03-27 07:35:32.393226+00	2020-02-23 16:00:00+00	7	3	8	2390	17
4748	2020-03-27 07:35:32.40468+00	2020-03-27 07:35:32.404696+00	2020-02-23 16:00:00+00	3	3	8	2390	17
4749	2020-03-27 07:35:32.43206+00	2020-03-27 07:35:32.432086+00	2020-02-23 16:00:00+00	7	3	8	2391	17
4750	2020-03-27 07:35:32.439254+00	2020-03-27 07:35:32.439271+00	2020-02-23 16:00:00+00	3	3	8	2391	17
4751	2020-03-27 07:35:32.460128+00	2020-03-27 07:35:32.460148+00	2020-02-23 16:00:00+00	7	3	6	2392	17
4752	2020-03-27 07:35:32.467207+00	2020-03-27 07:35:32.467224+00	2020-02-23 16:00:00+00	9	3	6	2392	17
4753	2020-03-27 07:35:32.501765+00	2020-03-27 07:35:32.501785+00	2020-02-23 16:00:00+00	7	3	7	2393	17
4754	2020-03-27 07:35:32.511295+00	2020-03-27 07:35:32.511311+00	2020-02-23 16:00:00+00	7	3	7	2393	17
3997	2020-03-17 05:16:58.551545+00	2020-03-17 05:16:58.551561+00	2020-02-17 16:00:00+00	5	3	6	2038	16
3998	2020-03-17 05:16:58.563073+00	2020-03-17 05:16:58.56309+00	2020-02-17 16:00:00+00	5	3	6	2038	16
4755	2020-03-27 07:35:32.539107+00	2020-03-27 07:35:32.539126+00	2020-02-23 16:00:00+00	3	3	8	2394	17
4756	2020-03-27 07:35:32.547582+00	2020-03-27 07:35:32.547597+00	2020-02-23 16:00:00+00	9	3	8	2394	17
4757	2020-03-27 07:35:32.575504+00	2020-03-27 07:35:32.575522+00	2020-02-23 16:00:00+00	7	3	7	2395	17
4758	2020-03-27 07:35:32.587668+00	2020-03-27 07:35:32.587685+00	2020-02-23 16:00:00+00	3	3	7	2395	17
4759	2020-03-27 07:35:32.615682+00	2020-03-27 07:35:32.615699+00	2020-02-23 16:00:00+00	3	3	8	2396	17
4760	2020-03-27 07:35:32.623677+00	2020-03-27 07:35:32.623694+00	2020-02-23 16:00:00+00	9	3	8	2396	17
4761	2020-03-27 07:35:32.645816+00	2020-03-27 07:35:32.645835+00	2020-02-23 16:00:00+00	7	3	8	2397	17
4762	2020-03-27 07:35:32.653475+00	2020-03-27 07:35:32.653492+00	2020-02-23 16:00:00+00	3	3	8	2397	17
4763	2020-03-27 07:35:32.695319+00	2020-03-27 07:35:32.695337+00	2020-02-23 16:00:00+00	3	3	8	2398	17
4764	2020-03-27 07:35:32.706623+00	2020-03-27 07:35:32.706639+00	2020-02-23 16:00:00+00	3	3	8	2398	17
4765	2020-03-27 07:35:32.734082+00	2020-03-27 07:35:32.7341+00	2020-02-23 16:00:00+00	3	3	6	2399	17
4766	2020-03-27 07:35:32.745295+00	2020-03-27 07:35:32.745312+00	2020-02-23 16:00:00+00	3	3	6	2399	17
4767	2020-03-27 07:35:32.772878+00	2020-03-27 07:35:32.772896+00	2020-02-23 16:00:00+00	3	3	6	2400	17
4768	2020-03-27 07:35:32.784359+00	2020-03-27 07:35:32.784376+00	2020-02-23 16:00:00+00	9	3	6	2400	17
4769	2020-03-27 07:35:32.807126+00	2020-03-27 07:35:32.807142+00	2020-02-23 16:00:00+00	7	3	8	2401	17
4770	2020-03-27 07:35:32.813972+00	2020-03-27 07:35:32.813988+00	2020-02-23 16:00:00+00	3	3	8	2401	17
4771	2020-03-27 07:35:32.834962+00	2020-03-27 07:35:32.83498+00	2020-02-23 16:00:00+00	7	3	8	2402	17
4772	2020-03-27 07:35:32.842+00	2020-03-27 07:35:32.842016+00	2020-02-23 16:00:00+00	3	3	8	2402	17
4017	2020-03-17 05:16:58.920123+00	2020-03-17 05:16:58.920142+00	2020-02-20 16:00:00+00	9	3	6	1483	16
4018	2020-03-17 05:16:58.929023+00	2020-03-17 05:16:58.929038+00	2020-02-20 16:00:00+00	9	3	6	1483	16
4019	2020-03-17 05:16:58.953801+00	2020-03-17 05:16:58.953824+00	2020-02-20 16:00:00+00	9	3	10	1851	16
4020	2020-03-17 05:16:58.965515+00	2020-03-17 05:16:58.965538+00	2020-02-20 16:00:00+00	9	3	10	1851	16
4773	2020-03-27 07:35:32.864666+00	2020-03-27 07:35:32.864684+00	2020-02-23 16:00:00+00	3	3	8	2403	17
4774	2020-03-27 07:35:32.875504+00	2020-03-27 07:35:32.87552+00	2020-02-23 16:00:00+00	9	3	8	2403	17
4775	2020-03-27 07:35:32.90583+00	2020-03-27 07:35:32.905847+00	2020-02-23 16:00:00+00	3	3	6	2404	17
4776	2020-03-27 07:35:32.917091+00	2020-03-27 07:35:32.917107+00	2020-02-23 16:00:00+00	3	3	6	2404	17
4777	2020-03-27 07:35:32.944754+00	2020-03-27 07:35:32.944773+00	2020-02-23 16:00:00+00	7	3	8	2405	17
4778	2020-03-27 07:35:32.95607+00	2020-03-27 07:35:32.956086+00	2020-02-23 16:00:00+00	7	3	8	2405	17
4779	2020-03-27 07:35:32.983857+00	2020-03-27 07:35:32.983873+00	2020-02-23 16:00:00+00	7	3	8	2406	17
4780	2020-03-27 07:35:32.992962+00	2020-03-27 07:35:32.992978+00	2020-02-23 16:00:00+00	9	3	8	2406	17
4781	2020-03-27 07:35:33.016188+00	2020-03-27 07:35:33.016203+00	2020-02-23 16:00:00+00	5	3	8	2407	17
4782	2020-03-27 07:35:33.027024+00	2020-03-27 07:35:33.02704+00	2020-02-23 16:00:00+00	5	3	8	2407	17
4783	2020-03-27 07:35:33.054051+00	2020-03-27 07:35:33.054069+00	2020-02-23 16:00:00+00	5	3	6	2408	17
4784	2020-03-27 07:35:33.065306+00	2020-03-27 07:35:33.065336+00	2020-02-23 16:00:00+00	5	3	6	2408	17
4785	2020-03-27 07:35:33.092782+00	2020-03-27 07:35:33.092799+00	2020-02-23 16:00:00+00	3	3	8	2409	17
4786	2020-03-27 07:35:33.104287+00	2020-03-27 07:35:33.104305+00	2020-02-23 16:00:00+00	9	3	8	2409	17
4787	2020-03-27 07:35:33.133919+00	2020-03-27 07:35:33.133939+00	2020-02-23 16:00:00+00	3	3	6	2410	17
4788	2020-03-27 07:35:33.145264+00	2020-03-27 07:35:33.145281+00	2020-02-23 16:00:00+00	9	3	6	2410	17
4789	2020-03-27 07:35:33.173601+00	2020-03-27 07:35:33.17362+00	2020-02-23 16:00:00+00	3	3	8	2411	17
4790	2020-03-27 07:35:33.183201+00	2020-03-27 07:35:33.183216+00	2020-02-23 16:00:00+00	3	3	8	2411	17
4791	2020-03-27 07:35:33.211446+00	2020-03-27 07:35:33.211462+00	2020-02-23 16:00:00+00	5	3	8	2412	17
4792	2020-03-27 07:35:33.220188+00	2020-03-27 07:35:33.220205+00	2020-02-23 16:00:00+00	5	3	8	2412	17
4793	2020-03-27 07:35:33.244342+00	2020-03-27 07:35:33.244359+00	2020-02-23 16:00:00+00	3	3	8	2413	17
4794	2020-03-27 07:35:33.253401+00	2020-03-27 07:35:33.253418+00	2020-02-23 16:00:00+00	3	3	8	2413	17
4795	2020-03-27 07:35:33.280651+00	2020-03-27 07:35:33.280667+00	2020-02-23 16:00:00+00	7	3	8	2414	17
4796	2020-03-27 07:35:33.29182+00	2020-03-27 07:35:33.291836+00	2020-02-23 16:00:00+00	7	3	8	2414	17
4797	2020-03-27 07:35:33.330523+00	2020-03-27 07:35:33.330541+00	2020-02-23 16:00:00+00	7	3	7	2415	17
4798	2020-03-27 07:35:33.342424+00	2020-03-27 07:35:33.342441+00	2020-02-23 16:00:00+00	7	3	7	2415	17
4799	2020-03-27 07:35:33.370255+00	2020-03-27 07:35:33.370275+00	2020-02-23 16:00:00+00	7	3	8	2416	17
4800	2020-03-27 07:35:33.381037+00	2020-03-27 07:35:33.381054+00	2020-02-23 16:00:00+00	3	3	8	2416	17
4801	2020-03-27 07:35:33.407936+00	2020-03-27 07:35:33.407953+00	2020-02-23 16:00:00+00	7	3	7	2417	17
4802	2020-03-27 07:35:33.41885+00	2020-03-27 07:35:33.418866+00	2020-02-23 16:00:00+00	3	3	7	2417	17
4803	2020-03-27 07:35:33.443784+00	2020-03-27 07:35:33.4438+00	2020-02-23 16:00:00+00	7	3	7	2418	17
4804	2020-03-27 07:35:33.450717+00	2020-03-27 07:35:33.450734+00	2020-02-23 16:00:00+00	7	3	7	2418	17
4805	2020-03-27 07:35:33.481695+00	2020-03-27 07:35:33.481752+00	2020-02-23 16:00:00+00	3	3	6	2419	17
4806	2020-03-27 07:35:33.493988+00	2020-03-27 07:35:33.494006+00	2020-02-23 16:00:00+00	3	3	6	2419	17
4807	2020-03-27 07:35:33.52269+00	2020-03-27 07:35:33.522708+00	2020-02-23 16:00:00+00	7	3	8	2420	17
4808	2020-03-27 07:35:33.53447+00	2020-03-27 07:35:33.534487+00	2020-02-23 16:00:00+00	3	3	8	2420	17
4809	2020-03-27 07:35:33.562625+00	2020-03-27 07:35:33.562642+00	2020-02-23 16:00:00+00	5	3	6	2421	17
4810	2020-03-27 07:35:33.573934+00	2020-03-27 07:35:33.57395+00	2020-02-23 16:00:00+00	5	3	6	2421	17
4811	2020-03-27 07:35:33.601789+00	2020-03-27 07:35:33.601805+00	2020-02-23 16:00:00+00	3	3	8	2422	17
4812	2020-03-27 07:35:33.612603+00	2020-03-27 07:35:33.612619+00	2020-02-23 16:00:00+00	3	3	8	2422	17
4813	2020-03-27 07:35:33.654582+00	2020-03-27 07:35:33.654599+00	2020-02-23 16:00:00+00	7	3	8	2424	17
4814	2020-03-27 07:35:33.665544+00	2020-03-27 07:35:33.66556+00	2020-02-23 16:00:00+00	9	3	8	2424	17
4815	2020-03-27 07:35:33.687293+00	2020-03-27 07:35:33.687309+00	2020-02-23 16:00:00+00	7	3	7	2425	17
4816	2020-03-27 07:35:33.697118+00	2020-03-27 07:35:33.697134+00	2020-02-23 16:00:00+00	3	3	7	2425	17
4817	2020-03-27 07:35:33.724655+00	2020-03-27 07:35:33.724675+00	2020-02-23 16:00:00+00	5	3	7	2426	17
4818	2020-03-27 07:35:33.736056+00	2020-03-27 07:35:33.736072+00	2020-02-23 16:00:00+00	5	3	7	2426	17
4819	2020-03-27 07:35:33.76438+00	2020-03-27 07:35:33.764396+00	2020-02-23 16:00:00+00	5	3	8	2427	17
4820	2020-03-27 07:35:33.776132+00	2020-03-27 07:35:33.776148+00	2020-02-23 16:00:00+00	5	3	8	2427	17
4821	2020-03-27 07:35:33.805142+00	2020-03-27 07:35:33.805159+00	2020-02-23 16:00:00+00	7	3	7	2428	17
4822	2020-03-27 07:35:33.812586+00	2020-03-27 07:35:33.812602+00	2020-02-23 16:00:00+00	3	3	7	2428	17
4823	2020-03-27 07:35:33.834501+00	2020-03-27 07:35:33.834517+00	2020-02-23 16:00:00+00	7	3	7	2429	17
4824	2020-03-27 07:35:33.841573+00	2020-03-27 07:35:33.841657+00	2020-02-23 16:00:00+00	3	3	7	2429	17
4073	2020-03-17 05:17:00.003095+00	2020-03-17 05:17:00.003119+00	2020-02-23 16:00:00+00	7	3	8	2069	17
4074	2020-03-17 05:17:00.016302+00	2020-03-17 05:17:00.016321+00	2020-02-23 16:00:00+00	3	3	8	2069	17
4825	2020-03-27 07:35:33.865447+00	2020-03-27 07:35:33.865464+00	2020-02-23 16:00:00+00	7	3	7	2430	17
4826	2020-03-27 07:35:33.876979+00	2020-03-27 07:35:33.876996+00	2020-02-23 16:00:00+00	3	3	7	2430	17
4827	2020-03-27 07:35:33.905792+00	2020-03-27 07:35:33.905811+00	2020-02-23 16:00:00+00	7	3	7	2431	17
4828	2020-03-27 07:35:33.917476+00	2020-03-27 07:35:33.917492+00	2020-02-23 16:00:00+00	3	3	7	2431	17
4829	2020-03-27 07:35:33.946566+00	2020-03-27 07:35:33.946581+00	2020-02-23 16:00:00+00	7	3	8	2432	17
4830	2020-03-27 07:35:33.959062+00	2020-03-27 07:35:33.959078+00	2020-02-23 16:00:00+00	3	3	8	2432	17
4831	2020-03-27 07:35:33.987743+00	2020-03-27 07:35:33.987759+00	2020-02-23 16:00:00+00	7	3	6	2433	17
4832	2020-03-27 07:35:33.996606+00	2020-03-27 07:35:33.996621+00	2020-02-23 16:00:00+00	9	3	6	2433	17
4833	2020-03-27 07:35:34.018535+00	2020-03-27 07:35:34.018552+00	2020-02-23 16:00:00+00	7	3	6	2434	17
4834	2020-03-27 07:35:34.026435+00	2020-03-27 07:35:34.026452+00	2020-02-23 16:00:00+00	9	3	6	2434	17
4835	2020-03-27 07:35:34.048393+00	2020-03-27 07:35:34.04841+00	2020-02-23 16:00:00+00	3	3	6	2435	17
4836	2020-03-27 07:35:34.055632+00	2020-03-27 07:35:34.055647+00	2020-02-23 16:00:00+00	9	3	6	2435	17
4837	2020-03-27 07:35:34.082638+00	2020-03-27 07:35:34.082656+00	2020-02-23 16:00:00+00	7	3	7	2436	17
4838	2020-03-27 07:35:34.092217+00	2020-03-27 07:35:34.092266+00	2020-02-23 16:00:00+00	3	3	7	2436	17
4839	2020-03-27 07:35:34.12081+00	2020-03-27 07:35:34.120827+00	2020-02-23 16:00:00+00	7	3	8	2437	17
4840	2020-03-27 07:35:34.134782+00	2020-03-27 07:35:34.134798+00	2020-02-23 16:00:00+00	3	3	8	2437	17
4841	2020-03-27 07:35:34.163614+00	2020-03-27 07:35:34.163641+00	2020-02-23 16:00:00+00	5	3	7	2438	17
4842	2020-03-27 07:35:34.175558+00	2020-03-27 07:35:34.175575+00	2020-02-23 16:00:00+00	5	3	7	2438	17
4843	2020-03-27 07:35:34.204565+00	2020-03-27 07:35:34.204598+00	2020-02-24 16:00:00+00	9	3	8	2439	17
4844	2020-03-27 07:35:34.214139+00	2020-03-27 07:35:34.214155+00	2020-02-24 16:00:00+00	6	3	8	2439	17
4845	2020-03-27 07:35:34.236489+00	2020-03-27 07:35:34.236507+00	2020-02-24 16:00:00+00	3	3	7	2440	17
4846	2020-03-27 07:35:34.24354+00	2020-03-27 07:35:34.243556+00	2020-02-24 16:00:00+00	6	3	7	2440	17
4847	2020-03-27 07:35:34.266522+00	2020-03-27 07:35:34.26654+00	2020-02-24 16:00:00+00	9	3	6	2441	17
4848	2020-03-27 07:35:34.273726+00	2020-03-27 07:35:34.273742+00	2020-02-24 16:00:00+00	6	3	6	2441	17
4849	2020-03-27 07:35:34.299144+00	2020-03-27 07:35:34.29916+00	2020-02-24 16:00:00+00	3	3	6	2442	17
4850	2020-03-27 07:35:34.311142+00	2020-03-27 07:35:34.311159+00	2020-02-24 16:00:00+00	6	3	6	2442	17
4851	2020-03-27 07:35:34.336194+00	2020-03-27 07:35:34.336211+00	2020-02-24 16:00:00+00	3	3	8	2443	17
4852	2020-03-27 07:35:34.347863+00	2020-03-27 07:35:34.34788+00	2020-02-24 16:00:00+00	6	3	8	2443	17
4853	2020-03-27 07:35:34.415912+00	2020-03-27 07:35:34.415928+00	2020-02-24 16:00:00+00	9	3	6	2445	17
4854	2020-03-27 07:35:34.425891+00	2020-03-27 07:35:34.425908+00	2020-02-24 16:00:00+00	6	3	6	2445	17
4855	2020-03-27 07:35:34.455457+00	2020-03-27 07:35:34.455477+00	2020-02-24 16:00:00+00	3	3	6	2446	17
4856	2020-03-27 07:35:34.466977+00	2020-03-27 07:35:34.466993+00	2020-02-24 16:00:00+00	6	3	6	2446	17
4857	2020-03-27 07:35:34.495176+00	2020-03-27 07:35:34.495195+00	2020-02-24 16:00:00+00	9	3	8	2447	17
4858	2020-03-27 07:35:34.50699+00	2020-03-27 07:35:34.507012+00	2020-02-24 16:00:00+00	6	3	8	2447	17
4109	2020-03-17 05:17:00.679458+00	2020-03-17 05:17:00.679476+00	2020-02-23 16:00:00+00	7	3	8	2085	17
4110	2020-03-17 05:17:00.686179+00	2020-03-17 05:17:00.686194+00	2020-02-23 16:00:00+00	9	3	8	2085	17
4859	2020-03-27 07:35:34.539298+00	2020-03-27 07:35:34.539327+00	2020-02-24 16:00:00+00	9	3	8	2448	17
4860	2020-03-27 07:35:34.552023+00	2020-03-27 07:35:34.552046+00	2020-02-24 16:00:00+00	6	3	8	2448	17
4861	2020-03-27 07:35:34.577633+00	2020-03-27 07:35:34.577654+00	2020-02-25 16:00:00+00	6	3	6	2449	17
4862	2020-03-27 07:35:34.590142+00	2020-03-27 07:35:34.590159+00	2020-02-25 16:00:00+00	10	3	6	2449	17
4863	2020-03-27 07:35:34.629408+00	2020-03-27 07:35:34.629437+00	2020-02-26 16:00:00+00	6	3	8	2450	17
4864	2020-03-27 07:35:34.641347+00	2020-03-27 07:35:34.641367+00	2020-02-26 16:00:00+00	8	3	8	2450	17
4865	2020-03-27 07:35:34.671446+00	2020-03-27 07:35:34.671468+00	2020-02-26 16:00:00+00	6	3	8	2451	17
4866	2020-03-27 07:35:34.683716+00	2020-03-27 07:35:34.683737+00	2020-02-26 16:00:00+00	8	3	8	2451	17
4867	2020-03-27 07:35:34.712422+00	2020-03-27 07:35:34.712446+00	2020-02-26 16:00:00+00	6	3	10	2452	17
4868	2020-03-27 07:35:34.726178+00	2020-03-27 07:35:34.726197+00	2020-02-26 16:00:00+00	8	3	10	2452	17
4869	2020-03-27 07:35:34.755246+00	2020-03-27 07:35:34.755263+00	2020-02-26 16:00:00+00	5	3	8	2453	17
4870	2020-03-27 07:35:34.767054+00	2020-03-27 07:35:34.767071+00	2020-02-26 16:00:00+00	5	3	8	2453	17
4871	2020-03-27 07:35:34.795936+00	2020-03-27 07:35:34.795953+00	2020-02-26 16:00:00+00	6	3	8	2454	17
4872	2020-03-27 07:35:34.808186+00	2020-03-27 07:35:34.808204+00	2020-02-26 16:00:00+00	8	3	8	2454	17
4873	2020-03-27 07:35:34.83718+00	2020-03-27 07:35:34.837198+00	2020-02-26 16:00:00+00	6	3	8	2455	17
4874	2020-03-27 07:35:34.848813+00	2020-03-27 07:35:34.848829+00	2020-02-26 16:00:00+00	8	3	8	2455	17
4875	2020-03-27 07:35:34.877198+00	2020-03-27 07:35:34.877217+00	2020-02-26 16:00:00+00	6	3	8	2456	17
4876	2020-03-27 07:35:34.888287+00	2020-03-27 07:35:34.888304+00	2020-02-26 16:00:00+00	8	3	8	2456	17
4877	2020-03-27 07:35:34.916466+00	2020-03-27 07:35:34.916485+00	2020-02-26 16:00:00+00	9	3	8	2457	17
4878	2020-03-27 07:35:34.928563+00	2020-03-27 07:35:34.928579+00	2020-02-26 16:00:00+00	8	3	8	2457	17
4879	2020-03-27 07:35:34.967309+00	2020-03-27 07:35:34.96733+00	2020-03-01 16:00:00+00	7	3	8	2458	18
4880	2020-03-27 07:35:34.976405+00	2020-03-27 07:35:34.976422+00	2020-03-01 16:00:00+00	3	3	8	2458	18
4881	2020-03-27 07:35:35.005025+00	2020-03-27 07:35:35.005043+00	2020-03-01 16:00:00+00	3	3	8	2459	18
4882	2020-03-27 07:35:35.016824+00	2020-03-27 07:35:35.01684+00	2020-03-01 16:00:00+00	9	3	8	2459	18
4883	2020-03-27 07:35:35.046651+00	2020-03-27 07:35:35.04667+00	2020-03-01 16:00:00+00	5	3	8	2460	18
4884	2020-03-27 07:35:35.058568+00	2020-03-27 07:35:35.058586+00	2020-03-01 16:00:00+00	5	3	8	2460	18
4885	2020-03-27 07:35:35.085237+00	2020-03-27 07:35:35.085257+00	2020-03-01 16:00:00+00	7	3	8	2461	18
4886	2020-03-27 07:35:35.097916+00	2020-03-27 07:35:35.097933+00	2020-03-01 16:00:00+00	3	3	8	2461	18
4887	2020-03-27 07:35:35.130871+00	2020-03-27 07:35:35.13089+00	2020-03-01 16:00:00+00	7	3	8	2462	18
4888	2020-03-27 07:35:35.143397+00	2020-03-27 07:35:35.143414+00	2020-03-01 16:00:00+00	6	3	8	2462	18
4889	2020-03-27 07:35:35.170925+00	2020-03-27 07:35:35.170942+00	2020-03-01 16:00:00+00	7	3	8	2463	18
4890	2020-03-27 07:35:35.178688+00	2020-03-27 07:35:35.178704+00	2020-03-01 16:00:00+00	3	3	8	2463	18
4891	2020-03-27 07:35:35.201466+00	2020-03-27 07:35:35.201484+00	2020-03-01 16:00:00+00	7	3	8	2464	18
4892	2020-03-27 07:35:35.209123+00	2020-03-27 07:35:35.209151+00	2020-03-01 16:00:00+00	3	3	8	2464	18
4893	2020-03-27 07:35:35.232166+00	2020-03-27 07:35:35.232184+00	2020-03-01 16:00:00+00	7	3	8	2465	18
4894	2020-03-27 07:35:35.240222+00	2020-03-27 07:35:35.24026+00	2020-03-01 16:00:00+00	3	3	8	2465	18
4895	2020-03-27 07:35:35.267107+00	2020-03-27 07:35:35.267126+00	2020-03-01 16:00:00+00	3	3	8	2466	18
4896	2020-03-27 07:35:35.279632+00	2020-03-27 07:35:35.279649+00	2020-03-01 16:00:00+00	9	3	8	2466	18
4897	2020-03-27 07:35:35.309125+00	2020-03-27 07:35:35.309141+00	2020-03-01 16:00:00+00	7	3	8	2467	18
4898	2020-03-27 07:35:35.321952+00	2020-03-27 07:35:35.321968+00	2020-03-01 16:00:00+00	3	3	8	2467	18
4151	2020-03-17 05:17:01.794829+00	2020-03-17 05:17:01.794861+00	2020-02-24 16:00:00+00	9	3	9	2104	17
4152	2020-03-17 05:17:01.838711+00	2020-03-17 05:17:01.838819+00	2020-02-24 16:00:00+00	10	3	9	2104	17
4153	2020-03-17 05:17:01.904245+00	2020-03-17 05:17:01.904282+00	2020-02-24 16:00:00+00	9	3	9	2105	17
4154	2020-03-17 05:17:01.946462+00	2020-03-17 05:17:01.948367+00	2020-02-24 16:00:00+00	6	3	9	2105	17
4155	2020-03-17 05:17:02.062539+00	2020-03-17 05:17:02.06257+00	2020-02-25 16:00:00+00	6	3	8	1766	17
4156	2020-03-17 05:17:02.073935+00	2020-03-17 05:17:02.073962+00	2020-02-25 16:00:00+00	6	3	8	1766	17
4157	2020-03-17 05:17:02.149236+00	2020-03-17 05:17:02.149267+00	2020-02-25 16:00:00+00	9	3	7	2106	17
4158	2020-03-17 05:17:02.171921+00	2020-03-17 05:17:02.171956+00	2020-02-25 16:00:00+00	6	3	7	2106	17
4899	2020-03-27 07:35:35.355044+00	2020-03-27 07:35:35.355061+00	2020-03-01 16:00:00+00	7	3	8	2468	18
4900	2020-03-27 07:35:35.367692+00	2020-03-27 07:35:35.36771+00	2020-03-01 16:00:00+00	3	3	8	2468	18
4901	2020-03-27 07:35:35.395028+00	2020-03-27 07:35:35.395049+00	2020-03-01 16:00:00+00	3	3	10	2469	18
4902	2020-03-27 07:35:35.402133+00	2020-03-27 07:35:35.402149+00	2020-03-01 16:00:00+00	9	3	10	2469	18
4903	2020-03-27 07:35:35.431199+00	2020-03-27 07:35:35.431219+00	2020-03-01 16:00:00+00	5	3	8	2470	18
4904	2020-03-27 07:35:35.438183+00	2020-03-27 07:35:35.438201+00	2020-03-01 16:00:00+00	5	3	8	2470	18
4905	2020-03-27 07:35:35.461441+00	2020-03-27 07:35:35.461463+00	2020-03-01 16:00:00+00	7	3	8	2471	18
4906	2020-03-27 07:35:35.468726+00	2020-03-27 07:35:35.468742+00	2020-03-01 16:00:00+00	3	3	8	2471	18
4907	2020-03-27 07:35:35.498025+00	2020-03-27 07:35:35.498046+00	2020-03-01 16:00:00+00	7	3	8	2472	18
4908	2020-03-27 07:35:35.510843+00	2020-03-27 07:35:35.510859+00	2020-03-01 16:00:00+00	6	3	8	2472	18
4909	2020-03-27 07:35:35.541919+00	2020-03-27 07:35:35.541946+00	2020-03-01 16:00:00+00	7	3	8	2473	18
4910	2020-03-27 07:35:35.554783+00	2020-03-27 07:35:35.554799+00	2020-03-01 16:00:00+00	3	3	8	2473	18
4911	2020-03-27 07:35:35.58523+00	2020-03-27 07:35:35.585247+00	2020-03-01 16:00:00+00	7	3	8	2474	18
4912	2020-03-27 07:35:35.594768+00	2020-03-27 07:35:35.594784+00	2020-03-01 16:00:00+00	7	3	8	2474	18
4913	2020-03-27 07:35:35.621801+00	2020-03-27 07:35:35.621819+00	2020-03-01 16:00:00+00	7	3	8	2475	18
4914	2020-03-27 07:35:35.629474+00	2020-03-27 07:35:35.62949+00	2020-03-01 16:00:00+00	3	3	8	2475	18
4915	2020-03-27 07:35:35.650975+00	2020-03-27 07:35:35.650993+00	2020-03-01 16:00:00+00	7	3	8	2476	18
4916	2020-03-27 07:35:35.658662+00	2020-03-27 07:35:35.658677+00	2020-03-01 16:00:00+00	3	3	8	2476	18
4917	2020-03-27 07:35:35.680415+00	2020-03-27 07:35:35.680435+00	2020-03-01 16:00:00+00	7	3	8	2477	18
4918	2020-03-27 07:35:35.687711+00	2020-03-27 07:35:35.687727+00	2020-03-01 16:00:00+00	3	3	8	2477	18
4179	2020-03-17 05:17:02.663896+00	2020-03-17 05:17:02.663924+00	2020-02-27 16:00:00+00	8	3	6	1890	17
4180	2020-03-17 05:17:02.67583+00	2020-03-17 05:17:02.675848+00	2020-02-27 16:00:00+00	8	3	6	1890	17
4919	2020-03-27 07:35:35.711722+00	2020-03-27 07:35:35.71174+00	2020-03-01 16:00:00+00	3	3	10	2478	18
4920	2020-03-27 07:35:35.724473+00	2020-03-27 07:35:35.724491+00	2020-03-01 16:00:00+00	9	3	10	2478	18
4921	2020-03-27 07:35:35.754885+00	2020-03-27 07:35:35.754903+00	2020-03-01 16:00:00+00	5	3	10	2479	18
4922	2020-03-27 07:35:35.767306+00	2020-03-27 07:35:35.767324+00	2020-03-01 16:00:00+00	5	3	10	2479	18
4923	2020-03-27 07:35:35.79682+00	2020-03-27 07:35:35.796837+00	2020-03-01 16:00:00+00	3	3	10	2480	18
4924	2020-03-27 07:35:35.809715+00	2020-03-27 07:35:35.80973+00	2020-03-01 16:00:00+00	9	3	10	2480	18
4925	2020-03-27 07:35:35.836433+00	2020-03-27 07:35:35.836452+00	2020-03-01 16:00:00+00	3	3	10	2481	18
4926	2020-03-27 07:35:35.843415+00	2020-03-27 07:35:35.843431+00	2020-03-01 16:00:00+00	9	3	10	2481	18
4927	2020-03-27 07:35:35.864907+00	2020-03-27 07:35:35.864924+00	2020-03-01 16:00:00+00	7	3	8	2482	18
4928	2020-03-27 07:35:35.871657+00	2020-03-27 07:35:35.871673+00	2020-03-01 16:00:00+00	3	3	8	2482	18
4929	2020-03-27 07:35:35.893209+00	2020-03-27 07:35:35.893226+00	2020-03-01 16:00:00+00	3	3	10	2483	18
4930	2020-03-27 07:35:35.900339+00	2020-03-27 07:35:35.900355+00	2020-03-01 16:00:00+00	9	3	10	2483	18
4931	2020-03-27 07:35:35.932216+00	2020-03-27 07:35:35.932258+00	2020-03-01 16:00:00+00	5	3	10	2484	18
4932	2020-03-27 07:35:35.944891+00	2020-03-27 07:35:35.944907+00	2020-03-01 16:00:00+00	5	3	10	2484	18
4933	2020-03-27 07:35:35.975454+00	2020-03-27 07:35:35.975473+00	2020-03-01 16:00:00+00	7	3	8	2485	18
4934	2020-03-27 07:35:35.988468+00	2020-03-27 07:35:35.988484+00	2020-03-01 16:00:00+00	3	3	8	2485	18
4935	2020-03-27 07:35:36.018952+00	2020-03-27 07:35:36.018968+00	2020-03-01 16:00:00+00	5	3	8	2486	18
4936	2020-03-27 07:35:36.031872+00	2020-03-27 07:35:36.031888+00	2020-03-01 16:00:00+00	5	3	8	2486	18
4937	2020-03-27 07:35:36.059263+00	2020-03-27 07:35:36.059279+00	2020-03-01 16:00:00+00	3	3	8	2487	18
4938	2020-03-27 07:35:36.066295+00	2020-03-27 07:35:36.066311+00	2020-03-01 16:00:00+00	9	3	8	2487	18
4939	2020-03-27 07:35:36.085855+00	2020-03-27 07:35:36.085872+00	2020-03-01 16:00:00+00	5	3	\N	2488	18
4940	2020-03-27 07:35:36.092797+00	2020-03-27 07:35:36.092812+00	2020-03-01 16:00:00+00	12	3	\N	2488	18
4941	2020-03-27 07:35:36.114069+00	2020-03-27 07:35:36.114096+00	2020-03-01 16:00:00+00	7	3	7	2489	18
4942	2020-03-27 07:35:36.123791+00	2020-03-27 07:35:36.123808+00	2020-03-01 16:00:00+00	6	3	7	2489	18
4943	2020-03-27 07:35:36.154833+00	2020-03-27 07:35:36.154852+00	2020-03-01 16:00:00+00	7	3	7	2490	18
4944	2020-03-27 07:35:36.167794+00	2020-03-27 07:35:36.167811+00	2020-03-01 16:00:00+00	6	3	7	2490	18
4945	2020-03-27 07:35:36.198155+00	2020-03-27 07:35:36.198173+00	2020-03-01 16:00:00+00	3	3	8	2491	18
4946	2020-03-27 07:35:36.210896+00	2020-03-27 07:35:36.210913+00	2020-03-01 16:00:00+00	9	3	8	2491	18
4947	2020-03-27 07:35:36.242179+00	2020-03-27 07:35:36.242199+00	2020-03-01 16:00:00+00	5	3	8	2492	18
4948	2020-03-27 07:35:36.254481+00	2020-03-27 07:35:36.254497+00	2020-03-01 16:00:00+00	5	3	8	2492	18
4949	2020-03-27 07:35:36.278542+00	2020-03-27 07:35:36.27856+00	2020-03-01 16:00:00+00	5	3	6	2493	18
4950	2020-03-27 07:35:36.286074+00	2020-03-27 07:35:36.28609+00	2020-03-01 16:00:00+00	5	3	6	2493	18
4951	2020-03-27 07:35:36.307815+00	2020-03-27 07:35:36.307835+00	2020-03-01 16:00:00+00	7	3	8	2494	18
4952	2020-03-27 07:35:36.315148+00	2020-03-27 07:35:36.315165+00	2020-03-01 16:00:00+00	3	3	8	2494	18
4953	2020-03-27 07:35:36.337312+00	2020-03-27 07:35:36.337339+00	2020-03-01 16:00:00+00	5	3	8	2495	18
4954	2020-03-27 07:35:36.348776+00	2020-03-27 07:35:36.348792+00	2020-03-01 16:00:00+00	5	3	8	2495	18
4955	2020-03-27 07:35:36.379654+00	2020-03-27 07:35:36.379674+00	2020-03-01 16:00:00+00	6	3	8	2496	18
4956	2020-03-27 07:35:36.392376+00	2020-03-27 07:35:36.392393+00	2020-03-01 16:00:00+00	7	3	8	2496	18
4957	2020-03-27 07:35:36.421918+00	2020-03-27 07:35:36.421934+00	2020-03-01 16:00:00+00	7	3	8	2497	18
4958	2020-03-27 07:35:36.435198+00	2020-03-27 07:35:36.435216+00	2020-03-01 16:00:00+00	3	3	8	2497	18
4959	2020-03-27 07:35:36.465278+00	2020-03-27 07:35:36.465296+00	2020-03-01 16:00:00+00	3	3	10	2498	18
4960	2020-03-27 07:35:36.472623+00	2020-03-27 07:35:36.472639+00	2020-03-01 16:00:00+00	9	3	10	2498	18
4961	2020-03-27 07:35:36.494459+00	2020-03-27 07:35:36.494476+00	2020-03-01 16:00:00+00	3	3	8	2499	18
4962	2020-03-27 07:35:36.502291+00	2020-03-27 07:35:36.502307+00	2020-03-01 16:00:00+00	9	3	8	2499	18
4963	2020-03-27 07:35:36.524084+00	2020-03-27 07:35:36.524102+00	2020-03-01 16:00:00+00	3	3	10	2500	18
4964	2020-03-27 07:35:36.534688+00	2020-03-27 07:35:36.534703+00	2020-03-01 16:00:00+00	9	3	10	2500	18
4965	2020-03-27 07:35:36.561702+00	2020-03-27 07:35:36.561719+00	2020-03-01 16:00:00+00	7	3	8	2501	18
4966	2020-03-27 07:35:36.574553+00	2020-03-27 07:35:36.574569+00	2020-03-01 16:00:00+00	3	3	8	2501	18
4967	2020-03-27 07:35:36.604872+00	2020-03-27 07:35:36.604889+00	2020-03-01 16:00:00+00	3	3	8	2502	18
4968	2020-03-27 07:35:36.617561+00	2020-03-27 07:35:36.617577+00	2020-03-01 16:00:00+00	9	3	8	2502	18
4969	2020-03-27 07:35:36.647793+00	2020-03-27 07:35:36.647811+00	2020-03-01 16:00:00+00	7	3	8	2503	18
4970	2020-03-27 07:35:36.660474+00	2020-03-27 07:35:36.66049+00	2020-03-01 16:00:00+00	3	3	8	2503	18
4971	2020-03-27 07:35:36.688875+00	2020-03-27 07:35:36.688893+00	2020-03-01 16:00:00+00	5	3	8	2504	18
4972	2020-03-27 07:35:36.69755+00	2020-03-27 07:35:36.697565+00	2020-03-01 16:00:00+00	5	3	8	2504	18
4973	2020-03-27 07:35:36.728883+00	2020-03-27 07:35:36.728899+00	2020-03-01 16:00:00+00	5	3	8	2505	18
4974	2020-03-27 07:35:36.737521+00	2020-03-27 07:35:36.737538+00	2020-03-01 16:00:00+00	5	3	8	2505	18
4975	2020-03-27 07:35:36.761937+00	2020-03-27 07:35:36.761955+00	2020-03-01 16:00:00+00	3	3	10	2506	18
4976	2020-03-27 07:35:36.772856+00	2020-03-27 07:35:36.772872+00	2020-03-01 16:00:00+00	9	3	10	2506	18
4977	2020-03-27 07:35:36.811044+00	2020-03-27 07:35:36.811062+00	2020-03-01 16:00:00+00	7	3	8	2507	18
4978	2020-03-27 07:35:36.821661+00	2020-03-27 07:35:36.821678+00	2020-03-01 16:00:00+00	7	3	8	2507	18
4979	2020-03-27 07:35:36.852635+00	2020-03-27 07:35:36.852654+00	2020-03-01 16:00:00+00	5	3	6	2508	18
4980	2020-03-27 07:35:36.865627+00	2020-03-27 07:35:36.865651+00	2020-03-01 16:00:00+00	5	3	6	2508	18
4981	2020-03-27 07:35:36.895785+00	2020-03-27 07:35:36.895803+00	2020-03-01 16:00:00+00	7	3	8	2509	18
4982	2020-03-27 07:35:36.903983+00	2020-03-27 07:35:36.904+00	2020-03-01 16:00:00+00	3	3	8	2509	18
4983	2020-03-27 07:35:36.925144+00	2020-03-27 07:35:36.925162+00	2020-03-01 16:00:00+00	7	3	8	2510	18
4984	2020-03-27 07:35:36.933726+00	2020-03-27 07:35:36.933744+00	2020-03-01 16:00:00+00	3	3	8	2510	18
4985	2020-03-27 07:35:36.954796+00	2020-03-27 07:35:36.954815+00	2020-03-01 16:00:00+00	7	3	8	2511	18
4986	2020-03-27 07:35:36.962101+00	2020-03-27 07:35:36.962117+00	2020-03-01 16:00:00+00	3	3	8	2511	18
4987	2020-03-27 07:35:36.985949+00	2020-03-27 07:35:36.985967+00	2020-03-01 16:00:00+00	5	3	8	2512	18
4988	2020-03-27 07:35:36.998381+00	2020-03-27 07:35:36.998397+00	2020-03-01 16:00:00+00	5	3	8	2512	18
4989	2020-03-27 07:35:37.027861+00	2020-03-27 07:35:37.027881+00	2020-03-01 16:00:00+00	7	3	8	2513	18
4990	2020-03-27 07:35:37.040547+00	2020-03-27 07:35:37.040566+00	2020-03-01 16:00:00+00	3	3	8	2513	18
4991	2020-03-27 07:35:37.070968+00	2020-03-27 07:35:37.070991+00	2020-03-01 16:00:00+00	7	3	7	2514	18
4992	2020-03-27 07:35:37.083965+00	2020-03-27 07:35:37.083982+00	2020-03-01 16:00:00+00	6	3	7	2514	18
4993	2020-03-27 07:35:37.11145+00	2020-03-27 07:35:37.111471+00	2020-03-01 16:00:00+00	7	3	8	2515	18
4994	2020-03-27 07:35:37.118995+00	2020-03-27 07:35:37.119011+00	2020-03-01 16:00:00+00	3	3	8	2515	18
4995	2020-03-27 07:35:37.140884+00	2020-03-27 07:35:37.140901+00	2020-03-01 16:00:00+00	3	3	8	2516	18
4996	2020-03-27 07:35:37.149112+00	2020-03-27 07:35:37.149128+00	2020-03-01 16:00:00+00	9	3	8	2516	18
4997	2020-03-27 07:35:37.170807+00	2020-03-27 07:35:37.170824+00	2020-03-01 16:00:00+00	7	3	8	2517	18
4998	2020-03-27 07:35:37.17827+00	2020-03-27 07:35:37.178286+00	2020-03-01 16:00:00+00	3	3	8	2517	18
4999	2020-03-27 07:35:37.202367+00	2020-03-27 07:35:37.202383+00	2020-03-01 16:00:00+00	3	3	10	2518	18
5000	2020-03-27 07:35:37.21506+00	2020-03-27 07:35:37.215076+00	2020-03-01 16:00:00+00	9	3	10	2518	18
5001	2020-03-27 07:35:37.244767+00	2020-03-27 07:35:37.244784+00	2020-03-01 16:00:00+00	7	3	8	2519	18
5002	2020-03-27 07:35:37.257057+00	2020-03-27 07:35:37.257074+00	2020-03-01 16:00:00+00	3	3	8	2519	18
5003	2020-03-27 07:35:37.28703+00	2020-03-27 07:35:37.287048+00	2020-03-02 16:00:00+00	9	3	6	2520	18
5004	2020-03-27 07:35:37.299709+00	2020-03-27 07:35:37.299726+00	2020-03-02 16:00:00+00	9	3	6	2520	18
5005	2020-03-27 07:35:37.333546+00	2020-03-27 07:35:37.333564+00	2020-03-02 16:00:00+00	9	3	8	2521	18
5006	2020-03-27 07:35:37.340478+00	2020-03-27 07:35:37.340494+00	2020-03-02 16:00:00+00	6	3	8	2521	18
5007	2020-03-27 07:35:37.362078+00	2020-03-27 07:35:37.362097+00	2020-03-02 16:00:00+00	9	3	8	2522	18
5008	2020-03-27 07:35:37.36894+00	2020-03-27 07:35:37.368957+00	2020-03-02 16:00:00+00	6	3	8	2522	18
5009	2020-03-27 07:35:37.389604+00	2020-03-27 07:35:37.389621+00	2020-03-02 16:00:00+00	9	3	6	2523	18
5010	2020-03-27 07:35:37.396515+00	2020-03-27 07:35:37.396531+00	2020-03-02 16:00:00+00	6	3	6	2523	18
5011	2020-03-27 07:35:37.425831+00	2020-03-27 07:35:37.425849+00	2020-03-02 16:00:00+00	9	3	6	2524	18
5012	2020-03-27 07:35:37.438375+00	2020-03-27 07:35:37.438391+00	2020-03-02 16:00:00+00	6	3	6	2524	18
5013	2020-03-27 07:35:37.46769+00	2020-03-27 07:35:37.467711+00	2020-03-02 16:00:00+00	9	3	8	2525	18
5014	2020-03-27 07:35:37.4771+00	2020-03-27 07:35:37.477116+00	2020-03-02 16:00:00+00	6	3	8	2525	18
5015	2020-03-27 07:35:37.506648+00	2020-03-27 07:35:37.506669+00	2020-03-02 16:00:00+00	9	3	8	2526	18
5016	2020-03-27 07:35:37.51664+00	2020-03-27 07:35:37.516656+00	2020-03-02 16:00:00+00	6	3	8	2526	18
5017	2020-03-27 07:35:37.537914+00	2020-03-27 07:35:37.53793+00	2020-03-03 16:00:00+00	6	3	8	2527	18
5018	2020-03-27 07:35:37.545228+00	2020-03-27 07:35:37.545244+00	2020-03-03 16:00:00+00	6	3	8	2527	18
5019	2020-03-27 07:35:37.566135+00	2020-03-27 07:35:37.566152+00	2020-03-03 16:00:00+00	6	3	8	2528	18
5020	2020-03-27 07:35:37.573012+00	2020-03-27 07:35:37.573027+00	2020-03-03 16:00:00+00	6	3	8	2528	18
5021	2020-03-27 07:35:37.60046+00	2020-03-27 07:35:37.600477+00	2020-03-08 16:00:00+00	7	3	8	2529	34
5022	2020-03-27 07:35:37.612662+00	2020-03-27 07:35:37.612678+00	2020-03-08 16:00:00+00	6	3	8	2529	34
5023	2020-03-27 07:35:37.642609+00	2020-03-27 07:35:37.642629+00	2020-03-08 16:00:00+00	7	3	8	2530	34
5024	2020-03-27 07:35:37.654639+00	2020-03-27 07:35:37.654655+00	2020-03-08 16:00:00+00	3	3	8	2530	34
5025	2020-03-27 07:35:37.684929+00	2020-03-27 07:35:37.684951+00	2020-03-08 16:00:00+00	7	3	8	2531	34
5026	2020-03-27 07:35:37.697732+00	2020-03-27 07:35:37.697764+00	2020-03-08 16:00:00+00	3	3	8	2531	34
5027	2020-03-27 07:35:37.7248+00	2020-03-27 07:35:37.724822+00	2020-03-08 16:00:00+00	7	3	6	2532	34
5028	2020-03-27 07:35:37.732136+00	2020-03-27 07:35:37.732152+00	2020-03-08 16:00:00+00	6	3	6	2532	34
5029	2020-03-27 07:35:37.75428+00	2020-03-27 07:35:37.754298+00	2020-03-08 16:00:00+00	5	3	8	2533	34
5030	2020-03-27 07:35:37.761714+00	2020-03-27 07:35:37.76173+00	2020-03-08 16:00:00+00	5	3	8	2533	34
5031	2020-03-27 07:35:37.784361+00	2020-03-27 07:35:37.784379+00	2020-03-08 16:00:00+00	3	3	8	2534	34
5032	2020-03-27 07:35:37.796328+00	2020-03-27 07:35:37.796347+00	2020-03-08 16:00:00+00	6	3	8	2534	34
5033	2020-03-27 07:35:37.825437+00	2020-03-27 07:35:37.825459+00	2020-03-08 16:00:00+00	3	3	8	2535	34
5034	2020-03-27 07:35:37.839936+00	2020-03-27 07:35:37.839956+00	2020-03-08 16:00:00+00	6	3	8	2535	34
5035	2020-03-27 07:35:37.870247+00	2020-03-27 07:35:37.870269+00	2020-03-08 16:00:00+00	7	3	6	2536	34
5036	2020-03-27 07:35:37.882456+00	2020-03-27 07:35:37.882472+00	2020-03-08 16:00:00+00	3	3	6	2536	34
5037	2020-03-27 07:35:37.911831+00	2020-03-27 07:35:37.911849+00	2020-03-08 16:00:00+00	7	3	8	2537	34
5038	2020-03-27 07:35:37.924322+00	2020-03-27 07:35:37.924339+00	2020-03-08 16:00:00+00	6	3	8	2537	34
5039	2020-03-27 07:35:37.951248+00	2020-03-27 07:35:37.951264+00	2020-03-08 16:00:00+00	7	3	6	2538	34
5040	2020-03-27 07:35:37.958273+00	2020-03-27 07:35:37.95829+00	2020-03-08 16:00:00+00	9	3	6	2538	34
5041	2020-03-27 07:35:37.980585+00	2020-03-27 07:35:37.980605+00	2020-03-08 16:00:00+00	7	3	8	2539	34
5042	2020-03-27 07:35:37.986855+00	2020-03-27 07:35:37.986872+00	2020-03-08 16:00:00+00	3	3	8	2539	34
5043	2020-03-27 07:35:38.014971+00	2020-03-27 07:35:38.014993+00	2020-03-08 16:00:00+00	3	3	6	2540	34
5044	2020-03-27 07:35:38.026478+00	2020-03-27 07:35:38.026494+00	2020-03-08 16:00:00+00	6	3	6	2540	34
5045	2020-03-27 07:35:38.053941+00	2020-03-27 07:35:38.053959+00	2020-03-08 16:00:00+00	7	3	8	2541	34
5046	2020-03-27 07:35:38.06577+00	2020-03-27 07:35:38.06579+00	2020-03-08 16:00:00+00	6	3	8	2541	34
5047	2020-03-27 07:35:38.094424+00	2020-03-27 07:35:38.094441+00	2020-03-08 16:00:00+00	7	3	6	2542	34
5048	2020-03-27 07:35:38.104715+00	2020-03-27 07:35:38.104731+00	2020-03-08 16:00:00+00	6	3	6	2542	34
5049	2020-03-27 07:35:38.13205+00	2020-03-27 07:35:38.132068+00	2020-03-08 16:00:00+00	7	3	8	2543	34
5050	2020-03-27 07:35:38.140673+00	2020-03-27 07:35:38.14069+00	2020-03-08 16:00:00+00	3	3	8	2543	34
5051	2020-03-27 07:35:38.169036+00	2020-03-27 07:35:38.169054+00	2020-03-08 16:00:00+00	7	3	6	2544	34
5052	2020-03-27 07:35:38.180631+00	2020-03-27 07:35:38.180648+00	2020-03-08 16:00:00+00	3	3	6	2544	34
5053	2020-03-27 07:35:38.208348+00	2020-03-27 07:35:38.208365+00	2020-03-08 16:00:00+00	5	3	8	2545	34
5054	2020-03-27 07:35:38.219793+00	2020-03-27 07:35:38.21981+00	2020-03-08 16:00:00+00	5	3	8	2545	34
5055	2020-03-27 07:35:38.245941+00	2020-03-27 07:35:38.245979+00	2020-03-08 16:00:00+00	7	3	6	2546	34
5056	2020-03-27 07:35:38.253047+00	2020-03-27 07:35:38.253062+00	2020-03-08 16:00:00+00	6	3	6	2546	34
5057	2020-03-27 07:35:38.274652+00	2020-03-27 07:35:38.274668+00	2020-03-08 16:00:00+00	3	3	8	2547	34
5058	2020-03-27 07:35:38.28154+00	2020-03-27 07:35:38.281556+00	2020-03-08 16:00:00+00	6	3	8	2547	34
5059	2020-03-27 07:35:38.308721+00	2020-03-27 07:35:38.308738+00	2020-03-08 16:00:00+00	5	3	6	2548	34
5060	2020-03-27 07:35:38.315581+00	2020-03-27 07:35:38.315596+00	2020-03-08 16:00:00+00	5	3	6	2548	34
5061	2020-03-27 07:35:38.342885+00	2020-03-27 07:35:38.342901+00	2020-03-08 16:00:00+00	7	3	6	2549	34
5062	2020-03-27 07:35:38.353947+00	2020-03-27 07:35:38.353962+00	2020-03-08 16:00:00+00	6	3	6	2549	34
5063	2020-03-27 07:35:38.381766+00	2020-03-27 07:35:38.381783+00	2020-03-08 16:00:00+00	5	3	7	2550	34
5064	2020-03-27 07:35:38.392991+00	2020-03-27 07:35:38.393007+00	2020-03-08 16:00:00+00	5	3	7	2550	34
5065	2020-03-27 07:35:38.420752+00	2020-03-27 07:35:38.420772+00	2020-03-08 16:00:00+00	7	3	6	2551	34
5066	2020-03-27 07:35:38.432185+00	2020-03-27 07:35:38.432202+00	2020-03-08 16:00:00+00	6	3	6	2551	34
5067	2020-03-27 07:35:38.455245+00	2020-03-27 07:35:38.455261+00	2020-03-08 16:00:00+00	7	3	6	2552	34
5068	2020-03-27 07:35:38.461881+00	2020-03-27 07:35:38.461897+00	2020-03-08 16:00:00+00	3	3	6	2552	34
5069	2020-03-27 07:35:38.489587+00	2020-03-27 07:35:38.489605+00	2020-03-08 16:00:00+00	5	3	6	2553	34
5070	2020-03-27 07:35:38.496385+00	2020-03-27 07:35:38.496401+00	2020-03-08 16:00:00+00	5	3	6	2553	34
5071	2020-03-27 07:35:38.517238+00	2020-03-27 07:35:38.51726+00	2020-03-08 16:00:00+00	5	3	8	2554	34
5072	2020-03-27 07:35:38.526368+00	2020-03-27 07:35:38.526385+00	2020-03-08 16:00:00+00	5	3	8	2554	34
5073	2020-03-27 07:35:38.55451+00	2020-03-27 07:35:38.554525+00	2020-03-08 16:00:00+00	7	3	6	2555	34
5074	2020-03-27 07:35:38.565861+00	2020-03-27 07:35:38.565879+00	2020-03-08 16:00:00+00	3	3	6	2555	34
5075	2020-03-27 07:35:38.594153+00	2020-03-27 07:35:38.594171+00	2020-03-08 16:00:00+00	7	3	8	2556	34
5076	2020-03-27 07:35:38.605582+00	2020-03-27 07:35:38.605599+00	2020-03-08 16:00:00+00	3	3	8	2556	34
5077	2020-03-27 07:35:38.633363+00	2020-03-27 07:35:38.633385+00	2020-03-08 16:00:00+00	7	3	8	2557	34
5078	2020-03-27 07:35:38.639558+00	2020-03-27 07:35:38.639574+00	2020-03-08 16:00:00+00	3	3	8	2557	34
5079	2020-03-27 07:35:38.662808+00	2020-03-27 07:35:38.662825+00	2020-03-08 16:00:00+00	5	3	8	2558	34
5080	2020-03-27 07:35:38.674834+00	2020-03-27 07:35:38.674851+00	2020-03-08 16:00:00+00	5	3	8	2558	34
5081	2020-03-27 07:35:38.7028+00	2020-03-27 07:35:38.702818+00	2020-03-08 16:00:00+00	3	3	8	2559	34
5082	2020-03-27 07:35:38.714183+00	2020-03-27 07:35:38.714199+00	2020-03-08 16:00:00+00	6	3	8	2559	34
5083	2020-03-27 07:35:38.743356+00	2020-03-27 07:35:38.743376+00	2020-03-08 16:00:00+00	3	3	6	2560	34
5084	2020-03-27 07:35:38.754715+00	2020-03-27 07:35:38.754747+00	2020-03-08 16:00:00+00	6	3	6	2560	34
5085	2020-03-27 07:35:38.78271+00	2020-03-27 07:35:38.782729+00	2020-03-08 16:00:00+00	7	3	8	2561	34
5086	2020-03-27 07:35:38.797775+00	2020-03-27 07:35:38.797791+00	2020-03-08 16:00:00+00	3	3	8	2561	34
5087	2020-03-27 07:35:38.825662+00	2020-03-27 07:35:38.82568+00	2020-03-08 16:00:00+00	3	3	8	2562	34
5088	2020-03-27 07:35:38.832674+00	2020-03-27 07:35:38.83269+00	2020-03-08 16:00:00+00	6	3	8	2562	34
5089	2020-03-27 07:35:38.854139+00	2020-03-27 07:35:38.854158+00	2020-03-08 16:00:00+00	7	3	8	2563	34
5090	2020-03-27 07:35:38.861232+00	2020-03-27 07:35:38.861249+00	2020-03-08 16:00:00+00	3	3	8	2563	34
5091	2020-03-27 07:35:38.884836+00	2020-03-27 07:35:38.884854+00	2020-03-08 16:00:00+00	7	3	8	2564	34
5092	2020-03-27 07:35:38.896308+00	2020-03-27 07:35:38.896326+00	2020-03-08 16:00:00+00	3	3	8	2564	34
5093	2020-03-27 07:35:38.924147+00	2020-03-27 07:35:38.924166+00	2020-03-08 16:00:00+00	7	3	6	2565	34
5094	2020-03-27 07:35:38.935821+00	2020-03-27 07:35:38.935837+00	2020-03-08 16:00:00+00	3	3	6	2565	34
5095	2020-03-27 07:35:38.963487+00	2020-03-27 07:35:38.963505+00	2020-03-08 16:00:00+00	3	3	6	2566	34
5096	2020-03-27 07:35:38.975233+00	2020-03-27 07:35:38.975249+00	2020-03-08 16:00:00+00	6	3	6	2566	34
5097	2020-03-27 07:35:39.002865+00	2020-03-27 07:35:39.002885+00	2020-03-08 16:00:00+00	7	3	6	2567	34
5098	2020-03-27 07:35:39.00984+00	2020-03-27 07:35:39.009857+00	2020-03-08 16:00:00+00	3	3	6	2567	34
5099	2020-03-27 07:35:39.03099+00	2020-03-27 07:35:39.031008+00	2020-03-08 16:00:00+00	7	3	8	2568	34
5100	2020-03-27 07:35:39.038261+00	2020-03-27 07:35:39.038279+00	2020-03-08 16:00:00+00	3	3	8	2568	34
5101	2020-03-27 07:35:39.059174+00	2020-03-27 07:35:39.059193+00	2020-03-08 16:00:00+00	3	3	8	2569	34
5102	2020-03-27 07:35:39.066072+00	2020-03-27 07:35:39.066091+00	2020-03-08 16:00:00+00	6	3	8	2569	34
5103	2020-03-27 07:35:39.091745+00	2020-03-27 07:35:39.091763+00	2020-03-08 16:00:00+00	7	3	8	2570	34
5104	2020-03-27 07:35:39.103056+00	2020-03-27 07:35:39.103073+00	2020-03-08 16:00:00+00	3	3	8	2570	34
5105	2020-03-27 07:35:39.132146+00	2020-03-27 07:35:39.132165+00	2020-03-08 16:00:00+00	3	3	6	2571	34
5106	2020-03-27 07:35:39.143938+00	2020-03-27 07:35:39.143958+00	2020-03-08 16:00:00+00	6	3	6	2571	34
5107	2020-03-27 07:35:39.171923+00	2020-03-27 07:35:39.171942+00	2020-03-08 16:00:00+00	7	3	8	2572	34
5108	2020-03-27 07:35:39.183511+00	2020-03-27 07:35:39.18353+00	2020-03-08 16:00:00+00	3	3	8	2572	34
5109	2020-03-27 07:35:39.211565+00	2020-03-27 07:35:39.211585+00	2020-03-08 16:00:00+00	3	3	8	2573	34
5110	2020-03-27 07:35:39.218636+00	2020-03-27 07:35:39.218653+00	2020-03-08 16:00:00+00	6	3	8	2573	34
5111	2020-03-27 07:35:39.240433+00	2020-03-27 07:35:39.240454+00	2020-03-08 16:00:00+00	7	3	6	2574	34
5112	2020-03-27 07:35:39.247584+00	2020-03-27 07:35:39.2476+00	2020-03-08 16:00:00+00	3	3	6	2574	34
5113	2020-03-27 07:35:39.268899+00	2020-03-27 07:35:39.268917+00	2020-03-08 16:00:00+00	3	3	8	2575	34
5114	2020-03-27 07:35:39.275912+00	2020-03-27 07:35:39.275929+00	2020-03-08 16:00:00+00	6	3	8	2575	34
5115	2020-03-27 07:35:39.301741+00	2020-03-27 07:35:39.301761+00	2020-03-08 16:00:00+00	3	3	6	2576	34
5116	2020-03-27 07:35:39.31319+00	2020-03-27 07:35:39.313207+00	2020-03-08 16:00:00+00	3	3	6	2576	34
5117	2020-03-27 07:35:39.345953+00	2020-03-27 07:35:39.345986+00	2020-03-08 16:00:00+00	7	3	8	2577	34
5118	2020-03-27 07:35:39.359298+00	2020-03-27 07:35:39.359331+00	2020-03-08 16:00:00+00	3	3	8	2577	34
5119	2020-03-27 07:35:39.392577+00	2020-03-27 07:35:39.392609+00	2020-03-08 16:00:00+00	3	3	6	2578	34
5120	2020-03-27 07:35:39.405491+00	2020-03-27 07:35:39.405508+00	2020-03-08 16:00:00+00	6	3	6	2578	34
5121	2020-03-27 07:35:39.428725+00	2020-03-27 07:35:39.428742+00	2020-03-08 16:00:00+00	3	3	6	2579	34
5122	2020-03-27 07:35:39.435394+00	2020-03-27 07:35:39.43541+00	2020-03-08 16:00:00+00	6	3	6	2579	34
5123	2020-03-27 07:35:39.456246+00	2020-03-27 07:35:39.456267+00	2020-03-08 16:00:00+00	3	3	7	2580	34
5124	2020-03-27 07:35:39.466908+00	2020-03-27 07:35:39.466925+00	2020-03-08 16:00:00+00	6	3	7	2580	34
5125	2020-03-27 07:35:39.495544+00	2020-03-27 07:35:39.495573+00	2020-03-08 16:00:00+00	3	3	8	2581	34
5126	2020-03-27 07:35:39.506705+00	2020-03-27 07:35:39.506722+00	2020-03-08 16:00:00+00	6	3	8	2581	34
5127	2020-03-27 07:35:39.534515+00	2020-03-27 07:35:39.534534+00	2020-03-08 16:00:00+00	7	3	8	2582	34
5128	2020-03-27 07:35:39.545789+00	2020-03-27 07:35:39.545805+00	2020-03-08 16:00:00+00	6	3	8	2582	34
5129	2020-03-27 07:35:39.573538+00	2020-03-27 07:35:39.573559+00	2020-03-08 16:00:00+00	3	3	6	2583	34
5130	2020-03-27 07:35:39.585006+00	2020-03-27 07:35:39.585022+00	2020-03-08 16:00:00+00	6	3	6	2583	34
5131	2020-03-27 07:35:39.61264+00	2020-03-27 07:35:39.612659+00	2020-03-08 16:00:00+00	3	3	8	2584	34
5132	2020-03-27 07:35:39.623746+00	2020-03-27 07:35:39.623762+00	2020-03-08 16:00:00+00	7	3	8	2584	34
5133	2020-03-27 07:35:39.644856+00	2020-03-27 07:35:39.644875+00	2020-03-08 16:00:00+00	3	3	8	2585	34
5134	2020-03-27 07:35:39.651863+00	2020-03-27 07:35:39.65188+00	2020-03-08 16:00:00+00	6	3	8	2585	34
5135	2020-03-27 07:35:39.677389+00	2020-03-27 07:35:39.677414+00	2020-03-09 16:00:00+00	9	3	6	2586	34
5136	2020-03-27 07:35:39.688765+00	2020-03-27 07:35:39.688784+00	2020-03-09 16:00:00+00	9	3	6	2586	34
5137	2020-03-27 07:35:39.722973+00	2020-03-27 07:35:39.722995+00	2020-03-09 16:00:00+00	5	3	7	2587	34
5138	2020-03-27 07:35:39.734325+00	2020-03-27 07:35:39.734343+00	2020-03-09 16:00:00+00	5	3	7	2587	34
5139	2020-03-27 07:35:39.764475+00	2020-03-27 07:35:39.764503+00	2020-03-09 16:00:00+00	3	3	6	2588	34
5140	2020-03-27 07:35:39.777014+00	2020-03-27 07:35:39.777039+00	2020-03-09 16:00:00+00	9	3	6	2588	34
5141	2020-03-27 07:35:39.806841+00	2020-03-27 07:35:39.806868+00	2020-03-09 16:00:00+00	5	3	7	2589	34
5142	2020-03-27 07:35:39.81863+00	2020-03-27 07:35:39.81865+00	2020-03-09 16:00:00+00	5	3	7	2589	34
5143	2020-03-27 07:35:39.846867+00	2020-03-27 07:35:39.846886+00	2020-03-09 16:00:00+00	6	3	8	2590	34
5144	2020-03-27 07:35:39.855967+00	2020-03-27 07:35:39.855983+00	2020-03-09 16:00:00+00	9	3	8	2590	34
5145	2020-03-27 07:35:39.877441+00	2020-03-27 07:35:39.877457+00	2020-03-09 16:00:00+00	3	3	8	2591	34
5146	2020-03-27 07:35:39.884378+00	2020-03-27 07:35:39.884395+00	2020-03-09 16:00:00+00	9	3	8	2591	34
5147	2020-03-27 07:35:39.90902+00	2020-03-27 07:35:39.909039+00	2020-03-09 16:00:00+00	3	3	8	2592	34
5148	2020-03-27 07:35:39.917888+00	2020-03-27 07:35:39.917905+00	2020-03-09 16:00:00+00	9	3	8	2592	34
5149	2020-03-27 07:35:39.943284+00	2020-03-27 07:35:39.943302+00	2020-03-09 16:00:00+00	3	3	8	2593	34
5150	2020-03-27 07:35:39.954787+00	2020-03-27 07:35:39.954803+00	2020-03-09 16:00:00+00	9	3	8	2593	34
5151	2020-03-27 07:35:39.982908+00	2020-03-27 07:35:39.982925+00	2020-03-10 16:00:00+00	9	3	7	2594	34
5152	2020-03-27 07:35:39.994093+00	2020-03-27 07:35:39.994109+00	2020-03-10 16:00:00+00	9	3	7	2594	34
5153	2020-03-27 07:35:40.024501+00	2020-03-27 07:35:40.024535+00	2020-03-10 16:00:00+00	6	3	8	2595	34
5154	2020-03-27 07:35:40.036024+00	2020-03-27 07:35:40.036041+00	2020-03-10 16:00:00+00	9	3	8	2595	34
5155	2020-03-27 07:35:40.061153+00	2020-03-27 07:35:40.061169+00	2020-03-10 16:00:00+00	9	3	7	2596	34
5156	2020-03-27 07:35:40.068102+00	2020-03-27 07:35:40.068119+00	2020-03-10 16:00:00+00	9	3	7	2596	34
5157	2020-03-27 07:35:40.088662+00	2020-03-27 07:35:40.088678+00	2020-03-10 16:00:00+00	9	3	8	2597	34
5158	2020-03-27 07:35:40.099661+00	2020-03-27 07:35:40.099677+00	2020-03-10 16:00:00+00	8	3	8	2597	34
5159	2020-03-27 07:35:40.127026+00	2020-03-27 07:35:40.127043+00	2020-03-10 16:00:00+00	5	3	8	2598	34
5160	2020-03-27 07:35:40.138369+00	2020-03-27 07:35:40.138386+00	2020-03-10 16:00:00+00	5	3	8	2598	34
5161	2020-03-27 07:35:40.165466+00	2020-03-27 07:35:40.165484+00	2020-03-11 16:00:00+00	9	3	8	2599	34
5162	2020-03-27 07:35:40.177376+00	2020-03-27 07:35:40.177395+00	2020-03-11 16:00:00+00	9	3	8	2599	34
5163	2020-03-27 07:35:40.205355+00	2020-03-27 07:35:40.205373+00	2020-03-15 16:00:00+00	7	3	7	2600	35
5164	2020-03-27 07:35:40.216804+00	2020-03-27 07:35:40.216822+00	2020-03-15 16:00:00+00	9	3	7	2600	35
5165	2020-03-27 07:35:40.244763+00	2020-03-27 07:35:40.24478+00	2020-03-15 16:00:00+00	6	3	8	2601	35
5166	2020-03-27 07:35:40.253695+00	2020-03-27 07:35:40.253711+00	2020-03-15 16:00:00+00	3	3	8	2601	35
5167	2020-03-27 07:35:40.279526+00	2020-03-27 07:35:40.279546+00	2020-03-15 16:00:00+00	5	3	7	2602	35
5168	2020-03-27 07:35:40.288018+00	2020-03-27 07:35:40.288034+00	2020-03-15 16:00:00+00	5	3	7	2602	35
5169	2020-03-27 07:35:40.30946+00	2020-03-27 07:35:40.309486+00	2020-03-15 16:00:00+00	7	3	10	2603	35
5170	2020-03-27 07:35:40.320575+00	2020-03-27 07:35:40.320593+00	2020-03-15 16:00:00+00	3	3	10	2603	35
5171	2020-03-27 07:35:40.349974+00	2020-03-27 07:35:40.349996+00	2020-03-15 16:00:00+00	7	3	6	2604	35
5172	2020-03-27 07:35:40.361122+00	2020-03-27 07:35:40.361138+00	2020-03-15 16:00:00+00	9	3	6	2604	35
5173	2020-03-27 07:35:40.3889+00	2020-03-27 07:35:40.388924+00	2020-03-15 16:00:00+00	3	3	6	2605	35
5174	2020-03-27 07:35:40.400702+00	2020-03-27 07:35:40.400721+00	2020-03-15 16:00:00+00	6	3	6	2605	35
5175	2020-03-27 07:35:40.428968+00	2020-03-27 07:35:40.428988+00	2020-03-15 16:00:00+00	5	3	6	2606	35
5176	2020-03-27 07:35:40.440892+00	2020-03-27 07:35:40.440912+00	2020-03-15 16:00:00+00	5	3	6	2606	35
5177	2020-03-27 07:35:40.469084+00	2020-03-27 07:35:40.469101+00	2020-03-15 16:00:00+00	7	3	10	2607	35
5178	2020-03-27 07:35:40.479339+00	2020-03-27 07:35:40.479356+00	2020-03-15 16:00:00+00	3	3	10	2607	35
5179	2020-03-27 07:35:40.504815+00	2020-03-27 07:35:40.504833+00	2020-03-15 16:00:00+00	7	3	6	2608	35
5180	2020-03-27 07:35:40.512072+00	2020-03-27 07:35:40.512088+00	2020-03-15 16:00:00+00	9	3	6	2608	35
5181	2020-03-27 07:35:40.53798+00	2020-03-27 07:35:40.537999+00	2020-03-15 16:00:00+00	7	3	6	2609	35
5182	2020-03-27 07:35:40.54925+00	2020-03-27 07:35:40.549268+00	2020-03-15 16:00:00+00	9	3	6	2609	35
5183	2020-03-27 07:35:40.578098+00	2020-03-27 07:35:40.578121+00	2020-03-15 16:00:00+00	7	3	11	2610	35
5184	2020-03-27 07:35:40.589386+00	2020-03-27 07:35:40.589402+00	2020-03-15 16:00:00+00	3	3	11	2610	35
5185	2020-03-27 07:35:40.617544+00	2020-03-27 07:35:40.617564+00	2020-03-15 16:00:00+00	6	3	8	2611	35
5186	2020-03-27 07:35:40.626578+00	2020-03-27 07:35:40.626594+00	2020-03-15 16:00:00+00	3	3	8	2611	35
5187	2020-03-27 07:35:40.653482+00	2020-03-27 07:35:40.653502+00	2020-03-15 16:00:00+00	6	3	8	2612	35
5188	2020-03-27 07:35:40.660213+00	2020-03-27 07:35:40.660252+00	2020-03-15 16:00:00+00	3	3	8	2612	35
5189	2020-03-27 07:35:40.682838+00	2020-03-27 07:35:40.68286+00	2020-03-15 16:00:00+00	7	3	10	2613	35
5190	2020-03-27 07:35:40.691543+00	2020-03-27 07:35:40.691562+00	2020-03-15 16:00:00+00	3	3	10	2613	35
5191	2020-03-27 07:35:40.71988+00	2020-03-27 07:35:40.719899+00	2020-03-15 16:00:00+00	7	3	10	2614	35
5192	2020-03-27 07:35:40.729124+00	2020-03-27 07:35:40.729161+00	2020-03-15 16:00:00+00	9	3	10	2614	35
5193	2020-03-27 07:35:40.758144+00	2020-03-27 07:35:40.758164+00	2020-03-15 16:00:00+00	7	3	11	2615	35
5194	2020-03-27 07:35:40.767246+00	2020-03-27 07:35:40.767264+00	2020-03-15 16:00:00+00	9	3	11	2615	35
5195	2020-03-27 07:35:40.799267+00	2020-03-27 07:35:40.799298+00	2020-03-15 16:00:00+00	7	3	7	2616	35
5196	2020-03-27 07:35:40.81153+00	2020-03-27 07:35:40.811553+00	2020-03-15 16:00:00+00	3	3	7	2616	35
5197	2020-03-27 07:35:40.834269+00	2020-03-27 07:35:40.83429+00	2020-03-15 16:00:00+00	6	3	8	2617	35
5198	2020-03-27 07:35:40.841959+00	2020-03-27 07:35:40.841975+00	2020-03-15 16:00:00+00	3	3	8	2617	35
5199	2020-03-27 07:35:40.862845+00	2020-03-27 07:35:40.862864+00	2020-03-15 16:00:00+00	6	3	8	2618	35
5200	2020-03-27 07:35:40.870028+00	2020-03-27 07:35:40.870045+00	2020-03-15 16:00:00+00	3	3	8	2618	35
5201	2020-03-27 07:35:40.893362+00	2020-03-27 07:35:40.89338+00	2020-03-15 16:00:00+00	6	3	7	2619	35
5202	2020-03-27 07:35:40.904724+00	2020-03-27 07:35:40.90474+00	2020-03-15 16:00:00+00	3	3	7	2619	35
5203	2020-03-27 07:35:40.935856+00	2020-03-27 07:35:40.935889+00	2020-03-15 16:00:00+00	6	3	7	2620	35
5204	2020-03-27 07:35:40.948523+00	2020-03-27 07:35:40.948541+00	2020-03-15 16:00:00+00	3	3	7	2620	35
5205	2020-03-27 07:35:40.977042+00	2020-03-27 07:35:40.97706+00	2020-03-15 16:00:00+00	6	3	7	2621	35
5206	2020-03-27 07:35:40.988468+00	2020-03-27 07:35:40.988486+00	2020-03-15 16:00:00+00	3	3	7	2621	35
5207	2020-03-27 07:35:41.018822+00	2020-03-27 07:35:41.018845+00	2020-03-15 16:00:00+00	5	3	7	2622	35
5208	2020-03-27 07:35:41.030404+00	2020-03-27 07:35:41.03042+00	2020-03-15 16:00:00+00	5	3	7	2622	35
5209	2020-03-27 07:35:41.051714+00	2020-03-27 07:35:41.051731+00	2020-03-15 16:00:00+00	6	3	7	2623	35
5210	2020-03-27 07:35:41.058109+00	2020-03-27 07:35:41.058126+00	2020-03-15 16:00:00+00	3	3	7	2623	35
5211	2020-03-27 07:35:41.079059+00	2020-03-27 07:35:41.079076+00	2020-03-15 16:00:00+00	7	3	6	2624	35
5212	2020-03-27 07:35:41.086167+00	2020-03-27 07:35:41.086183+00	2020-03-15 16:00:00+00	3	3	6	2624	35
5213	2020-03-27 07:35:41.115412+00	2020-03-27 07:35:41.115437+00	2020-03-15 16:00:00+00	7	3	6	2625	35
5214	2020-03-27 07:35:41.12836+00	2020-03-27 07:35:41.128384+00	2020-03-15 16:00:00+00	3	3	6	2625	35
5215	2020-03-27 07:35:41.16168+00	2020-03-27 07:35:41.161712+00	2020-03-15 16:00:00+00	6	3	8	2626	35
5216	2020-03-27 07:35:41.176506+00	2020-03-27 07:35:41.176524+00	2020-03-15 16:00:00+00	3	3	8	2626	35
5217	2020-03-27 07:35:41.205361+00	2020-03-27 07:35:41.205389+00	2020-03-15 16:00:00+00	7	3	6	2627	35
5218	2020-03-27 07:35:41.216919+00	2020-03-27 07:35:41.216936+00	2020-03-15 16:00:00+00	3	3	6	2627	35
5219	2020-03-27 07:35:41.238125+00	2020-03-27 07:35:41.238143+00	2020-03-15 16:00:00+00	7	3	11	2628	35
5220	2020-03-27 07:35:41.245152+00	2020-03-27 07:35:41.245168+00	2020-03-15 16:00:00+00	9	3	11	2628	35
5221	2020-03-27 07:35:41.265881+00	2020-03-27 07:35:41.265905+00	2020-03-15 16:00:00+00	5	3	8	2629	35
5222	2020-03-27 07:35:41.273837+00	2020-03-27 07:35:41.273897+00	2020-03-15 16:00:00+00	5	3	8	2629	35
5223	2020-03-27 07:35:41.296839+00	2020-03-27 07:35:41.296856+00	2020-03-15 16:00:00+00	6	3	8	2630	35
5224	2020-03-27 07:35:41.308463+00	2020-03-27 07:35:41.30848+00	2020-03-15 16:00:00+00	3	3	8	2630	35
5225	2020-03-27 07:35:41.337071+00	2020-03-27 07:35:41.337087+00	2020-03-15 16:00:00+00	7	3	7	2631	35
5226	2020-03-27 07:35:41.348678+00	2020-03-27 07:35:41.348695+00	2020-03-15 16:00:00+00	3	3	7	2631	35
5227	2020-03-27 07:35:41.377306+00	2020-03-27 07:35:41.377335+00	2020-03-15 16:00:00+00	3	3	10	2632	35
5228	2020-03-27 07:35:41.389114+00	2020-03-27 07:35:41.389132+00	2020-03-15 16:00:00+00	9	3	10	2632	35
5229	2020-03-27 07:35:41.412127+00	2020-03-27 07:35:41.412147+00	2020-03-15 16:00:00+00	3	3	6	2444	35
5230	2020-03-27 07:35:41.419102+00	2020-03-27 07:35:41.419118+00	2020-03-15 16:00:00+00	9	3	6	2444	35
5231	2020-03-27 07:35:41.439892+00	2020-03-27 07:35:41.439909+00	2020-03-15 16:00:00+00	7	3	6	2633	35
5232	2020-03-27 07:35:41.44681+00	2020-03-27 07:35:41.446826+00	2020-03-15 16:00:00+00	3	3	6	2633	35
5233	2020-03-27 07:35:41.467943+00	2020-03-27 07:35:41.46796+00	2020-03-15 16:00:00+00	6	3	8	2634	35
5234	2020-03-27 07:35:41.475013+00	2020-03-27 07:35:41.475031+00	2020-03-15 16:00:00+00	3	3	8	2634	35
5235	2020-03-27 07:35:41.498182+00	2020-03-27 07:35:41.498199+00	2020-03-15 16:00:00+00	7	3	7	2635	35
5236	2020-03-27 07:35:41.509762+00	2020-03-27 07:35:41.509778+00	2020-03-15 16:00:00+00	9	3	7	2635	35
5237	2020-03-27 07:35:41.535731+00	2020-03-27 07:35:41.53575+00	2020-03-15 16:00:00+00	7	3	11	2636	35
5238	2020-03-27 07:35:41.547423+00	2020-03-27 07:35:41.547439+00	2020-03-15 16:00:00+00	3	3	11	2636	35
5239	2020-03-27 07:35:41.575771+00	2020-03-27 07:35:41.575787+00	2020-03-15 16:00:00+00	7	3	7	2637	35
5240	2020-03-27 07:35:41.587383+00	2020-03-27 07:35:41.587399+00	2020-03-15 16:00:00+00	3	3	7	2637	35
5241	2020-03-27 07:35:41.611047+00	2020-03-27 07:35:41.611069+00	2020-03-15 16:00:00+00	7	3	7	2638	35
5242	2020-03-27 07:35:41.619886+00	2020-03-27 07:35:41.619903+00	2020-03-15 16:00:00+00	3	3	7	2638	35
5243	2020-03-27 07:35:41.650543+00	2020-03-27 07:35:41.65056+00	2020-03-15 16:00:00+00	3	3	7	2639	35
5244	2020-03-27 07:35:41.658788+00	2020-03-27 07:35:41.658805+00	2020-03-15 16:00:00+00	9	3	7	2639	35
5245	2020-03-27 07:35:41.685636+00	2020-03-27 07:35:41.685738+00	2020-03-15 16:00:00+00	7	3	10	2640	35
5246	2020-03-27 07:35:41.697333+00	2020-03-27 07:35:41.697351+00	2020-03-15 16:00:00+00	3	3	10	2640	35
5247	2020-03-27 07:35:41.724751+00	2020-03-27 07:35:41.72477+00	2020-03-15 16:00:00+00	6	3	7	2641	35
5248	2020-03-27 07:35:41.736619+00	2020-03-27 07:35:41.736638+00	2020-03-15 16:00:00+00	3	3	7	2641	35
5249	2020-03-27 07:35:41.764679+00	2020-03-27 07:35:41.764696+00	2020-03-15 16:00:00+00	7	3	10	2642	35
5250	2020-03-27 07:35:41.777234+00	2020-03-27 07:35:41.777256+00	2020-03-15 16:00:00+00	3	3	10	2642	35
5251	2020-03-27 07:35:41.801611+00	2020-03-27 07:35:41.801628+00	2020-03-15 16:00:00+00	5	3	6	2643	35
5252	2020-03-27 07:35:41.808465+00	2020-03-27 07:35:41.808481+00	2020-03-15 16:00:00+00	5	3	6	2643	35
5253	2020-03-27 07:35:41.82966+00	2020-03-27 07:35:41.829677+00	2020-03-15 16:00:00+00	7	3	11	2644	35
5254	2020-03-27 07:35:41.836537+00	2020-03-27 07:35:41.836572+00	2020-03-15 16:00:00+00	3	3	11	2644	35
5255	2020-03-27 07:35:41.860467+00	2020-03-27 07:35:41.860491+00	2020-03-15 16:00:00+00	5	3	6	2645	35
5256	2020-03-27 07:35:41.870492+00	2020-03-27 07:35:41.870523+00	2020-03-15 16:00:00+00	5	3	6	2645	35
5257	2020-03-27 07:35:41.899014+00	2020-03-27 07:35:41.89903+00	2020-03-15 16:00:00+00	7	3	10	2646	35
5258	2020-03-27 07:35:41.9075+00	2020-03-27 07:35:41.907517+00	2020-03-15 16:00:00+00	3	3	10	2646	35
5259	2020-03-27 07:35:41.936898+00	2020-03-27 07:35:41.93692+00	2020-03-15 16:00:00+00	7	3	10	2647	35
5260	2020-03-27 07:35:41.948497+00	2020-03-27 07:35:41.948513+00	2020-03-15 16:00:00+00	9	3	10	2647	35
5261	2020-03-27 07:35:41.977594+00	2020-03-27 07:35:41.977613+00	2020-03-15 16:00:00+00	7	3	6	2648	35
5262	2020-03-27 07:35:41.989561+00	2020-03-27 07:35:41.989598+00	2020-03-15 16:00:00+00	3	3	6	2648	35
5263	2020-03-27 07:35:42.018707+00	2020-03-27 07:35:42.018729+00	2020-03-15 16:00:00+00	7	3	7	2649	35
5264	2020-03-27 07:35:42.027337+00	2020-03-27 07:35:42.027355+00	2020-03-15 16:00:00+00	3	3	7	2649	35
5265	2020-03-27 07:35:42.049+00	2020-03-27 07:35:42.049017+00	2020-03-15 16:00:00+00	7	3	6	2650	35
5266	2020-03-27 07:35:42.057451+00	2020-03-27 07:35:42.057468+00	2020-03-15 16:00:00+00	3	3	6	2650	35
5267	2020-03-27 07:35:42.090018+00	2020-03-27 07:35:42.09005+00	2020-03-15 16:00:00+00	7	3	10	2651	35
5268	2020-03-27 07:35:42.099156+00	2020-03-27 07:35:42.099175+00	2020-03-15 16:00:00+00	9	3	10	2651	35
5269	2020-03-27 07:35:42.12751+00	2020-03-27 07:35:42.127537+00	2020-03-15 16:00:00+00	7	3	7	2652	35
5270	2020-03-27 07:35:42.138959+00	2020-03-27 07:35:42.138976+00	2020-03-15 16:00:00+00	9	3	7	2652	35
5271	2020-03-27 07:35:42.163925+00	2020-03-27 07:35:42.163942+00	2020-03-15 16:00:00+00	6	3	7	2653	35
5272	2020-03-27 07:35:42.170748+00	2020-03-27 07:35:42.172365+00	2020-03-15 16:00:00+00	3	3	7	2653	35
5273	2020-03-27 07:35:42.193461+00	2020-03-27 07:35:42.193479+00	2020-03-15 16:00:00+00	6	3	7	2654	35
5274	2020-03-27 07:35:42.200489+00	2020-03-27 07:35:42.200505+00	2020-03-15 16:00:00+00	3	3	7	2654	35
5275	2020-03-27 07:35:42.225346+00	2020-03-27 07:35:42.225364+00	2020-03-15 16:00:00+00	7	3	11	2655	35
5276	2020-03-27 07:35:42.236211+00	2020-03-27 07:35:42.236263+00	2020-03-15 16:00:00+00	9	3	11	2655	35
5277	2020-03-27 07:35:42.264782+00	2020-03-27 07:35:42.264798+00	2020-03-15 16:00:00+00	6	3	7	2656	35
5278	2020-03-27 07:35:42.275802+00	2020-03-27 07:35:42.27582+00	2020-03-15 16:00:00+00	3	3	7	2656	35
5279	2020-03-27 07:35:42.303924+00	2020-03-27 07:35:42.303943+00	2020-03-15 16:00:00+00	3	3	7	2657	35
5280	2020-03-27 07:35:42.314899+00	2020-03-27 07:35:42.314916+00	2020-03-15 16:00:00+00	6	3	7	2657	35
5281	2020-03-27 07:35:42.34137+00	2020-03-27 07:35:42.341387+00	2020-03-15 16:00:00+00	7	3	10	2658	35
5282	2020-03-27 07:35:42.352115+00	2020-03-27 07:35:42.352131+00	2020-03-15 16:00:00+00	9	3	10	2658	35
5283	2020-03-27 07:35:42.384814+00	2020-03-27 07:35:42.384835+00	2020-03-16 16:00:00+00	3	3	11	2659	35
5284	2020-03-27 07:35:42.392506+00	2020-03-27 07:35:42.392523+00	2020-03-16 16:00:00+00	6	3	11	2659	35
5285	2020-03-27 07:35:42.413305+00	2020-03-27 07:35:42.413332+00	2020-03-16 16:00:00+00	3	3	10	2660	35
5286	2020-03-27 07:35:42.42213+00	2020-03-27 07:35:42.422146+00	2020-03-16 16:00:00+00	6	3	10	2660	35
5287	2020-03-27 07:35:42.450534+00	2020-03-27 07:35:42.45056+00	2020-03-16 16:00:00+00	9	3	10	2661	35
5288	2020-03-27 07:35:42.463378+00	2020-03-27 07:35:42.463396+00	2020-03-16 16:00:00+00	6	3	10	2661	35
5289	2020-03-27 07:35:42.492328+00	2020-03-27 07:35:42.492354+00	2020-03-16 16:00:00+00	9	3	7	2662	35
5290	2020-03-27 07:35:42.505558+00	2020-03-27 07:35:42.505577+00	2020-03-16 16:00:00+00	6	3	7	2662	35
5291	2020-03-27 07:35:42.533868+00	2020-03-27 07:35:42.533888+00	2020-03-16 16:00:00+00	3	3	10	2663	35
5292	2020-03-27 07:35:42.545222+00	2020-03-27 07:35:42.545239+00	2020-03-16 16:00:00+00	6	3	10	2663	35
5293	2020-03-27 07:35:42.566064+00	2020-03-27 07:35:42.566082+00	2020-03-16 16:00:00+00	9	3	6	2664	35
5294	2020-03-27 07:35:42.573035+00	2020-03-27 07:35:42.573052+00	2020-03-16 16:00:00+00	6	3	6	2664	35
5295	2020-03-27 07:35:42.60049+00	2020-03-27 07:35:42.600515+00	2020-03-17 16:00:00+00	6	3	11	2665	35
5296	2020-03-27 07:35:42.607578+00	2020-03-27 07:35:42.607595+00	2020-03-17 16:00:00+00	6	3	11	2665	35
5297	2020-03-27 07:35:42.629139+00	2020-03-27 07:35:42.629159+00	2020-03-17 16:00:00+00	6	3	10	2666	35
5298	2020-03-27 07:35:42.640673+00	2020-03-27 07:35:42.640692+00	2020-03-17 16:00:00+00	9	3	10	2666	35
5299	2020-03-27 07:35:42.668087+00	2020-03-27 07:35:42.668105+00	2020-03-17 16:00:00+00	6	3	10	2667	35
5300	2020-03-27 07:35:42.676817+00	2020-03-27 07:35:42.676834+00	2020-03-17 16:00:00+00	6	3	10	2667	35
5301	2020-03-27 07:35:42.705194+00	2020-03-27 07:35:42.705218+00	2020-03-17 16:00:00+00	9	3	7	2423	35
5302	2020-03-27 07:35:42.7141+00	2020-03-27 07:35:42.714116+00	2020-03-17 16:00:00+00	6	3	7	2423	35
5303	2020-03-27 07:47:14.605801+00	2020-03-27 07:47:14.605832+00	2020-03-01 16:00:00+00	3	3	8	1695	18
5304	2020-03-27 07:47:14.617519+00	2020-03-27 07:47:14.617542+00	2020-03-01 16:00:00+00	6	3	8	1695	18
5305	2020-03-27 07:47:15.097885+00	2020-03-27 07:47:15.097914+00	2020-03-01 16:00:00+00	3	3	8	1482	18
5306	2020-03-27 07:47:15.106029+00	2020-03-27 07:47:15.106046+00	2020-03-01 16:00:00+00	6	3	8	1482	18
5307	2020-03-27 07:47:15.151123+00	2020-03-27 07:47:15.151153+00	2020-03-01 16:00:00+00	7	3	8	1583	18
5308	2020-03-27 07:47:15.160105+00	2020-03-27 07:47:15.160121+00	2020-03-01 16:00:00+00	6	3	8	1583	18
5309	2020-03-27 07:47:15.359755+00	2020-03-27 07:47:15.359783+00	2020-03-02 16:00:00+00	9	3	6	1705	18
5310	2020-03-27 07:47:15.36901+00	2020-03-27 07:47:15.369026+00	2020-03-02 16:00:00+00	6	3	6	1705	18
5311	2020-03-27 07:47:15.746114+00	2020-03-27 07:47:15.746145+00	2020-03-08 16:00:00+00	3	3	6	1604	34
5312	2020-03-27 07:47:15.755939+00	2020-03-27 07:47:15.755958+00	2020-03-08 16:00:00+00	6	3	6	1604	34
5313	2020-03-27 07:47:15.845502+00	2020-03-27 07:47:15.845532+00	2020-03-08 16:00:00+00	7	3	7	1551	34
5314	2020-03-27 07:47:15.854459+00	2020-03-27 07:47:15.854478+00	2020-03-08 16:00:00+00	3	3	7	1551	34
5315	2020-03-27 07:47:15.993531+00	2020-03-27 07:47:15.993562+00	2020-03-08 16:00:00+00	3	3	6	1758	34
5316	2020-03-27 07:47:16.001166+00	2020-03-27 07:47:16.001184+00	2020-03-08 16:00:00+00	6	3	6	1758	34
5317	2020-03-27 07:47:16.349027+00	2020-03-27 07:47:16.349057+00	2020-03-09 16:00:00+00	6	3	8	1829	34
5318	2020-03-27 07:47:16.356317+00	2020-03-27 07:47:16.356335+00	2020-03-09 16:00:00+00	9	3	8	1829	34
5319	2020-03-27 07:47:17.36948+00	2020-03-27 07:47:17.369511+00	2020-03-15 16:00:00+00	6	3	8	1832	35
5320	2020-03-27 07:47:17.378636+00	2020-03-27 07:47:17.378652+00	2020-03-15 16:00:00+00	3	3	8	1832	35
5321	2020-03-30 05:07:57.615255+00	2020-03-30 05:07:57.615285+00	2019-12-08 16:00:00+00	7	6	7	2668	36
5322	2020-03-30 05:07:57.631036+00	2020-03-30 05:07:57.631063+00	2019-12-08 16:00:00+00	6	6	7	2668	36
5323	2020-03-30 05:07:57.65843+00	2020-03-30 05:07:57.658459+00	2019-12-08 16:00:00+00	7	6	7	2669	36
5324	2020-03-30 05:07:57.670707+00	2020-03-30 05:07:57.670733+00	2019-12-08 16:00:00+00	6	6	7	2669	36
5325	2020-03-30 05:07:57.701033+00	2020-03-30 05:07:57.701061+00	2019-12-08 16:00:00+00	7	6	8	2670	36
5326	2020-03-30 05:07:57.71309+00	2020-03-30 05:07:57.713107+00	2019-12-08 16:00:00+00	3	6	8	2670	36
5327	2020-03-30 05:07:57.742178+00	2020-03-30 05:07:57.742205+00	2019-12-08 16:00:00+00	9	6	8	2671	36
5328	2020-03-30 05:07:57.756954+00	2020-03-30 05:07:57.756981+00	2019-12-08 16:00:00+00	3	6	8	2671	36
5329	2020-03-30 05:07:57.789741+00	2020-03-30 05:07:57.789772+00	2019-12-08 16:00:00+00	7	6	8	2672	36
5330	2020-03-30 05:07:57.797388+00	2020-03-30 05:07:57.797405+00	2019-12-08 16:00:00+00	6	6	8	2672	36
5331	2020-03-30 05:07:57.864113+00	2020-03-30 05:07:57.864142+00	2019-12-08 16:00:00+00	9	6	10	1645	36
5332	2020-03-30 05:07:57.878658+00	2020-03-30 05:07:57.878676+00	2019-12-08 16:00:00+00	3	6	10	1645	36
5333	2020-03-30 05:07:57.930423+00	2020-03-30 05:07:57.930453+00	2019-12-08 16:00:00+00	9	6	10	2673	36
5334	2020-03-30 05:07:57.943635+00	2020-03-30 05:07:57.943657+00	2019-12-08 16:00:00+00	6	6	10	2673	36
5335	2020-03-30 05:07:57.976687+00	2020-03-30 05:07:57.976727+00	2019-12-08 16:00:00+00	9	6	8	2674	36
5336	2020-03-30 05:07:57.993593+00	2020-03-30 05:07:57.993618+00	2019-12-08 16:00:00+00	3	6	8	2674	36
5337	2020-03-30 05:07:58.026653+00	2020-03-30 05:07:58.026682+00	2019-12-08 16:00:00+00	7	6	8	2675	36
5338	2020-03-30 05:07:58.039249+00	2020-03-30 05:07:58.039268+00	2019-12-08 16:00:00+00	6	6	8	2675	36
5339	2020-03-30 05:07:58.069999+00	2020-03-30 05:07:58.070066+00	2019-12-08 16:00:00+00	9	6	10	2676	36
5340	2020-03-30 05:07:58.081135+00	2020-03-30 05:07:58.081366+00	2019-12-08 16:00:00+00	3	6	10	2676	36
5341	2020-03-30 05:07:58.108014+00	2020-03-30 05:07:58.108044+00	2019-12-08 16:00:00+00	7	6	8	2677	36
5342	2020-03-30 05:07:58.115916+00	2020-03-30 05:07:58.115935+00	2019-12-08 16:00:00+00	6	6	8	2677	36
5343	2020-03-30 05:07:58.145441+00	2020-03-30 05:07:58.145469+00	2019-12-08 16:00:00+00	7	6	7	2678	36
5344	2020-03-30 05:07:58.158273+00	2020-03-30 05:07:58.158293+00	2019-12-08 16:00:00+00	6	6	7	2678	36
5345	2020-03-30 05:07:58.191826+00	2020-03-30 05:07:58.191856+00	2019-12-08 16:00:00+00	9	6	10	2679	36
5346	2020-03-30 05:07:58.204536+00	2020-03-30 05:07:58.20456+00	2019-12-08 16:00:00+00	6	6	10	2679	36
5347	2020-03-30 05:07:58.234802+00	2020-03-30 05:07:58.234829+00	2019-12-08 16:00:00+00	9	6	7	2680	36
5348	2020-03-30 05:07:58.247774+00	2020-03-30 05:07:58.247795+00	2019-12-08 16:00:00+00	6	6	7	2680	36
5349	2020-03-30 05:07:58.27949+00	2020-03-30 05:07:58.279521+00	2019-12-08 16:00:00+00	6	6	8	2681	36
5350	2020-03-30 05:07:58.288299+00	2020-03-30 05:07:58.288317+00	2019-12-08 16:00:00+00	3	6	8	2681	36
5351	2020-03-30 05:07:58.314404+00	2020-03-30 05:07:58.31443+00	2019-12-08 16:00:00+00	6	6	6	2682	36
5352	2020-03-30 05:07:58.322168+00	2020-03-30 05:07:58.322185+00	2019-12-08 16:00:00+00	3	6	6	2682	36
5353	2020-03-30 05:07:58.344971+00	2020-03-30 05:07:58.344996+00	2019-12-08 16:00:00+00	5	6	10	2683	36
5354	2020-03-30 05:07:58.354385+00	2020-03-30 05:07:58.354402+00	2019-12-08 16:00:00+00	5	6	10	2683	36
5355	2020-03-30 05:07:58.392942+00	2020-03-30 05:07:58.392967+00	2019-12-08 16:00:00+00	9	6	10	1607	36
5356	2020-03-30 05:07:58.404997+00	2020-03-30 05:07:58.405014+00	2019-12-08 16:00:00+00	3	6	10	1607	36
5357	2020-03-30 05:07:58.437206+00	2020-03-30 05:07:58.43723+00	2019-12-08 16:00:00+00	9	6	8	2684	36
5358	2020-03-30 05:07:58.444054+00	2020-03-30 05:07:58.44407+00	2019-12-08 16:00:00+00	6	6	8	2684	36
5359	2020-03-30 05:07:58.468257+00	2020-03-30 05:07:58.468286+00	2019-12-08 16:00:00+00	9	6	6	2685	36
5360	2020-03-30 05:07:58.477654+00	2020-03-30 05:07:58.477671+00	2019-12-08 16:00:00+00	6	6	6	2685	36
5361	2020-03-30 05:07:58.508099+00	2020-03-30 05:07:58.508128+00	2019-12-08 16:00:00+00	5	6	8	2686	36
5362	2020-03-30 05:07:58.519852+00	2020-03-30 05:07:58.519871+00	2019-12-08 16:00:00+00	5	6	8	2686	36
5363	2020-03-30 05:07:58.548196+00	2020-03-30 05:07:58.548222+00	2019-12-08 16:00:00+00	5	6	6	2687	36
5364	2020-03-30 05:07:58.559478+00	2020-03-30 05:07:58.559494+00	2019-12-08 16:00:00+00	5	6	6	2687	36
5365	2020-03-30 05:07:58.584462+00	2020-03-30 05:07:58.584488+00	2019-12-08 16:00:00+00	5	6	8	2688	36
5366	2020-03-30 05:07:58.591773+00	2020-03-30 05:07:58.591789+00	2019-12-08 16:00:00+00	5	6	8	2688	36
5367	2020-03-30 05:07:58.616334+00	2020-03-30 05:07:58.61636+00	2019-12-08 16:00:00+00	7	6	7	2689	36
5368	2020-03-30 05:07:58.62352+00	2020-03-30 05:07:58.623537+00	2019-12-08 16:00:00+00	6	6	8	2689	36
5369	2020-03-30 05:07:58.645406+00	2020-03-30 05:07:58.64543+00	2019-12-08 16:00:00+00	9	6	6	2690	36
5370	2020-03-30 05:07:58.654443+00	2020-03-30 05:07:58.654466+00	2019-12-08 16:00:00+00	3	6	6	2690	36
5371	2020-03-30 05:07:58.681316+00	2020-03-30 05:07:58.681341+00	2019-12-08 16:00:00+00	5	6	7	2691	36
5372	2020-03-30 05:07:58.692553+00	2020-03-30 05:07:58.692571+00	2019-12-08 16:00:00+00	5	6	7	2691	36
5373	2020-03-30 05:07:58.722286+00	2020-03-30 05:07:58.72231+00	2019-12-08 16:00:00+00	9	6	7	2692	36
5374	2020-03-30 05:07:58.733302+00	2020-03-30 05:07:58.733318+00	2019-12-08 16:00:00+00	6	6	7	2692	36
5375	2020-03-30 05:07:58.76642+00	2020-03-30 05:07:58.766441+00	2019-12-08 16:00:00+00	9	6	10	2693	36
5376	2020-03-30 05:07:58.774111+00	2020-03-30 05:07:58.774128+00	2019-12-08 16:00:00+00	3	6	10	2693	36
5377	2020-03-30 05:07:58.81863+00	2020-03-30 05:07:58.818652+00	2019-12-08 16:00:00+00	9	6	8	2694	36
5378	2020-03-30 05:07:58.830054+00	2020-03-30 05:07:58.830071+00	2019-12-08 16:00:00+00	3	6	8	2694	36
5379	2020-03-30 05:07:58.858448+00	2020-03-30 05:07:58.85847+00	2019-12-08 16:00:00+00	9	6	8	2695	36
5380	2020-03-30 05:07:58.869782+00	2020-03-30 05:07:58.869799+00	2019-12-08 16:00:00+00	6	6	8	2695	36
5381	2020-03-30 05:07:58.899494+00	2020-03-30 05:07:58.899521+00	2019-12-08 16:00:00+00	9	6	8	2696	36
5382	2020-03-30 05:07:58.916196+00	2020-03-30 05:07:58.916221+00	2019-12-08 16:00:00+00	6	6	8	2696	36
5383	2020-03-30 05:07:58.947578+00	2020-03-30 05:07:58.947607+00	2019-12-08 16:00:00+00	5	6	7	2697	36
5384	2020-03-30 05:07:58.959429+00	2020-03-30 05:07:58.959447+00	2019-12-08 16:00:00+00	5	6	7	2697	36
5385	2020-03-30 05:07:59.021508+00	2020-03-30 05:07:59.021533+00	2019-12-08 16:00:00+00	7	6	6	2698	36
5386	2020-03-30 05:07:59.030652+00	2020-03-30 05:07:59.030669+00	2019-12-08 16:00:00+00	3	6	6	2698	36
5387	2020-03-30 05:07:59.058419+00	2020-03-30 05:07:59.058441+00	2019-12-08 16:00:00+00	9	6	7	2699	36
5388	2020-03-30 05:07:59.067492+00	2020-03-30 05:07:59.067508+00	2019-12-08 16:00:00+00	6	6	7	2699	36
5389	2020-03-30 05:07:59.102584+00	2020-03-30 05:07:59.102605+00	2019-12-08 16:00:00+00	7	6	8	2700	36
5390	2020-03-30 05:07:59.114681+00	2020-03-30 05:07:59.114708+00	2019-12-08 16:00:00+00	6	6	8	2700	36
5391	2020-03-30 05:07:59.143344+00	2020-03-30 05:07:59.143369+00	2019-12-08 16:00:00+00	5	6	6	2701	36
5392	2020-03-30 05:07:59.154611+00	2020-03-30 05:07:59.154631+00	2019-12-08 16:00:00+00	5	6	6	2701	36
5393	2020-03-30 05:07:59.183393+00	2020-03-30 05:07:59.183418+00	2019-12-08 16:00:00+00	5	6	6	2702	36
5394	2020-03-30 05:07:59.194753+00	2020-03-30 05:07:59.194771+00	2019-12-08 16:00:00+00	5	6	6	2702	36
5395	2020-03-30 05:07:59.223848+00	2020-03-30 05:07:59.22387+00	2019-12-08 16:00:00+00	9	6	7	2703	36
5396	2020-03-30 05:07:59.235214+00	2020-03-30 05:07:59.235233+00	2019-12-08 16:00:00+00	6	6	7	2703	36
5397	2020-03-30 05:07:59.264085+00	2020-03-30 05:07:59.264107+00	2019-12-08 16:00:00+00	9	6	8	2704	36
5398	2020-03-30 05:07:59.275417+00	2020-03-30 05:07:59.275434+00	2019-12-08 16:00:00+00	3	6	8	2704	36
5399	2020-03-30 05:07:59.310536+00	2020-03-30 05:07:59.310555+00	2019-12-08 16:00:00+00	7	6	8	2457	36
5400	2020-03-30 05:07:59.323843+00	2020-03-30 05:07:59.323861+00	2019-12-08 16:00:00+00	6	6	8	2457	36
5401	2020-03-30 05:07:59.364366+00	2020-03-30 05:07:59.364393+00	2019-12-08 16:00:00+00	5	6	8	2705	36
5402	2020-03-30 05:07:59.377181+00	2020-03-30 05:07:59.3772+00	2019-12-08 16:00:00+00	5	6	8	2705	36
5403	2020-03-30 05:07:59.408031+00	2020-03-30 05:07:59.408059+00	2019-12-08 16:00:00+00	9	6	7	2706	36
5404	2020-03-30 05:07:59.415082+00	2020-03-30 05:07:59.415101+00	2019-12-08 16:00:00+00	6	6	7	2706	36
5405	2020-03-30 05:07:59.436489+00	2020-03-30 05:07:59.43651+00	2019-12-08 16:00:00+00	9	6	8	2707	36
5406	2020-03-30 05:07:59.443206+00	2020-03-30 05:07:59.443222+00	2019-12-08 16:00:00+00	6	6	8	2707	36
5407	2020-03-30 05:07:59.465555+00	2020-03-30 05:07:59.465576+00	2019-12-08 16:00:00+00	9	6	7	2708	36
5408	2020-03-30 05:07:59.472516+00	2020-03-30 05:07:59.472532+00	2019-12-08 16:00:00+00	6	6	7	2708	36
5409	2020-03-30 05:07:59.518271+00	2020-03-30 05:07:59.518298+00	2019-12-08 16:00:00+00	7	6	8	2709	36
5410	2020-03-30 05:07:59.525394+00	2020-03-30 05:07:59.52541+00	2019-12-08 16:00:00+00	6	6	8	2709	36
5411	2020-03-30 05:07:59.583974+00	2020-03-30 05:07:59.584+00	2019-12-08 16:00:00+00	9	6	10	2710	36
5412	2020-03-30 05:07:59.596011+00	2020-03-30 05:07:59.596028+00	2019-12-08 16:00:00+00	3	6	10	2710	36
5413	2020-03-30 05:07:59.621604+00	2020-03-30 05:07:59.621624+00	2019-12-08 16:00:00+00	9	6	6	2711	36
5414	2020-03-30 05:07:59.628663+00	2020-03-30 05:07:59.62868+00	2019-12-08 16:00:00+00	3	6	6	2711	36
5415	2020-03-30 05:07:59.653222+00	2020-03-30 05:07:59.653242+00	2019-12-08 16:00:00+00	9	6	8	2712	36
5416	2020-03-30 05:07:59.659859+00	2020-03-30 05:07:59.659878+00	2019-12-08 16:00:00+00	6	6	8	2712	36
5417	2020-03-30 05:07:59.683615+00	2020-03-30 05:07:59.683635+00	2019-12-08 16:00:00+00	9	6	10	2713	36
5418	2020-03-30 05:07:59.690599+00	2020-03-30 05:07:59.690621+00	2019-12-08 16:00:00+00	3	6	10	2713	36
5419	2020-03-30 05:07:59.716814+00	2020-03-30 05:07:59.716838+00	2019-12-08 16:00:00+00	6	6	8	2714	36
5420	2020-03-30 05:07:59.729386+00	2020-03-30 05:07:59.729404+00	2019-12-08 16:00:00+00	3	6	8	2714	36
5421	2020-03-30 05:07:59.758307+00	2020-03-30 05:07:59.758332+00	2019-12-08 16:00:00+00	9	6	8	2715	36
5422	2020-03-30 05:07:59.770143+00	2020-03-30 05:07:59.770161+00	2019-12-08 16:00:00+00	6	6	8	2715	36
5423	2020-03-30 05:07:59.803591+00	2020-03-30 05:07:59.803619+00	2019-12-08 16:00:00+00	9	6	7	2716	36
5424	2020-03-30 05:07:59.816555+00	2020-03-30 05:07:59.816576+00	2019-12-08 16:00:00+00	6	6	7	2716	36
5425	2020-03-30 05:07:59.842653+00	2020-03-30 05:07:59.842677+00	2019-12-09 16:00:00+00	6	6	7	2717	36
5426	2020-03-30 05:07:59.849246+00	2020-03-30 05:07:59.849261+00	2019-12-09 16:00:00+00	9	6	7	2717	36
5427	2020-03-30 05:07:59.871895+00	2020-03-30 05:07:59.871914+00	2019-12-09 16:00:00+00	3	6	7	2718	36
5428	2020-03-30 05:07:59.878892+00	2020-03-30 05:07:59.878907+00	2019-12-09 16:00:00+00	9	6	7	2718	36
5429	2020-03-30 05:07:59.902663+00	2020-03-30 05:07:59.902689+00	2019-12-09 16:00:00+00	5	6	10	2719	36
5430	2020-03-30 05:07:59.910065+00	2020-03-30 05:07:59.91009+00	2019-12-09 16:00:00+00	5	6	10	2719	36
5431	2020-03-30 05:07:59.936544+00	2020-03-30 05:07:59.936568+00	2019-12-09 16:00:00+00	3	6	10	2720	36
5432	2020-03-30 05:07:59.946538+00	2020-03-30 05:07:59.946563+00	2019-12-09 16:00:00+00	9	6	10	2720	36
5433	2020-03-30 05:07:59.968508+00	2020-03-30 05:07:59.968532+00	2019-12-09 16:00:00+00	3	6	6	2721	36
5434	2020-03-30 05:07:59.977082+00	2020-03-30 05:07:59.977102+00	2019-12-09 16:00:00+00	9	6	6	2721	36
5435	2020-03-30 05:08:00.003772+00	2020-03-30 05:08:00.003798+00	2019-12-09 16:00:00+00	6	6	10	2722	36
5436	2020-03-30 05:08:00.016107+00	2020-03-30 05:08:00.016136+00	2019-12-09 16:00:00+00	6	6	10	2722	36
5437	2020-03-30 05:08:00.050622+00	2020-03-30 05:08:00.050646+00	2019-12-09 16:00:00+00	3	6	7	2723	36
5438	2020-03-30 05:08:00.062895+00	2020-03-30 05:08:00.062914+00	2019-12-09 16:00:00+00	9	6	7	2723	36
5439	2020-03-30 05:08:00.115505+00	2020-03-30 05:08:00.115533+00	2019-12-09 16:00:00+00	3	6	7	2724	36
5440	2020-03-30 05:08:00.127462+00	2020-03-30 05:08:00.127486+00	2019-12-09 16:00:00+00	9	6	7	2724	36
5441	2020-03-30 05:08:00.152366+00	2020-03-30 05:08:00.152394+00	2019-12-10 16:00:00+00	6	6	10	2725	36
5442	2020-03-30 05:08:00.160378+00	2020-03-30 05:08:00.160398+00	2019-12-10 16:00:00+00	9	6	10	2725	36
5443	2020-03-30 05:08:00.201136+00	2020-03-30 05:08:00.201161+00	2019-12-10 16:00:00+00	9	6	7	2726	36
5444	2020-03-30 05:08:00.209055+00	2020-03-30 05:08:00.209072+00	2019-12-10 16:00:00+00	9	6	7	2726	36
5445	2020-03-30 05:08:00.234776+00	2020-03-30 05:08:00.2348+00	2019-12-10 16:00:00+00	6	6	8	2727	36
5446	2020-03-30 05:08:00.248104+00	2020-03-30 05:08:00.248126+00	2019-12-10 16:00:00+00	9	6	8	2727	36
5447	2020-03-30 05:08:00.280601+00	2020-03-30 05:08:00.280628+00	2019-12-10 16:00:00+00	9	6	7	2728	36
5448	2020-03-30 05:08:00.289452+00	2020-03-30 05:08:00.289473+00	2019-12-10 16:00:00+00	9	6	7	2728	36
5449	2020-03-30 05:08:00.317748+00	2020-03-30 05:08:00.317774+00	2019-12-10 16:00:00+00	4	6	10	2729	36
5450	2020-03-30 05:08:00.326732+00	2020-03-30 05:08:00.326753+00	2019-12-10 16:00:00+00	9	6	10	2729	36
5451	2020-03-30 05:08:00.351139+00	2020-03-30 05:08:00.351163+00	2019-12-11 16:00:00+00	9	6	10	2730	36
5452	2020-03-30 05:08:00.358523+00	2020-03-30 05:08:00.358541+00	2019-12-11 16:00:00+00	9	6	10	2730	36
5453	2020-03-30 05:08:00.383108+00	2020-03-30 05:08:00.383129+00	2019-12-11 16:00:00+00	6	6	8	2731	36
5454	2020-03-30 05:08:00.39192+00	2020-03-30 05:08:00.391937+00	2019-12-11 16:00:00+00	9	6	8	2731	36
5455	2020-03-30 05:08:00.415918+00	2020-03-30 05:08:00.415943+00	2019-12-11 16:00:00+00	4	6	8	2732	36
5456	2020-03-30 05:08:00.423368+00	2020-03-30 05:08:00.423388+00	2019-12-11 16:00:00+00	9	6	8	2732	36
5457	2020-03-30 05:08:00.452788+00	2020-03-30 05:08:00.452814+00	2019-12-11 16:00:00+00	9	6	8	2733	36
5458	2020-03-30 05:08:00.464392+00	2020-03-30 05:08:00.464416+00	2019-12-11 16:00:00+00	9	6	8	2733	36
5459	2020-03-30 05:08:00.497623+00	2020-03-30 05:08:00.497646+00	2019-12-11 16:00:00+00	9	6	10	2734	36
5460	2020-03-30 05:08:00.510788+00	2020-03-30 05:08:00.510809+00	2019-12-11 16:00:00+00	9	6	10	2734	36
5461	2020-03-30 05:08:00.541282+00	2020-03-30 05:08:00.541308+00	2019-12-12 16:00:00+00	9	6	10	2735	36
5462	2020-03-30 05:08:00.553449+00	2020-03-30 05:08:00.553467+00	2019-12-12 16:00:00+00	9	6	10	2735	36
5463	2020-03-30 05:08:00.583968+00	2020-03-30 05:08:00.583997+00	2019-12-12 16:00:00+00	4	6	10	2736	36
5464	2020-03-30 05:08:00.592869+00	2020-03-30 05:08:00.592889+00	2019-12-12 16:00:00+00	9	6	10	2736	36
5465	2020-03-30 05:08:00.618825+00	2020-03-30 05:08:00.618852+00	2019-12-12 16:00:00+00	9	6	10	2737	36
5466	2020-03-30 05:08:00.630927+00	2020-03-30 05:08:00.630949+00	2019-12-12 16:00:00+00	9	6	10	2737	36
5467	2020-03-30 05:08:00.659771+00	2020-03-30 05:08:00.659799+00	2019-12-12 16:00:00+00	9	6	10	2738	36
5468	2020-03-30 05:08:00.66667+00	2020-03-30 05:08:00.666689+00	2019-12-12 16:00:00+00	9	6	10	2738	36
5469	2020-03-30 05:08:00.695001+00	2020-03-30 05:08:00.695023+00	2019-12-12 16:00:00+00	9	6	10	2739	36
5470	2020-03-30 05:08:00.706907+00	2020-03-30 05:08:00.706924+00	2019-12-12 16:00:00+00	9	6	10	2739	36
5471	2020-03-30 05:08:00.735129+00	2020-03-30 05:08:00.735156+00	2019-12-12 16:00:00+00	4	6	10	2740	36
5472	2020-03-30 05:08:00.744877+00	2020-03-30 05:08:00.744899+00	2019-12-12 16:00:00+00	9	6	10	2740	36
5473	2020-03-30 05:08:00.776112+00	2020-03-30 05:08:00.776139+00	2019-12-13 16:00:00+00	9	6	8	2741	36
5474	2020-03-30 05:08:00.78788+00	2020-03-30 05:08:00.787907+00	2019-12-13 16:00:00+00	9	6	8	2741	36
5475	2020-03-30 05:08:00.816581+00	2020-03-30 05:08:00.816609+00	2019-12-13 16:00:00+00	9	6	7	2742	36
5476	2020-03-30 05:08:00.828561+00	2020-03-30 05:08:00.828579+00	2019-12-13 16:00:00+00	9	6	7	2742	36
5477	2020-04-06 03:26:10.004845+00	2020-04-06 03:26:10.004872+00	2019-12-15 16:00:00+00	3	6	8	2743	42
5478	2020-04-06 03:26:10.022057+00	2020-04-06 03:26:10.022073+00	2019-12-15 16:00:00+00	6	6	8	2743	42
5479	2020-04-06 03:26:10.051058+00	2020-04-06 03:26:10.051077+00	2019-12-15 16:00:00+00	3	6	7	2744	42
5480	2020-04-06 03:26:10.062855+00	2020-04-06 03:26:10.06288+00	2019-12-15 16:00:00+00	6	6	7	2744	42
5481	2020-04-06 03:26:10.096429+00	2020-04-06 03:26:10.096454+00	2019-12-15 16:00:00+00	3	6	7	2745	42
5482	2020-04-06 03:26:10.108463+00	2020-04-06 03:26:10.10848+00	2019-12-15 16:00:00+00	6	6	7	2745	42
5483	2020-04-06 03:26:10.140118+00	2020-04-06 03:26:10.140148+00	2019-12-15 16:00:00+00	5	6	8	2746	42
5484	2020-04-06 03:26:10.149604+00	2020-04-06 03:26:10.149625+00	2019-12-15 16:00:00+00	5	6	8	2746	42
5485	2020-04-06 03:26:10.180515+00	2020-04-06 03:26:10.180543+00	2019-12-15 16:00:00+00	6	6	10	2747	42
5486	2020-04-06 03:26:10.19559+00	2020-04-06 03:26:10.195606+00	2019-12-15 16:00:00+00	7	6	10	2747	42
5487	2020-04-06 03:26:10.219536+00	2020-04-06 03:26:10.219555+00	2019-12-15 16:00:00+00	3	6	7	2748	42
5488	2020-04-06 03:26:10.226445+00	2020-04-06 03:26:10.226462+00	2019-12-15 16:00:00+00	7	6	7	2748	42
5489	2020-04-06 03:26:10.255908+00	2020-04-06 03:26:10.255928+00	2019-12-15 16:00:00+00	3	6	8	2749	42
5490	2020-04-06 03:26:10.263311+00	2020-04-06 03:26:10.263328+00	2019-12-15 16:00:00+00	6	6	8	2749	42
5491	2020-04-06 03:26:10.298561+00	2020-04-06 03:26:10.298584+00	2019-12-15 16:00:00+00	3	6	8	2750	42
5492	2020-04-06 03:26:10.31027+00	2020-04-06 03:26:10.310286+00	2019-12-15 16:00:00+00	6	6	8	2750	42
5493	2020-04-06 03:26:10.339294+00	2020-04-06 03:26:10.339315+00	2019-12-15 16:00:00+00	5	6	7	2751	42
5494	2020-04-06 03:26:10.349029+00	2020-04-06 03:26:10.349045+00	2019-12-15 16:00:00+00	5	6	7	2751	42
5495	2020-04-06 03:26:10.371403+00	2020-04-06 03:26:10.371422+00	2019-12-15 16:00:00+00	5	6	7	2752	42
5496	2020-04-06 03:26:10.378668+00	2020-04-06 03:26:10.378685+00	2019-12-15 16:00:00+00	5	6	7	2752	42
5497	2020-04-06 03:26:10.409093+00	2020-04-06 03:26:10.409115+00	2019-12-15 16:00:00+00	3	6	8	2753	42
5498	2020-04-06 03:26:10.421152+00	2020-04-06 03:26:10.421168+00	2019-12-15 16:00:00+00	6	6	8	2753	42
5499	2020-04-06 03:26:10.449468+00	2020-04-06 03:26:10.449486+00	2019-12-15 16:00:00+00	6	6	10	2754	42
5500	2020-04-06 03:26:10.461669+00	2020-04-06 03:26:10.461685+00	2019-12-15 16:00:00+00	7	6	10	2754	42
5501	2020-04-06 03:26:10.495396+00	2020-04-06 03:26:10.495424+00	2019-12-15 16:00:00+00	3	6	8	2755	42
5502	2020-04-06 03:26:10.50849+00	2020-04-06 03:26:10.508508+00	2019-12-15 16:00:00+00	6	6	8	2755	42
5503	2020-04-06 03:26:10.537957+00	2020-04-06 03:26:10.537977+00	2019-12-15 16:00:00+00	3	6	7	2756	42
5504	2020-04-06 03:26:10.550057+00	2020-04-06 03:26:10.550073+00	2019-12-15 16:00:00+00	6	6	7	2756	42
5505	2020-04-06 03:26:10.574159+00	2020-04-06 03:26:10.574181+00	2019-12-15 16:00:00+00	3	6	8	2757	42
5506	2020-04-06 03:26:10.582074+00	2020-04-06 03:26:10.582091+00	2019-12-15 16:00:00+00	6	6	8	2757	42
5507	2020-04-06 03:26:10.612251+00	2020-04-06 03:26:10.612274+00	2019-12-15 16:00:00+00	6	6	7	2758	42
5508	2020-04-06 03:26:10.620057+00	2020-04-06 03:26:10.620074+00	2019-12-15 16:00:00+00	3	6	7	2758	42
5509	2020-04-06 03:26:10.64978+00	2020-04-06 03:26:10.649801+00	2019-12-15 16:00:00+00	5	6	10	2759	42
5510	2020-04-06 03:26:10.664456+00	2020-04-06 03:26:10.664473+00	2019-12-15 16:00:00+00	5	6	10	2759	42
5511	2020-04-06 03:26:10.702782+00	2020-04-06 03:26:10.702805+00	2019-12-15 16:00:00+00	3	6	7	2760	42
5512	2020-04-06 03:26:10.715622+00	2020-04-06 03:26:10.715641+00	2019-12-15 16:00:00+00	7	6	7	2760	42
5513	2020-04-06 03:26:10.74423+00	2020-04-06 03:26:10.74425+00	2019-12-15 16:00:00+00	6	6	8	2761	42
5514	2020-04-06 03:26:10.755585+00	2020-04-06 03:26:10.755602+00	2019-12-15 16:00:00+00	3	6	8	2761	42
5515	2020-04-06 03:26:10.783701+00	2020-04-06 03:26:10.78374+00	2019-12-15 16:00:00+00	6	6	8	2762	42
5516	2020-04-06 03:26:10.795594+00	2020-04-06 03:26:10.795612+00	2019-12-15 16:00:00+00	3	6	8	2762	42
5517	2020-04-06 03:26:10.839985+00	2020-04-06 03:26:10.840004+00	2019-12-15 16:00:00+00	3	6	7	2763	42
5518	2020-04-06 03:26:10.848569+00	2020-04-06 03:26:10.848584+00	2019-12-15 16:00:00+00	6	6	7	2763	42
5519	2020-04-06 03:26:10.877063+00	2020-04-06 03:26:10.877081+00	2019-12-15 16:00:00+00	5	6	8	2764	42
5520	2020-04-06 03:26:10.888325+00	2020-04-06 03:26:10.888341+00	2019-12-15 16:00:00+00	5	6	8	2764	42
5521	2020-04-06 03:26:10.923175+00	2020-04-06 03:26:10.923194+00	2019-12-15 16:00:00+00	7	6	8	2765	42
5522	2020-04-06 03:26:10.935887+00	2020-04-06 03:26:10.935904+00	2019-12-15 16:00:00+00	7	6	8	2765	42
5523	2020-04-06 03:26:10.966842+00	2020-04-06 03:26:10.966861+00	2019-12-15 16:00:00+00	3	6	8	2766	42
5524	2020-04-06 03:26:10.978818+00	2020-04-06 03:26:10.978835+00	2019-12-15 16:00:00+00	3	6	8	2766	42
5525	2020-04-06 03:26:11.009273+00	2020-04-06 03:26:11.009294+00	2019-12-15 16:00:00+00	6	6	7	2767	42
5526	2020-04-06 03:26:11.021584+00	2020-04-06 03:26:11.021603+00	2019-12-15 16:00:00+00	3	6	7	2767	42
5527	2020-04-06 03:26:11.050171+00	2020-04-06 03:26:11.050188+00	2019-12-15 16:00:00+00	6	6	10	2768	42
5528	2020-04-06 03:26:11.061833+00	2020-04-06 03:26:11.061851+00	2019-12-15 16:00:00+00	3	6	10	2768	42
5529	2020-04-06 03:26:11.085757+00	2020-04-06 03:26:11.085776+00	2019-12-15 16:00:00+00	3	6	7	2769	42
5530	2020-04-06 03:26:11.099635+00	2020-04-06 03:26:11.099657+00	2019-12-15 16:00:00+00	3	6	7	2769	42
5531	2020-04-06 03:26:11.128987+00	2020-04-06 03:26:11.129011+00	2019-12-15 16:00:00+00	3	6	7	2770	42
5532	2020-04-06 03:26:11.140211+00	2020-04-06 03:26:11.140228+00	2019-12-15 16:00:00+00	6	6	7	2770	42
5533	2020-04-06 03:26:11.170404+00	2020-04-06 03:26:11.170429+00	2019-12-15 16:00:00+00	6	6	10	2771	42
5534	2020-04-06 03:26:11.181749+00	2020-04-06 03:26:11.181765+00	2019-12-15 16:00:00+00	7	6	10	2771	42
5535	2020-04-06 03:26:11.214363+00	2020-04-06 03:26:11.214414+00	2019-12-15 16:00:00+00	3	6	7	2772	42
5536	2020-04-06 03:26:11.226284+00	2020-04-06 03:26:11.226302+00	2019-12-15 16:00:00+00	6	6	7	2772	42
5537	2020-04-06 03:26:11.254672+00	2020-04-06 03:26:11.254694+00	2019-12-15 16:00:00+00	6	6	8	2773	42
5538	2020-04-06 03:26:11.265388+00	2020-04-06 03:26:11.265404+00	2019-12-15 16:00:00+00	3	6	8	2773	42
5539	2020-04-06 03:26:11.295052+00	2020-04-06 03:26:11.295076+00	2019-12-15 16:00:00+00	6	6	8	2774	42
5540	2020-04-06 03:26:11.306752+00	2020-04-06 03:26:11.306769+00	2019-12-15 16:00:00+00	3	6	8	2774	42
5541	2020-04-06 03:26:11.335073+00	2020-04-06 03:26:11.335096+00	2019-12-15 16:00:00+00	6	6	8	2775	42
5542	2020-04-06 03:26:11.346346+00	2020-04-06 03:26:11.346362+00	2019-12-15 16:00:00+00	3	6	8	2775	42
5543	2020-04-06 03:26:11.374186+00	2020-04-06 03:26:11.374204+00	2019-12-15 16:00:00+00	5	6	7	2776	42
5544	2020-04-06 03:26:11.385206+00	2020-04-06 03:26:11.385223+00	2019-12-15 16:00:00+00	5	6	7	2776	42
5545	2020-04-06 03:26:11.413352+00	2020-04-06 03:26:11.413372+00	2019-12-15 16:00:00+00	6	6	7	2777	42
5546	2020-04-06 03:26:11.420089+00	2020-04-06 03:26:11.420103+00	2019-12-15 16:00:00+00	7	6	7	2777	42
5547	2020-04-06 03:26:11.449423+00	2020-04-06 03:26:11.449486+00	2019-12-15 16:00:00+00	6	6	7	2778	42
5548	2020-04-06 03:26:11.461552+00	2020-04-06 03:26:11.461569+00	2019-12-15 16:00:00+00	3	6	7	2778	42
5549	2020-04-06 03:26:11.490916+00	2020-04-06 03:26:11.490939+00	2019-12-15 16:00:00+00	6	6	8	2779	42
5550	2020-04-06 03:26:11.504295+00	2020-04-06 03:26:11.504316+00	2019-12-15 16:00:00+00	3	6	8	2779	42
5551	2020-04-06 03:26:11.533365+00	2020-04-06 03:26:11.533386+00	2019-12-15 16:00:00+00	5	6	8	2780	42
5552	2020-04-06 03:26:11.544755+00	2020-04-06 03:26:11.544772+00	2019-12-15 16:00:00+00	5	6	8	2780	42
5553	2020-04-06 03:26:11.57198+00	2020-04-06 03:26:11.572+00	2019-12-15 16:00:00+00	3	6	7	2781	42
5554	2020-04-06 03:26:11.58165+00	2020-04-06 03:26:11.581668+00	2019-12-15 16:00:00+00	6	6	7	2781	42
5555	2020-04-06 03:26:11.613492+00	2020-04-06 03:26:11.613515+00	2019-12-15 16:00:00+00	6	6	8	2782	42
5556	2020-04-06 03:26:11.625556+00	2020-04-06 03:26:11.625576+00	2019-12-15 16:00:00+00	7	6	8	2782	42
5557	2020-04-06 03:26:11.658705+00	2020-04-06 03:26:11.658723+00	2019-12-15 16:00:00+00	6	6	7	1872	42
5558	2020-04-06 03:26:11.670801+00	2020-04-06 03:26:11.670818+00	2019-12-15 16:00:00+00	7	6	7	1872	42
5559	2020-04-06 03:26:11.724916+00	2020-04-06 03:26:11.724994+00	2019-12-15 16:00:00+00	6	6	7	2783	42
5560	2020-04-06 03:26:11.735277+00	2020-04-06 03:26:11.735298+00	2019-12-15 16:00:00+00	7	6	7	2783	42
5561	2020-04-06 03:26:11.765741+00	2020-04-06 03:26:11.76577+00	2019-12-15 16:00:00+00	3	6	8	2784	42
5562	2020-04-06 03:26:11.777816+00	2020-04-06 03:26:11.777843+00	2019-12-15 16:00:00+00	3	6	8	2784	42
5563	2020-04-06 03:26:11.814698+00	2020-04-06 03:26:11.814728+00	2019-12-15 16:00:00+00	6	6	8	2785	42
5564	2020-04-06 03:26:11.82644+00	2020-04-06 03:26:11.826461+00	2019-12-15 16:00:00+00	3	6	8	2785	42
5565	2020-04-06 03:26:11.856852+00	2020-04-06 03:26:11.856881+00	2019-12-15 16:00:00+00	3	6	8	2786	42
5566	2020-04-06 03:26:11.869113+00	2020-04-06 03:26:11.869142+00	2019-12-15 16:00:00+00	7	6	8	2786	42
5567	2020-04-06 03:26:11.900445+00	2020-04-06 03:26:11.900476+00	2019-12-15 16:00:00+00	3	6	8	2787	42
5568	2020-04-06 03:26:11.914104+00	2020-04-06 03:26:11.914131+00	2019-12-15 16:00:00+00	7	6	8	2787	42
5569	2020-04-06 03:26:11.943783+00	2020-04-06 03:26:11.943812+00	2019-12-15 16:00:00+00	3	6	7	2788	42
5570	2020-04-06 03:26:11.955234+00	2020-04-06 03:26:11.955254+00	2019-12-15 16:00:00+00	6	6	7	2788	42
5571	2020-04-06 03:26:11.983323+00	2020-04-06 03:26:11.983358+00	2019-12-15 16:00:00+00	3	6	7	2789	42
5572	2020-04-06 03:26:11.993429+00	2020-04-06 03:26:11.993467+00	2019-12-15 16:00:00+00	3	6	7	2789	42
5573	2020-04-06 03:26:12.025132+00	2020-04-06 03:26:12.025157+00	2019-12-15 16:00:00+00	3	6	7	2790	42
5574	2020-04-06 03:26:12.036194+00	2020-04-06 03:26:12.036214+00	2019-12-15 16:00:00+00	3	6	7	2790	42
5575	2020-04-06 03:26:12.063975+00	2020-04-06 03:26:12.063998+00	2019-12-15 16:00:00+00	6	6	8	2791	42
5576	2020-04-06 03:26:12.074921+00	2020-04-06 03:26:12.074937+00	2019-12-15 16:00:00+00	7	6	8	2791	42
5577	2020-04-06 03:26:12.105023+00	2020-04-06 03:26:12.105052+00	2019-12-15 16:00:00+00	3	6	8	2792	42
5578	2020-04-06 03:26:12.117114+00	2020-04-06 03:26:12.117134+00	2019-12-15 16:00:00+00	6	6	8	2792	42
5579	2020-04-06 03:26:12.144904+00	2020-04-06 03:26:12.144928+00	2019-12-15 16:00:00+00	6	6	8	2793	42
5580	2020-04-06 03:26:12.156332+00	2020-04-06 03:26:12.15635+00	2019-12-15 16:00:00+00	7	6	8	2793	42
5581	2020-04-06 03:26:12.187094+00	2020-04-06 03:26:12.187126+00	2019-12-15 16:00:00+00	3	6	8	2794	42
5582	2020-04-06 03:26:12.196842+00	2020-04-06 03:26:12.196864+00	2019-12-15 16:00:00+00	3	6	8	2794	42
5583	2020-04-06 03:26:12.248741+00	2020-04-06 03:26:12.248762+00	2019-12-15 16:00:00+00	6	6	7	2795	42
5584	2020-04-06 03:26:12.255452+00	2020-04-06 03:26:12.255469+00	2019-12-15 16:00:00+00	3	6	7	2795	42
5585	2020-04-06 03:26:12.284445+00	2020-04-06 03:26:12.284469+00	2019-12-15 16:00:00+00	3	6	7	2796	42
5586	2020-04-06 03:26:12.294823+00	2020-04-06 03:26:12.294887+00	2019-12-15 16:00:00+00	3	6	7	2796	42
5587	2020-04-06 03:26:12.336598+00	2020-04-06 03:26:12.336626+00	2019-12-15 16:00:00+00	6	6	10	2797	42
5588	2020-04-06 03:26:12.355042+00	2020-04-06 03:26:12.355059+00	2019-12-15 16:00:00+00	7	6	10	2797	42
5589	2020-04-06 03:26:12.383852+00	2020-04-06 03:26:12.383874+00	2019-12-16 16:00:00+00	5	6	8	2798	42
5590	2020-04-06 03:26:12.397918+00	2020-04-06 03:26:12.39794+00	2019-12-16 16:00:00+00	5	6	8	2798	42
5591	2020-04-06 03:26:12.428199+00	2020-04-06 03:26:12.42822+00	2019-12-16 16:00:00+00	7	6	6	2799	42
5592	2020-04-06 03:26:12.442441+00	2020-04-06 03:26:12.442459+00	2019-12-16 16:00:00+00	9	6	6	2799	42
5593	2020-04-06 03:26:12.472872+00	2020-04-06 03:26:12.472893+00	2019-12-16 16:00:00+00	9	6	8	2800	42
5594	2020-04-06 03:26:12.484918+00	2020-04-06 03:26:12.484935+00	2019-12-16 16:00:00+00	4	6	8	2800	42
5595	2020-04-06 03:26:12.516244+00	2020-04-06 03:26:12.516271+00	2019-12-16 16:00:00+00	9	6	10	2801	42
5596	2020-04-06 03:26:12.52763+00	2020-04-06 03:26:12.527655+00	2019-12-16 16:00:00+00	4	6	10	2801	42
5597	2020-04-06 03:26:12.55567+00	2020-04-06 03:26:12.555689+00	2019-12-16 16:00:00+00	9	6	8	2802	42
5598	2020-04-06 03:26:12.562397+00	2020-04-06 03:26:12.562417+00	2019-12-16 16:00:00+00	4	6	8	2802	42
5599	2020-04-06 03:26:12.588289+00	2020-04-06 03:26:12.588309+00	2019-12-16 16:00:00+00	7	6	8	2803	42
5600	2020-04-06 03:26:12.599351+00	2020-04-06 03:26:12.599369+00	2019-12-16 16:00:00+00	9	6	8	2803	42
5601	2020-04-06 03:26:12.627216+00	2020-04-06 03:26:12.627236+00	2019-12-16 16:00:00+00	9	6	10	2804	42
5602	2020-04-06 03:26:12.638213+00	2020-04-06 03:26:12.638229+00	2019-12-16 16:00:00+00	9	6	10	2804	42
5603	2020-04-06 03:26:12.673021+00	2020-04-06 03:26:12.673038+00	2019-12-16 16:00:00+00	5	6	8	2805	42
5604	2020-04-06 03:26:12.684719+00	2020-04-06 03:26:12.684737+00	2019-12-16 16:00:00+00	5	6	8	2805	42
5605	2020-04-06 03:26:12.714131+00	2020-04-06 03:26:12.714152+00	2019-12-16 16:00:00+00	9	6	8	2806	42
5606	2020-04-06 03:26:12.725768+00	2020-04-06 03:26:12.725786+00	2019-12-16 16:00:00+00	4	6	8	2806	42
5607	2020-04-06 03:26:12.754748+00	2020-04-06 03:26:12.754769+00	2019-12-16 16:00:00+00	7	6	8	2807	42
5608	2020-04-06 03:26:12.767196+00	2020-04-06 03:26:12.767213+00	2019-12-16 16:00:00+00	9	6	8	2807	42
5609	2020-04-06 03:26:12.794772+00	2020-04-06 03:26:12.794793+00	2019-12-16 16:00:00+00	9	6	8	2808	42
5610	2020-04-06 03:26:12.807567+00	2020-04-06 03:26:12.807589+00	2019-12-16 16:00:00+00	4	6	8	2808	42
5611	2020-04-06 03:26:12.835643+00	2020-04-06 03:26:12.835663+00	2019-12-17 16:00:00+00	9	6	8	2809	42
5612	2020-04-06 03:26:12.846751+00	2020-04-06 03:26:12.846767+00	2019-12-17 16:00:00+00	4	6	8	2809	42
5613	2020-04-06 03:26:12.877831+00	2020-04-06 03:26:12.877852+00	2019-12-17 16:00:00+00	9	6	7	2810	42
5614	2020-04-06 03:26:12.888814+00	2020-04-06 03:26:12.888831+00	2019-12-17 16:00:00+00	4	6	7	2810	42
5615	2020-04-06 03:26:12.917126+00	2020-04-06 03:26:12.917146+00	2019-12-17 16:00:00+00	9	6	8	2811	42
5616	2020-04-06 03:26:12.927939+00	2020-04-06 03:26:12.927955+00	2019-12-17 16:00:00+00	9	6	8	2811	42
5617	2020-04-06 03:26:12.952832+00	2020-04-06 03:26:12.952849+00	2019-12-17 16:00:00+00	9	6	7	2812	42
5618	2020-04-06 03:26:12.963623+00	2020-04-06 03:26:12.963638+00	2019-12-17 16:00:00+00	4	6	7	2812	42
5619	2020-04-06 03:26:12.999404+00	2020-04-06 03:26:12.999423+00	2019-12-17 16:00:00+00	9	6	7	2813	42
5620	2020-04-06 03:26:13.010713+00	2020-04-06 03:26:13.010732+00	2019-12-17 16:00:00+00	4	6	7	2813	42
5621	2020-04-06 03:26:13.038241+00	2020-04-06 03:26:13.038259+00	2019-12-18 16:00:00+00	4	6	8	2814	42
5622	2020-04-06 03:26:13.049176+00	2020-04-06 03:26:13.049191+00	2019-12-18 16:00:00+00	4	6	8	2814	42
5623	2020-04-06 03:26:13.075897+00	2020-04-06 03:26:13.075915+00	2019-12-18 16:00:00+00	4	6	7	2815	42
5624	2020-04-06 03:26:13.086997+00	2020-04-06 03:26:13.087014+00	2019-12-18 16:00:00+00	4	6	7	2815	42
5625	2020-04-06 03:26:13.115802+00	2020-04-06 03:26:13.115823+00	2019-12-18 16:00:00+00	4	6	8	2816	42
5626	2020-04-06 03:26:13.127725+00	2020-04-06 03:26:13.127742+00	2019-12-18 16:00:00+00	4	6	8	2816	42
5627	2020-04-06 03:26:13.156826+00	2020-04-06 03:26:13.156844+00	2019-12-18 16:00:00+00	4	6	7	2817	42
5628	2020-04-06 03:26:13.166147+00	2020-04-06 03:26:13.166166+00	2019-12-18 16:00:00+00	4	6	7	2817	42
5629	2020-04-06 03:26:13.194765+00	2020-04-06 03:26:13.194788+00	2019-12-18 16:00:00+00	8	6	8	2818	42
5630	2020-04-06 03:26:13.207513+00	2020-04-06 03:26:13.207551+00	2019-12-18 16:00:00+00	9	6	8	2818	42
5631	2020-04-06 03:26:13.261075+00	2020-04-06 03:26:13.261098+00	2019-12-22 16:00:00+00	7	6	7	2819	43
5632	2020-04-06 03:26:13.270111+00	2020-04-06 03:26:13.270129+00	2019-12-22 16:00:00+00	3	6	7	2819	43
5633	2020-04-06 03:26:13.29845+00	2020-04-06 03:26:13.29847+00	2019-12-22 16:00:00+00	7	6	8	2820	43
5634	2020-04-06 03:26:13.31021+00	2020-04-06 03:26:13.310228+00	2019-12-22 16:00:00+00	7	6	8	2820	43
5635	2020-04-06 03:26:13.337897+00	2020-04-06 03:26:13.337918+00	2019-12-22 16:00:00+00	5	6	8	2821	43
5636	2020-04-06 03:26:13.349299+00	2020-04-06 03:26:13.349315+00	2019-12-22 16:00:00+00	5	6	8	2821	43
5637	2020-04-06 03:26:13.376543+00	2020-04-06 03:26:13.376561+00	2019-12-22 16:00:00+00	6	6	6	2822	43
5638	2020-04-06 03:26:13.387839+00	2020-04-06 03:26:13.387855+00	2019-12-22 16:00:00+00	9	6	6	2822	43
5639	2020-04-06 03:26:13.414428+00	2020-04-06 03:26:13.414451+00	2019-12-22 16:00:00+00	3	6	6	2823	43
5640	2020-04-06 03:26:13.423697+00	2020-04-06 03:26:13.423713+00	2019-12-22 16:00:00+00	3	6	6	2823	43
5641	2020-04-06 03:26:13.445223+00	2020-04-06 03:26:13.445245+00	2019-12-22 16:00:00+00	3	6	8	2824	43
5642	2020-04-06 03:26:13.452606+00	2020-04-06 03:26:13.452623+00	2019-12-22 16:00:00+00	6	6	8	2824	43
5643	2020-04-06 03:26:13.474643+00	2020-04-06 03:26:13.474661+00	2019-12-22 16:00:00+00	7	6	8	2825	43
5644	2020-04-06 03:26:13.48185+00	2020-04-06 03:26:13.481866+00	2019-12-22 16:00:00+00	7	6	8	2825	43
5645	2020-04-06 03:26:13.508907+00	2020-04-06 03:26:13.508933+00	2019-12-22 16:00:00+00	7	6	7	2826	43
5646	2020-04-06 03:26:13.520292+00	2020-04-06 03:26:13.520309+00	2019-12-22 16:00:00+00	7	6	7	2826	43
5647	2020-04-06 03:26:13.548177+00	2020-04-06 03:26:13.548195+00	2019-12-22 16:00:00+00	3	6	8	2827	43
5648	2020-04-06 03:26:13.560556+00	2020-04-06 03:26:13.560572+00	2019-12-22 16:00:00+00	6	6	8	2827	43
5649	2020-04-06 03:26:13.59074+00	2020-04-06 03:26:13.590757+00	2019-12-22 16:00:00+00	7	6	8	2828	43
5650	2020-04-06 03:26:13.601141+00	2020-04-06 03:26:13.60116+00	2019-12-22 16:00:00+00	3	6	8	2828	43
5651	2020-04-06 03:26:13.632416+00	2020-04-06 03:26:13.632435+00	2019-12-22 16:00:00+00	7	6	7	2829	43
5652	2020-04-06 03:26:13.640346+00	2020-04-06 03:26:13.640373+00	2019-12-22 16:00:00+00	6	6	7	2829	43
5653	2020-04-06 03:26:13.667999+00	2020-04-06 03:26:13.668021+00	2019-12-22 16:00:00+00	6	6	6	2830	43
5654	2020-04-06 03:26:13.679061+00	2020-04-06 03:26:13.679077+00	2019-12-22 16:00:00+00	9	6	6	2830	43
5655	2020-04-06 03:26:13.708312+00	2020-04-06 03:26:13.708339+00	2019-12-22 16:00:00+00	7	6	8	2831	43
5656	2020-04-06 03:26:13.720962+00	2020-04-06 03:26:13.72098+00	2019-12-22 16:00:00+00	3	6	8	2831	43
5657	2020-04-06 03:26:13.746567+00	2020-04-06 03:26:13.74659+00	2019-12-22 16:00:00+00	3	6	7	2832	43
5658	2020-04-06 03:26:13.758179+00	2020-04-06 03:26:13.758196+00	2019-12-22 16:00:00+00	3	6	7	2832	43
5659	2020-04-06 03:26:13.787303+00	2020-04-06 03:26:13.787322+00	2019-12-22 16:00:00+00	7	6	7	2833	43
5660	2020-04-06 03:26:13.800862+00	2020-04-06 03:26:13.800883+00	2019-12-22 16:00:00+00	3	6	7	2833	43
5661	2020-04-06 03:26:13.832331+00	2020-04-06 03:26:13.832355+00	2019-12-22 16:00:00+00	7	6	6	2834	43
5662	2020-04-06 03:26:13.843481+00	2020-04-06 03:26:13.8435+00	2019-12-22 16:00:00+00	3	6	6	2834	43
5663	2020-04-06 03:26:13.870698+00	2020-04-06 03:26:13.870714+00	2019-12-22 16:00:00+00	7	6	6	2835	43
5664	2020-04-06 03:26:13.88173+00	2020-04-06 03:26:13.881746+00	2019-12-22 16:00:00+00	3	6	6	2835	43
5665	2020-04-06 03:26:13.908564+00	2020-04-06 03:26:13.908584+00	2019-12-22 16:00:00+00	7	6	7	2836	43
5666	2020-04-06 03:26:13.916338+00	2020-04-06 03:26:13.916354+00	2019-12-22 16:00:00+00	3	6	7	2836	43
5667	2020-04-06 03:26:13.939882+00	2020-04-06 03:26:13.939902+00	2019-12-22 16:00:00+00	7	6	8	2837	43
5668	2020-04-06 03:26:13.950689+00	2020-04-06 03:26:13.950705+00	2019-12-22 16:00:00+00	7	6	8	2837	43
5669	2020-04-06 03:26:13.977841+00	2020-04-06 03:26:13.977861+00	2019-12-22 16:00:00+00	7	6	8	2838	43
5670	2020-04-06 03:26:13.988796+00	2020-04-06 03:26:13.988812+00	2019-12-22 16:00:00+00	3	6	8	2838	43
5671	2020-04-06 03:26:14.018158+00	2020-04-06 03:26:14.018181+00	2019-12-22 16:00:00+00	5	6	7	2839	43
5672	2020-04-06 03:26:14.029476+00	2020-04-06 03:26:14.029494+00	2019-12-22 16:00:00+00	5	6	7	2839	43
5673	2020-04-06 03:26:14.061024+00	2020-04-06 03:26:14.061047+00	2019-12-22 16:00:00+00	6	6	7	2840	43
5674	2020-04-06 03:26:14.073975+00	2020-04-06 03:26:14.073992+00	2019-12-22 16:00:00+00	9	6	7	2840	43
5675	2020-04-06 03:26:14.111472+00	2020-04-06 03:26:14.111494+00	2019-12-22 16:00:00+00	7	6	7	2343	43
5676	2020-04-06 03:26:14.122098+00	2020-04-06 03:26:14.122115+00	2019-12-22 16:00:00+00	3	6	7	2343	43
5677	2020-04-06 03:26:14.160584+00	2020-04-06 03:26:14.160602+00	2019-12-22 16:00:00+00	7	6	7	1911	43
5678	2020-04-06 03:26:14.171738+00	2020-04-06 03:26:14.171756+00	2019-12-22 16:00:00+00	3	6	7	1911	43
5679	2020-04-06 03:26:14.209126+00	2020-04-06 03:26:14.209156+00	2019-12-22 16:00:00+00	6	6	\N	2841	43
5680	2020-04-06 03:26:14.220557+00	2020-04-06 03:26:14.220575+00	2019-12-22 16:00:00+00	9	6	\N	2841	43
5681	2020-04-06 03:26:14.247633+00	2020-04-06 03:26:14.247652+00	2019-12-22 16:00:00+00	7	6	7	2842	43
5682	2020-04-06 03:26:14.255642+00	2020-04-06 03:26:14.255659+00	2019-12-22 16:00:00+00	3	6	7	2842	43
5683	2020-04-06 03:26:14.27853+00	2020-04-06 03:26:14.278547+00	2019-12-22 16:00:00+00	7	6	7	2843	43
5684	2020-04-06 03:26:14.285462+00	2020-04-06 03:26:14.285479+00	2019-12-22 16:00:00+00	3	6	7	2843	43
5685	2020-04-06 03:26:14.307767+00	2020-04-06 03:26:14.307789+00	2019-12-22 16:00:00+00	7	6	8	2844	43
5686	2020-04-06 03:26:14.316517+00	2020-04-06 03:26:14.316536+00	2019-12-22 16:00:00+00	3	6	8	2844	43
5687	2020-04-06 03:26:14.344089+00	2020-04-06 03:26:14.344114+00	2019-12-22 16:00:00+00	7	6	8	2845	43
5688	2020-04-06 03:26:14.355381+00	2020-04-06 03:26:14.355399+00	2019-12-22 16:00:00+00	3	6	8	2845	43
5689	2020-04-06 03:26:14.382734+00	2020-04-06 03:26:14.382754+00	2019-12-22 16:00:00+00	7	6	8	2846	43
5690	2020-04-06 03:26:14.393973+00	2020-04-06 03:26:14.393991+00	2019-12-22 16:00:00+00	3	6	8	2846	43
5691	2020-04-06 03:26:14.423817+00	2020-04-06 03:26:14.423839+00	2019-12-22 16:00:00+00	3	6	8	2847	43
5692	2020-04-06 03:26:14.438668+00	2020-04-06 03:26:14.438694+00	2019-12-22 16:00:00+00	6	6	8	2847	43
5693	2020-04-06 03:26:14.467075+00	2020-04-06 03:26:14.467101+00	2019-12-22 16:00:00+00	7	6	8	2848	43
5694	2020-04-06 03:26:14.476432+00	2020-04-06 03:26:14.47645+00	2019-12-22 16:00:00+00	3	6	8	2848	43
5695	2020-04-06 03:26:14.500674+00	2020-04-06 03:26:14.500703+00	2019-12-22 16:00:00+00	6	6	8	2849	43
5696	2020-04-06 03:26:14.522835+00	2020-04-06 03:26:14.522854+00	2019-12-22 16:00:00+00	9	6	8	2849	43
5697	2020-04-06 03:26:14.546763+00	2020-04-06 03:26:14.546791+00	2019-12-22 16:00:00+00	3	6	8	2850	43
5698	2020-04-06 03:26:14.557524+00	2020-04-06 03:26:14.557551+00	2019-12-22 16:00:00+00	3	6	8	2850	43
5699	2020-04-06 03:26:14.589113+00	2020-04-06 03:26:14.589142+00	2019-12-22 16:00:00+00	5	6	8	2851	43
5700	2020-04-06 03:26:14.603154+00	2020-04-06 03:26:14.603179+00	2019-12-22 16:00:00+00	5	6	8	2851	43
5701	2020-04-06 03:26:14.637531+00	2020-04-06 03:26:14.637563+00	2019-12-22 16:00:00+00	7	6	6	2852	43
5702	2020-04-06 03:26:14.65202+00	2020-04-06 03:26:14.652047+00	2019-12-22 16:00:00+00	3	6	6	2852	43
5703	2020-04-06 03:26:14.681409+00	2020-04-06 03:26:14.681436+00	2019-12-22 16:00:00+00	7	6	7	2853	43
5704	2020-04-06 03:26:14.691568+00	2020-04-06 03:26:14.691591+00	2019-12-22 16:00:00+00	7	6	7	2853	43
5705	2020-04-06 03:26:14.714757+00	2020-04-06 03:26:14.714784+00	2019-12-22 16:00:00+00	7	6	7	2854	43
5706	2020-04-06 03:26:14.731787+00	2020-04-06 03:26:14.731814+00	2019-12-22 16:00:00+00	7	6	7	2854	43
5707	2020-04-06 03:26:14.787583+00	2020-04-06 03:26:14.787615+00	2019-12-22 16:00:00+00	3	6	7	1746	43
5708	2020-04-06 03:26:14.805574+00	2020-04-06 03:26:14.805599+00	2019-12-22 16:00:00+00	3	6	7	1746	43
5709	2020-04-06 03:26:14.849846+00	2020-04-06 03:26:14.849874+00	2019-12-22 16:00:00+00	7	6	8	2855	43
5710	2020-04-06 03:26:14.862001+00	2020-04-06 03:26:14.862029+00	2019-12-22 16:00:00+00	3	6	8	2855	43
5711	2020-04-06 03:26:14.892744+00	2020-04-06 03:26:14.892774+00	2019-12-22 16:00:00+00	7	6	7	2856	43
5712	2020-04-06 03:26:14.913893+00	2020-04-06 03:26:14.913915+00	2019-12-22 16:00:00+00	3	6	7	2856	43
5713	2020-04-06 03:26:14.947846+00	2020-04-06 03:26:14.947876+00	2019-12-22 16:00:00+00	7	6	8	2857	43
5714	2020-04-06 03:26:14.960896+00	2020-04-06 03:26:14.960927+00	2019-12-22 16:00:00+00	3	6	8	2857	43
5715	2020-04-06 03:26:14.993082+00	2020-04-06 03:26:14.993113+00	2019-12-22 16:00:00+00	7	6	7	2858	43
5716	2020-04-06 03:26:15.013654+00	2020-04-06 03:26:15.013679+00	2019-12-22 16:00:00+00	3	6	7	2858	43
5717	2020-04-06 03:26:15.055509+00	2020-04-06 03:26:15.055536+00	2019-12-22 16:00:00+00	6	6	8	2859	43
5718	2020-04-06 03:26:15.067863+00	2020-04-06 03:26:15.067882+00	2019-12-22 16:00:00+00	9	6	8	2859	43
5719	2020-04-06 03:26:15.096803+00	2020-04-06 03:26:15.096829+00	2019-12-22 16:00:00+00	6	6	6	2860	43
5720	2020-04-06 03:26:15.108247+00	2020-04-06 03:26:15.108267+00	2019-12-22 16:00:00+00	9	6	6	2860	43
5721	2020-04-06 03:26:15.138492+00	2020-04-06 03:26:15.138518+00	2019-12-22 16:00:00+00	3	6	8	2861	43
5722	2020-04-06 03:26:15.149733+00	2020-04-06 03:26:15.14975+00	2019-12-22 16:00:00+00	3	6	8	2861	43
5723	2020-04-06 03:26:15.178742+00	2020-04-06 03:26:15.178771+00	2019-12-22 16:00:00+00	3	6	8	2862	43
5724	2020-04-06 03:26:15.190667+00	2020-04-06 03:26:15.190686+00	2019-12-22 16:00:00+00	6	6	8	2862	43
5725	2020-04-06 03:26:15.222021+00	2020-04-06 03:26:15.222042+00	2019-12-22 16:00:00+00	3	6	6	2863	43
5726	2020-04-06 03:26:15.234803+00	2020-04-06 03:26:15.234821+00	2019-12-22 16:00:00+00	3	6	6	2863	43
5727	2020-04-06 03:26:15.265022+00	2020-04-06 03:26:15.265043+00	2019-12-22 16:00:00+00	7	6	7	2864	43
5728	2020-04-06 03:26:15.276044+00	2020-04-06 03:26:15.276061+00	2019-12-22 16:00:00+00	3	6	7	2864	43
5729	2020-04-06 03:26:15.318284+00	2020-04-06 03:26:15.318311+00	2019-12-22 16:00:00+00	3	6	6	2865	43
5730	2020-04-06 03:26:15.331723+00	2020-04-06 03:26:15.331745+00	2019-12-22 16:00:00+00	3	6	6	2865	43
5731	2020-04-06 03:26:15.360303+00	2020-04-06 03:26:15.360334+00	2019-12-22 16:00:00+00	7	6	7	2866	43
5732	2020-04-06 03:26:15.371612+00	2020-04-06 03:26:15.371638+00	2019-12-22 16:00:00+00	3	6	7	2866	43
5733	2020-04-06 03:26:15.40563+00	2020-04-06 03:26:15.40566+00	2019-12-22 16:00:00+00	3	6	7	2867	43
5734	2020-04-06 03:26:15.418175+00	2020-04-06 03:26:15.418195+00	2019-12-22 16:00:00+00	3	6	7	2867	43
5735	2020-04-06 03:26:15.472963+00	2020-04-06 03:26:15.472993+00	2019-12-22 16:00:00+00	3	6	7	2868	43
5736	2020-04-06 03:26:15.484378+00	2020-04-06 03:26:15.484409+00	2019-12-22 16:00:00+00	6	6	7	2868	43
5737	2020-04-06 03:26:15.513654+00	2020-04-06 03:26:15.513681+00	2019-12-22 16:00:00+00	7	6	7	2869	43
5738	2020-04-06 03:26:15.522581+00	2020-04-06 03:26:15.522609+00	2019-12-22 16:00:00+00	3	6	7	2869	43
5739	2020-04-06 03:26:15.546698+00	2020-04-06 03:26:15.546725+00	2019-12-22 16:00:00+00	5	6	8	2870	43
5740	2020-04-06 03:26:15.5546+00	2020-04-06 03:26:15.554617+00	2019-12-22 16:00:00+00	5	6	8	2870	43
5741	2020-04-06 03:26:15.5809+00	2020-04-06 03:26:15.580924+00	2019-12-22 16:00:00+00	5	6	8	2871	43
5742	2020-04-06 03:26:15.592273+00	2020-04-06 03:26:15.59229+00	2019-12-22 16:00:00+00	5	6	8	2871	43
5743	2020-04-06 03:26:15.622535+00	2020-04-06 03:26:15.622564+00	2019-12-22 16:00:00+00	7	6	7	2872	43
5744	2020-04-06 03:26:15.634773+00	2020-04-06 03:26:15.63481+00	2019-12-22 16:00:00+00	3	6	7	2872	43
5745	2020-04-06 03:26:15.664523+00	2020-04-06 03:26:15.664547+00	2019-12-22 16:00:00+00	7	6	8	2873	43
5746	2020-04-06 03:26:15.676662+00	2020-04-06 03:26:15.676683+00	2019-12-22 16:00:00+00	3	6	8	2873	43
5747	2020-04-06 03:26:15.704984+00	2020-04-06 03:26:15.705009+00	2019-12-22 16:00:00+00	3	6	7	2874	43
5748	2020-04-06 03:26:15.712518+00	2020-04-06 03:26:15.712536+00	2019-12-22 16:00:00+00	6	6	7	2874	43
5749	2020-04-06 03:26:15.73423+00	2020-04-06 03:26:15.734251+00	2019-12-22 16:00:00+00	6	6	6	2875	43
5750	2020-04-06 03:26:15.741572+00	2020-04-06 03:26:15.741644+00	2019-12-22 16:00:00+00	9	6	6	2875	43
5751	2020-04-06 03:26:15.76324+00	2020-04-06 03:26:15.763258+00	2019-12-22 16:00:00+00	5	6	8	2876	43
5752	2020-04-06 03:26:15.770286+00	2020-04-06 03:26:15.770302+00	2019-12-22 16:00:00+00	5	6	8	2876	43
5753	2020-04-06 03:26:15.796613+00	2020-04-06 03:26:15.796634+00	2019-12-22 16:00:00+00	3	6	7	2877	43
5754	2020-04-06 03:26:15.809821+00	2020-04-06 03:26:15.80984+00	2019-12-22 16:00:00+00	6	6	7	2877	43
5755	2020-04-06 03:26:15.838808+00	2020-04-06 03:26:15.838838+00	2019-12-22 16:00:00+00	5	6	8	2878	43
5756	2020-04-06 03:26:15.850574+00	2020-04-06 03:26:15.850593+00	2019-12-22 16:00:00+00	5	6	8	2878	43
5757	2020-04-06 03:26:15.878925+00	2020-04-06 03:26:15.878946+00	2019-12-23 16:00:00+00	9	6	8	2879	43
5758	2020-04-06 03:26:15.89032+00	2020-04-06 03:26:15.890337+00	2019-12-23 16:00:00+00	4	6	8	2879	43
5759	2020-04-06 03:26:15.916485+00	2020-04-06 03:26:15.916506+00	2019-12-23 16:00:00+00	9	6	8	2880	43
5760	2020-04-06 03:26:15.923573+00	2020-04-06 03:26:15.923589+00	2019-12-23 16:00:00+00	4	6	8	2880	43
5761	2020-04-06 03:26:15.946216+00	2020-04-06 03:26:15.946239+00	2019-12-23 16:00:00+00	6	6	7	2881	43
5762	2020-04-06 03:26:15.953655+00	2020-04-06 03:26:15.953673+00	2019-12-23 16:00:00+00	9	6	7	2881	43
5763	2020-04-06 03:26:15.975767+00	2020-04-06 03:26:15.975808+00	2019-12-23 16:00:00+00	9	6	8	2882	43
5764	2020-04-06 03:26:15.987946+00	2020-04-06 03:26:15.987966+00	2019-12-23 16:00:00+00	4	6	8	2882	43
5765	2020-04-06 03:26:16.019443+00	2020-04-06 03:26:16.01947+00	2019-12-23 16:00:00+00	6	6	7	2883	43
5766	2020-04-06 03:26:16.032106+00	2020-04-06 03:26:16.032125+00	2019-12-23 16:00:00+00	9	6	7	2883	43
5767	2020-04-06 03:26:16.069259+00	2020-04-06 03:26:16.069288+00	2019-12-23 16:00:00+00	9	6	6	2884	43
5768	2020-04-06 03:26:16.081271+00	2020-04-06 03:26:16.08129+00	2019-12-23 16:00:00+00	4	6	6	2884	43
5769	2020-04-06 03:26:16.115182+00	2020-04-06 03:26:16.115211+00	2019-12-23 16:00:00+00	5	6	8	2885	43
5770	2020-04-06 03:26:16.12765+00	2020-04-06 03:26:16.127674+00	2019-12-23 16:00:00+00	5	6	8	2885	43
5771	2020-04-06 03:26:16.177307+00	2020-04-06 03:26:16.177337+00	2019-12-24 16:00:00+00	4	6	6	2886	43
5772	2020-04-06 03:26:16.191879+00	2020-04-06 03:26:16.1919+00	2019-12-24 16:00:00+00	4	6	6	2886	43
5773	2020-04-06 03:26:16.222575+00	2020-04-06 03:26:16.2226+00	2019-12-24 16:00:00+00	5	6	6	2887	43
5774	2020-04-06 03:26:16.236274+00	2020-04-06 03:26:16.236296+00	2019-12-24 16:00:00+00	5	6	6	2887	43
5775	2020-04-06 03:26:16.273303+00	2020-04-06 03:26:16.273332+00	2019-12-24 16:00:00+00	4	6	6	2888	43
5776	2020-04-06 03:26:16.287497+00	2020-04-06 03:26:16.28752+00	2019-12-24 16:00:00+00	4	6	6	2888	43
5777	2020-04-06 03:26:16.321486+00	2020-04-06 03:26:16.321526+00	2019-12-24 16:00:00+00	4	6	8	2889	43
5778	2020-04-06 03:26:16.333+00	2020-04-06 03:26:16.333017+00	2019-12-24 16:00:00+00	4	6	8	2889	43
5779	2020-04-06 03:26:16.366629+00	2020-04-06 03:26:16.366658+00	2019-12-24 16:00:00+00	9	6	8	2890	43
5780	2020-04-06 03:26:16.378848+00	2020-04-06 03:26:16.378873+00	2019-12-24 16:00:00+00	4	6	8	2890	43
5781	2020-04-06 03:26:16.415118+00	2020-04-06 03:26:16.415149+00	2019-12-25 16:00:00+00	4	6	7	2891	43
5782	2020-04-06 03:26:16.423552+00	2020-04-06 03:26:16.423574+00	2019-12-25 16:00:00+00	4	6	7	2891	43
5783	2020-04-06 03:26:16.462609+00	2020-04-06 03:26:16.46264+00	2019-12-25 16:00:00+00	4	6	7	2892	43
5784	2020-04-06 03:26:16.476654+00	2020-04-06 03:26:16.476676+00	2019-12-25 16:00:00+00	4	6	7	2892	43
5785	2020-04-06 03:26:16.507125+00	2020-04-06 03:26:16.507153+00	2019-12-25 16:00:00+00	4	6	7	2893	43
5786	2020-04-06 03:26:16.522696+00	2020-04-06 03:26:16.522727+00	2019-12-25 16:00:00+00	4	6	7	2893	43
5787	2020-04-06 03:26:16.550862+00	2020-04-06 03:26:16.55089+00	2019-12-25 16:00:00+00	4	6	7	2697	43
5788	2020-04-06 03:26:16.562281+00	2020-04-06 03:26:16.562302+00	2019-12-25 16:00:00+00	4	6	7	2697	43
5789	2020-04-07 06:29:18.055422+00	2020-04-07 06:29:18.055446+00	2019-12-18 06:25:46+00	1	7	7	2894	42
5790	2020-04-08 08:16:35.072895+00	2020-04-08 08:16:35.072918+00	2020-03-09 16:00:00+00	6	6	\N	2895	34
5791	2020-04-08 08:16:35.108804+00	2020-04-08 08:16:35.108833+00	2020-03-09 16:00:00+00	11	6	\N	2895	34
\.


--
-- Data for Name: sows_events_sowfarrow; Type: TABLE DATA; Schema: public; Owner: postgres
--

COPY public.sows_events_sowfarrow (id, created_at, modified_at, date, alive_quantity, dead_quantity, mummy_quantity, initiator_id, sow_id, tour_id, piglets_group_id) FROM stdin;
1	2020-03-31 04:17:45.14972+00	2020-03-31 04:17:45.149738+00	2020-03-30 16:38:47.068344+00	3	6	0	14	2719	36	198
2	2020-03-31 06:53:19.153594+00	2020-03-31 06:53:19.15361+00	2020-03-30 16:38:47.068344+00	13	0	0	14	2715	36	199
3	2020-03-31 06:55:15.725264+00	2020-03-31 06:55:15.725288+00	2020-03-30 16:38:47.068344+00	13	1	0	14	2679	36	200
4	2020-04-01 07:15:57.589761+00	2020-04-01 07:15:57.589782+00	2020-04-01 07:09:58.604796+00	12	2	0	14	2695	36	201
5	2020-04-01 07:20:19.992503+00	2020-04-01 07:20:19.992522+00	2020-04-01 07:09:58.604796+00	13	1	0	14	2680	36	202
6	2020-04-01 07:25:13.258188+00	2020-04-01 07:25:13.258214+00	2020-04-01 07:09:58.604796+00	12	0	0	14	2671	36	203
7	2020-04-01 07:31:43.251284+00	2020-04-01 07:31:43.251303+00	2020-04-01 07:09:58.604796+00	12	7	0	14	2721	36	204
8	2020-04-01 07:33:09.52746+00	2020-04-01 07:33:09.527486+00	2020-04-01 07:09:58.604796+00	2	6	0	14	2701	36	205
9	2020-04-02 08:12:38.296737+00	2020-04-02 08:12:38.296755+00	2020-04-02 07:43:11.95585+00	6	3	0	14	2700	36	396
10	2020-04-02 08:13:13.057363+00	2020-04-02 08:13:13.057382+00	2020-04-02 07:43:11.95585+00	17	0	0	14	2687	36	397
11	2020-04-02 08:13:43.385498+00	2020-04-02 08:13:43.385522+00	2020-04-02 07:43:11.95585+00	12	0	0	14	2690	36	398
12	2020-04-02 08:14:59.501195+00	2020-04-02 08:14:59.501214+00	2020-04-02 07:43:11.95585+00	12	0	0	14	2711	36	399
13	2020-04-02 08:15:14.928889+00	2020-04-02 08:15:14.92892+00	2020-04-02 07:43:11.95585+00	9	4	0	14	2681	36	400
14	2020-04-02 08:15:30.08005+00	2020-04-02 08:15:30.080068+00	2020-04-02 07:43:11.95585+00	12	0	0	14	2704	36	401
15	2020-04-02 08:15:44.158265+00	2020-04-02 08:15:44.158282+00	2020-04-02 07:43:11.95585+00	15	0	0	14	2712	36	402
16	2020-04-02 08:15:57.034071+00	2020-04-02 08:15:57.034089+00	2020-04-02 07:43:11.95585+00	11	1	0	14	2674	36	403
17	2020-04-02 08:16:13.708412+00	2020-04-02 08:16:13.70843+00	2020-04-02 07:43:11.95585+00	9	2	0	14	2716	36	404
18	2020-04-02 08:17:44.387685+00	2020-04-02 08:17:44.38772+00	2020-04-02 07:43:11.95585+00	5	4	0	14	2708	36	405
19	2020-04-02 08:19:09.87286+00	2020-04-02 08:19:09.872883+00	2020-04-02 07:43:11.95585+00	14	0	0	14	2709	36	406
20	2020-04-02 08:19:24.493029+00	2020-04-02 08:19:24.493048+00	2020-04-02 07:43:11.95585+00	13	0	0	14	2720	36	407
21	2020-04-03 07:25:20.217133+00	2020-04-03 07:25:20.217151+00	2020-04-02 07:43:11.95585+00	13	4	0	14	2710	36	500
22	2020-04-03 07:26:25.111119+00	2020-04-03 07:26:25.111136+00	2020-04-02 07:43:11.95585+00	11	1	4	14	2689	36	501
23	2020-04-03 07:27:19.409463+00	2020-04-03 07:27:19.409498+00	2020-04-02 07:43:11.95585+00	11	1	0	14	2677	36	502
24	2020-04-03 07:28:00.800882+00	2020-04-03 07:28:00.800908+00	2020-04-02 07:43:11.95585+00	13	2	0	14	2703	36	503
25	2020-04-03 07:28:53.53496+00	2020-04-03 07:28:53.534991+00	2020-04-02 07:43:11.95585+00	9	3	0	14	2684	36	504
26	2020-04-03 07:30:08.970271+00	2020-04-03 07:30:08.970294+00	2020-04-02 07:43:11.95585+00	14	0	0	14	2706	36	505
27	2020-04-03 07:30:44.945035+00	2020-04-03 07:30:44.945056+00	2020-04-02 07:43:11.95585+00	9	1	0	14	2698	36	506
28	2020-04-03 07:31:29.116936+00	2020-04-03 07:31:29.11696+00	2020-04-02 07:43:11.95585+00	14	2	0	14	2669	36	507
29	2020-04-03 07:32:04.994195+00	2020-04-03 07:32:04.994299+00	2020-04-02 07:43:11.95585+00	12	2	0	14	2686	36	508
30	2020-04-03 07:32:31.14352+00	2020-04-03 07:32:31.143541+00	2020-04-02 07:43:11.95585+00	12	0	0	14	2683	36	509
31	2020-04-03 07:33:11.206006+00	2020-04-03 07:33:11.206029+00	2020-04-02 07:43:11.95585+00	14	0	0	14	2693	36	510
32	2020-04-03 07:33:46.680991+00	2020-04-03 07:33:46.681023+00	2020-04-02 07:43:11.95585+00	11	0	0	14	2696	36	511
33	2020-04-03 07:34:32.562126+00	2020-04-03 07:34:32.562145+00	2020-04-02 07:43:11.95585+00	7	6	0	14	2705	36	512
34	2020-04-03 07:35:29.271286+00	2020-04-03 07:35:29.271303+00	2020-04-02 07:43:11.95585+00	10	1	0	14	2732	36	513
35	2020-04-04 05:22:57.570668+00	2020-04-04 05:22:57.570686+00	2020-04-04 03:55:07.761708+00	6	6	0	14	2724	36	518
36	2020-04-04 06:09:54.880953+00	2020-04-04 06:09:54.880975+00	2020-04-04 03:55:07.761708+00	9	2	0	14	2723	36	519
37	2020-04-04 06:11:45.935338+00	2020-04-04 06:11:45.935353+00	2020-04-04 03:55:07.761708+00	8	0	0	14	2727	36	520
38	2020-04-04 06:13:15.425309+00	2020-04-04 06:13:15.425333+00	2020-04-04 03:55:07.761708+00	12	1	0	14	2729	36	521
39	2020-04-04 06:16:54.523415+00	2020-04-04 06:16:54.523432+00	2020-04-04 03:55:07.761708+00	9	3	0	14	2718	36	522
40	2020-04-04 06:17:49.172499+00	2020-04-04 06:17:49.172526+00	2020-04-04 03:55:07.761708+00	12	2	0	14	2707	36	523
41	2020-04-04 06:19:36.471762+00	2020-04-04 06:19:36.471784+00	2020-04-04 03:55:07.761708+00	12	2	0	14	2670	36	524
42	2020-04-04 06:20:21.43064+00	2020-04-04 06:20:21.430657+00	2020-04-04 03:55:07.761708+00	17	0	0	14	2673	36	525
43	2020-04-04 06:22:15.28175+00	2020-04-04 06:22:15.281777+00	2020-04-04 03:55:07.761708+00	15	0	0	14	2714	36	529
44	2020-04-04 06:24:48.286822+00	2020-04-04 06:24:48.286842+00	2020-04-04 03:55:07.761708+00	12	1	0	14	2694	36	533
45	2020-04-04 06:28:37.720885+00	2020-04-04 06:28:37.720901+00	2020-04-04 03:55:07.761708+00	13	1	0	14	2675	36	534
46	2020-04-04 06:37:48.580205+00	2020-04-04 06:37:48.58022+00	2020-04-04 03:55:07.761708+00	12	1	0	14	2713	36	535
47	2020-04-04 06:47:32.248713+00	2020-04-04 06:47:32.248733+00	2020-04-04 03:55:07.761708+00	8	3	0	4	2702	36	536
48	2020-04-05 06:58:06.506425+00	2020-04-05 06:58:06.506458+00	2020-04-04 07:11:51.528622+00	15	0	0	14	2717	36	538
49	2020-04-05 06:58:38.110214+00	2020-04-05 06:58:38.110229+00	2020-04-04 07:11:51.528622+00	9	0	0	14	2682	36	539
50	2020-04-05 07:00:34.270183+00	2020-04-05 07:00:34.270199+00	2020-04-04 07:11:51.528622+00	8	0	0	14	2678	36	543
51	2020-04-05 07:01:45.800442+00	2020-04-05 07:01:45.800468+00	2020-04-04 07:11:51.528622+00	14	0	0	14	2722	36	544
52	2020-04-05 07:03:24.911448+00	2020-04-05 07:03:24.911485+00	2020-04-04 07:11:51.528622+00	13	0	0	14	2734	36	545
53	2020-04-06 06:24:24.95103+00	2020-04-06 06:24:24.951049+00	2020-04-06 05:36:11.515153+00	5	1	0	14	2730	36	551
54	2020-04-06 06:25:35.552453+00	2020-04-06 06:25:35.552469+00	2020-04-06 05:36:11.515153+00	12	0	0	14	2738	36	552
55	2020-04-07 07:58:21.600279+00	2020-04-07 07:58:21.60042+00	2020-04-06 12:09:36.893497+00	10	1	0	4	2733	36	560
56	2020-04-07 07:58:52.17753+00	2020-04-07 07:58:52.177545+00	2020-04-06 12:09:36.893497+00	11	0	0	4	2736	36	561
57	2020-04-07 07:59:07.325979+00	2020-04-07 07:59:07.325995+00	2020-04-06 12:09:36.893497+00	14	0	0	4	2740	36	562
58	2020-04-07 07:59:16.124937+00	2020-04-07 07:59:16.124953+00	2020-04-06 12:09:36.893497+00	13	0	0	4	2761	42	563
59	2020-04-08 05:17:42.667591+00	2020-04-08 05:17:42.667609+00	2020-04-08 03:44:06.754823+00	0	6	3	4	2685	36	570
60	2020-04-08 07:09:32.218145+00	2020-04-08 07:09:32.21817+00	2020-04-08 03:44:06.754823+00	6	4	0	14	2769	42	571
61	2020-04-08 07:41:44.031542+00	2020-04-08 07:41:44.031563+00	2020-04-08 03:44:06.754823+00	12	0	0	14	2755	42	574
62	2020-04-08 07:42:18.528355+00	2020-04-08 07:42:18.528375+00	2020-04-08 03:44:06.754823+00	12	1	0	14	2742	36	575
63	2020-04-08 07:42:34.680476+00	2020-04-08 07:42:34.680503+00	2020-04-08 03:44:06.754823+00	9	2	0	14	2739	36	576
64	2020-04-08 07:43:44.007153+00	2020-04-08 07:43:44.007181+00	2020-04-08 03:44:06.754823+00	12	0	0	14	2784	42	577
65	2020-04-08 07:45:12.83928+00	2020-04-08 07:45:12.839304+00	2020-04-08 03:44:06.754823+00	9	2	0	14	2763	42	578
66	2020-04-09 07:30:08.07985+00	2020-04-09 07:30:08.079878+00	2020-04-08 09:13:07.409207+00	6	0	0	14	2757	42	589
67	2020-04-09 08:05:42.629075+00	2020-04-09 08:05:42.629091+00	2020-04-08 09:13:07.409207+00	10	1	0	14	2894	42	593
68	2020-04-09 08:10:49.776144+00	2020-04-09 08:10:49.776162+00	2020-04-08 09:13:07.409207+00	7	1	0	14	2741	36	594
69	2020-04-09 08:12:59.474252+00	2020-04-09 08:12:59.474271+00	2020-04-08 09:13:07.409207+00	12	0	0	14	2794	42	596
70	2020-04-09 08:18:10.187595+00	2020-04-09 08:18:10.187613+00	2020-04-08 09:13:07.409207+00	11	1	0	14	2793	42	597
71	2020-04-09 08:29:50.550512+00	2020-04-09 08:29:50.550528+00	2020-04-08 09:13:07.409207+00	13	0	0	14	2748	42	599
72	2020-04-09 08:31:23.22997+00	2020-04-09 08:31:23.229987+00	2020-04-08 09:13:07.409207+00	12	0	0	14	2744	42	600
73	2020-04-09 08:34:38.163644+00	2020-04-09 08:34:38.16366+00	2020-04-08 09:13:07.409207+00	13	0	0	14	2808	42	601
74	2020-04-09 08:39:29.52677+00	2020-04-09 08:39:29.526786+00	2020-04-08 09:13:07.409207+00	12	2	0	14	2760	42	602
75	2020-04-09 09:07:45.531582+00	2020-04-09 09:07:45.531601+00	2020-04-08 09:13:07.409207+00	12	2	0	14	2776	42	603
76	2020-04-09 09:14:53.547126+00	2020-04-09 09:14:53.547143+00	2020-04-08 09:13:07.409207+00	16	0	0	14	2745	42	604
77	2020-04-09 09:15:41.295715+00	2020-04-09 09:15:41.295732+00	2020-04-08 09:13:07.409207+00	11	0	0	14	2756	42	605
78	2020-04-09 09:20:38.522771+00	2020-04-09 09:20:38.522788+00	2020-04-08 09:13:07.409207+00	12	1	0	14	2750	42	609
79	2020-04-09 09:26:12.969332+00	2020-04-09 09:26:12.969352+00	2020-04-08 09:13:07.409207+00	10	0	0	14	2768	42	610
80	2020-04-09 09:35:27.269969+00	2020-04-09 09:35:27.269988+00	2020-04-08 09:13:07.409207+00	10	0	0	14	2801	42	611
81	2020-04-09 09:35:50.295036+00	2020-04-09 09:35:50.295055+00	2020-04-08 09:13:07.409207+00	7	4	0	14	2743	42	612
82	2020-04-10 01:03:25.97199+00	2020-04-10 01:03:25.972009+00	2020-04-08 09:13:07.409207+00	11	3	0	14	2787	42	619
83	2020-04-10 03:18:25.947269+00	2020-04-10 03:18:25.947287+00	2020-04-08 09:13:07.409207+00	13	2	0	14	2780	42	624
84	2020-04-10 03:35:15.082722+00	2020-04-10 03:35:15.08274+00	2020-04-08 09:13:07.409207+00	12	0	0	14	2785	42	631
85	2020-04-10 06:22:56.646776+00	2020-04-10 06:22:56.646792+00	2020-04-08 09:13:07.409207+00	0	3	0	14	2806	42	638
86	2020-04-10 07:20:30.622269+00	2020-04-10 07:20:30.622285+00	2020-04-08 09:13:07.409207+00	5	0	0	14	2737	36	639
87	2020-04-10 07:28:30.152665+00	2020-04-10 07:28:30.152683+00	2020-04-08 09:13:07.409207+00	8	1	0	14	2754	42	650
88	2020-04-10 07:29:16.63817+00	2020-04-10 07:29:16.638189+00	2020-04-08 09:13:07.409207+00	7	0	0	14	2746	42	652
89	2020-04-10 07:30:46.644637+00	2020-04-10 07:30:46.644657+00	2020-04-08 09:13:07.409207+00	2	6	0	14	2796	42	654
90	2020-04-10 07:31:35.281404+00	2020-04-10 07:31:35.281426+00	2020-04-08 09:13:07.409207+00	13	0	0	14	2790	42	656
91	2020-04-10 07:32:19.448854+00	2020-04-10 07:32:19.448882+00	2020-04-08 09:13:07.409207+00	10	0	0	14	2764	42	657
92	2020-04-10 07:33:31.158273+00	2020-04-10 07:33:31.158293+00	2020-04-08 09:13:07.409207+00	8	0	4	14	2766	42	658
93	2020-04-10 07:34:37.294407+00	2020-04-10 07:34:37.294424+00	2020-04-08 09:13:07.409207+00	13	0	0	14	2762	42	659
94	2020-04-10 07:35:08.596181+00	2020-04-10 07:35:08.596201+00	2020-04-08 09:13:07.409207+00	14	0	0	14	2786	42	660
95	2020-04-10 07:35:52.700294+00	2020-04-10 07:35:52.700312+00	2020-04-08 09:13:07.409207+00	9	0	0	14	2788	42	661
96	2020-04-10 07:37:02.770263+00	2020-04-10 07:37:02.770285+00	2020-04-08 09:13:07.409207+00	11	0	0	14	2749	42	663
97	2020-04-10 07:38:11.602206+00	2020-04-10 07:38:11.602222+00	2020-04-08 09:13:07.409207+00	12	0	0	14	2767	42	664
98	2020-04-10 07:39:06.508942+00	2020-04-10 07:39:06.508976+00	2020-04-08 09:13:07.409207+00	17	0	0	14	2765	42	665
99	2020-04-10 07:41:10.427966+00	2020-04-10 07:41:10.427985+00	2020-04-08 09:13:07.409207+00	14	0	0	14	2779	42	666
100	2020-04-10 07:41:52.621266+00	2020-04-10 07:41:52.621285+00	2020-04-08 09:13:07.409207+00	13	0	0	14	2797	42	667
101	2020-04-10 07:42:48.916136+00	2020-04-10 07:42:48.916154+00	2020-04-08 09:13:07.409207+00	14	0	0	14	2798	42	668
102	2020-04-10 07:43:29.787299+00	2020-04-10 07:43:29.787323+00	2020-04-08 09:13:07.409207+00	10	0	0	14	2805	42	669
103	2020-04-10 07:45:05.485534+00	2020-04-10 07:45:05.485553+00	2020-04-08 09:13:07.409207+00	11	0	0	14	2791	42	673
104	2020-04-10 07:45:53.538889+00	2020-04-10 07:45:53.538905+00	2020-04-08 09:13:07.409207+00	16	0	0	14	2807	42	674
105	2020-04-10 07:46:35.112176+00	2020-04-10 07:46:35.112196+00	2020-04-08 09:13:07.409207+00	13	0	0	14	2747	42	675
106	2020-04-10 07:47:35.746129+00	2020-04-10 07:47:35.746147+00	2020-04-08 09:13:07.409207+00	13	0	0	14	2813	42	676
107	2020-04-11 01:04:05.270297+00	2020-04-11 01:04:05.270315+00	2020-04-08 09:13:07.409207+00	6	0	0	14	2759	42	683
108	2020-04-11 01:21:18.623206+00	2020-04-11 01:21:18.623228+00	2020-04-08 09:13:07.409207+00	1	8	0	14	2751	42	687
109	2020-04-11 05:09:58.403186+00	2020-04-11 05:09:58.403203+00	2020-04-08 09:13:07.409207+00	8	1	0	14	2775	42	723
110	2020-04-11 05:12:06.654438+00	2020-04-11 05:12:06.65446+00	2020-04-08 09:13:07.409207+00	12	1	0	14	2774	42	728
111	2020-04-11 05:26:29.768981+00	2020-04-11 05:26:29.768998+00	2020-04-08 09:13:07.409207+00	10	0	0	14	2753	42	732
112	2020-04-11 05:27:28.286394+00	2020-04-11 05:27:28.28641+00	2020-04-08 09:13:07.409207+00	6	1	0	14	2792	42	733
113	2020-04-11 05:30:33.120207+00	2020-04-11 05:30:33.120229+00	2020-04-08 09:13:07.409207+00	11	0	0	14	2773	42	735
114	2020-04-11 05:32:20.479529+00	2020-04-11 05:32:20.479547+00	2020-04-08 09:13:07.409207+00	7	3	0	14	2770	42	736
115	2020-04-11 05:33:03.083069+00	2020-04-11 05:33:03.083092+00	2020-04-08 09:13:07.409207+00	11	0	0	14	2783	42	737
116	2020-04-11 05:35:00.73807+00	2020-04-11 05:35:00.738088+00	2020-04-08 09:13:07.409207+00	12	0	0	14	2811	42	738
117	2020-04-12 05:37:14.486127+00	2020-04-12 05:37:14.486146+00	2020-04-08 09:13:07.409207+00	8	3	0	14	2809	42	790
118	2020-04-12 05:37:31.578006+00	2020-04-12 05:37:31.578026+00	2020-04-08 09:13:07.409207+00	11	0	0	14	2818	42	791
119	2020-04-12 05:37:52.221544+00	2020-04-12 05:37:52.221561+00	2020-04-08 09:13:07.409207+00	15	0	0	14	2802	42	792
120	2020-04-13 06:45:29.426721+00	2020-04-13 06:45:29.426738+00	2020-04-08 09:13:07.409207+00	3	1	0	4	2735	36	848
121	2020-04-13 06:46:35.904595+00	2020-04-13 06:46:35.904612+00	2020-04-08 09:13:07.409207+00	0	5	1	4	2758	42	849
122	2020-04-13 06:46:49.829797+00	2020-04-13 06:46:49.829819+00	2020-04-08 09:13:07.409207+00	0	2	0	4	2795	42	850
123	2020-04-13 07:17:07.693185+00	2020-04-13 07:17:07.693203+00	2020-04-08 09:13:07.409207+00	13	0	0	14	2820	43	853
124	2020-04-13 07:17:34.105543+00	2020-04-13 07:17:34.105566+00	2020-04-08 09:13:07.409207+00	13	0	0	14	2782	42	854
125	2020-04-13 07:17:51.027305+00	2020-04-13 07:17:51.027326+00	2020-04-08 09:13:07.409207+00	15	0	0	14	2814	42	855
126	2020-04-13 07:18:08.057207+00	2020-04-13 07:18:08.057223+00	2020-04-08 09:13:07.409207+00	13	0	0	14	2816	42	856
127	2020-04-13 07:18:28.891161+00	2020-04-13 07:18:28.891321+00	2020-04-08 09:13:07.409207+00	11	0	0	14	2800	42	857
128	2020-04-14 01:55:26.390792+00	2020-04-14 01:55:26.390809+00	2020-04-08 09:13:07.409207+00	5	3	0	14	2877	43	864
129	2020-04-14 07:07:16.845463+00	2020-04-14 07:07:16.845494+00	2020-04-08 09:13:07.409207+00	10	0	0	14	2817	42	865
130	2020-04-14 07:16:28.840717+00	2020-04-14 07:16:28.840743+00	2020-04-08 09:13:07.409207+00	17	2	1	14	2865	43	867
131	2020-04-14 07:17:45.553661+00	2020-04-14 07:17:45.55374+00	2020-04-08 09:13:07.409207+00	9	4	0	14	2810	42	870
132	2020-04-14 07:22:46.695583+00	2020-04-14 07:22:46.695603+00	2020-04-08 09:13:07.409207+00	15	0	0	14	2858	43	872
133	2020-04-14 07:25:28.860982+00	2020-04-14 07:25:28.861011+00	2020-04-08 09:13:07.409207+00	11	0	0	14	2873	43	873
134	2020-04-14 07:27:56.078733+00	2020-04-14 07:27:56.078761+00	2020-04-08 09:13:07.409207+00	12	0	0	14	2833	43	877
135	2020-04-14 07:28:42.973437+00	2020-04-14 07:28:42.973454+00	2020-04-08 09:13:07.409207+00	8	2	0	14	2823	43	878
136	2020-04-15 02:10:36.208016+00	2020-04-15 02:10:36.208052+00	2020-04-08 09:13:07.409207+00	10	0	0	14	2857	43	919
137	2020-04-15 08:07:03.195878+00	2020-04-15 08:07:03.195897+00	2020-04-08 09:13:07.409207+00	6	0	0	14	2815	42	922
138	2020-04-15 08:08:56.263076+00	2020-04-15 08:08:56.263092+00	2020-04-08 09:13:07.409207+00	18	0	0	14	2845	43	924
139	2020-04-15 08:13:09.840506+00	2020-04-15 08:13:09.840523+00	2020-04-08 09:13:07.409207+00	14	0	0	14	2825	43	925
140	2020-04-15 08:16:07.368905+00	2020-04-15 08:16:07.36893+00	2020-04-08 09:13:07.409207+00	13	0	0	14	2848	43	926
141	2020-04-15 08:23:17.165313+00	2020-04-15 08:23:17.165339+00	2020-04-08 09:13:07.409207+00	15	0	0	14	2852	43	927
142	2020-04-15 08:24:40.431226+00	2020-04-15 08:24:40.431243+00	2020-04-08 09:13:07.409207+00	17	0	0	14	2826	43	928
143	2020-04-15 08:25:56.934222+00	2020-04-15 08:25:56.934239+00	2020-04-08 09:13:07.409207+00	8	0	0	14	2834	43	929
144	2020-04-16 07:10:07.065983+00	2020-04-16 07:10:07.066025+00	2020-04-16 06:42:52.986505+00	10	2	0	14	2859	43	1008
145	2020-04-16 07:11:34.68408+00	2020-04-16 07:11:34.684101+00	2020-04-16 06:42:52.986505+00	14	0	0	14	2819	43	1010
146	2020-04-16 07:12:29.56669+00	2020-04-16 07:12:29.566708+00	2020-04-16 06:42:52.986505+00	11	0	0	14	2874	43	1011
147	2020-04-16 07:13:58.435304+00	2020-04-16 07:13:58.435328+00	2020-04-16 07:13:46.330573+00	12	0	0	14	2827	43	1012
148	2020-04-16 07:14:47.525475+00	2020-04-16 07:14:47.525494+00	2020-04-16 07:13:46.330573+00	12	1	0	14	2838	43	1013
149	2020-04-16 07:15:59.119971+00	2020-04-16 07:15:59.119999+00	2020-04-16 07:13:46.330573+00	12	0	0	14	2866	43	1014
150	2020-04-16 07:16:25.279685+00	2020-04-16 07:16:25.279708+00	2020-04-16 07:13:46.330573+00	12	0	0	14	2844	43	1015
151	2020-04-16 07:18:10.993235+00	2020-04-16 07:18:10.993251+00	2020-04-16 07:13:46.330573+00	12	0	0	14	2864	43	1016
152	2020-04-16 07:18:59.003555+00	2020-04-16 07:18:59.003572+00	2020-04-16 07:13:46.330573+00	17	0	0	14	2878	43	1017
153	2020-04-16 07:21:01.157447+00	2020-04-16 07:21:01.157585+00	2020-04-16 07:13:46.330573+00	14	0	0	14	2824	43	1021
154	2020-04-16 07:21:35.23724+00	2020-04-16 07:21:35.237256+00	2020-04-16 07:13:46.330573+00	16	0	0	14	2854	43	1022
155	2020-04-16 07:22:21.063115+00	2020-04-16 07:22:21.063148+00	2020-04-16 07:13:46.330573+00	13	0	0	14	2846	43	1023
156	2020-04-16 07:23:15.412623+00	2020-04-16 07:23:15.412653+00	2020-04-16 07:13:46.330573+00	10	0	0	14	2861	43	1024
157	2020-04-16 07:26:52.239066+00	2020-04-16 07:26:52.239087+00	2020-04-16 07:13:46.330573+00	14	0	0	14	2828	43	1026
\.


--
-- Data for Name: sows_events_ultrasound; Type: TABLE DATA; Schema: public; Owner: postgres
--

COPY public.sows_events_ultrasound (id, created_at, modified_at, date, result, initiator_id, sow_id, tour_id, u_type_id) FROM stdin;
52	2020-03-17 05:16:36.963025+00	2020-03-17 05:16:36.963043+00	2019-12-29 16:00:00+00	f	8	1472	9	1
53	2020-03-17 05:16:37.380171+00	2020-03-17 05:16:37.38019+00	2019-12-29 16:00:00+00	f	8	1483	9	1
54	2020-03-17 05:16:37.589275+00	2020-03-17 05:16:37.58929+00	2019-12-29 16:00:00+00	f	8	1489	9	1
55	2020-03-17 05:16:38.967519+00	2020-03-17 05:16:38.967534+00	2019-12-30 16:00:00+00	f	6	1525	9	1
56	2020-03-17 05:16:39.166596+00	2020-03-17 05:16:39.166611+00	2019-12-31 16:00:00+00	f	8	1530	9	1
57	2020-03-17 05:16:39.508096+00	2020-03-17 05:16:39.508113+00	2020-01-02 16:00:00+00	f	6	1539	9	1
58	2020-03-17 05:16:40.445166+00	2020-03-17 05:16:40.445182+00	2020-01-05 16:00:00+00	f	8	1565	10	1
59	2020-03-17 05:16:40.62825+00	2020-03-17 05:16:40.628269+00	2020-01-05 16:00:00+00	f	7	1570	10	1
60	2020-03-17 05:16:41.402469+00	2020-03-17 05:16:41.402486+00	2020-01-05 16:00:00+00	f	8	1591	10	1
302	2020-03-27 07:42:50.033464+00	2020-03-27 07:42:50.033485+00	2020-03-27 07:42:50.033182+00	f	3	1695	12	1
304	2020-03-27 07:43:26.827453+00	2020-03-27 07:43:26.827475+00	2020-03-27 07:43:26.827192+00	f	3	1583	10	1
306	2020-03-27 07:44:16.819205+00	2020-03-27 07:44:16.819225+00	2020-03-27 07:44:16.818952+00	f	3	1604	10	1
64	2020-03-17 05:16:48.011602+00	2020-03-17 05:16:48.011617+00	2020-01-26 16:00:00+00	f	6	1766	13	1
308	2020-03-27 07:44:44.258322+00	2020-03-27 07:44:44.258343+00	2020-03-27 07:44:44.258048+00	f	3	1758	12	1
310	2020-03-27 07:44:58.244064+00	2020-03-27 07:44:58.244084+00	2020-03-27 07:44:58.243817+00	f	3	1832	13	1
311	2020-03-30 03:43:31.336365+00	2020-03-30 03:43:31.336401+00	2020-03-30 03:43:31.282146+00	t	6	2319	16	1
68	2020-03-17 06:06:31.316121+00	2020-03-17 06:06:31.316145+00	2020-03-17 06:06:31.315771+00	f	6	2009	16	1
69	2020-03-17 06:06:39.304789+00	2020-03-17 06:06:39.304807+00	2020-03-17 06:06:39.304554+00	f	6	2028	16	1
70	2020-03-17 06:06:45.870764+00	2020-03-17 06:06:45.870784+00	2020-03-17 06:06:45.870493+00	f	6	1483	16	1
312	2020-03-30 03:43:31.33647+00	2020-03-30 03:43:31.336477+00	2020-03-30 03:43:31.283058+00	t	6	2320	16	1
72	2020-03-17 06:16:29.849662+00	2020-03-17 06:16:29.849688+00	2020-03-17 06:16:29.849289+00	f	6	1846	14	1
313	2020-03-30 03:43:31.33652+00	2020-03-30 03:43:31.336527+00	2020-03-30 03:43:31.283909+00	t	6	2321	16	1
74	2020-03-17 06:16:42.198477+00	2020-03-17 06:16:42.198495+00	2020-03-17 06:16:42.198234+00	f	6	1870	14	1
75	2020-03-17 06:17:05.369812+00	2020-03-17 06:17:05.369836+00	2020-03-17 06:17:05.369541+00	f	6	1835	14	1
76	2020-03-17 06:17:11.42866+00	2020-03-17 06:17:11.42868+00	2020-03-17 06:17:11.428402+00	f	6	1840	14	1
77	2020-03-17 06:17:18.159104+00	2020-03-17 06:17:18.159128+00	2020-03-17 06:17:18.158812+00	f	6	1878	14	1
78	2020-03-17 06:17:24.613055+00	2020-03-17 06:17:24.613074+00	2020-03-17 06:17:24.612773+00	f	6	1851	16	1
79	2020-03-17 06:22:13.17228+00	2020-03-17 06:22:13.17231+00	2020-03-17 06:22:13.171918+00	f	6	1858	14	1
80	2020-03-17 06:22:19.696656+00	2020-03-17 06:22:19.696677+00	2020-03-17 06:22:19.696396+00	f	6	1847	14	1
81	2020-03-17 06:23:26.885176+00	2020-03-17 06:23:26.8852+00	2020-03-17 06:23:26.884856+00	f	6	1885	14	1
82	2020-03-17 06:26:46.751657+00	2020-03-17 06:26:46.75168+00	2020-03-17 06:26:46.694683+00	t	6	1467	14	1
83	2020-03-17 06:26:46.751753+00	2020-03-17 06:26:46.751761+00	2020-03-17 06:26:46.695633+00	t	6	1489	14	1
84	2020-03-17 06:26:46.751807+00	2020-03-17 06:26:46.751813+00	2020-03-17 06:26:46.696623+00	t	6	1565	14	1
85	2020-03-17 06:26:46.751868+00	2020-03-17 06:26:46.751875+00	2020-03-17 06:26:46.697556+00	t	6	1570	14	1
86	2020-03-17 06:26:46.75192+00	2020-03-17 06:26:46.751926+00	2020-03-17 06:26:46.698567+00	t	6	1591	14	1
87	2020-03-17 06:26:46.751971+00	2020-03-17 06:26:46.751978+00	2020-03-17 06:26:46.699513+00	t	6	1625	14	1
88	2020-03-17 06:26:46.752022+00	2020-03-17 06:26:46.752028+00	2020-03-17 06:26:46.700441+00	t	6	1639	14	1
89	2020-03-17 06:26:46.752072+00	2020-03-17 06:26:46.752079+00	2020-03-17 06:26:46.701357+00	t	6	1836	14	1
90	2020-03-17 06:26:46.752123+00	2020-03-17 06:26:46.75213+00	2020-03-17 06:26:46.702274+00	t	6	1837	14	1
91	2020-03-17 06:26:46.752174+00	2020-03-17 06:26:46.75218+00	2020-03-17 06:26:46.703125+00	t	6	1838	14	1
92	2020-03-17 06:26:46.752243+00	2020-03-17 06:26:46.752258+00	2020-03-17 06:26:46.704064+00	t	6	1839	14	1
93	2020-03-17 06:26:46.752309+00	2020-03-17 06:26:46.752316+00	2020-03-17 06:26:46.704994+00	t	6	1841	14	1
94	2020-03-17 06:26:46.75236+00	2020-03-17 06:26:46.752367+00	2020-03-17 06:26:46.706104+00	t	6	1843	14	1
95	2020-03-17 06:26:46.752411+00	2020-03-17 06:26:46.752418+00	2020-03-17 06:26:46.706971+00	t	6	1844	14	1
96	2020-03-17 06:26:46.752462+00	2020-03-17 06:26:46.752469+00	2020-03-17 06:26:46.707905+00	t	6	1845	14	1
97	2020-03-17 06:26:46.752512+00	2020-03-17 06:26:46.752519+00	2020-03-17 06:26:46.708845+00	t	6	1848	14	1
98	2020-03-17 06:26:46.752563+00	2020-03-17 06:26:46.752569+00	2020-03-17 06:26:46.70973+00	t	6	1849	14	1
99	2020-03-17 06:26:46.752613+00	2020-03-17 06:26:46.752619+00	2020-03-17 06:26:46.710633+00	t	6	1850	14	1
100	2020-03-17 06:26:46.752663+00	2020-03-17 06:26:46.75267+00	2020-03-17 06:26:46.711497+00	t	6	1852	14	1
101	2020-03-17 06:26:46.752714+00	2020-03-17 06:26:46.752721+00	2020-03-17 06:26:46.71238+00	t	6	1853	14	1
102	2020-03-17 06:26:46.752764+00	2020-03-17 06:26:46.752771+00	2020-03-17 06:26:46.713323+00	t	6	1854	14	1
103	2020-03-17 06:26:46.752815+00	2020-03-17 06:26:46.752821+00	2020-03-17 06:26:46.714217+00	t	6	1856	14	1
104	2020-03-17 06:26:46.752865+00	2020-03-17 06:26:46.752872+00	2020-03-17 06:26:46.715116+00	t	6	1857	14	1
105	2020-03-17 06:26:46.752916+00	2020-03-17 06:26:46.752922+00	2020-03-17 06:26:46.716005+00	t	6	1860	14	1
106	2020-03-17 06:26:46.752966+00	2020-03-17 06:26:46.752973+00	2020-03-17 06:26:46.716919+00	t	6	1861	14	1
107	2020-03-17 06:26:46.753016+00	2020-03-17 06:26:46.753023+00	2020-03-17 06:26:46.717769+00	t	6	1863	14	1
108	2020-03-17 06:26:46.753066+00	2020-03-17 06:26:46.753073+00	2020-03-17 06:26:46.718622+00	t	6	1864	14	1
109	2020-03-17 06:26:46.753117+00	2020-03-17 06:26:46.753123+00	2020-03-17 06:26:46.719476+00	t	6	1865	14	1
110	2020-03-17 06:26:46.753167+00	2020-03-17 06:26:46.753174+00	2020-03-17 06:26:46.72035+00	t	6	1866	14	1
111	2020-03-17 06:26:46.753217+00	2020-03-17 06:26:46.753224+00	2020-03-17 06:26:46.721229+00	t	6	1867	14	1
112	2020-03-17 06:26:46.753268+00	2020-03-17 06:26:46.753275+00	2020-03-17 06:26:46.722104+00	t	6	1868	14	1
113	2020-03-17 06:26:46.753318+00	2020-03-17 06:26:46.753325+00	2020-03-17 06:26:46.722973+00	t	6	1869	14	1
114	2020-03-17 06:26:46.753369+00	2020-03-17 06:26:46.753375+00	2020-03-17 06:26:46.723871+00	t	6	1871	14	1
115	2020-03-17 06:26:46.753419+00	2020-03-17 06:26:46.753426+00	2020-03-17 06:26:46.724777+00	t	6	1872	14	1
116	2020-03-17 06:26:46.75347+00	2020-03-17 06:26:46.753476+00	2020-03-17 06:26:46.725608+00	t	6	1873	14	1
117	2020-03-17 06:26:46.75352+00	2020-03-17 06:26:46.753527+00	2020-03-17 06:26:46.726498+00	t	6	1874	14	1
118	2020-03-17 06:26:46.753571+00	2020-03-17 06:26:46.753578+00	2020-03-17 06:26:46.727447+00	t	6	1876	14	1
119	2020-03-17 06:26:46.753622+00	2020-03-17 06:26:46.753628+00	2020-03-17 06:26:46.728415+00	t	6	1877	14	1
120	2020-03-17 06:26:46.753672+00	2020-03-17 06:26:46.753678+00	2020-03-17 06:26:46.72931+00	t	6	1879	14	1
121	2020-03-17 06:26:46.753722+00	2020-03-17 06:26:46.753729+00	2020-03-17 06:26:46.730164+00	t	6	1880	14	1
122	2020-03-17 06:26:46.753772+00	2020-03-17 06:26:46.753779+00	2020-03-17 06:26:46.731044+00	t	6	1881	14	1
123	2020-03-17 06:26:46.753823+00	2020-03-17 06:26:46.753829+00	2020-03-17 06:26:46.731931+00	t	6	1882	14	1
124	2020-03-17 06:26:46.753873+00	2020-03-17 06:26:46.75388+00	2020-03-17 06:26:46.732853+00	t	6	1883	14	1
125	2020-03-17 06:26:46.753923+00	2020-03-17 06:26:46.75393+00	2020-03-17 06:26:46.733699+00	t	6	1884	14	1
126	2020-03-17 06:26:46.753974+00	2020-03-17 06:26:46.75398+00	2020-03-17 06:26:46.734547+00	t	6	1886	14	1
127	2020-03-17 06:26:46.754024+00	2020-03-17 06:26:46.754031+00	2020-03-17 06:26:46.735415+00	t	6	1887	14	1
128	2020-03-17 06:26:46.754074+00	2020-03-17 06:26:46.754081+00	2020-03-17 06:26:46.736339+00	t	6	1888	14	1
129	2020-03-17 06:26:46.754125+00	2020-03-17 06:26:46.754132+00	2020-03-17 06:26:46.737203+00	t	6	1889	14	1
130	2020-03-17 06:26:46.754176+00	2020-03-17 06:26:46.754182+00	2020-03-17 06:26:46.738099+00	t	6	1891	14	1
131	2020-03-17 06:26:46.754225+00	2020-03-17 06:26:46.754232+00	2020-03-17 06:26:46.738936+00	t	6	1892	14	1
132	2020-03-17 06:26:46.754276+00	2020-03-17 06:26:46.754282+00	2020-03-17 06:26:46.739807+00	t	6	1893	14	1
133	2020-03-17 06:26:46.754326+00	2020-03-17 06:26:46.754333+00	2020-03-17 06:26:46.740717+00	t	6	1894	14	1
134	2020-03-17 06:26:46.754385+00	2020-03-17 06:26:46.754392+00	2020-03-17 06:26:46.741595+00	t	6	1895	14	1
135	2020-03-17 06:26:46.754436+00	2020-03-17 06:26:46.754443+00	2020-03-17 06:26:46.742487+00	t	6	1896	14	1
136	2020-03-17 06:26:46.754486+00	2020-03-17 06:26:46.754493+00	2020-03-17 06:26:46.743422+00	t	6	1897	14	1
137	2020-03-17 06:26:46.754536+00	2020-03-17 06:26:46.754543+00	2020-03-17 06:26:46.74432+00	t	6	1898	14	1
138	2020-03-17 06:26:46.754587+00	2020-03-17 06:26:46.754593+00	2020-03-17 06:26:46.745171+00	t	6	1899	14	1
139	2020-03-17 06:26:46.754637+00	2020-03-17 06:26:46.754643+00	2020-03-17 06:26:46.746033+00	t	6	1900	14	1
140	2020-03-17 06:26:46.754687+00	2020-03-17 06:26:46.754694+00	2020-03-17 06:26:46.746887+00	t	6	1901	14	1
141	2020-03-17 06:26:46.754738+00	2020-03-17 06:26:46.754745+00	2020-03-17 06:26:46.747785+00	t	6	1902	14	1
142	2020-03-17 06:26:46.754788+00	2020-03-17 06:26:46.754795+00	2020-03-17 06:26:46.748664+00	t	6	1903	14	1
143	2020-03-17 06:26:46.754839+00	2020-03-17 06:26:46.754845+00	2020-03-17 06:26:46.74953+00	t	6	1904	14	1
144	2020-03-17 06:26:46.754889+00	2020-03-17 06:26:46.754896+00	2020-03-17 06:26:46.750385+00	t	6	1905	14	1
145	2020-03-17 06:26:46.754961+00	2020-03-17 06:26:46.75497+00	2020-03-17 06:26:46.751256+00	t	6	1906	14	1
314	2020-03-30 03:43:31.336569+00	2020-03-30 03:43:31.336576+00	2020-03-30 03:43:31.284823+00	t	6	2322	16	1
147	2020-03-17 06:28:52.93841+00	2020-03-17 06:28:52.938438+00	2020-03-17 06:28:52.93804+00	f	6	1969	15	1
315	2020-03-30 03:43:31.336618+00	2020-03-30 03:43:31.336624+00	2020-03-30 03:43:31.285674+00	t	6	2323	16	1
149	2020-03-17 06:29:09.494265+00	2020-03-17 06:29:09.494286+00	2020-03-17 06:29:09.494004+00	f	6	1970	15	1
150	2020-03-17 06:29:33.880799+00	2020-03-17 06:29:33.880818+00	2020-03-17 06:29:33.880555+00	f	6	1975	15	1
151	2020-03-17 06:29:43.906461+00	2020-03-17 06:29:43.906481+00	2020-03-17 06:29:43.906176+00	f	6	1946	15	1
152	2020-03-17 06:31:10.912761+00	2020-03-17 06:31:10.912787+00	2020-03-17 06:31:10.852737+00	t	6	1907	15	1
153	2020-03-17 06:31:10.912854+00	2020-03-17 06:31:10.912862+00	2020-03-17 06:31:10.853616+00	t	6	1908	15	1
154	2020-03-17 06:31:10.912906+00	2020-03-17 06:31:10.912913+00	2020-03-17 06:31:10.854486+00	t	6	1909	15	1
155	2020-03-17 06:31:10.912957+00	2020-03-17 06:31:10.912964+00	2020-03-17 06:31:10.855353+00	t	6	1910	15	1
156	2020-03-17 06:31:10.913008+00	2020-03-17 06:31:10.913014+00	2020-03-17 06:31:10.856249+00	t	6	1911	15	1
157	2020-03-17 06:31:10.913057+00	2020-03-17 06:31:10.913064+00	2020-03-17 06:31:10.857114+00	t	6	1912	15	1
158	2020-03-17 06:31:10.913107+00	2020-03-17 06:31:10.913114+00	2020-03-17 06:31:10.857963+00	t	6	1913	15	1
159	2020-03-17 06:31:10.913158+00	2020-03-17 06:31:10.913164+00	2020-03-17 06:31:10.858814+00	t	6	1914	15	1
160	2020-03-17 06:31:10.913208+00	2020-03-17 06:31:10.913215+00	2020-03-17 06:31:10.859738+00	t	6	1916	15	1
161	2020-03-17 06:31:10.913258+00	2020-03-17 06:31:10.913265+00	2020-03-17 06:31:10.86068+00	t	6	1917	15	1
303	2020-03-27 07:42:56.632912+00	2020-03-27 07:42:56.632932+00	2020-03-27 07:42:56.63267+00	f	3	1482	9	1
163	2020-03-17 06:31:10.913358+00	2020-03-17 06:31:10.913365+00	2020-03-17 06:31:10.862436+00	t	6	1919	15	1
164	2020-03-17 06:31:10.913408+00	2020-03-17 06:31:10.913415+00	2020-03-17 06:31:10.863291+00	t	6	1920	15	1
305	2020-03-27 07:43:34.387082+00	2020-03-27 07:43:34.387101+00	2020-03-27 07:43:34.386826+00	f	3	1705	12	1
166	2020-03-17 06:31:10.913508+00	2020-03-17 06:31:10.913515+00	2020-03-17 06:31:10.865082+00	t	6	1922	15	1
167	2020-03-17 06:31:10.913558+00	2020-03-17 06:31:10.913565+00	2020-03-17 06:31:10.865935+00	t	6	1923	15	1
168	2020-03-17 06:31:10.913608+00	2020-03-17 06:31:10.913615+00	2020-03-17 06:31:10.866784+00	t	6	1924	15	1
169	2020-03-17 06:31:10.913658+00	2020-03-17 06:31:10.913665+00	2020-03-17 06:31:10.867637+00	t	6	1925	15	1
170	2020-03-17 06:31:10.913708+00	2020-03-17 06:31:10.913715+00	2020-03-17 06:31:10.868536+00	t	6	1926	15	1
171	2020-03-17 06:31:10.913758+00	2020-03-17 06:31:10.913765+00	2020-03-17 06:31:10.869488+00	t	6	1927	15	1
172	2020-03-17 06:31:10.913808+00	2020-03-17 06:31:10.913815+00	2020-03-17 06:31:10.870447+00	t	6	1928	15	1
173	2020-03-17 06:31:10.913858+00	2020-03-17 06:31:10.913865+00	2020-03-17 06:31:10.87146+00	t	6	1929	15	1
174	2020-03-17 06:31:10.913908+00	2020-03-17 06:31:10.913915+00	2020-03-17 06:31:10.872927+00	t	6	1930	15	1
175	2020-03-17 06:31:10.913958+00	2020-03-17 06:31:10.913965+00	2020-03-17 06:31:10.873864+00	t	6	1931	15	1
176	2020-03-17 06:31:10.914008+00	2020-03-17 06:31:10.914015+00	2020-03-17 06:31:10.874835+00	t	6	1932	15	1
177	2020-03-17 06:31:10.914058+00	2020-03-17 06:31:10.914065+00	2020-03-17 06:31:10.875781+00	t	6	1933	15	1
178	2020-03-17 06:31:10.914108+00	2020-03-17 06:31:10.914115+00	2020-03-17 06:31:10.876761+00	t	6	1934	15	1
179	2020-03-17 06:31:10.914158+00	2020-03-17 06:31:10.914165+00	2020-03-17 06:31:10.877713+00	t	6	1935	15	1
180	2020-03-17 06:31:10.914208+00	2020-03-17 06:31:10.914215+00	2020-03-17 06:31:10.878638+00	t	6	1936	15	1
181	2020-03-17 06:31:10.914258+00	2020-03-17 06:31:10.914265+00	2020-03-17 06:31:10.879614+00	t	6	1937	15	1
182	2020-03-17 06:31:10.914308+00	2020-03-17 06:31:10.914315+00	2020-03-17 06:31:10.880608+00	t	6	1938	15	1
183	2020-03-17 06:31:10.914358+00	2020-03-17 06:31:10.914365+00	2020-03-17 06:31:10.881542+00	t	6	1939	15	1
184	2020-03-17 06:31:10.914408+00	2020-03-17 06:31:10.914415+00	2020-03-17 06:31:10.882497+00	t	6	1940	15	1
185	2020-03-17 06:31:10.914458+00	2020-03-17 06:31:10.914465+00	2020-03-17 06:31:10.883434+00	t	6	1941	15	1
186	2020-03-17 06:31:10.914508+00	2020-03-17 06:31:10.914514+00	2020-03-17 06:31:10.884397+00	t	6	1942	15	1
187	2020-03-17 06:31:10.914558+00	2020-03-17 06:31:10.914565+00	2020-03-17 06:31:10.88529+00	t	6	1943	15	1
188	2020-03-17 06:31:10.91463+00	2020-03-17 06:31:10.91464+00	2020-03-17 06:31:10.886218+00	t	6	1944	15	1
189	2020-03-17 06:31:10.914687+00	2020-03-17 06:31:10.914694+00	2020-03-17 06:31:10.887082+00	t	6	1945	15	1
190	2020-03-17 06:31:10.914738+00	2020-03-17 06:31:10.914745+00	2020-03-17 06:31:10.887956+00	t	6	1947	15	1
191	2020-03-17 06:31:10.914788+00	2020-03-17 06:31:10.914795+00	2020-03-17 06:31:10.888852+00	t	6	1948	15	1
192	2020-03-17 06:31:10.914838+00	2020-03-17 06:31:10.914845+00	2020-03-17 06:31:10.889705+00	t	6	1949	15	1
193	2020-03-17 06:31:10.914909+00	2020-03-17 06:31:10.914918+00	2020-03-17 06:31:10.89056+00	t	6	1950	15	1
194	2020-03-17 06:31:10.914961+00	2020-03-17 06:31:10.914968+00	2020-03-17 06:31:10.891411+00	t	6	1951	15	1
195	2020-03-17 06:31:10.915011+00	2020-03-17 06:31:10.915018+00	2020-03-17 06:31:10.892309+00	t	6	1953	15	1
196	2020-03-17 06:31:10.915061+00	2020-03-17 06:31:10.915068+00	2020-03-17 06:31:10.893165+00	t	6	1955	15	1
197	2020-03-17 06:31:10.915111+00	2020-03-17 06:31:10.915118+00	2020-03-17 06:31:10.894016+00	t	6	1956	15	1
198	2020-03-17 06:31:10.915161+00	2020-03-17 06:31:10.915168+00	2020-03-17 06:31:10.894887+00	t	6	1957	15	1
307	2020-03-27 07:44:25.057875+00	2020-03-27 07:44:25.057896+00	2020-03-27 07:44:25.057588+00	f	3	1551	10	1
200	2020-03-17 06:31:10.915262+00	2020-03-17 06:31:10.915268+00	2020-03-17 06:31:10.896643+00	t	6	1959	15	1
201	2020-03-17 06:31:10.915311+00	2020-03-17 06:31:10.915318+00	2020-03-17 06:31:10.897494+00	t	6	1960	15	1
202	2020-03-17 06:31:10.915361+00	2020-03-17 06:31:10.915368+00	2020-03-17 06:31:10.898345+00	t	6	1961	15	1
203	2020-03-17 06:31:10.915411+00	2020-03-17 06:31:10.915418+00	2020-03-17 06:31:10.899196+00	t	6	1962	15	1
204	2020-03-17 06:31:10.915461+00	2020-03-17 06:31:10.915468+00	2020-03-17 06:31:10.90006+00	t	6	1964	15	1
205	2020-03-17 06:31:10.915512+00	2020-03-17 06:31:10.915518+00	2020-03-17 06:31:10.900958+00	t	6	1965	15	1
309	2020-03-27 07:44:50.369776+00	2020-03-27 07:44:50.369797+00	2020-03-27 07:44:50.369472+00	f	3	1829	13	1
207	2020-03-17 06:31:10.915612+00	2020-03-17 06:31:10.915618+00	2020-03-17 06:31:10.902674+00	t	6	1967	15	1
208	2020-03-17 06:31:10.915662+00	2020-03-17 06:31:10.915668+00	2020-03-17 06:31:10.903542+00	t	6	1968	15	1
209	2020-03-17 06:31:10.915711+00	2020-03-17 06:31:10.915718+00	2020-03-17 06:31:10.904473+00	t	6	1971	15	1
210	2020-03-17 06:31:10.915776+00	2020-03-17 06:31:10.915784+00	2020-03-17 06:31:10.90541+00	t	6	1972	15	1
211	2020-03-17 06:31:10.915829+00	2020-03-17 06:31:10.915836+00	2020-03-17 06:31:10.906262+00	t	6	1973	15	1
212	2020-03-17 06:31:10.915879+00	2020-03-17 06:31:10.915886+00	2020-03-17 06:31:10.907112+00	t	6	1974	15	1
213	2020-03-17 06:31:10.91593+00	2020-03-17 06:31:10.915937+00	2020-03-17 06:31:10.907973+00	t	6	1976	15	1
316	2020-03-30 03:43:31.336666+00	2020-03-30 03:43:31.336673+00	2020-03-30 03:43:31.286524+00	t	6	2324	16	1
215	2020-03-17 06:31:10.91603+00	2020-03-17 06:31:10.916037+00	2020-03-17 06:31:10.909733+00	t	6	1978	15	1
216	2020-03-17 06:31:10.91608+00	2020-03-17 06:31:10.916087+00	2020-03-17 06:31:10.910606+00	t	6	1979	15	1
217	2020-03-17 06:31:10.91613+00	2020-03-17 06:31:10.916137+00	2020-03-17 06:31:10.911456+00	t	6	1980	15	1
218	2020-03-17 06:31:10.91618+00	2020-03-17 06:31:10.916187+00	2020-03-17 06:31:10.912353+00	t	6	1981	15	1
219	2020-03-27 05:50:12.256348+00	2020-03-27 05:50:12.25638+00	2020-03-27 05:50:12.25593+00	f	6	2069	17	1
317	2020-03-30 03:43:31.336715+00	2020-03-30 03:43:31.336721+00	2020-03-30 03:43:31.287388+00	t	6	2325	16	1
318	2020-03-30 03:43:31.336763+00	2020-03-30 03:43:31.33677+00	2020-03-30 03:43:31.28826+00	t	6	2326	16	1
222	2020-03-27 05:51:00.159388+00	2020-03-27 05:51:00.159415+00	2020-03-27 05:51:00.158951+00	f	6	2106	17	1
223	2020-03-27 05:51:11.242135+00	2020-03-27 05:51:11.242158+00	2020-03-27 05:51:11.241836+00	f	6	1766	17	1
224	2020-03-27 05:51:20.664502+00	2020-03-27 05:51:20.664533+00	2020-03-27 05:51:20.664033+00	f	6	1890	17	1
225	2020-03-27 05:51:29.951797+00	2020-03-27 05:51:29.951817+00	2020-03-27 05:51:29.951544+00	f	6	2105	17	1
226	2020-03-27 05:53:08.708666+00	2020-03-27 05:53:08.708693+00	2020-03-27 05:53:08.708338+00	f	6	2104	17	1
319	2020-03-30 03:43:31.336812+00	2020-03-30 03:43:31.336819+00	2020-03-30 03:43:31.289135+00	t	6	2327	16	1
320	2020-03-30 03:43:31.33686+00	2020-03-30 03:43:31.336867+00	2020-03-30 03:43:31.289996+00	t	6	2328	16	1
321	2020-03-30 03:43:31.336909+00	2020-03-30 03:43:31.336915+00	2020-03-30 03:43:31.290847+00	t	6	2329	16	1
322	2020-03-30 03:43:31.336957+00	2020-03-30 03:43:31.336963+00	2020-03-30 03:43:31.291698+00	t	6	2330	16	1
323	2020-03-30 03:43:31.337004+00	2020-03-30 03:43:31.337011+00	2020-03-30 03:43:31.292576+00	t	6	2331	16	1
324	2020-03-30 03:43:31.337052+00	2020-03-30 03:43:31.337058+00	2020-03-30 03:43:31.293438+00	t	6	2332	16	1
325	2020-03-30 03:43:31.3371+00	2020-03-30 03:43:31.337106+00	2020-03-30 03:43:31.294289+00	t	6	2333	16	1
326	2020-03-30 03:43:31.337148+00	2020-03-30 03:43:31.337154+00	2020-03-30 03:43:31.295142+00	t	6	2334	16	1
327	2020-03-30 03:43:31.337196+00	2020-03-30 03:43:31.337203+00	2020-03-30 03:43:31.295989+00	t	6	2335	16	1
328	2020-03-30 03:43:31.337245+00	2020-03-30 03:43:31.337251+00	2020-03-30 03:43:31.296892+00	t	6	2336	16	1
329	2020-03-30 03:43:31.337293+00	2020-03-30 03:43:31.337299+00	2020-03-30 03:43:31.297755+00	t	6	2337	16	1
330	2020-03-30 03:43:31.337341+00	2020-03-30 03:43:31.337347+00	2020-03-30 03:43:31.298608+00	t	6	2338	16	1
331	2020-03-30 03:43:31.337389+00	2020-03-30 03:43:31.337395+00	2020-03-30 03:43:31.299457+00	t	6	2339	16	1
332	2020-03-30 03:43:31.337437+00	2020-03-30 03:43:31.337443+00	2020-03-30 03:43:31.300341+00	t	6	2341	16	1
333	2020-03-30 03:43:31.337485+00	2020-03-30 03:43:31.337491+00	2020-03-30 03:43:31.301206+00	t	6	2342	16	1
334	2020-03-30 03:43:31.337533+00	2020-03-30 03:43:31.337539+00	2020-03-30 03:43:31.302059+00	t	6	2343	16	1
335	2020-03-30 03:43:31.337581+00	2020-03-30 03:43:31.337587+00	2020-03-30 03:43:31.302908+00	t	6	2344	16	1
336	2020-03-30 03:43:31.337628+00	2020-03-30 03:43:31.337634+00	2020-03-30 03:43:31.303757+00	t	6	2345	16	1
337	2020-03-30 03:43:31.337676+00	2020-03-30 03:43:31.337683+00	2020-03-30 03:43:31.30465+00	t	6	2346	16	1
338	2020-03-30 03:43:31.337724+00	2020-03-30 03:43:31.33773+00	2020-03-30 03:43:31.305576+00	t	6	2347	16	1
339	2020-03-30 03:43:31.337772+00	2020-03-30 03:43:31.337778+00	2020-03-30 03:43:31.306431+00	t	6	2348	16	1
340	2020-03-30 03:43:31.33782+00	2020-03-30 03:43:31.337827+00	2020-03-30 03:43:31.307302+00	t	6	2349	16	1
341	2020-03-30 03:43:31.337868+00	2020-03-30 03:43:31.337874+00	2020-03-30 03:43:31.308155+00	t	6	2350	16	1
342	2020-03-30 03:43:31.337916+00	2020-03-30 03:43:31.337922+00	2020-03-30 03:43:31.309053+00	t	6	2351	16	1
343	2020-03-30 03:43:31.337964+00	2020-03-30 03:43:31.33797+00	2020-03-30 03:43:31.309902+00	t	6	2352	16	1
344	2020-03-30 03:43:31.338011+00	2020-03-30 03:43:31.338017+00	2020-03-30 03:43:31.310753+00	t	6	2353	16	1
345	2020-03-30 03:43:31.338059+00	2020-03-30 03:43:31.338065+00	2020-03-30 03:43:31.311615+00	t	6	2354	16	1
346	2020-03-30 03:43:31.338107+00	2020-03-30 03:43:31.338113+00	2020-03-30 03:43:31.312501+00	t	6	2356	16	1
347	2020-03-30 03:43:31.338155+00	2020-03-30 03:43:31.338161+00	2020-03-30 03:43:31.313357+00	t	6	2357	16	1
348	2020-03-30 03:43:31.338203+00	2020-03-30 03:43:31.338209+00	2020-03-30 03:43:31.314305+00	t	6	2358	16	1
349	2020-03-30 03:43:31.338251+00	2020-03-30 03:43:31.338257+00	2020-03-30 03:43:31.31521+00	t	6	2359	16	1
350	2020-03-30 03:43:31.338298+00	2020-03-30 03:43:31.33831+00	2020-03-30 03:43:31.316062+00	t	6	2360	16	1
351	2020-03-30 03:43:31.338354+00	2020-03-30 03:43:31.33836+00	2020-03-30 03:43:31.316976+00	t	6	2361	16	1
352	2020-03-30 03:43:31.338402+00	2020-03-30 03:43:31.338408+00	2020-03-30 03:43:31.317829+00	t	6	2362	16	1
353	2020-03-30 03:43:31.33845+00	2020-03-30 03:43:31.338456+00	2020-03-30 03:43:31.318681+00	t	6	2363	16	1
354	2020-03-30 03:43:31.338497+00	2020-03-30 03:43:31.338504+00	2020-03-30 03:43:31.31953+00	t	6	2364	16	1
355	2020-03-30 03:43:31.338549+00	2020-03-30 03:43:31.338556+00	2020-03-30 03:43:31.320413+00	t	6	2365	16	1
356	2020-03-30 03:43:31.338598+00	2020-03-30 03:43:31.338604+00	2020-03-30 03:43:31.321278+00	t	6	2366	16	1
357	2020-03-30 03:43:31.338646+00	2020-03-30 03:43:31.338652+00	2020-03-30 03:43:31.322143+00	t	6	2367	16	1
358	2020-03-30 03:43:31.338695+00	2020-03-30 03:43:31.338701+00	2020-03-30 03:43:31.323+00	t	6	2368	16	1
359	2020-03-30 03:43:31.338743+00	2020-03-30 03:43:31.338749+00	2020-03-30 03:43:31.323852+00	t	6	2369	16	1
360	2020-03-30 03:43:31.338791+00	2020-03-30 03:43:31.338797+00	2020-03-30 03:43:31.324755+00	t	6	2370	16	1
361	2020-03-30 03:43:31.33884+00	2020-03-30 03:43:31.338846+00	2020-03-30 03:43:31.325607+00	t	6	2371	16	1
362	2020-03-30 03:43:31.338888+00	2020-03-30 03:43:31.338894+00	2020-03-30 03:43:31.326459+00	t	6	2372	16	1
363	2020-03-30 03:43:31.338936+00	2020-03-30 03:43:31.338943+00	2020-03-30 03:43:31.327311+00	t	6	2373	16	1
364	2020-03-30 03:43:31.338985+00	2020-03-30 03:43:31.338991+00	2020-03-30 03:43:31.328159+00	t	6	2374	16	1
365	2020-03-30 03:43:31.339033+00	2020-03-30 03:43:31.339039+00	2020-03-30 03:43:31.329062+00	t	6	2375	16	1
366	2020-03-30 03:43:31.339081+00	2020-03-30 03:43:31.339088+00	2020-03-30 03:43:31.329912+00	t	6	2376	16	1
367	2020-03-30 03:43:31.33913+00	2020-03-30 03:43:31.339136+00	2020-03-30 03:43:31.330772+00	t	6	2377	16	1
368	2020-03-30 03:43:31.339179+00	2020-03-30 03:43:31.339185+00	2020-03-30 03:43:31.331624+00	t	6	2380	16	1
369	2020-03-30 03:43:31.339227+00	2020-03-30 03:43:31.339234+00	2020-03-30 03:43:31.332509+00	t	6	2381	16	1
370	2020-03-30 03:43:31.339276+00	2020-03-30 03:43:31.339283+00	2020-03-30 03:43:31.333368+00	t	6	2382	16	1
371	2020-03-30 03:43:31.339325+00	2020-03-30 03:43:31.339331+00	2020-03-30 03:43:31.334218+00	t	6	2384	16	1
372	2020-03-30 03:43:31.339372+00	2020-03-30 03:43:31.339379+00	2020-03-30 03:43:31.335079+00	t	6	2385	16	1
373	2020-03-30 03:43:31.33942+00	2020-03-30 03:43:31.339427+00	2020-03-30 03:43:31.33593+00	t	6	2386	16	1
374	2020-03-30 03:51:12.533179+00	2020-03-30 03:51:12.5332+00	2020-03-30 03:51:12.471938+00	t	6	2387	17	1
375	2020-03-30 03:51:12.533263+00	2020-03-30 03:51:12.533271+00	2020-03-30 03:51:12.472867+00	t	6	2388	17	1
376	2020-03-30 03:51:12.533314+00	2020-03-30 03:51:12.533321+00	2020-03-30 03:51:12.473755+00	t	6	2389	17	1
377	2020-03-30 03:51:12.533364+00	2020-03-30 03:51:12.533371+00	2020-03-30 03:51:12.4746+00	t	6	2390	17	1
378	2020-03-30 03:51:12.533413+00	2020-03-30 03:51:12.533419+00	2020-03-30 03:51:12.47549+00	t	6	2391	17	1
379	2020-03-30 03:51:12.533462+00	2020-03-30 03:51:12.533468+00	2020-03-30 03:51:12.476379+00	t	6	2392	17	1
380	2020-03-30 03:51:12.53351+00	2020-03-30 03:51:12.533517+00	2020-03-30 03:51:12.477227+00	t	6	2393	17	1
381	2020-03-30 03:51:12.533559+00	2020-03-30 03:51:12.533565+00	2020-03-30 03:51:12.478148+00	t	6	2394	17	1
382	2020-03-30 03:51:12.533608+00	2020-03-30 03:51:12.533614+00	2020-03-30 03:51:12.47919+00	t	6	2395	17	1
383	2020-03-30 03:51:12.533657+00	2020-03-30 03:51:12.533663+00	2020-03-30 03:51:12.480354+00	t	6	2396	17	1
384	2020-03-30 03:51:12.533706+00	2020-03-30 03:51:12.533712+00	2020-03-30 03:51:12.481282+00	t	6	2397	17	1
385	2020-03-30 03:51:12.533754+00	2020-03-30 03:51:12.533761+00	2020-03-30 03:51:12.482139+00	t	6	2398	17	1
386	2020-03-30 03:51:12.533802+00	2020-03-30 03:51:12.533808+00	2020-03-30 03:51:12.483027+00	t	6	2399	17	1
387	2020-03-30 03:51:12.533851+00	2020-03-30 03:51:12.533857+00	2020-03-30 03:51:12.483921+00	t	6	2400	17	1
388	2020-03-30 03:51:12.533899+00	2020-03-30 03:51:12.533906+00	2020-03-30 03:51:12.484845+00	t	6	2401	17	1
389	2020-03-30 03:51:12.533948+00	2020-03-30 03:51:12.533954+00	2020-03-30 03:51:12.485692+00	t	6	2402	17	1
390	2020-03-30 03:51:12.533996+00	2020-03-30 03:51:12.534003+00	2020-03-30 03:51:12.486567+00	t	6	2403	17	1
391	2020-03-30 03:51:12.534045+00	2020-03-30 03:51:12.534051+00	2020-03-30 03:51:12.487425+00	t	6	2404	17	1
392	2020-03-30 03:51:12.534094+00	2020-03-30 03:51:12.5341+00	2020-03-30 03:51:12.488286+00	t	6	2405	17	1
393	2020-03-30 03:51:12.534142+00	2020-03-30 03:51:12.534149+00	2020-03-30 03:51:12.489148+00	t	6	2406	17	1
394	2020-03-30 03:51:12.534191+00	2020-03-30 03:51:12.534197+00	2020-03-30 03:51:12.489984+00	t	6	2407	17	1
395	2020-03-30 03:51:12.534239+00	2020-03-30 03:51:12.534246+00	2020-03-30 03:51:12.490852+00	t	6	2408	17	1
396	2020-03-30 03:51:12.534288+00	2020-03-30 03:51:12.534294+00	2020-03-30 03:51:12.491708+00	t	6	2409	17	1
397	2020-03-30 03:51:12.534337+00	2020-03-30 03:51:12.534343+00	2020-03-30 03:51:12.492565+00	t	6	2410	17	1
398	2020-03-30 03:51:12.534385+00	2020-03-30 03:51:12.534391+00	2020-03-30 03:51:12.4934+00	t	6	2411	17	1
399	2020-03-30 03:51:12.534433+00	2020-03-30 03:51:12.53444+00	2020-03-30 03:51:12.494234+00	t	6	2412	17	1
400	2020-03-30 03:51:12.534482+00	2020-03-30 03:51:12.534488+00	2020-03-30 03:51:12.495057+00	t	6	2413	17	1
401	2020-03-30 03:51:12.53453+00	2020-03-30 03:51:12.534536+00	2020-03-30 03:51:12.495888+00	t	6	2414	17	1
402	2020-03-30 03:51:12.534579+00	2020-03-30 03:51:12.534585+00	2020-03-30 03:51:12.4969+00	t	6	2415	17	1
403	2020-03-30 03:51:12.534627+00	2020-03-30 03:51:12.534634+00	2020-03-30 03:51:12.497774+00	t	6	2416	17	1
404	2020-03-30 03:51:12.534676+00	2020-03-30 03:51:12.534682+00	2020-03-30 03:51:12.498632+00	t	6	2417	17	1
405	2020-03-30 03:51:12.534724+00	2020-03-30 03:51:12.53473+00	2020-03-30 03:51:12.499472+00	t	6	2418	17	1
406	2020-03-30 03:51:12.534773+00	2020-03-30 03:51:12.534779+00	2020-03-30 03:51:12.500395+00	t	6	2419	17	1
407	2020-03-30 03:51:12.534821+00	2020-03-30 03:51:12.534827+00	2020-03-30 03:51:12.50127+00	t	6	2420	17	1
408	2020-03-30 03:51:12.534869+00	2020-03-30 03:51:12.534875+00	2020-03-30 03:51:12.502196+00	t	6	2421	17	1
409	2020-03-30 03:51:12.534917+00	2020-03-30 03:51:12.534923+00	2020-03-30 03:51:12.503093+00	t	6	2422	17	1
410	2020-03-30 03:51:12.534965+00	2020-03-30 03:51:12.534972+00	2020-03-30 03:51:12.50404+00	t	6	2424	17	1
411	2020-03-30 03:51:12.535014+00	2020-03-30 03:51:12.53502+00	2020-03-30 03:51:12.50494+00	t	6	2425	17	1
412	2020-03-30 03:51:12.535062+00	2020-03-30 03:51:12.535068+00	2020-03-30 03:51:12.505802+00	t	6	2426	17	1
413	2020-03-30 03:51:12.53511+00	2020-03-30 03:51:12.535117+00	2020-03-30 03:51:12.506701+00	t	6	2427	17	1
414	2020-03-30 03:51:12.535159+00	2020-03-30 03:51:12.535165+00	2020-03-30 03:51:12.507585+00	t	6	2428	17	1
415	2020-03-30 03:51:12.535207+00	2020-03-30 03:51:12.535213+00	2020-03-30 03:51:12.508522+00	t	6	2429	17	1
416	2020-03-30 03:51:12.535255+00	2020-03-30 03:51:12.535262+00	2020-03-30 03:51:12.509436+00	t	6	2430	17	1
417	2020-03-30 03:51:12.535303+00	2020-03-30 03:51:12.53531+00	2020-03-30 03:51:12.510326+00	t	6	2431	17	1
418	2020-03-30 03:51:12.535351+00	2020-03-30 03:51:12.535358+00	2020-03-30 03:51:12.511236+00	t	6	2432	17	1
419	2020-03-30 03:51:12.5354+00	2020-03-30 03:51:12.535406+00	2020-03-30 03:51:12.512097+00	t	6	2433	17	1
420	2020-03-30 03:51:12.535448+00	2020-03-30 03:51:12.535454+00	2020-03-30 03:51:12.513038+00	t	6	2434	17	1
421	2020-03-30 03:51:12.535496+00	2020-03-30 03:51:12.535503+00	2020-03-30 03:51:12.513977+00	t	6	2435	17	1
422	2020-03-30 03:51:12.535608+00	2020-03-30 03:51:12.535615+00	2020-03-30 03:51:12.514897+00	t	6	2436	17	1
423	2020-03-30 03:51:12.535658+00	2020-03-30 03:51:12.535665+00	2020-03-30 03:51:12.515729+00	t	6	2437	17	1
424	2020-03-30 03:51:12.535707+00	2020-03-30 03:51:12.535713+00	2020-03-30 03:51:12.51669+00	t	6	2438	17	1
425	2020-03-30 03:51:12.535756+00	2020-03-30 03:51:12.535762+00	2020-03-30 03:51:12.517571+00	t	6	2439	17	1
426	2020-03-30 03:51:12.535805+00	2020-03-30 03:51:12.535811+00	2020-03-30 03:51:12.518412+00	t	6	2440	17	1
427	2020-03-30 03:51:12.535853+00	2020-03-30 03:51:12.535859+00	2020-03-30 03:51:12.519254+00	t	6	2441	17	1
428	2020-03-30 03:51:12.535901+00	2020-03-30 03:51:12.535908+00	2020-03-30 03:51:12.520104+00	t	6	2442	17	1
429	2020-03-30 03:51:12.53595+00	2020-03-30 03:51:12.535956+00	2020-03-30 03:51:12.520995+00	t	6	2443	17	1
430	2020-03-30 03:51:12.535998+00	2020-03-30 03:51:12.536005+00	2020-03-30 03:51:12.521922+00	t	6	2445	17	1
431	2020-03-30 03:51:12.536047+00	2020-03-30 03:51:12.536053+00	2020-03-30 03:51:12.52287+00	t	6	2446	17	1
432	2020-03-30 03:51:12.536095+00	2020-03-30 03:51:12.536102+00	2020-03-30 03:51:12.523757+00	t	6	2447	17	1
433	2020-03-30 03:51:12.536144+00	2020-03-30 03:51:12.536151+00	2020-03-30 03:51:12.524691+00	t	6	2448	17	1
434	2020-03-30 03:51:12.536192+00	2020-03-30 03:51:12.536199+00	2020-03-30 03:51:12.525556+00	t	6	2449	17	1
435	2020-03-30 03:51:12.536271+00	2020-03-30 03:51:12.536281+00	2020-03-30 03:51:12.52642+00	t	6	2450	17	1
436	2020-03-30 03:51:12.536324+00	2020-03-30 03:51:12.53633+00	2020-03-30 03:51:12.527288+00	t	6	2451	17	1
437	2020-03-30 03:51:12.536383+00	2020-03-30 03:51:12.53639+00	2020-03-30 03:51:12.528208+00	t	6	2452	17	1
438	2020-03-30 03:51:12.536432+00	2020-03-30 03:51:12.536439+00	2020-03-30 03:51:12.529128+00	t	6	2453	17	1
439	2020-03-30 03:51:12.536481+00	2020-03-30 03:51:12.536487+00	2020-03-30 03:51:12.529984+00	t	6	2454	17	1
440	2020-03-30 03:51:12.536529+00	2020-03-30 03:51:12.536536+00	2020-03-30 03:51:12.530859+00	t	6	2455	17	1
441	2020-03-30 03:51:12.536578+00	2020-03-30 03:51:12.536584+00	2020-03-30 03:51:12.531709+00	t	6	2456	17	1
442	2020-03-30 03:51:12.536626+00	2020-03-30 03:51:12.536633+00	2020-03-30 03:51:12.532775+00	t	6	2457	17	1
443	2020-03-30 05:07:57.82537+00	2020-03-30 05:07:57.825396+00	2019-12-08 16:00:00+00	f	8	1524	9	1
444	2020-03-30 05:07:57.846279+00	2020-03-30 05:07:57.846307+00	2019-12-08 16:00:00+00	f	10	1645	11	1
445	2020-03-30 05:07:57.896252+00	2020-03-30 05:07:57.896287+00	2019-12-08 16:00:00+00	f	10	1645	36	1
446	2020-03-30 05:07:58.37402+00	2020-03-30 05:07:58.374042+00	2019-12-08 16:00:00+00	f	10	1607	10	1
447	2020-03-30 05:07:58.417297+00	2020-03-30 05:07:58.417314+00	2019-12-08 16:00:00+00	f	10	1607	36	1
448	2020-03-30 05:07:58.789609+00	2020-03-30 05:07:58.789629+00	2019-12-08 16:00:00+00	f	10	1706	12	1
449	2020-03-30 05:07:58.973868+00	2020-03-30 05:07:58.973891+00	2019-12-08 16:00:00+00	f	7	2697	36	1
450	2020-03-30 05:07:58.99024+00	2020-03-30 05:07:58.990261+00	2019-12-08 16:00:00+00	f	10	1725	12	1
451	2020-03-30 05:07:59.294634+00	2020-03-30 05:07:59.294656+00	2019-12-08 16:00:00+00	f	8	2457	17	1
452	2020-03-30 05:07:59.336749+00	2020-03-30 05:07:59.336769+00	2019-12-08 16:00:00+00	f	8	2457	36	1
453	2020-03-30 05:07:59.488485+00	2020-03-30 05:07:59.488502+00	2019-12-08 16:00:00+00	f	6	1484	9	1
454	2020-03-30 05:07:59.545174+00	2020-03-30 05:07:59.545195+00	2019-12-08 16:00:00+00	f	7	1486	12	1
455	2020-03-30 05:08:00.083266+00	2020-03-30 05:08:00.083292+00	2019-12-09 16:00:00+00	f	10	1762	12	1
456	2020-03-30 05:08:00.17676+00	2020-03-30 05:08:00.176785+00	2019-12-10 16:00:00+00	f	7	1526	9	1
457	2020-03-30 05:10:21.861907+00	2020-03-30 05:10:21.861938+00	2020-03-30 05:10:21.798124+00	t	6	2668	36	1
458	2020-03-30 05:10:21.862011+00	2020-03-30 05:10:21.862018+00	2020-03-30 05:10:21.799085+00	t	6	2669	36	1
459	2020-03-30 05:10:21.862062+00	2020-03-30 05:10:21.862068+00	2020-03-30 05:10:21.799961+00	t	6	2670	36	1
460	2020-03-30 05:10:21.862111+00	2020-03-30 05:10:21.862117+00	2020-03-30 05:10:21.8009+00	t	6	2671	36	1
461	2020-03-30 05:10:21.86216+00	2020-03-30 05:10:21.862166+00	2020-03-30 05:10:21.801785+00	t	6	2673	36	1
462	2020-03-30 05:10:21.862208+00	2020-03-30 05:10:21.862214+00	2020-03-30 05:10:21.802666+00	t	6	2674	36	1
463	2020-03-30 05:10:21.862256+00	2020-03-30 05:10:21.862262+00	2020-03-30 05:10:21.80352+00	t	6	2675	36	1
464	2020-03-30 05:10:21.862305+00	2020-03-30 05:10:21.862311+00	2020-03-30 05:10:21.804415+00	t	6	2676	36	1
465	2020-03-30 05:10:21.862353+00	2020-03-30 05:10:21.862359+00	2020-03-30 05:10:21.805283+00	t	6	2677	36	1
466	2020-03-30 05:10:21.862402+00	2020-03-30 05:10:21.862408+00	2020-03-30 05:10:21.806135+00	t	6	2678	36	1
467	2020-03-30 05:10:21.86245+00	2020-03-30 05:10:21.862457+00	2020-03-30 05:10:21.807093+00	t	6	2679	36	1
468	2020-03-30 05:10:21.862499+00	2020-03-30 05:10:21.862505+00	2020-03-30 05:10:21.808055+00	t	6	2680	36	1
469	2020-03-30 05:10:21.862547+00	2020-03-30 05:10:21.862553+00	2020-03-30 05:10:21.808983+00	t	6	2681	36	1
470	2020-03-30 05:10:21.862595+00	2020-03-30 05:10:21.862601+00	2020-03-30 05:10:21.809855+00	t	6	2682	36	1
471	2020-03-30 05:10:21.862643+00	2020-03-30 05:10:21.862649+00	2020-03-30 05:10:21.810859+00	t	6	2683	36	1
472	2020-03-30 05:10:21.862691+00	2020-03-30 05:10:21.862697+00	2020-03-30 05:10:21.811865+00	t	6	2684	36	1
473	2020-03-30 05:10:21.862738+00	2020-03-30 05:10:21.862745+00	2020-03-30 05:10:21.812927+00	t	6	2685	36	1
474	2020-03-30 05:10:21.862787+00	2020-03-30 05:10:21.862793+00	2020-03-30 05:10:21.813891+00	t	6	2686	36	1
475	2020-03-30 05:10:21.862835+00	2020-03-30 05:10:21.862841+00	2020-03-30 05:10:21.814829+00	t	6	2687	36	1
476	2020-03-30 05:10:21.862883+00	2020-03-30 05:10:21.862889+00	2020-03-30 05:10:21.815804+00	t	6	2688	36	1
477	2020-03-30 05:10:21.862931+00	2020-03-30 05:10:21.862937+00	2020-03-30 05:10:21.816755+00	t	6	2689	36	1
478	2020-03-30 05:10:21.862979+00	2020-03-30 05:10:21.862985+00	2020-03-30 05:10:21.81769+00	t	6	2690	36	1
479	2020-03-30 05:10:21.863027+00	2020-03-30 05:10:21.863033+00	2020-03-30 05:10:21.81862+00	t	6	2691	36	1
480	2020-03-30 05:10:21.863088+00	2020-03-30 05:10:21.863095+00	2020-03-30 05:10:21.819474+00	t	6	2693	36	1
481	2020-03-30 05:10:21.863138+00	2020-03-30 05:10:21.863144+00	2020-03-30 05:10:21.82035+00	t	6	2694	36	1
482	2020-03-30 05:10:21.863187+00	2020-03-30 05:10:21.863193+00	2020-03-30 05:10:21.821276+00	t	6	2695	36	1
483	2020-03-30 05:10:21.863235+00	2020-03-30 05:10:21.863241+00	2020-03-30 05:10:21.822152+00	t	6	2696	36	1
484	2020-03-30 05:10:21.863284+00	2020-03-30 05:10:21.86329+00	2020-03-30 05:10:21.823016+00	t	6	2698	36	1
485	2020-03-30 05:10:21.863332+00	2020-03-30 05:10:21.863339+00	2020-03-30 05:10:21.823879+00	t	6	2700	36	1
486	2020-03-30 05:10:21.863381+00	2020-03-30 05:10:21.863387+00	2020-03-30 05:10:21.824793+00	t	6	2701	36	1
487	2020-03-30 05:10:21.863429+00	2020-03-30 05:10:21.863435+00	2020-03-30 05:10:21.825662+00	t	6	2702	36	1
488	2020-03-30 05:10:21.863478+00	2020-03-30 05:10:21.863484+00	2020-03-30 05:10:21.826515+00	t	6	2703	36	1
489	2020-03-30 05:10:21.863526+00	2020-03-30 05:10:21.863532+00	2020-03-30 05:10:21.827387+00	t	6	2704	36	1
490	2020-03-30 05:10:21.863574+00	2020-03-30 05:10:21.86358+00	2020-03-30 05:10:21.82826+00	t	6	2705	36	1
491	2020-03-30 05:10:21.863622+00	2020-03-30 05:10:21.863628+00	2020-03-30 05:10:21.829156+00	t	6	2706	36	1
492	2020-03-30 05:10:21.86367+00	2020-03-30 05:10:21.863726+00	2020-03-30 05:10:21.830009+00	t	6	2707	36	1
493	2020-03-30 05:10:21.863777+00	2020-03-30 05:10:21.863784+00	2020-03-30 05:10:21.830862+00	t	6	2708	36	1
494	2020-03-30 05:10:21.863826+00	2020-03-30 05:10:21.863832+00	2020-03-30 05:10:21.83179+00	t	6	2709	36	1
495	2020-03-30 05:10:21.863874+00	2020-03-30 05:10:21.86388+00	2020-03-30 05:10:21.832682+00	t	6	2710	36	1
496	2020-03-30 05:10:21.863922+00	2020-03-30 05:10:21.863928+00	2020-03-30 05:10:21.833566+00	t	6	2711	36	1
497	2020-03-30 05:10:21.86397+00	2020-03-30 05:10:21.863976+00	2020-03-30 05:10:21.834416+00	t	6	2712	36	1
498	2020-03-30 05:10:21.864017+00	2020-03-30 05:10:21.864024+00	2020-03-30 05:10:21.83531+00	t	6	2713	36	1
499	2020-03-30 05:10:21.864066+00	2020-03-30 05:10:21.864072+00	2020-03-30 05:10:21.836188+00	t	6	2714	36	1
500	2020-03-30 05:10:21.864114+00	2020-03-30 05:10:21.86412+00	2020-03-30 05:10:21.837101+00	t	6	2715	36	1
501	2020-03-30 05:10:21.864162+00	2020-03-30 05:10:21.864168+00	2020-03-30 05:10:21.837984+00	t	6	2716	36	1
502	2020-03-30 05:10:21.864222+00	2020-03-30 05:10:21.864253+00	2020-03-30 05:10:21.838885+00	t	6	2717	36	1
503	2020-03-30 05:10:21.864304+00	2020-03-30 05:10:21.864311+00	2020-03-30 05:10:21.839773+00	t	6	2718	36	1
504	2020-03-30 05:10:21.864354+00	2020-03-30 05:10:21.86436+00	2020-03-30 05:10:21.840789+00	t	6	2719	36	1
505	2020-03-30 05:10:21.864402+00	2020-03-30 05:10:21.864408+00	2020-03-30 05:10:21.841647+00	t	6	2720	36	1
506	2020-03-30 05:10:21.86445+00	2020-03-30 05:10:21.864456+00	2020-03-30 05:10:21.842576+00	t	6	2721	36	1
507	2020-03-30 05:10:21.864498+00	2020-03-30 05:10:21.864505+00	2020-03-30 05:10:21.843437+00	t	6	2722	36	1
508	2020-03-30 05:10:21.864547+00	2020-03-30 05:10:21.864553+00	2020-03-30 05:10:21.844321+00	t	6	2723	36	1
509	2020-03-30 05:10:21.864595+00	2020-03-30 05:10:21.864601+00	2020-03-30 05:10:21.845188+00	t	6	2724	36	1
510	2020-03-30 05:10:21.864643+00	2020-03-30 05:10:21.864649+00	2020-03-30 05:10:21.846041+00	t	6	2725	36	1
511	2020-03-30 05:10:21.864692+00	2020-03-30 05:10:21.864698+00	2020-03-30 05:10:21.846893+00	t	6	2726	36	1
512	2020-03-30 05:10:21.864751+00	2020-03-30 05:10:21.864758+00	2020-03-30 05:10:21.847745+00	t	6	2727	36	1
513	2020-03-30 05:10:21.8648+00	2020-03-30 05:10:21.864806+00	2020-03-30 05:10:21.848645+00	t	6	2728	36	1
514	2020-03-30 05:10:21.864848+00	2020-03-30 05:10:21.864855+00	2020-03-30 05:10:21.849518+00	t	6	2729	36	1
515	2020-03-30 05:10:21.864897+00	2020-03-30 05:10:21.864903+00	2020-03-30 05:10:21.85038+00	t	6	2730	36	1
516	2020-03-30 05:10:21.864946+00	2020-03-30 05:10:21.864952+00	2020-03-30 05:10:21.851232+00	t	6	2731	36	1
517	2020-03-30 05:10:21.864994+00	2020-03-30 05:10:21.865+00	2020-03-30 05:10:21.852158+00	t	6	2732	36	1
518	2020-03-30 05:10:21.865042+00	2020-03-30 05:10:21.865048+00	2020-03-30 05:10:21.853224+00	t	6	2733	36	1
519	2020-03-30 05:10:21.865089+00	2020-03-30 05:10:21.865096+00	2020-03-30 05:10:21.8542+00	t	6	2734	36	1
520	2020-03-30 05:10:21.865137+00	2020-03-30 05:10:21.865143+00	2020-03-30 05:10:21.855141+00	t	6	2735	36	1
521	2020-03-30 05:10:21.865185+00	2020-03-30 05:10:21.865191+00	2020-03-30 05:10:21.856067+00	t	6	2736	36	1
522	2020-03-30 05:10:21.865233+00	2020-03-30 05:10:21.86524+00	2020-03-30 05:10:21.856981+00	t	6	2737	36	1
523	2020-03-30 05:10:21.865282+00	2020-03-30 05:10:21.865288+00	2020-03-30 05:10:21.857842+00	t	6	2738	36	1
524	2020-03-30 05:10:21.86533+00	2020-03-30 05:10:21.865336+00	2020-03-30 05:10:21.858694+00	t	6	2739	36	1
525	2020-03-30 05:10:21.865378+00	2020-03-30 05:10:21.865384+00	2020-03-30 05:10:21.859558+00	t	6	2740	36	1
526	2020-03-30 05:10:21.865426+00	2020-03-30 05:10:21.865432+00	2020-03-30 05:10:21.86046+00	t	6	2741	36	1
527	2020-03-30 05:10:21.865473+00	2020-03-30 05:10:21.86548+00	2020-03-30 05:10:21.861352+00	t	6	2742	36	1
528	2020-03-30 05:10:33.727626+00	2020-03-30 05:10:33.727651+00	2020-03-30 05:10:33.664665+00	t	6	2668	36	2
529	2020-03-30 05:10:33.727717+00	2020-03-30 05:10:33.727724+00	2020-03-30 05:10:33.665574+00	t	6	2673	36	2
530	2020-03-30 05:10:33.727768+00	2020-03-30 05:10:33.727774+00	2020-03-30 05:10:33.666423+00	t	6	2676	36	2
531	2020-03-30 05:10:33.727818+00	2020-03-30 05:10:33.727824+00	2020-03-30 05:10:33.667269+00	t	6	2680	36	2
532	2020-03-30 05:10:33.727867+00	2020-03-30 05:10:33.727873+00	2020-03-30 05:10:33.668156+00	t	6	2681	36	2
533	2020-03-30 05:10:33.727916+00	2020-03-30 05:10:33.727922+00	2020-03-30 05:10:33.669085+00	t	6	2682	36	2
534	2020-03-30 05:10:33.727965+00	2020-03-30 05:10:33.727971+00	2020-03-30 05:10:33.669929+00	t	6	2726	36	2
535	2020-03-30 05:10:33.728013+00	2020-03-30 05:10:33.72802+00	2020-03-30 05:10:33.67094+00	t	6	2727	36	2
536	2020-03-30 05:10:33.728062+00	2020-03-30 05:10:33.728069+00	2020-03-30 05:10:33.671849+00	t	6	2728	36	2
537	2020-03-30 05:10:33.728111+00	2020-03-30 05:10:33.728117+00	2020-03-30 05:10:33.672744+00	t	6	2729	36	2
538	2020-03-30 05:10:33.72816+00	2020-03-30 05:10:33.728166+00	2020-03-30 05:10:33.673591+00	t	6	2730	36	2
539	2020-03-30 05:10:33.728209+00	2020-03-30 05:10:33.728215+00	2020-03-30 05:10:33.674438+00	t	6	2731	36	2
540	2020-03-30 05:10:33.728287+00	2020-03-30 05:10:33.728295+00	2020-03-30 05:10:33.675305+00	t	6	2732	36	2
541	2020-03-30 05:10:33.728338+00	2020-03-30 05:10:33.728344+00	2020-03-30 05:10:33.676209+00	t	6	2733	36	2
542	2020-03-30 05:10:33.728386+00	2020-03-30 05:10:33.728392+00	2020-03-30 05:10:33.677221+00	t	6	2734	36	2
543	2020-03-30 05:10:33.728435+00	2020-03-30 05:10:33.728441+00	2020-03-30 05:10:33.678165+00	t	6	2735	36	2
544	2020-03-30 05:10:33.728483+00	2020-03-30 05:10:33.728489+00	2020-03-30 05:10:33.67914+00	t	6	2736	36	2
545	2020-03-30 05:10:33.728531+00	2020-03-30 05:10:33.728537+00	2020-03-30 05:10:33.680104+00	t	6	2737	36	2
546	2020-03-30 05:10:33.72858+00	2020-03-30 05:10:33.728586+00	2020-03-30 05:10:33.681057+00	t	6	2738	36	2
547	2020-03-30 05:10:33.728628+00	2020-03-30 05:10:33.728634+00	2020-03-30 05:10:33.682006+00	t	6	2739	36	2
548	2020-03-30 05:10:33.728676+00	2020-03-30 05:10:33.728683+00	2020-03-30 05:10:33.682903+00	t	6	2740	36	2
549	2020-03-30 05:10:33.728735+00	2020-03-30 05:10:33.728742+00	2020-03-30 05:10:33.683788+00	t	6	2741	36	2
550	2020-03-30 05:10:33.728785+00	2020-03-30 05:10:33.728792+00	2020-03-30 05:10:33.684684+00	t	6	2669	36	2
551	2020-03-30 05:10:33.728835+00	2020-03-30 05:10:33.728841+00	2020-03-30 05:10:33.685576+00	t	6	2670	36	2
552	2020-03-30 05:10:33.728884+00	2020-03-30 05:10:33.72889+00	2020-03-30 05:10:33.686419+00	t	6	2671	36	2
553	2020-03-30 05:10:33.728932+00	2020-03-30 05:10:33.728939+00	2020-03-30 05:10:33.687264+00	t	6	2674	36	2
554	2020-03-30 05:10:33.728982+00	2020-03-30 05:10:33.728988+00	2020-03-30 05:10:33.688134+00	t	6	2675	36	2
555	2020-03-30 05:10:33.72903+00	2020-03-30 05:10:33.729037+00	2020-03-30 05:10:33.689043+00	t	6	2677	36	2
556	2020-03-30 05:10:33.729079+00	2020-03-30 05:10:33.729086+00	2020-03-30 05:10:33.689891+00	t	6	2678	36	2
557	2020-03-30 05:10:33.729128+00	2020-03-30 05:10:33.729134+00	2020-03-30 05:10:33.690816+00	t	6	2679	36	2
558	2020-03-30 05:10:33.729176+00	2020-03-30 05:10:33.729183+00	2020-03-30 05:10:33.691809+00	t	6	2683	36	2
559	2020-03-30 05:10:33.729225+00	2020-03-30 05:10:33.729232+00	2020-03-30 05:10:33.692707+00	t	6	2684	36	2
560	2020-03-30 05:10:33.729274+00	2020-03-30 05:10:33.729281+00	2020-03-30 05:10:33.693624+00	t	6	2685	36	2
561	2020-03-30 05:10:33.729323+00	2020-03-30 05:10:33.72933+00	2020-03-30 05:10:33.694528+00	t	6	2686	36	2
562	2020-03-30 05:10:33.729372+00	2020-03-30 05:10:33.729378+00	2020-03-30 05:10:33.695409+00	t	6	2687	36	2
563	2020-03-30 05:10:33.729421+00	2020-03-30 05:10:33.729427+00	2020-03-30 05:10:33.696278+00	t	6	2688	36	2
564	2020-03-30 05:10:33.729469+00	2020-03-30 05:10:33.729476+00	2020-03-30 05:10:33.697166+00	t	6	2689	36	2
565	2020-03-30 05:10:33.729518+00	2020-03-30 05:10:33.729524+00	2020-03-30 05:10:33.698029+00	t	6	2690	36	2
566	2020-03-30 05:10:33.729566+00	2020-03-30 05:10:33.729573+00	2020-03-30 05:10:33.698873+00	t	6	2691	36	2
567	2020-03-30 05:10:33.729615+00	2020-03-30 05:10:33.729621+00	2020-03-30 05:10:33.699736+00	t	6	2693	36	2
568	2020-03-30 05:10:33.729663+00	2020-03-30 05:10:33.72967+00	2020-03-30 05:10:33.700613+00	t	6	2694	36	2
569	2020-03-30 05:10:33.729712+00	2020-03-30 05:10:33.729719+00	2020-03-30 05:10:33.701541+00	t	6	2695	36	2
570	2020-03-30 05:10:33.729761+00	2020-03-30 05:10:33.729767+00	2020-03-30 05:10:33.702406+00	t	6	2696	36	2
571	2020-03-30 05:10:33.72981+00	2020-03-30 05:10:33.729816+00	2020-03-30 05:10:33.70328+00	t	6	2698	36	2
572	2020-03-30 05:10:33.729858+00	2020-03-30 05:10:33.729865+00	2020-03-30 05:10:33.704244+00	t	6	2700	36	2
573	2020-03-30 05:10:33.729907+00	2020-03-30 05:10:33.729914+00	2020-03-30 05:10:33.705138+00	t	6	2701	36	2
574	2020-03-30 05:10:33.729956+00	2020-03-30 05:10:33.729963+00	2020-03-30 05:10:33.706049+00	t	6	2702	36	2
575	2020-03-30 05:10:33.730005+00	2020-03-30 05:10:33.730011+00	2020-03-30 05:10:33.706918+00	t	6	2703	36	2
576	2020-03-30 05:10:33.730053+00	2020-03-30 05:10:33.73006+00	2020-03-30 05:10:33.707764+00	t	6	2704	36	2
577	2020-03-30 05:10:33.730102+00	2020-03-30 05:10:33.730109+00	2020-03-30 05:10:33.708669+00	t	6	2705	36	2
578	2020-03-30 05:10:33.730151+00	2020-03-30 05:10:33.730157+00	2020-03-30 05:10:33.709528+00	t	6	2706	36	2
579	2020-03-30 05:10:33.730199+00	2020-03-30 05:10:33.730206+00	2020-03-30 05:10:33.710415+00	t	6	2707	36	2
580	2020-03-30 05:10:33.730248+00	2020-03-30 05:10:33.730255+00	2020-03-30 05:10:33.711288+00	t	6	2708	36	2
581	2020-03-30 05:10:33.730297+00	2020-03-30 05:10:33.730303+00	2020-03-30 05:10:33.712131+00	t	6	2709	36	2
582	2020-03-30 05:10:33.730346+00	2020-03-30 05:10:33.730352+00	2020-03-30 05:10:33.713021+00	t	6	2710	36	2
583	2020-03-30 05:10:33.730394+00	2020-03-30 05:10:33.730401+00	2020-03-30 05:10:33.713918+00	t	6	2711	36	2
584	2020-03-30 05:10:33.730443+00	2020-03-30 05:10:33.73045+00	2020-03-30 05:10:33.714786+00	t	6	2712	36	2
585	2020-03-30 05:10:33.730492+00	2020-03-30 05:10:33.730498+00	2020-03-30 05:10:33.715634+00	t	6	2713	36	2
586	2020-03-30 05:10:33.73054+00	2020-03-30 05:10:33.730547+00	2020-03-30 05:10:33.716505+00	t	6	2714	36	2
587	2020-03-30 05:10:33.73059+00	2020-03-30 05:10:33.730596+00	2020-03-30 05:10:33.717367+00	t	6	2715	36	2
588	2020-03-30 05:10:33.730639+00	2020-03-30 05:10:33.730645+00	2020-03-30 05:10:33.718225+00	t	6	2716	36	2
589	2020-03-30 05:10:33.730687+00	2020-03-30 05:10:33.730694+00	2020-03-30 05:10:33.719197+00	t	6	2717	36	2
590	2020-03-30 05:10:33.730761+00	2020-03-30 05:10:33.730771+00	2020-03-30 05:10:33.720042+00	t	6	2718	36	2
591	2020-03-30 05:10:33.730815+00	2020-03-30 05:10:33.730821+00	2020-03-30 05:10:33.72096+00	t	6	2719	36	2
592	2020-03-30 05:10:33.730864+00	2020-03-30 05:10:33.73087+00	2020-03-30 05:10:33.721805+00	t	6	2720	36	2
593	2020-03-30 05:10:33.730912+00	2020-03-30 05:10:33.730918+00	2020-03-30 05:10:33.722754+00	t	6	2721	36	2
594	2020-03-30 05:10:33.73096+00	2020-03-30 05:10:33.730967+00	2020-03-30 05:10:33.723621+00	t	6	2722	36	2
595	2020-03-30 05:10:33.731009+00	2020-03-30 05:10:33.731015+00	2020-03-30 05:10:33.724557+00	t	6	2723	36	2
596	2020-03-30 05:10:33.731058+00	2020-03-30 05:10:33.731064+00	2020-03-30 05:10:33.725434+00	t	6	2724	36	2
597	2020-03-30 05:10:33.731107+00	2020-03-30 05:10:33.731113+00	2020-03-30 05:10:33.726295+00	t	6	2725	36	2
598	2020-03-30 05:10:33.731155+00	2020-03-30 05:10:33.731161+00	2020-03-30 05:10:33.727198+00	t	6	2742	36	2
599	2020-04-06 03:26:09.95067+00	2020-04-06 03:26:09.950699+00	2019-12-15 16:00:00+00	f	8	1580	10	1
600	2020-04-06 03:26:10.814796+00	2020-04-06 03:26:10.814826+00	2019-12-15 16:00:00+00	f	8	1754	12	1
601	2020-04-06 03:26:11.645712+00	2020-04-06 03:26:11.645734+00	2019-12-15 16:00:00+00	f	7	1872	14	1
602	2020-04-06 03:26:11.683306+00	2020-04-06 03:26:11.683324+00	2019-12-15 16:00:00+00	f	7	1872	42	1
603	2020-04-06 03:26:12.221458+00	2020-04-06 03:26:12.221486+00	2019-12-15 16:00:00+00	f	8	1546	12	1
604	2020-04-06 03:26:13.230248+00	2020-04-06 03:26:13.230273+00	2019-12-22 16:00:00+00	f	7	1688	11	1
605	2020-04-06 03:26:14.093661+00	2020-04-06 03:26:14.09368+00	2019-12-22 16:00:00+00	f	7	2343	16	1
606	2020-04-06 03:26:14.13087+00	2020-04-06 03:26:14.130886+00	2019-12-22 16:00:00+00	f	7	2343	43	1
607	2020-04-06 03:26:14.145205+00	2020-04-06 03:26:14.145221+00	2019-12-22 16:00:00+00	f	7	1911	15	1
608	2020-04-06 03:26:14.184035+00	2020-04-06 03:26:14.184051+00	2019-12-22 16:00:00+00	f	7	1911	43	1
609	2020-04-06 03:26:14.754079+00	2020-04-06 03:26:14.754108+00	2019-12-22 16:00:00+00	f	7	1746	12	1
610	2020-04-06 03:26:14.8188+00	2020-04-06 03:26:14.818828+00	2019-12-22 16:00:00+00	f	7	1746	43	1
611	2020-04-06 03:26:15.442173+00	2020-04-06 03:26:15.442204+00	2019-12-22 16:00:00+00	f	8	1897	14	1
612	2020-04-06 03:26:16.146921+00	2020-04-06 03:26:16.14697+00	2019-12-23 16:00:00+00	f	8	1692	11	1
613	2020-04-06 03:35:13.498016+00	2020-04-06 03:35:13.498037+00	2020-04-06 03:35:13.497724+00	f	6	2803	42	1
614	2020-04-06 03:35:33.873609+00	2020-04-06 03:35:33.873634+00	2020-04-06 03:35:33.873289+00	f	6	2771	42	1
615	2020-04-06 03:38:13.779507+00	2020-04-06 03:38:13.779538+00	2020-04-06 03:38:13.718754+00	t	6	2743	42	1
616	2020-04-06 03:38:13.779609+00	2020-04-06 03:38:13.779617+00	2020-04-06 03:38:13.719725+00	t	6	2744	42	1
617	2020-04-06 03:38:13.77966+00	2020-04-06 03:38:13.779667+00	2020-04-06 03:38:13.72061+00	t	6	2745	42	1
618	2020-04-06 03:38:13.779709+00	2020-04-06 03:38:13.779715+00	2020-04-06 03:38:13.721478+00	t	6	2746	42	1
619	2020-04-06 03:38:13.779757+00	2020-04-06 03:38:13.779764+00	2020-04-06 03:38:13.722351+00	t	6	2747	42	1
620	2020-04-06 03:38:13.779806+00	2020-04-06 03:38:13.779812+00	2020-04-06 03:38:13.72326+00	t	6	2748	42	1
621	2020-04-06 03:38:13.779854+00	2020-04-06 03:38:13.77986+00	2020-04-06 03:38:13.724138+00	t	6	2749	42	1
622	2020-04-06 03:38:13.779903+00	2020-04-06 03:38:13.779909+00	2020-04-06 03:38:13.725043+00	t	6	2750	42	1
623	2020-04-06 03:38:13.779951+00	2020-04-06 03:38:13.779958+00	2020-04-06 03:38:13.725905+00	t	6	2751	42	1
624	2020-04-06 03:38:13.779999+00	2020-04-06 03:38:13.780006+00	2020-04-06 03:38:13.726808+00	t	6	2753	42	1
625	2020-04-06 03:38:13.780048+00	2020-04-06 03:38:13.780055+00	2020-04-06 03:38:13.727678+00	t	6	2754	42	1
626	2020-04-06 03:38:13.780096+00	2020-04-06 03:38:13.780102+00	2020-04-06 03:38:13.728551+00	t	6	2755	42	1
627	2020-04-06 03:38:13.780144+00	2020-04-06 03:38:13.780151+00	2020-04-06 03:38:13.72993+00	t	6	2756	42	1
628	2020-04-06 03:38:13.780193+00	2020-04-06 03:38:13.780199+00	2020-04-06 03:38:13.731022+00	t	6	2757	42	1
629	2020-04-06 03:38:13.780241+00	2020-04-06 03:38:13.780247+00	2020-04-06 03:38:13.731981+00	t	6	2758	42	1
630	2020-04-06 03:38:13.78029+00	2020-04-06 03:38:13.780296+00	2020-04-06 03:38:13.732847+00	t	6	2759	42	1
631	2020-04-06 03:38:13.780338+00	2020-04-06 03:38:13.780344+00	2020-04-06 03:38:13.733699+00	t	6	2760	42	1
632	2020-04-06 03:38:13.780386+00	2020-04-06 03:38:13.780392+00	2020-04-06 03:38:13.734603+00	t	6	2761	42	1
633	2020-04-06 03:38:13.780434+00	2020-04-06 03:38:13.780441+00	2020-04-06 03:38:13.735454+00	t	6	2762	42	1
634	2020-04-06 03:38:13.780483+00	2020-04-06 03:38:13.780489+00	2020-04-06 03:38:13.736304+00	t	6	2763	42	1
635	2020-04-06 03:38:13.780539+00	2020-04-06 03:38:13.780547+00	2020-04-06 03:38:13.737186+00	t	6	2764	42	1
636	2020-04-06 03:38:13.780591+00	2020-04-06 03:38:13.780597+00	2020-04-06 03:38:13.738069+00	t	6	2765	42	1
637	2020-04-06 03:38:13.780639+00	2020-04-06 03:38:13.780645+00	2020-04-06 03:38:13.738968+00	t	6	2766	42	1
638	2020-04-06 03:38:13.780687+00	2020-04-06 03:38:13.780693+00	2020-04-06 03:38:13.73982+00	t	6	2767	42	1
639	2020-04-06 03:38:13.780735+00	2020-04-06 03:38:13.780741+00	2020-04-06 03:38:13.740681+00	t	6	2768	42	1
640	2020-04-06 03:38:13.780783+00	2020-04-06 03:38:13.780789+00	2020-04-06 03:38:13.741531+00	t	6	2769	42	1
641	2020-04-06 03:38:13.780831+00	2020-04-06 03:38:13.780838+00	2020-04-06 03:38:13.742413+00	t	6	2770	42	1
642	2020-04-06 03:38:13.78088+00	2020-04-06 03:38:13.780886+00	2020-04-06 03:38:13.743272+00	t	6	2773	42	1
643	2020-04-06 03:38:13.780928+00	2020-04-06 03:38:13.780935+00	2020-04-06 03:38:13.744138+00	t	6	2774	42	1
644	2020-04-06 03:38:13.780977+00	2020-04-06 03:38:13.780983+00	2020-04-06 03:38:13.745015+00	t	6	2775	42	1
645	2020-04-06 03:38:13.781024+00	2020-04-06 03:38:13.781031+00	2020-04-06 03:38:13.745876+00	t	6	2776	42	1
646	2020-04-06 03:38:13.781072+00	2020-04-06 03:38:13.781078+00	2020-04-06 03:38:13.746761+00	t	6	2777	42	1
647	2020-04-06 03:38:13.78112+00	2020-04-06 03:38:13.781126+00	2020-04-06 03:38:13.74761+00	t	6	2778	42	1
648	2020-04-06 03:38:13.781168+00	2020-04-06 03:38:13.781174+00	2020-04-06 03:38:13.74846+00	t	6	2779	42	1
649	2020-04-06 03:38:13.781215+00	2020-04-06 03:38:13.781222+00	2020-04-06 03:38:13.749326+00	t	6	2780	42	1
650	2020-04-06 03:38:13.781263+00	2020-04-06 03:38:13.78127+00	2020-04-06 03:38:13.750187+00	t	6	2781	42	1
651	2020-04-06 03:38:13.781311+00	2020-04-06 03:38:13.781317+00	2020-04-06 03:38:13.751097+00	t	6	2782	42	1
652	2020-04-06 03:38:13.781359+00	2020-04-06 03:38:13.781365+00	2020-04-06 03:38:13.751948+00	t	6	2783	42	1
653	2020-04-06 03:38:13.781407+00	2020-04-06 03:38:13.781413+00	2020-04-06 03:38:13.752819+00	t	6	2784	42	1
654	2020-04-06 03:38:13.781455+00	2020-04-06 03:38:13.781461+00	2020-04-06 03:38:13.75367+00	t	6	2785	42	1
655	2020-04-06 03:38:13.781502+00	2020-04-06 03:38:13.781508+00	2020-04-06 03:38:13.754572+00	t	6	2786	42	1
656	2020-04-06 03:38:13.78155+00	2020-04-06 03:38:13.781556+00	2020-04-06 03:38:13.755435+00	t	6	2787	42	1
657	2020-04-06 03:38:13.781598+00	2020-04-06 03:38:13.781604+00	2020-04-06 03:38:13.756295+00	t	6	2788	42	1
658	2020-04-06 03:38:13.781645+00	2020-04-06 03:38:13.781652+00	2020-04-06 03:38:13.757162+00	t	6	2790	42	1
659	2020-04-06 03:38:13.781693+00	2020-04-06 03:38:13.7817+00	2020-04-06 03:38:13.758013+00	t	6	2791	42	1
660	2020-04-06 03:38:13.781741+00	2020-04-06 03:38:13.781748+00	2020-04-06 03:38:13.758913+00	t	6	2792	42	1
661	2020-04-06 03:38:13.78179+00	2020-04-06 03:38:13.781796+00	2020-04-06 03:38:13.75979+00	t	6	2793	42	1
662	2020-04-06 03:38:13.781837+00	2020-04-06 03:38:13.781844+00	2020-04-06 03:38:13.760664+00	t	6	2794	42	1
663	2020-04-06 03:38:13.781885+00	2020-04-06 03:38:13.781891+00	2020-04-06 03:38:13.761517+00	t	6	2795	42	1
664	2020-04-06 03:38:13.781941+00	2020-04-06 03:38:13.781947+00	2020-04-06 03:38:13.762401+00	t	6	2796	42	1
665	2020-04-06 03:38:13.781989+00	2020-04-06 03:38:13.781996+00	2020-04-06 03:38:13.763281+00	t	6	2797	42	1
666	2020-04-06 03:38:13.782037+00	2020-04-06 03:38:13.782043+00	2020-04-06 03:38:13.764143+00	t	6	2798	42	1
667	2020-04-06 03:38:13.782085+00	2020-04-06 03:38:13.782091+00	2020-04-06 03:38:13.765011+00	t	6	2799	42	1
668	2020-04-06 03:38:13.782133+00	2020-04-06 03:38:13.782139+00	2020-04-06 03:38:13.765861+00	t	6	2800	42	1
669	2020-04-06 03:38:13.78218+00	2020-04-06 03:38:13.782187+00	2020-04-06 03:38:13.766746+00	t	6	2801	42	1
670	2020-04-06 03:38:13.782228+00	2020-04-06 03:38:13.782235+00	2020-04-06 03:38:13.767607+00	t	6	2802	42	1
671	2020-04-06 03:38:13.782276+00	2020-04-06 03:38:13.782282+00	2020-04-06 03:38:13.768528+00	t	6	2805	42	1
672	2020-04-06 03:38:13.782324+00	2020-04-06 03:38:13.78233+00	2020-04-06 03:38:13.769393+00	t	6	2806	42	1
673	2020-04-06 03:38:13.782372+00	2020-04-06 03:38:13.782434+00	2020-04-06 03:38:13.770239+00	t	6	2807	42	1
674	2020-04-06 03:38:13.782485+00	2020-04-06 03:38:13.782492+00	2020-04-06 03:38:13.771128+00	t	6	2808	42	1
675	2020-04-06 03:38:13.782534+00	2020-04-06 03:38:13.782541+00	2020-04-06 03:38:13.771987+00	t	6	2809	42	1
676	2020-04-06 03:38:13.782582+00	2020-04-06 03:38:13.782589+00	2020-04-06 03:38:13.772847+00	t	6	2810	42	1
677	2020-04-06 03:38:13.782631+00	2020-04-06 03:38:13.782637+00	2020-04-06 03:38:13.773704+00	t	6	2811	42	1
678	2020-04-06 03:38:13.782679+00	2020-04-06 03:38:13.782685+00	2020-04-06 03:38:13.774571+00	t	6	2813	42	1
679	2020-04-06 03:38:13.782727+00	2020-04-06 03:38:13.782733+00	2020-04-06 03:38:13.775433+00	t	6	2814	42	1
680	2020-04-06 03:38:13.782774+00	2020-04-06 03:38:13.782781+00	2020-04-06 03:38:13.776296+00	t	6	2815	42	1
681	2020-04-06 03:38:13.782823+00	2020-04-06 03:38:13.782829+00	2020-04-06 03:38:13.777174+00	t	6	2816	42	1
682	2020-04-06 03:38:13.782871+00	2020-04-06 03:38:13.782877+00	2020-04-06 03:38:13.778037+00	t	6	2817	42	1
683	2020-04-06 03:38:13.782918+00	2020-04-06 03:38:13.782925+00	2020-04-06 03:38:13.778929+00	t	6	2818	42	1
684	2020-04-06 03:38:59.831783+00	2020-04-06 03:38:59.831804+00	2020-04-06 03:38:59.765232+00	t	6	2744	42	2
685	2020-04-06 03:38:59.83187+00	2020-04-06 03:38:59.831878+00	2020-04-06 03:38:59.766117+00	t	6	2743	42	2
686	2020-04-06 03:38:59.831921+00	2020-04-06 03:38:59.831927+00	2020-04-06 03:38:59.767044+00	t	6	2745	42	2
687	2020-04-06 03:38:59.831969+00	2020-04-06 03:38:59.831975+00	2020-04-06 03:38:59.767944+00	t	6	2746	42	2
688	2020-04-06 03:38:59.832017+00	2020-04-06 03:38:59.832023+00	2020-04-06 03:38:59.769308+00	t	6	2747	42	2
689	2020-04-06 03:38:59.832065+00	2020-04-06 03:38:59.832071+00	2020-04-06 03:38:59.770253+00	t	6	2748	42	2
690	2020-04-06 03:38:59.832112+00	2020-04-06 03:38:59.832119+00	2020-04-06 03:38:59.771152+00	t	6	2749	42	2
691	2020-04-06 03:38:59.83216+00	2020-04-06 03:38:59.832167+00	2020-04-06 03:38:59.772044+00	t	6	2750	42	2
692	2020-04-06 03:38:59.832208+00	2020-04-06 03:38:59.832214+00	2020-04-06 03:38:59.772927+00	t	6	2751	42	2
693	2020-04-06 03:38:59.832256+00	2020-04-06 03:38:59.832262+00	2020-04-06 03:38:59.773942+00	t	6	2753	42	2
694	2020-04-06 03:38:59.832303+00	2020-04-06 03:38:59.832309+00	2020-04-06 03:38:59.776195+00	t	6	2754	42	2
695	2020-04-06 03:38:59.83235+00	2020-04-06 03:38:59.832356+00	2020-04-06 03:38:59.7772+00	t	6	2755	42	2
696	2020-04-06 03:38:59.832397+00	2020-04-06 03:38:59.832403+00	2020-04-06 03:38:59.778085+00	t	6	2756	42	2
697	2020-04-06 03:38:59.832445+00	2020-04-06 03:38:59.832451+00	2020-04-06 03:38:59.779932+00	t	6	2757	42	2
698	2020-04-06 03:38:59.832493+00	2020-04-06 03:38:59.832499+00	2020-04-06 03:38:59.781533+00	t	6	2758	42	2
699	2020-04-06 03:38:59.832541+00	2020-04-06 03:38:59.832547+00	2020-04-06 03:38:59.782715+00	t	6	2759	42	2
700	2020-04-06 03:38:59.832601+00	2020-04-06 03:38:59.832607+00	2020-04-06 03:38:59.784855+00	t	6	2760	42	2
701	2020-04-06 03:38:59.832649+00	2020-04-06 03:38:59.832656+00	2020-04-06 03:38:59.785839+00	t	6	2761	42	2
702	2020-04-06 03:38:59.832697+00	2020-04-06 03:38:59.832703+00	2020-04-06 03:38:59.786744+00	t	6	2762	42	2
703	2020-04-06 03:38:59.832745+00	2020-04-06 03:38:59.832751+00	2020-04-06 03:38:59.787669+00	t	6	2763	42	2
704	2020-04-06 03:38:59.832792+00	2020-04-06 03:38:59.832798+00	2020-04-06 03:38:59.788548+00	t	6	2764	42	2
705	2020-04-06 03:38:59.832839+00	2020-04-06 03:38:59.832846+00	2020-04-06 03:38:59.78947+00	t	6	2765	42	2
706	2020-04-06 03:38:59.832887+00	2020-04-06 03:38:59.832893+00	2020-04-06 03:38:59.790338+00	t	6	2766	42	2
707	2020-04-06 03:38:59.83294+00	2020-04-06 03:38:59.832946+00	2020-04-06 03:38:59.791233+00	t	6	2767	42	2
708	2020-04-06 03:38:59.832987+00	2020-04-06 03:38:59.832994+00	2020-04-06 03:38:59.792108+00	t	6	2768	42	2
709	2020-04-06 03:38:59.833035+00	2020-04-06 03:38:59.833042+00	2020-04-06 03:38:59.793014+00	t	6	2769	42	2
710	2020-04-06 03:38:59.833083+00	2020-04-06 03:38:59.833089+00	2020-04-06 03:38:59.794047+00	t	6	2770	42	2
711	2020-04-06 03:38:59.83313+00	2020-04-06 03:38:59.833136+00	2020-04-06 03:38:59.794949+00	t	6	2773	42	2
712	2020-04-06 03:38:59.833177+00	2020-04-06 03:38:59.833183+00	2020-04-06 03:38:59.795822+00	t	6	2774	42	2
713	2020-04-06 03:38:59.833225+00	2020-04-06 03:38:59.833231+00	2020-04-06 03:38:59.796683+00	t	6	2775	42	2
714	2020-04-06 03:38:59.833272+00	2020-04-06 03:38:59.833278+00	2020-04-06 03:38:59.797601+00	t	6	2776	42	2
715	2020-04-06 03:38:59.833319+00	2020-04-06 03:38:59.833325+00	2020-04-06 03:38:59.798495+00	t	6	2777	42	2
716	2020-04-06 03:38:59.833366+00	2020-04-06 03:38:59.833373+00	2020-04-06 03:38:59.799349+00	t	6	2778	42	2
717	2020-04-06 03:38:59.833413+00	2020-04-06 03:38:59.833419+00	2020-04-06 03:38:59.8002+00	t	6	2779	42	2
718	2020-04-06 03:38:59.833461+00	2020-04-06 03:38:59.833467+00	2020-04-06 03:38:59.801068+00	t	6	2780	42	2
719	2020-04-06 03:38:59.833508+00	2020-04-06 03:38:59.833514+00	2020-04-06 03:38:59.801912+00	t	6	2781	42	2
720	2020-04-06 03:38:59.833555+00	2020-04-06 03:38:59.833561+00	2020-04-06 03:38:59.802807+00	t	6	2782	42	2
721	2020-04-06 03:38:59.833602+00	2020-04-06 03:38:59.833609+00	2020-04-06 03:38:59.803654+00	t	6	2783	42	2
722	2020-04-06 03:38:59.833649+00	2020-04-06 03:38:59.833655+00	2020-04-06 03:38:59.804624+00	t	6	2784	42	2
723	2020-04-06 03:38:59.833697+00	2020-04-06 03:38:59.833703+00	2020-04-06 03:38:59.805479+00	t	6	2785	42	2
724	2020-04-06 03:38:59.833744+00	2020-04-06 03:38:59.83375+00	2020-04-06 03:38:59.806335+00	t	6	2786	42	2
725	2020-04-06 03:38:59.833791+00	2020-04-06 03:38:59.833797+00	2020-04-06 03:38:59.807225+00	t	6	2787	42	2
726	2020-04-06 03:38:59.833839+00	2020-04-06 03:38:59.833845+00	2020-04-06 03:38:59.808064+00	t	6	2788	42	2
727	2020-04-06 03:38:59.833885+00	2020-04-06 03:38:59.833891+00	2020-04-06 03:38:59.808936+00	t	6	2790	42	2
728	2020-04-06 03:38:59.833932+00	2020-04-06 03:38:59.833938+00	2020-04-06 03:38:59.809809+00	t	6	2791	42	2
729	2020-04-06 03:38:59.833979+00	2020-04-06 03:38:59.833986+00	2020-04-06 03:38:59.810659+00	t	6	2792	42	2
730	2020-04-06 03:38:59.834027+00	2020-04-06 03:38:59.834034+00	2020-04-06 03:38:59.811501+00	t	6	2793	42	2
731	2020-04-06 03:38:59.834075+00	2020-04-06 03:38:59.834081+00	2020-04-06 03:38:59.812383+00	t	6	2794	42	2
732	2020-04-06 03:38:59.834122+00	2020-04-06 03:38:59.834129+00	2020-04-06 03:38:59.813285+00	t	6	2795	42	2
733	2020-04-06 03:38:59.83417+00	2020-04-06 03:38:59.834176+00	2020-04-06 03:38:59.814236+00	t	6	2796	42	2
734	2020-04-06 03:38:59.834216+00	2020-04-06 03:38:59.834222+00	2020-04-06 03:38:59.815139+00	t	6	2797	42	2
735	2020-04-06 03:38:59.834264+00	2020-04-06 03:38:59.83427+00	2020-04-06 03:38:59.816024+00	t	6	2798	42	2
736	2020-04-06 03:38:59.834311+00	2020-04-06 03:38:59.834317+00	2020-04-06 03:38:59.816881+00	t	6	2799	42	2
737	2020-04-06 03:38:59.834358+00	2020-04-06 03:38:59.834364+00	2020-04-06 03:38:59.817728+00	t	6	2800	42	2
738	2020-04-06 03:38:59.834439+00	2020-04-06 03:38:59.834447+00	2020-04-06 03:38:59.818615+00	t	6	2801	42	2
739	2020-04-06 03:38:59.834489+00	2020-04-06 03:38:59.834496+00	2020-04-06 03:38:59.819465+00	t	6	2802	42	2
740	2020-04-06 03:38:59.834537+00	2020-04-06 03:38:59.834543+00	2020-04-06 03:38:59.820426+00	t	6	2805	42	2
741	2020-04-06 03:38:59.834586+00	2020-04-06 03:38:59.834592+00	2020-04-06 03:38:59.821318+00	t	6	2806	42	2
742	2020-04-06 03:38:59.834633+00	2020-04-06 03:38:59.834639+00	2020-04-06 03:38:59.822213+00	t	6	2807	42	2
743	2020-04-06 03:38:59.834682+00	2020-04-06 03:38:59.834688+00	2020-04-06 03:38:59.823147+00	t	6	2808	42	2
744	2020-04-06 03:38:59.834729+00	2020-04-06 03:38:59.834735+00	2020-04-06 03:38:59.824015+00	t	6	2809	42	2
745	2020-04-06 03:38:59.834777+00	2020-04-06 03:38:59.834783+00	2020-04-06 03:38:59.824885+00	t	6	2810	42	2
746	2020-04-06 03:38:59.834825+00	2020-04-06 03:38:59.834831+00	2020-04-06 03:38:59.825782+00	t	6	2811	42	2
747	2020-04-06 03:38:59.834872+00	2020-04-06 03:38:59.834878+00	2020-04-06 03:38:59.826664+00	t	6	2813	42	2
748	2020-04-06 03:38:59.834919+00	2020-04-06 03:38:59.834926+00	2020-04-06 03:38:59.827541+00	t	6	2814	42	2
749	2020-04-06 03:38:59.834967+00	2020-04-06 03:38:59.834973+00	2020-04-06 03:38:59.828392+00	t	6	2815	42	2
750	2020-04-06 03:38:59.835014+00	2020-04-06 03:38:59.83502+00	2020-04-06 03:38:59.829274+00	t	6	2816	42	2
751	2020-04-06 03:38:59.835062+00	2020-04-06 03:38:59.835068+00	2020-04-06 03:38:59.830143+00	t	6	2817	42	2
752	2020-04-06 03:38:59.835109+00	2020-04-06 03:38:59.835115+00	2020-04-06 03:38:59.831203+00	t	6	2818	42	2
753	2020-04-06 03:43:22.926883+00	2020-04-06 03:43:22.92691+00	2020-04-06 03:43:22.926525+00	f	6	2842	43	1
754	2020-04-06 03:43:51.738928+00	2020-04-06 03:43:51.73895+00	2020-04-06 03:43:51.670826+00	t	6	2819	43	1
755	2020-04-06 03:43:51.739017+00	2020-04-06 03:43:51.739024+00	2020-04-06 03:43:51.671738+00	t	6	2820	43	1
756	2020-04-06 03:43:51.739068+00	2020-04-06 03:43:51.739074+00	2020-04-06 03:43:51.672586+00	t	6	2821	43	1
757	2020-04-06 03:43:51.739118+00	2020-04-06 03:43:51.739124+00	2020-04-06 03:43:51.67403+00	t	6	2822	43	1
758	2020-04-06 03:43:51.739167+00	2020-04-06 03:43:51.739173+00	2020-04-06 03:43:51.675229+00	t	6	2823	43	1
759	2020-04-06 03:43:51.739215+00	2020-04-06 03:43:51.739222+00	2020-04-06 03:43:51.676234+00	t	6	2824	43	1
760	2020-04-06 03:43:51.739264+00	2020-04-06 03:43:51.73927+00	2020-04-06 03:43:51.677623+00	t	6	2825	43	1
761	2020-04-06 03:43:51.739312+00	2020-04-06 03:43:51.739318+00	2020-04-06 03:43:51.678713+00	t	6	2826	43	1
762	2020-04-06 03:43:51.73936+00	2020-04-06 03:43:51.739367+00	2020-04-06 03:43:51.679644+00	t	6	2827	43	1
763	2020-04-06 03:43:51.739409+00	2020-04-06 03:43:51.739415+00	2020-04-06 03:43:51.680609+00	t	6	2828	43	1
764	2020-04-06 03:43:51.739458+00	2020-04-06 03:43:51.739464+00	2020-04-06 03:43:51.681607+00	t	6	2829	43	1
765	2020-04-06 03:43:51.739506+00	2020-04-06 03:43:51.739513+00	2020-04-06 03:43:51.682561+00	t	6	2830	43	1
766	2020-04-06 03:43:51.739555+00	2020-04-06 03:43:51.739561+00	2020-04-06 03:43:51.683546+00	t	6	2831	43	1
767	2020-04-06 03:43:51.739603+00	2020-04-06 03:43:51.739609+00	2020-04-06 03:43:51.684482+00	t	6	2832	43	1
768	2020-04-06 03:43:51.739651+00	2020-04-06 03:43:51.739658+00	2020-04-06 03:43:51.685435+00	t	6	2833	43	1
769	2020-04-06 03:43:51.739699+00	2020-04-06 03:43:51.739706+00	2020-04-06 03:43:51.686421+00	t	6	2834	43	1
770	2020-04-06 03:43:51.739748+00	2020-04-06 03:43:51.739754+00	2020-04-06 03:43:51.687346+00	t	6	2835	43	1
771	2020-04-06 03:43:51.739795+00	2020-04-06 03:43:51.739801+00	2020-04-06 03:43:51.688213+00	t	6	2836	43	1
772	2020-04-06 03:43:51.739843+00	2020-04-06 03:43:51.739849+00	2020-04-06 03:43:51.689091+00	t	6	2837	43	1
773	2020-04-06 03:43:51.739891+00	2020-04-06 03:43:51.739898+00	2020-04-06 03:43:51.689942+00	t	6	2838	43	1
774	2020-04-06 03:43:51.739939+00	2020-04-06 03:43:51.739945+00	2020-04-06 03:43:51.691064+00	t	6	2839	43	1
775	2020-04-06 03:43:51.739987+00	2020-04-06 03:43:51.739993+00	2020-04-06 03:43:51.692342+00	t	6	2840	43	1
776	2020-04-06 03:43:51.740035+00	2020-04-06 03:43:51.740041+00	2020-04-06 03:43:51.693444+00	t	6	2841	43	1
777	2020-04-06 03:43:51.740083+00	2020-04-06 03:43:51.740089+00	2020-04-06 03:43:51.694323+00	t	6	2843	43	1
778	2020-04-06 03:43:51.740131+00	2020-04-06 03:43:51.740137+00	2020-04-06 03:43:51.69521+00	t	6	2844	43	1
779	2020-04-06 03:43:51.740178+00	2020-04-06 03:43:51.740185+00	2020-04-06 03:43:51.696072+00	t	6	2845	43	1
780	2020-04-06 03:43:51.740227+00	2020-04-06 03:43:51.740233+00	2020-04-06 03:43:51.696947+00	t	6	2846	43	1
781	2020-04-06 03:43:51.740276+00	2020-04-06 03:43:51.740282+00	2020-04-06 03:43:51.697796+00	t	6	2847	43	1
782	2020-04-06 03:43:51.740324+00	2020-04-06 03:43:51.74033+00	2020-04-06 03:43:51.698674+00	t	6	2848	43	1
783	2020-04-06 03:43:51.740372+00	2020-04-06 03:43:51.740378+00	2020-04-06 03:43:51.699551+00	t	6	2849	43	1
784	2020-04-06 03:43:51.74042+00	2020-04-06 03:43:51.740426+00	2020-04-06 03:43:51.700549+00	t	6	2850	43	1
785	2020-04-06 03:43:51.740468+00	2020-04-06 03:43:51.740474+00	2020-04-06 03:43:51.701446+00	t	6	2852	43	1
786	2020-04-06 03:43:51.740515+00	2020-04-06 03:43:51.740522+00	2020-04-06 03:43:51.702353+00	t	6	2853	43	1
787	2020-04-06 03:43:51.740564+00	2020-04-06 03:43:51.74057+00	2020-04-06 03:43:51.703335+00	t	6	2854	43	1
788	2020-04-06 03:43:51.740611+00	2020-04-06 03:43:51.740618+00	2020-04-06 03:43:51.704283+00	t	6	2855	43	1
789	2020-04-06 03:43:51.740689+00	2020-04-06 03:43:51.740697+00	2020-04-06 03:43:51.70518+00	t	6	2856	43	1
790	2020-04-06 03:43:51.74074+00	2020-04-06 03:43:51.740746+00	2020-04-06 03:43:51.70606+00	t	6	2857	43	1
791	2020-04-06 03:43:51.740788+00	2020-04-06 03:43:51.740795+00	2020-04-06 03:43:51.706952+00	t	6	2858	43	1
792	2020-04-06 03:43:51.740837+00	2020-04-06 03:43:51.740843+00	2020-04-06 03:43:51.707803+00	t	6	2859	43	1
793	2020-04-06 03:43:51.740886+00	2020-04-06 03:43:51.740892+00	2020-04-06 03:43:51.708677+00	t	6	2860	43	1
794	2020-04-06 03:43:51.740934+00	2020-04-06 03:43:51.740941+00	2020-04-06 03:43:51.709566+00	t	6	2861	43	1
795	2020-04-06 03:43:51.740982+00	2020-04-06 03:43:51.740989+00	2020-04-06 03:43:51.71049+00	t	6	2862	43	1
796	2020-04-06 03:43:51.74103+00	2020-04-06 03:43:51.741037+00	2020-04-06 03:43:51.711378+00	t	6	2863	43	1
797	2020-04-06 03:43:51.741079+00	2020-04-06 03:43:51.741085+00	2020-04-06 03:43:51.712264+00	t	6	2864	43	1
798	2020-04-06 03:43:51.741127+00	2020-04-06 03:43:51.741133+00	2020-04-06 03:43:51.713164+00	t	6	2865	43	1
799	2020-04-06 03:43:51.741175+00	2020-04-06 03:43:51.741181+00	2020-04-06 03:43:51.714019+00	t	6	2866	43	1
800	2020-04-06 03:43:51.741223+00	2020-04-06 03:43:51.741229+00	2020-04-06 03:43:51.71492+00	t	6	2867	43	1
801	2020-04-06 03:43:51.741272+00	2020-04-06 03:43:51.741278+00	2020-04-06 03:43:51.715783+00	t	6	2868	43	1
802	2020-04-06 03:43:51.74132+00	2020-04-06 03:43:51.741326+00	2020-04-06 03:43:51.716656+00	t	6	2869	43	1
803	2020-04-06 03:43:51.741368+00	2020-04-06 03:43:51.741374+00	2020-04-06 03:43:51.71751+00	t	6	2870	43	1
804	2020-04-06 03:43:51.741416+00	2020-04-06 03:43:51.741422+00	2020-04-06 03:43:51.718419+00	t	6	2871	43	1
805	2020-04-06 03:43:51.741464+00	2020-04-06 03:43:51.74147+00	2020-04-06 03:43:51.719278+00	t	6	2872	43	1
806	2020-04-06 03:43:51.741512+00	2020-04-06 03:43:51.741519+00	2020-04-06 03:43:51.720131+00	t	6	2873	43	1
807	2020-04-06 03:43:51.741561+00	2020-04-06 03:43:51.741567+00	2020-04-06 03:43:51.72107+00	t	6	2874	43	1
808	2020-04-06 03:43:51.741609+00	2020-04-06 03:43:51.741615+00	2020-04-06 03:43:51.72192+00	t	6	2875	43	1
809	2020-04-06 03:43:51.741657+00	2020-04-06 03:43:51.741664+00	2020-04-06 03:43:51.722845+00	t	6	2876	43	1
810	2020-04-06 03:43:51.741705+00	2020-04-06 03:43:51.741712+00	2020-04-06 03:43:51.723695+00	t	6	2877	43	1
811	2020-04-06 03:43:51.741754+00	2020-04-06 03:43:51.74176+00	2020-04-06 03:43:51.724545+00	t	6	2878	43	1
812	2020-04-06 03:43:51.741802+00	2020-04-06 03:43:51.741808+00	2020-04-06 03:43:51.72541+00	t	6	2879	43	1
813	2020-04-06 03:43:51.74185+00	2020-04-06 03:43:51.741856+00	2020-04-06 03:43:51.726261+00	t	6	2880	43	1
814	2020-04-06 03:43:51.741898+00	2020-04-06 03:43:51.741905+00	2020-04-06 03:43:51.727165+00	t	6	2881	43	1
815	2020-04-06 03:43:51.741947+00	2020-04-06 03:43:51.741953+00	2020-04-06 03:43:51.728013+00	t	6	2882	43	1
816	2020-04-06 03:43:51.741995+00	2020-04-06 03:43:51.742001+00	2020-04-06 03:43:51.728873+00	t	6	2883	43	1
817	2020-04-06 03:43:51.742043+00	2020-04-06 03:43:51.742049+00	2020-04-06 03:43:51.729745+00	t	6	2884	43	1
818	2020-04-06 03:43:51.742091+00	2020-04-06 03:43:51.742105+00	2020-04-06 03:43:51.730635+00	t	6	2885	43	1
819	2020-04-06 03:43:51.742149+00	2020-04-06 03:43:51.742156+00	2020-04-06 03:43:51.73151+00	t	6	2886	43	1
820	2020-04-06 03:43:51.742198+00	2020-04-06 03:43:51.742204+00	2020-04-06 03:43:51.732367+00	t	6	2887	43	1
821	2020-04-06 03:43:51.742246+00	2020-04-06 03:43:51.742252+00	2020-04-06 03:43:51.733236+00	t	6	2888	43	1
822	2020-04-06 03:43:51.742294+00	2020-04-06 03:43:51.7423+00	2020-04-06 03:43:51.734085+00	t	6	2889	43	1
823	2020-04-06 03:43:51.742342+00	2020-04-06 03:43:51.742348+00	2020-04-06 03:43:51.734976+00	t	6	2890	43	1
824	2020-04-06 03:43:51.742418+00	2020-04-06 03:43:51.742427+00	2020-04-06 03:43:51.735837+00	t	6	2891	43	1
825	2020-04-06 03:43:51.742471+00	2020-04-06 03:43:51.742478+00	2020-04-06 03:43:51.736711+00	t	6	2892	43	1
826	2020-04-06 03:43:51.74252+00	2020-04-06 03:43:51.742526+00	2020-04-06 03:43:51.737567+00	t	6	2893	43	1
827	2020-04-06 03:43:51.742568+00	2020-04-06 03:43:51.742575+00	2020-04-06 03:43:51.738444+00	t	6	2697	43	1
828	2020-04-06 03:44:06.322558+00	2020-04-06 03:44:06.322578+00	2020-04-06 03:44:06.256447+00	t	6	2830	43	2
829	2020-04-06 03:44:06.322646+00	2020-04-06 03:44:06.322652+00	2020-04-06 03:44:06.257353+00	t	6	2831	43	2
830	2020-04-06 03:44:06.322696+00	2020-04-06 03:44:06.322702+00	2020-04-06 03:44:06.258202+00	t	6	2832	43	2
831	2020-04-06 03:44:06.322744+00	2020-04-06 03:44:06.322751+00	2020-04-06 03:44:06.259174+00	t	6	2833	43	2
832	2020-04-06 03:44:06.322793+00	2020-04-06 03:44:06.322799+00	2020-04-06 03:44:06.260274+00	t	6	2834	43	2
833	2020-04-06 03:44:06.322841+00	2020-04-06 03:44:06.322847+00	2020-04-06 03:44:06.261156+00	t	6	2835	43	2
834	2020-04-06 03:44:06.322889+00	2020-04-06 03:44:06.322895+00	2020-04-06 03:44:06.262041+00	t	6	2836	43	2
835	2020-04-06 03:44:06.322937+00	2020-04-06 03:44:06.322943+00	2020-04-06 03:44:06.26313+00	t	6	2837	43	2
836	2020-04-06 03:44:06.322985+00	2020-04-06 03:44:06.322991+00	2020-04-06 03:44:06.264129+00	t	6	2838	43	2
837	2020-04-06 03:44:06.323033+00	2020-04-06 03:44:06.323039+00	2020-04-06 03:44:06.265003+00	t	6	2839	43	2
838	2020-04-06 03:44:06.32308+00	2020-04-06 03:44:06.323087+00	2020-04-06 03:44:06.265857+00	t	6	2840	43	2
839	2020-04-06 03:44:06.323127+00	2020-04-06 03:44:06.323133+00	2020-04-06 03:44:06.26682+00	t	6	2841	43	2
840	2020-04-06 03:44:06.323175+00	2020-04-06 03:44:06.323181+00	2020-04-06 03:44:06.267865+00	t	6	2844	43	2
841	2020-04-06 03:44:06.323222+00	2020-04-06 03:44:06.323228+00	2020-04-06 03:44:06.269109+00	t	6	2845	43	2
842	2020-04-06 03:44:06.323269+00	2020-04-06 03:44:06.323275+00	2020-04-06 03:44:06.270235+00	t	6	2846	43	2
843	2020-04-06 03:44:06.323317+00	2020-04-06 03:44:06.323323+00	2020-04-06 03:44:06.271261+00	t	6	2847	43	2
844	2020-04-06 03:44:06.323364+00	2020-04-06 03:44:06.32337+00	2020-04-06 03:44:06.272448+00	t	6	2848	43	2
845	2020-04-06 03:44:06.323412+00	2020-04-06 03:44:06.323418+00	2020-04-06 03:44:06.273367+00	t	6	2849	43	2
846	2020-04-06 03:44:06.323459+00	2020-04-06 03:44:06.323465+00	2020-04-06 03:44:06.274237+00	t	6	2850	43	2
847	2020-04-06 03:44:06.32354+00	2020-04-06 03:44:06.323548+00	2020-04-06 03:44:06.275208+00	t	6	2852	43	2
848	2020-04-06 03:44:06.32359+00	2020-04-06 03:44:06.323596+00	2020-04-06 03:44:06.276067+00	t	6	2853	43	2
849	2020-04-06 03:44:06.323672+00	2020-04-06 03:44:06.323681+00	2020-04-06 03:44:06.276929+00	t	6	2854	43	2
850	2020-04-06 03:44:06.323724+00	2020-04-06 03:44:06.32373+00	2020-04-06 03:44:06.277778+00	t	6	2855	43	2
851	2020-04-06 03:44:06.323771+00	2020-04-06 03:44:06.323778+00	2020-04-06 03:44:06.278663+00	t	6	2856	43	2
852	2020-04-06 03:44:06.323819+00	2020-04-06 03:44:06.323825+00	2020-04-06 03:44:06.27952+00	t	6	2857	43	2
853	2020-04-06 03:44:06.323866+00	2020-04-06 03:44:06.323873+00	2020-04-06 03:44:06.280374+00	t	6	2858	43	2
854	2020-04-06 03:44:06.323914+00	2020-04-06 03:44:06.323921+00	2020-04-06 03:44:06.281331+00	t	6	2859	43	2
855	2020-04-06 03:44:06.323962+00	2020-04-06 03:44:06.323968+00	2020-04-06 03:44:06.282184+00	t	6	2860	43	2
856	2020-04-06 03:44:06.32401+00	2020-04-06 03:44:06.324016+00	2020-04-06 03:44:06.283078+00	t	6	2861	43	2
857	2020-04-06 03:44:06.324058+00	2020-04-06 03:44:06.324064+00	2020-04-06 03:44:06.283944+00	t	6	2862	43	2
858	2020-04-06 03:44:06.324105+00	2020-04-06 03:44:06.324111+00	2020-04-06 03:44:06.284806+00	t	6	2863	43	2
859	2020-04-06 03:44:06.324152+00	2020-04-06 03:44:06.324158+00	2020-04-06 03:44:06.28566+00	t	6	2864	43	2
860	2020-04-06 03:44:06.324199+00	2020-04-06 03:44:06.324205+00	2020-04-06 03:44:06.286531+00	t	6	2865	43	2
861	2020-04-06 03:44:06.324246+00	2020-04-06 03:44:06.324252+00	2020-04-06 03:44:06.287383+00	t	6	2866	43	2
862	2020-04-06 03:44:06.324294+00	2020-04-06 03:44:06.3243+00	2020-04-06 03:44:06.288234+00	t	6	2819	43	2
863	2020-04-06 03:44:06.324342+00	2020-04-06 03:44:06.324348+00	2020-04-06 03:44:06.289105+00	t	6	2820	43	2
864	2020-04-06 03:44:06.324389+00	2020-04-06 03:44:06.324396+00	2020-04-06 03:44:06.289958+00	t	6	2821	43	2
865	2020-04-06 03:44:06.324437+00	2020-04-06 03:44:06.324443+00	2020-04-06 03:44:06.290844+00	t	6	2822	43	2
866	2020-04-06 03:44:06.324484+00	2020-04-06 03:44:06.32449+00	2020-04-06 03:44:06.291693+00	t	6	2823	43	2
867	2020-04-06 03:44:06.324531+00	2020-04-06 03:44:06.324537+00	2020-04-06 03:44:06.292543+00	t	6	2824	43	2
868	2020-04-06 03:44:06.324579+00	2020-04-06 03:44:06.324585+00	2020-04-06 03:44:06.293409+00	t	6	2825	43	2
869	2020-04-06 03:44:06.324626+00	2020-04-06 03:44:06.324632+00	2020-04-06 03:44:06.294258+00	t	6	2826	43	2
870	2020-04-06 03:44:06.32469+00	2020-04-06 03:44:06.324697+00	2020-04-06 03:44:06.295157+00	t	6	2827	43	2
871	2020-04-06 03:44:06.324738+00	2020-04-06 03:44:06.324744+00	2020-04-06 03:44:06.296019+00	t	6	2867	43	2
872	2020-04-06 03:44:06.324786+00	2020-04-06 03:44:06.324792+00	2020-04-06 03:44:06.296889+00	t	6	2868	43	2
873	2020-04-06 03:44:06.324833+00	2020-04-06 03:44:06.324839+00	2020-04-06 03:44:06.297821+00	t	6	2869	43	2
874	2020-04-06 03:44:06.32488+00	2020-04-06 03:44:06.324886+00	2020-04-06 03:44:06.298698+00	t	6	2870	43	2
875	2020-04-06 03:44:06.324927+00	2020-04-06 03:44:06.324934+00	2020-04-06 03:44:06.299551+00	t	6	2871	43	2
876	2020-04-06 03:44:06.324975+00	2020-04-06 03:44:06.324981+00	2020-04-06 03:44:06.3004+00	t	6	2872	43	2
877	2020-04-06 03:44:06.325022+00	2020-04-06 03:44:06.325029+00	2020-04-06 03:44:06.301264+00	t	6	2873	43	2
878	2020-04-06 03:44:06.32507+00	2020-04-06 03:44:06.325076+00	2020-04-06 03:44:06.302112+00	t	6	2874	43	2
879	2020-04-06 03:44:06.325118+00	2020-04-06 03:44:06.325124+00	2020-04-06 03:44:06.303008+00	t	6	2875	43	2
880	2020-04-06 03:44:06.325165+00	2020-04-06 03:44:06.325171+00	2020-04-06 03:44:06.303863+00	t	6	2876	43	2
881	2020-04-06 03:44:06.325213+00	2020-04-06 03:44:06.325219+00	2020-04-06 03:44:06.304746+00	t	6	2877	43	2
882	2020-04-06 03:44:06.32526+00	2020-04-06 03:44:06.325267+00	2020-04-06 03:44:06.305599+00	t	6	2878	43	2
883	2020-04-06 03:44:06.325308+00	2020-04-06 03:44:06.325314+00	2020-04-06 03:44:06.306486+00	t	6	2879	43	2
884	2020-04-06 03:44:06.325356+00	2020-04-06 03:44:06.325362+00	2020-04-06 03:44:06.307356+00	t	6	2880	43	2
885	2020-04-06 03:44:06.325403+00	2020-04-06 03:44:06.325409+00	2020-04-06 03:44:06.308205+00	t	6	2828	43	2
886	2020-04-06 03:44:06.325451+00	2020-04-06 03:44:06.325457+00	2020-04-06 03:44:06.309073+00	t	6	2829	43	2
887	2020-04-06 03:44:06.325499+00	2020-04-06 03:44:06.325505+00	2020-04-06 03:44:06.309925+00	t	6	2843	43	2
888	2020-04-06 03:44:06.325546+00	2020-04-06 03:44:06.325552+00	2020-04-06 03:44:06.310817+00	t	6	2881	43	2
889	2020-04-06 03:44:06.325593+00	2020-04-06 03:44:06.325599+00	2020-04-06 03:44:06.311668+00	t	6	2882	43	2
890	2020-04-06 03:44:06.32564+00	2020-04-06 03:44:06.325646+00	2020-04-06 03:44:06.312517+00	t	6	2883	43	2
891	2020-04-06 03:44:06.325688+00	2020-04-06 03:44:06.325694+00	2020-04-06 03:44:06.31338+00	t	6	2884	43	2
892	2020-04-06 03:44:06.325735+00	2020-04-06 03:44:06.325741+00	2020-04-06 03:44:06.314237+00	t	6	2885	43	2
893	2020-04-06 03:44:06.325782+00	2020-04-06 03:44:06.325788+00	2020-04-06 03:44:06.315134+00	t	6	2886	43	2
894	2020-04-06 03:44:06.32583+00	2020-04-06 03:44:06.325836+00	2020-04-06 03:44:06.315999+00	t	6	2887	43	2
895	2020-04-06 03:44:06.325877+00	2020-04-06 03:44:06.325883+00	2020-04-06 03:44:06.316866+00	t	6	2888	43	2
896	2020-04-06 03:44:06.325924+00	2020-04-06 03:44:06.32593+00	2020-04-06 03:44:06.317716+00	t	6	2889	43	2
897	2020-04-06 03:44:06.325972+00	2020-04-06 03:44:06.325978+00	2020-04-06 03:44:06.318593+00	t	6	2890	43	2
898	2020-04-06 03:44:06.326019+00	2020-04-06 03:44:06.326025+00	2020-04-06 03:44:06.319447+00	t	6	2891	43	2
899	2020-04-06 03:44:06.326066+00	2020-04-06 03:44:06.326072+00	2020-04-06 03:44:06.320299+00	t	6	2892	43	2
900	2020-04-06 03:44:06.326114+00	2020-04-06 03:44:06.32612+00	2020-04-06 03:44:06.321215+00	t	6	2893	43	2
901	2020-04-06 03:44:06.326163+00	2020-04-06 03:44:06.326169+00	2020-04-06 03:44:06.322067+00	t	6	2697	43	2
902	2020-04-06 07:58:50.373448+00	2020-04-06 07:58:50.373474+00	2020-04-06 07:58:50.373088+00	f	6	2486	18	1
903	2020-04-06 07:58:58.111628+00	2020-04-06 07:58:58.111648+00	2020-04-06 07:58:58.111373+00	f	6	2472	18	1
904	2020-04-06 07:59:05.742935+00	2020-04-06 07:59:05.742957+00	2020-04-06 07:59:05.742225+00	f	6	2484	18	1
905	2020-04-06 08:00:30.191994+00	2020-04-06 08:00:30.192021+00	2020-04-06 08:00:30.191621+00	f	6	1705	18	1
906	2020-04-06 08:00:39.148441+00	2020-04-06 08:00:39.148461+00	2020-04-06 08:00:39.084243+00	t	6	1482	18	1
907	2020-04-06 08:00:39.148527+00	2020-04-06 08:00:39.148535+00	2020-04-06 08:00:39.08521+00	t	6	1583	18	1
908	2020-04-06 08:00:39.148579+00	2020-04-06 08:00:39.148585+00	2020-04-06 08:00:39.086095+00	t	6	1695	18	1
909	2020-04-06 08:00:39.148629+00	2020-04-06 08:00:39.148636+00	2020-04-06 08:00:39.087038+00	t	6	2458	18	1
910	2020-04-06 08:00:39.148678+00	2020-04-06 08:00:39.148685+00	2020-04-06 08:00:39.087923+00	t	6	2459	18	1
911	2020-04-06 08:00:39.148728+00	2020-04-06 08:00:39.148734+00	2020-04-06 08:00:39.088828+00	t	6	2460	18	1
912	2020-04-06 08:00:39.148777+00	2020-04-06 08:00:39.148784+00	2020-04-06 08:00:39.089712+00	t	6	2461	18	1
913	2020-04-06 08:00:39.148826+00	2020-04-06 08:00:39.148833+00	2020-04-06 08:00:39.090588+00	t	6	2462	18	1
914	2020-04-06 08:00:39.148875+00	2020-04-06 08:00:39.148882+00	2020-04-06 08:00:39.091443+00	t	6	2463	18	1
915	2020-04-06 08:00:39.148924+00	2020-04-06 08:00:39.148931+00	2020-04-06 08:00:39.092332+00	t	6	2464	18	1
916	2020-04-06 08:00:39.148974+00	2020-04-06 08:00:39.14898+00	2020-04-06 08:00:39.093197+00	t	6	2465	18	1
917	2020-04-06 08:00:39.149037+00	2020-04-06 08:00:39.149044+00	2020-04-06 08:00:39.094089+00	t	6	2489	18	1
918	2020-04-06 08:00:39.149087+00	2020-04-06 08:00:39.149093+00	2020-04-06 08:00:39.095006+00	t	6	2466	18	1
919	2020-04-06 08:00:39.149135+00	2020-04-06 08:00:39.149142+00	2020-04-06 08:00:39.095882+00	t	6	2467	18	1
920	2020-04-06 08:00:39.149184+00	2020-04-06 08:00:39.14919+00	2020-04-06 08:00:39.09677+00	t	6	2468	18	1
921	2020-04-06 08:00:39.149233+00	2020-04-06 08:00:39.149239+00	2020-04-06 08:00:39.097684+00	t	6	2469	18	1
922	2020-04-06 08:00:39.149281+00	2020-04-06 08:00:39.149288+00	2020-04-06 08:00:39.098574+00	t	6	2470	18	1
923	2020-04-06 08:00:39.14933+00	2020-04-06 08:00:39.149336+00	2020-04-06 08:00:39.099457+00	t	6	2471	18	1
924	2020-04-06 08:00:39.149379+00	2020-04-06 08:00:39.149385+00	2020-04-06 08:00:39.10032+00	t	6	2473	18	1
925	2020-04-06 08:00:39.149428+00	2020-04-06 08:00:39.149434+00	2020-04-06 08:00:39.101224+00	t	6	2474	18	1
926	2020-04-06 08:00:39.149476+00	2020-04-06 08:00:39.149482+00	2020-04-06 08:00:39.102083+00	t	6	2475	18	1
927	2020-04-06 08:00:39.149525+00	2020-04-06 08:00:39.149531+00	2020-04-06 08:00:39.103003+00	t	6	2476	18	1
928	2020-04-06 08:00:39.149574+00	2020-04-06 08:00:39.14958+00	2020-04-06 08:00:39.10388+00	t	6	2477	18	1
929	2020-04-06 08:00:39.149622+00	2020-04-06 08:00:39.149629+00	2020-04-06 08:00:39.104924+00	t	6	2478	18	1
930	2020-04-06 08:00:39.149671+00	2020-04-06 08:00:39.149678+00	2020-04-06 08:00:39.105816+00	t	6	2479	18	1
931	2020-04-06 08:00:39.14972+00	2020-04-06 08:00:39.149726+00	2020-04-06 08:00:39.106714+00	t	6	2480	18	1
932	2020-04-06 08:00:39.149769+00	2020-04-06 08:00:39.149775+00	2020-04-06 08:00:39.107612+00	t	6	2481	18	1
933	2020-04-06 08:00:39.149817+00	2020-04-06 08:00:39.149824+00	2020-04-06 08:00:39.10848+00	t	6	2482	18	1
934	2020-04-06 08:00:39.149866+00	2020-04-06 08:00:39.149872+00	2020-04-06 08:00:39.109361+00	t	6	2483	18	1
935	2020-04-06 08:00:39.149915+00	2020-04-06 08:00:39.149921+00	2020-04-06 08:00:39.110214+00	t	6	2485	18	1
936	2020-04-06 08:00:39.149964+00	2020-04-06 08:00:39.14997+00	2020-04-06 08:00:39.111097+00	t	6	2487	18	1
937	2020-04-06 08:00:39.150012+00	2020-04-06 08:00:39.150018+00	2020-04-06 08:00:39.111948+00	t	6	2488	18	1
938	2020-04-06 08:00:39.150061+00	2020-04-06 08:00:39.150067+00	2020-04-06 08:00:39.112847+00	t	6	2490	18	1
939	2020-04-06 08:00:39.150109+00	2020-04-06 08:00:39.150116+00	2020-04-06 08:00:39.113735+00	t	6	2491	18	1
940	2020-04-06 08:00:39.150158+00	2020-04-06 08:00:39.150164+00	2020-04-06 08:00:39.114615+00	t	6	2492	18	1
941	2020-04-06 08:00:39.150207+00	2020-04-06 08:00:39.150213+00	2020-04-06 08:00:39.115528+00	t	6	2493	18	1
942	2020-04-06 08:00:39.150256+00	2020-04-06 08:00:39.150262+00	2020-04-06 08:00:39.116394+00	t	6	2494	18	1
943	2020-04-06 08:00:39.150305+00	2020-04-06 08:00:39.150311+00	2020-04-06 08:00:39.117249+00	t	6	2495	18	1
944	2020-04-06 08:00:39.150353+00	2020-04-06 08:00:39.150359+00	2020-04-06 08:00:39.118118+00	t	6	2496	18	1
945	2020-04-06 08:00:39.150436+00	2020-04-06 08:00:39.150445+00	2020-04-06 08:00:39.119047+00	t	6	2497	18	1
946	2020-04-06 08:00:39.150489+00	2020-04-06 08:00:39.150495+00	2020-04-06 08:00:39.119901+00	t	6	2498	18	1
947	2020-04-06 08:00:39.150538+00	2020-04-06 08:00:39.150544+00	2020-04-06 08:00:39.120747+00	t	6	2499	18	1
948	2020-04-06 08:00:39.150586+00	2020-04-06 08:00:39.150593+00	2020-04-06 08:00:39.121593+00	t	6	2500	18	1
949	2020-04-06 08:00:39.150636+00	2020-04-06 08:00:39.150642+00	2020-04-06 08:00:39.122473+00	t	6	2501	18	1
950	2020-04-06 08:00:39.150684+00	2020-04-06 08:00:39.15069+00	2020-04-06 08:00:39.123359+00	t	6	2502	18	1
951	2020-04-06 08:00:39.150733+00	2020-04-06 08:00:39.150739+00	2020-04-06 08:00:39.124251+00	t	6	2503	18	1
952	2020-04-06 08:00:39.150782+00	2020-04-06 08:00:39.150788+00	2020-04-06 08:00:39.125148+00	t	6	2504	18	1
953	2020-04-06 08:00:39.150831+00	2020-04-06 08:00:39.150837+00	2020-04-06 08:00:39.126109+00	t	6	2505	18	1
954	2020-04-06 08:00:39.15088+00	2020-04-06 08:00:39.150886+00	2020-04-06 08:00:39.127213+00	t	6	2506	18	1
955	2020-04-06 08:00:39.150928+00	2020-04-06 08:00:39.150935+00	2020-04-06 08:00:39.128146+00	t	6	2507	18	1
956	2020-04-06 08:00:39.150977+00	2020-04-06 08:00:39.150983+00	2020-04-06 08:00:39.129027+00	t	6	2508	18	1
957	2020-04-06 08:00:39.151025+00	2020-04-06 08:00:39.151032+00	2020-04-06 08:00:39.12991+00	t	6	2509	18	1
958	2020-04-06 08:00:39.151074+00	2020-04-06 08:00:39.151081+00	2020-04-06 08:00:39.130841+00	t	6	2510	18	1
959	2020-04-06 08:00:39.151123+00	2020-04-06 08:00:39.15113+00	2020-04-06 08:00:39.131753+00	t	6	2511	18	1
960	2020-04-06 08:00:39.151172+00	2020-04-06 08:00:39.151178+00	2020-04-06 08:00:39.132739+00	t	6	2512	18	1
961	2020-04-06 08:00:39.151221+00	2020-04-06 08:00:39.151227+00	2020-04-06 08:00:39.133838+00	t	6	2513	18	1
962	2020-04-06 08:00:39.15127+00	2020-04-06 08:00:39.151276+00	2020-04-06 08:00:39.134709+00	t	6	2514	18	1
963	2020-04-06 08:00:39.151318+00	2020-04-06 08:00:39.151325+00	2020-04-06 08:00:39.135621+00	t	6	2515	18	1
964	2020-04-06 08:00:39.151367+00	2020-04-06 08:00:39.151373+00	2020-04-06 08:00:39.136511+00	t	6	2516	18	1
965	2020-04-06 08:00:39.151416+00	2020-04-06 08:00:39.151423+00	2020-04-06 08:00:39.138199+00	t	6	2517	18	1
966	2020-04-06 08:00:39.151474+00	2020-04-06 08:00:39.151481+00	2020-04-06 08:00:39.139128+00	t	6	2518	18	1
967	2020-04-06 08:00:39.151523+00	2020-04-06 08:00:39.151529+00	2020-04-06 08:00:39.13998+00	t	6	2519	18	1
968	2020-04-06 08:00:39.151572+00	2020-04-06 08:00:39.151579+00	2020-04-06 08:00:39.14091+00	t	6	2520	18	1
969	2020-04-06 08:00:39.151621+00	2020-04-06 08:00:39.151628+00	2020-04-06 08:00:39.141778+00	t	6	2521	18	1
970	2020-04-06 08:00:39.15167+00	2020-04-06 08:00:39.151677+00	2020-04-06 08:00:39.142648+00	t	6	2522	18	1
971	2020-04-06 08:00:39.151724+00	2020-04-06 08:00:39.151731+00	2020-04-06 08:00:39.143559+00	t	6	2523	18	1
972	2020-04-06 08:00:39.151774+00	2020-04-06 08:00:39.15178+00	2020-04-06 08:00:39.144449+00	t	6	2524	18	1
973	2020-04-06 08:00:39.151823+00	2020-04-06 08:00:39.151829+00	2020-04-06 08:00:39.145349+00	t	6	2525	18	1
974	2020-04-06 08:00:39.151871+00	2020-04-06 08:00:39.151878+00	2020-04-06 08:00:39.146226+00	t	6	2526	18	1
975	2020-04-06 08:00:39.15192+00	2020-04-06 08:00:39.151926+00	2020-04-06 08:00:39.147188+00	t	6	2527	18	1
976	2020-04-06 08:00:39.151968+00	2020-04-06 08:00:39.151974+00	2020-04-06 08:00:39.148047+00	t	6	2528	18	1
977	2020-04-07 06:31:55.023413+00	2020-04-07 06:31:55.023431+00	2020-04-07 06:31:55.023119+00	t	4	2894	42	1
978	2020-04-07 06:32:04.243577+00	2020-04-07 06:32:04.243597+00	2020-04-07 06:32:04.243266+00	t	4	2894	42	2
979	2020-04-08 07:58:28.92794+00	2020-04-08 07:58:28.927962+00	2020-04-08 07:58:28.927584+00	f	6	2536	34	1
980	2020-04-08 07:58:38.941637+00	2020-04-08 07:58:38.941661+00	2020-04-08 07:58:38.94129+00	f	6	2544	34	1
981	2020-04-08 07:58:47.867305+00	2020-04-08 07:58:47.867325+00	2020-04-08 07:58:47.867054+00	f	6	2530	34	1
982	2020-04-08 07:58:58.745528+00	2020-04-08 07:58:58.745547+00	2020-04-08 07:58:58.745247+00	f	6	1604	34	1
983	2020-04-08 07:59:06.747396+00	2020-04-08 07:59:06.747417+00	2020-04-08 07:59:06.747082+00	f	6	1829	34	1
984	2020-04-08 08:20:25.573908+00	2020-04-08 08:20:25.57393+00	2020-04-08 08:20:25.498473+00	t	6	2529	34	1
985	2020-04-08 08:20:25.574002+00	2020-04-08 08:20:25.57401+00	2020-04-08 08:20:25.499757+00	t	6	2531	34	1
986	2020-04-08 08:20:25.574055+00	2020-04-08 08:20:25.574061+00	2020-04-08 08:20:25.500721+00	t	6	2532	34	1
987	2020-04-08 08:20:25.574104+00	2020-04-08 08:20:25.574111+00	2020-04-08 08:20:25.50171+00	t	6	2533	34	1
988	2020-04-08 08:20:25.574154+00	2020-04-08 08:20:25.57416+00	2020-04-08 08:20:25.502633+00	t	6	2534	34	1
989	2020-04-08 08:20:25.574204+00	2020-04-08 08:20:25.57421+00	2020-04-08 08:20:25.503725+00	t	6	2537	34	1
990	2020-04-08 08:20:25.574253+00	2020-04-08 08:20:25.57426+00	2020-04-08 08:20:25.504684+00	t	6	2538	34	1
991	2020-04-08 08:20:25.574302+00	2020-04-08 08:20:25.574309+00	2020-04-08 08:20:25.505871+00	t	6	2539	34	1
992	2020-04-08 08:20:25.574352+00	2020-04-08 08:20:25.574359+00	2020-04-08 08:20:25.507433+00	t	6	2540	34	1
993	2020-04-08 08:20:25.574401+00	2020-04-08 08:20:25.574408+00	2020-04-08 08:20:25.508873+00	t	6	2541	34	1
994	2020-04-08 08:20:25.574451+00	2020-04-08 08:20:25.574457+00	2020-04-08 08:20:25.509816+00	t	6	2542	34	1
995	2020-04-08 08:20:25.5745+00	2020-04-08 08:20:25.574506+00	2020-04-08 08:20:25.51073+00	t	6	2543	34	1
996	2020-04-08 08:20:25.574549+00	2020-04-08 08:20:25.574555+00	2020-04-08 08:20:25.511686+00	t	6	2545	34	1
997	2020-04-08 08:20:25.574597+00	2020-04-08 08:20:25.574604+00	2020-04-08 08:20:25.512594+00	t	6	2546	34	1
998	2020-04-08 08:20:25.574646+00	2020-04-08 08:20:25.574652+00	2020-04-08 08:20:25.513504+00	t	6	2547	34	1
999	2020-04-08 08:20:25.574695+00	2020-04-08 08:20:25.574701+00	2020-04-08 08:20:25.514986+00	t	6	2573	34	1
1000	2020-04-08 08:20:25.574744+00	2020-04-08 08:20:25.574756+00	2020-04-08 08:20:25.516382+00	t	6	2548	34	1
1001	2020-04-08 08:20:25.5748+00	2020-04-08 08:20:25.574807+00	2020-04-08 08:20:25.517417+00	t	6	2549	34	1
1002	2020-04-08 08:20:25.574849+00	2020-04-08 08:20:25.574856+00	2020-04-08 08:20:25.518337+00	t	6	2550	34	1
1003	2020-04-08 08:20:25.574898+00	2020-04-08 08:20:25.574905+00	2020-04-08 08:20:25.519269+00	t	6	2551	34	1
1004	2020-04-08 08:20:25.574947+00	2020-04-08 08:20:25.574954+00	2020-04-08 08:20:25.520212+00	t	6	2552	34	1
1005	2020-04-08 08:20:25.575014+00	2020-04-08 08:20:25.575032+00	2020-04-08 08:20:25.521135+00	t	6	2553	34	1
1006	2020-04-08 08:20:25.575083+00	2020-04-08 08:20:25.57509+00	2020-04-08 08:20:25.521999+00	t	6	2554	34	1
1007	2020-04-08 08:20:25.575133+00	2020-04-08 08:20:25.57514+00	2020-04-08 08:20:25.522892+00	t	6	2555	34	1
1008	2020-04-08 08:20:25.575182+00	2020-04-08 08:20:25.575189+00	2020-04-08 08:20:25.523805+00	t	6	2556	34	1
1009	2020-04-08 08:20:25.575231+00	2020-04-08 08:20:25.575238+00	2020-04-08 08:20:25.524949+00	t	6	2557	34	1
1010	2020-04-08 08:20:25.575295+00	2020-04-08 08:20:25.575302+00	2020-04-08 08:20:25.525941+00	t	6	2558	34	1
1011	2020-04-08 08:20:25.575345+00	2020-04-08 08:20:25.575352+00	2020-04-08 08:20:25.52689+00	t	6	2559	34	1
1012	2020-04-08 08:20:25.575394+00	2020-04-08 08:20:25.575401+00	2020-04-08 08:20:25.527859+00	t	6	2560	34	1
1013	2020-04-08 08:20:25.575443+00	2020-04-08 08:20:25.57545+00	2020-04-08 08:20:25.528812+00	t	6	2561	34	1
1014	2020-04-08 08:20:25.575493+00	2020-04-08 08:20:25.575499+00	2020-04-08 08:20:25.530029+00	t	6	2562	34	1
1015	2020-04-08 08:20:25.575542+00	2020-04-08 08:20:25.575548+00	2020-04-08 08:20:25.531029+00	t	6	2563	34	1
1016	2020-04-08 08:20:25.575591+00	2020-04-08 08:20:25.575598+00	2020-04-08 08:20:25.531987+00	t	6	2564	34	1
1017	2020-04-08 08:20:25.57564+00	2020-04-08 08:20:25.575647+00	2020-04-08 08:20:25.532932+00	t	6	2565	34	1
1018	2020-04-08 08:20:25.575689+00	2020-04-08 08:20:25.575696+00	2020-04-08 08:20:25.533877+00	t	6	2566	34	1
1019	2020-04-08 08:20:25.575739+00	2020-04-08 08:20:25.575746+00	2020-04-08 08:20:25.534799+00	t	6	2567	34	1
1020	2020-04-08 08:20:25.575788+00	2020-04-08 08:20:25.575795+00	2020-04-08 08:20:25.5359+00	t	6	2568	34	1
1021	2020-04-08 08:20:25.575837+00	2020-04-08 08:20:25.575844+00	2020-04-08 08:20:25.536766+00	t	6	2569	34	1
1022	2020-04-08 08:20:25.575886+00	2020-04-08 08:20:25.575893+00	2020-04-08 08:20:25.537651+00	t	6	2570	34	1
1023	2020-04-08 08:20:25.575935+00	2020-04-08 08:20:25.575941+00	2020-04-08 08:20:25.538576+00	t	6	2571	34	1
1024	2020-04-08 08:20:25.575984+00	2020-04-08 08:20:25.57599+00	2020-04-08 08:20:25.539556+00	t	6	2572	34	1
1025	2020-04-08 08:20:25.576032+00	2020-04-08 08:20:25.576039+00	2020-04-08 08:20:25.54045+00	t	6	2574	34	1
1026	2020-04-08 08:20:25.576081+00	2020-04-08 08:20:25.576088+00	2020-04-08 08:20:25.541349+00	t	6	2575	34	1
1027	2020-04-08 08:20:25.57614+00	2020-04-08 08:20:25.576147+00	2020-04-08 08:20:25.54511+00	t	6	2576	34	1
1028	2020-04-08 08:20:25.576191+00	2020-04-08 08:20:25.576198+00	2020-04-08 08:20:25.546066+00	t	6	2577	34	1
1029	2020-04-08 08:20:25.57624+00	2020-04-08 08:20:25.576247+00	2020-04-08 08:20:25.547032+00	t	6	2578	34	1
1030	2020-04-08 08:20:25.576289+00	2020-04-08 08:20:25.576296+00	2020-04-08 08:20:25.547963+00	t	6	2579	34	1
1031	2020-04-08 08:20:25.576339+00	2020-04-08 08:20:25.576345+00	2020-04-08 08:20:25.548984+00	t	6	2580	34	1
1032	2020-04-08 08:20:25.576388+00	2020-04-08 08:20:25.576395+00	2020-04-08 08:20:25.549926+00	t	6	2581	34	1
1033	2020-04-08 08:20:25.576437+00	2020-04-08 08:20:25.576444+00	2020-04-08 08:20:25.550893+00	t	6	2582	34	1
1034	2020-04-08 08:20:25.576486+00	2020-04-08 08:20:25.576493+00	2020-04-08 08:20:25.551899+00	t	6	2583	34	1
1035	2020-04-08 08:20:25.576536+00	2020-04-08 08:20:25.576542+00	2020-04-08 08:20:25.552783+00	t	6	2584	34	1
1036	2020-04-08 08:20:25.576585+00	2020-04-08 08:20:25.576592+00	2020-04-08 08:20:25.553684+00	t	6	2585	34	1
1037	2020-04-08 08:20:25.576634+00	2020-04-08 08:20:25.576641+00	2020-04-08 08:20:25.554536+00	t	6	2586	34	1
1038	2020-04-08 08:20:25.576683+00	2020-04-08 08:20:25.57669+00	2020-04-08 08:20:25.555468+00	t	6	2587	34	1
1039	2020-04-08 08:20:25.576733+00	2020-04-08 08:20:25.576739+00	2020-04-08 08:20:25.556363+00	t	6	2588	34	1
1040	2020-04-08 08:20:25.576852+00	2020-04-08 08:20:25.576863+00	2020-04-08 08:20:25.557238+00	t	6	2589	34	1
1041	2020-04-08 08:20:25.57738+00	2020-04-08 08:20:25.577392+00	2020-04-08 08:20:25.558072+00	t	6	2590	34	1
1042	2020-04-08 08:20:25.577437+00	2020-04-08 08:20:25.577444+00	2020-04-08 08:20:25.558937+00	t	6	2591	34	1
1043	2020-04-08 08:20:25.577489+00	2020-04-08 08:20:25.577496+00	2020-04-08 08:20:25.559848+00	t	6	2592	34	1
1044	2020-04-08 08:20:25.57754+00	2020-04-08 08:20:25.577547+00	2020-04-08 08:20:25.560698+00	t	6	2593	34	1
1045	2020-04-08 08:20:25.57759+00	2020-04-08 08:20:25.577597+00	2020-04-08 08:20:25.561878+00	t	6	2594	34	1
1046	2020-04-08 08:20:25.57764+00	2020-04-08 08:20:25.577647+00	2020-04-08 08:20:25.562835+00	t	6	2595	34	1
1047	2020-04-08 08:20:25.577689+00	2020-04-08 08:20:25.577696+00	2020-04-08 08:20:25.563814+00	t	6	2596	34	1
1048	2020-04-08 08:20:25.577739+00	2020-04-08 08:20:25.577746+00	2020-04-08 08:20:25.56477+00	t	6	2597	34	1
1049	2020-04-08 08:20:25.577789+00	2020-04-08 08:20:25.577796+00	2020-04-08 08:20:25.565709+00	t	6	2598	34	1
1050	2020-04-08 08:20:25.577853+00	2020-04-08 08:20:25.577861+00	2020-04-08 08:20:25.566619+00	t	6	2599	34	1
1051	2020-04-08 08:20:25.57791+00	2020-04-08 08:20:25.577918+00	2020-04-08 08:20:25.572088+00	t	6	1758	34	1
1052	2020-04-08 08:20:25.57796+00	2020-04-08 08:20:25.577967+00	2020-04-08 08:20:25.573425+00	t	6	2895	34	1
1053	2020-04-15 07:20:39.161854+00	2020-04-15 07:20:39.161878+00	2020-04-15 07:20:39.161501+00	f	6	2653	35	1
1054	2020-04-15 07:20:51.420277+00	2020-04-15 07:20:51.420294+00	2020-04-15 07:20:51.420035+00	f	6	2639	35	1
1055	2020-04-15 07:21:00.594146+00	2020-04-15 07:21:00.594164+00	2020-04-15 07:21:00.593895+00	f	6	2601	35	1
1056	2020-04-15 07:21:08.357969+00	2020-04-15 07:21:08.357987+00	2020-04-15 07:21:08.357724+00	f	6	1832	35	1
1057	2020-04-15 07:21:19.311146+00	2020-04-15 07:21:19.311167+00	2020-04-15 07:21:19.31083+00	f	6	2634	35	1
1058	2020-04-15 07:21:27.434646+00	2020-04-15 07:21:27.434665+00	2020-04-15 07:21:27.434387+00	f	6	2652	35	1
1059	2020-04-15 07:24:58.396632+00	2020-04-15 07:24:58.396651+00	2020-04-15 07:24:58.343092+00	t	6	2641	35	1
1060	2020-04-15 07:24:58.396717+00	2020-04-15 07:24:58.396724+00	2020-04-15 07:24:58.343996+00	t	6	2423	35	1
1061	2020-04-15 07:24:58.396768+00	2020-04-15 07:24:58.396774+00	2020-04-15 07:24:58.344859+00	t	6	2444	35	1
1062	2020-04-15 07:24:58.396817+00	2020-04-15 07:24:58.396824+00	2020-04-15 07:24:58.345864+00	t	6	2642	35	1
1063	2020-04-15 07:24:58.396866+00	2020-04-15 07:24:58.396873+00	2020-04-15 07:24:58.346724+00	t	6	2600	35	1
1064	2020-04-15 07:24:58.396915+00	2020-04-15 07:24:58.396922+00	2020-04-15 07:24:58.347647+00	t	6	2602	35	1
1065	2020-04-15 07:24:58.396964+00	2020-04-15 07:24:58.39697+00	2020-04-15 07:24:58.348508+00	t	6	2603	35	1
1066	2020-04-15 07:24:58.397012+00	2020-04-15 07:24:58.397019+00	2020-04-15 07:24:58.349367+00	t	6	2604	35	1
1067	2020-04-15 07:24:58.39706+00	2020-04-15 07:24:58.397067+00	2020-04-15 07:24:58.350229+00	t	6	2605	35	1
1068	2020-04-15 07:24:58.397109+00	2020-04-15 07:24:58.397116+00	2020-04-15 07:24:58.351154+00	t	6	2606	35	1
1069	2020-04-15 07:24:58.397158+00	2020-04-15 07:24:58.397164+00	2020-04-15 07:24:58.352016+00	t	6	2607	35	1
1070	2020-04-15 07:24:58.397206+00	2020-04-15 07:24:58.397212+00	2020-04-15 07:24:58.352893+00	t	6	2608	35	1
1071	2020-04-15 07:24:58.397254+00	2020-04-15 07:24:58.39726+00	2020-04-15 07:24:58.353755+00	t	6	2609	35	1
1072	2020-04-15 07:24:58.397302+00	2020-04-15 07:24:58.397317+00	2020-04-15 07:24:58.354611+00	t	6	2611	35	1
1073	2020-04-15 07:24:58.397361+00	2020-04-15 07:24:58.397367+00	2020-04-15 07:24:58.355532+00	t	6	2612	35	1
1074	2020-04-15 07:24:58.397417+00	2020-04-15 07:24:58.397423+00	2020-04-15 07:24:58.356393+00	t	6	2613	35	1
1075	2020-04-15 07:24:58.397465+00	2020-04-15 07:24:58.397471+00	2020-04-15 07:24:58.357279+00	t	6	2614	35	1
1076	2020-04-15 07:24:58.397513+00	2020-04-15 07:24:58.39752+00	2020-04-15 07:24:58.358139+00	t	6	2615	35	1
1077	2020-04-15 07:24:58.397562+00	2020-04-15 07:24:58.397569+00	2020-04-15 07:24:58.359037+00	t	6	2616	35	1
1078	2020-04-15 07:24:58.39761+00	2020-04-15 07:24:58.397617+00	2020-04-15 07:24:58.359916+00	t	6	2617	35	1
1079	2020-04-15 07:24:58.397658+00	2020-04-15 07:24:58.397665+00	2020-04-15 07:24:58.360802+00	t	6	2618	35	1
1080	2020-04-15 07:24:58.397706+00	2020-04-15 07:24:58.397713+00	2020-04-15 07:24:58.361673+00	t	6	2619	35	1
1081	2020-04-15 07:24:58.397754+00	2020-04-15 07:24:58.397761+00	2020-04-15 07:24:58.362578+00	t	6	2620	35	1
1082	2020-04-15 07:24:58.397802+00	2020-04-15 07:24:58.397809+00	2020-04-15 07:24:58.363494+00	t	6	2621	35	1
1083	2020-04-15 07:24:58.397851+00	2020-04-15 07:24:58.397857+00	2020-04-15 07:24:58.364356+00	t	6	2622	35	1
1084	2020-04-15 07:24:58.397899+00	2020-04-15 07:24:58.397905+00	2020-04-15 07:24:58.365216+00	t	6	2623	35	1
1085	2020-04-15 07:24:58.397947+00	2020-04-15 07:24:58.397954+00	2020-04-15 07:24:58.36609+00	t	6	2624	35	1
1086	2020-04-15 07:24:58.397996+00	2020-04-15 07:24:58.398002+00	2020-04-15 07:24:58.366961+00	t	6	2625	35	1
1087	2020-04-15 07:24:58.398044+00	2020-04-15 07:24:58.39805+00	2020-04-15 07:24:58.367882+00	t	6	2626	35	1
1088	2020-04-15 07:24:58.398092+00	2020-04-15 07:24:58.398099+00	2020-04-15 07:24:58.368754+00	t	6	2628	35	1
1089	2020-04-15 07:24:58.398141+00	2020-04-15 07:24:58.398147+00	2020-04-15 07:24:58.369615+00	t	6	2629	35	1
1090	2020-04-15 07:24:58.398189+00	2020-04-15 07:24:58.398195+00	2020-04-15 07:24:58.370473+00	t	6	2630	35	1
1091	2020-04-15 07:24:58.398237+00	2020-04-15 07:24:58.398244+00	2020-04-15 07:24:58.371369+00	t	6	2640	35	1
1092	2020-04-15 07:24:58.398285+00	2020-04-15 07:24:58.398292+00	2020-04-15 07:24:58.372228+00	t	6	2631	35	1
1093	2020-04-15 07:24:58.398333+00	2020-04-15 07:24:58.39834+00	2020-04-15 07:24:58.373176+00	t	6	2643	35	1
1094	2020-04-15 07:24:58.398381+00	2020-04-15 07:24:58.398388+00	2020-04-15 07:24:58.374048+00	t	6	2632	35	1
1095	2020-04-15 07:24:58.39843+00	2020-04-15 07:24:58.398437+00	2020-04-15 07:24:58.374912+00	t	6	2633	35	1
1096	2020-04-15 07:24:58.398486+00	2020-04-15 07:24:58.398494+00	2020-04-15 07:24:58.375819+00	t	6	2635	35	1
1097	2020-04-15 07:24:58.398537+00	2020-04-15 07:24:58.398543+00	2020-04-15 07:24:58.376681+00	t	6	2646	35	1
1098	2020-04-15 07:24:58.398585+00	2020-04-15 07:24:58.398592+00	2020-04-15 07:24:58.377558+00	t	6	2636	35	1
1099	2020-04-15 07:24:58.398634+00	2020-04-15 07:24:58.39864+00	2020-04-15 07:24:58.378417+00	t	6	2637	35	1
1100	2020-04-15 07:24:58.398682+00	2020-04-15 07:24:58.398688+00	2020-04-15 07:24:58.379339+00	t	6	2647	35	1
1101	2020-04-15 07:24:58.39873+00	2020-04-15 07:24:58.398736+00	2020-04-15 07:24:58.380434+00	t	6	2638	35	1
1102	2020-04-15 07:24:58.398778+00	2020-04-15 07:24:58.398784+00	2020-04-15 07:24:58.381305+00	t	6	2648	35	1
1103	2020-04-15 07:24:58.398826+00	2020-04-15 07:24:58.398832+00	2020-04-15 07:24:58.382188+00	t	6	2649	35	1
1104	2020-04-15 07:24:58.398874+00	2020-04-15 07:24:58.39888+00	2020-04-15 07:24:58.383082+00	t	6	2650	35	1
1105	2020-04-15 07:24:58.398922+00	2020-04-15 07:24:58.398928+00	2020-04-15 07:24:58.383948+00	t	6	2651	35	1
1106	2020-04-15 07:24:58.398984+00	2020-04-15 07:24:58.398991+00	2020-04-15 07:24:58.384815+00	t	6	2654	35	1
1107	2020-04-15 07:24:58.399063+00	2020-04-15 07:24:58.399071+00	2020-04-15 07:24:58.385676+00	t	6	2655	35	1
1108	2020-04-15 07:24:58.399114+00	2020-04-15 07:24:58.39912+00	2020-04-15 07:24:58.386564+00	t	6	2656	35	1
1109	2020-04-15 07:24:58.399162+00	2020-04-15 07:24:58.399169+00	2020-04-15 07:24:58.387485+00	t	6	2657	35	1
1110	2020-04-15 07:24:58.39921+00	2020-04-15 07:24:58.399216+00	2020-04-15 07:24:58.388344+00	t	6	2658	35	1
1111	2020-04-15 07:24:58.399258+00	2020-04-15 07:24:58.399265+00	2020-04-15 07:24:58.389219+00	t	6	2659	35	1
1112	2020-04-15 07:24:58.399307+00	2020-04-15 07:24:58.399313+00	2020-04-15 07:24:58.39008+00	t	6	2660	35	1
1113	2020-04-15 07:24:58.399355+00	2020-04-15 07:24:58.399361+00	2020-04-15 07:24:58.39097+00	t	6	2661	35	1
1114	2020-04-15 07:24:58.399403+00	2020-04-15 07:24:58.399409+00	2020-04-15 07:24:58.391867+00	t	6	2662	35	1
1115	2020-04-15 07:24:58.399451+00	2020-04-15 07:24:58.399457+00	2020-04-15 07:24:58.392728+00	t	6	2663	35	1
1116	2020-04-15 07:24:58.399499+00	2020-04-15 07:24:58.399506+00	2020-04-15 07:24:58.393589+00	t	6	2664	35	1
1117	2020-04-15 07:24:58.399547+00	2020-04-15 07:24:58.399554+00	2020-04-15 07:24:58.39445+00	t	6	2665	35	1
1118	2020-04-15 07:24:58.399596+00	2020-04-15 07:24:58.399602+00	2020-04-15 07:24:58.395364+00	t	6	2666	35	1
1119	2020-04-15 07:24:58.399644+00	2020-04-15 07:24:58.39965+00	2020-04-15 07:24:58.396236+00	t	6	2667	35	1
1120	2020-04-15 07:30:50.615108+00	2020-04-15 07:30:50.615147+00	2020-04-15 07:30:50.531682+00	t	6	1482	18	2
1121	2020-04-15 07:30:50.615227+00	2020-04-15 07:30:50.615236+00	2020-04-15 07:30:50.532717+00	t	6	1583	18	2
1122	2020-04-15 07:30:50.615281+00	2020-04-15 07:30:50.615287+00	2020-04-15 07:30:50.533653+00	t	6	2489	18	2
1123	2020-04-15 07:30:50.61533+00	2020-04-15 07:30:50.615337+00	2020-04-15 07:30:50.534531+00	t	6	2465	18	2
1124	2020-04-15 07:30:50.61538+00	2020-04-15 07:30:50.615387+00	2020-04-15 07:30:50.53548+00	t	6	2466	18	2
1125	2020-04-15 07:30:50.615438+00	2020-04-15 07:30:50.615445+00	2020-04-15 07:30:50.536429+00	t	6	1695	18	2
1126	2020-04-15 07:30:50.615488+00	2020-04-15 07:30:50.615494+00	2020-04-15 07:30:50.537347+00	t	6	2468	18	2
1127	2020-04-15 07:30:50.615537+00	2020-04-15 07:30:50.615543+00	2020-04-15 07:30:50.53848+00	t	6	2467	18	2
1128	2020-04-15 07:30:50.615586+00	2020-04-15 07:30:50.615593+00	2020-04-15 07:30:50.539515+00	t	6	2497	18	2
1129	2020-04-15 07:30:50.615636+00	2020-04-15 07:30:50.615642+00	2020-04-15 07:30:50.540448+00	t	6	2496	18	2
1130	2020-04-15 07:30:50.615684+00	2020-04-15 07:30:50.615691+00	2020-04-15 07:30:50.541516+00	t	6	2495	18	2
1131	2020-04-15 07:30:50.615739+00	2020-04-15 07:30:50.615746+00	2020-04-15 07:30:50.542544+00	t	6	2494	18	2
1132	2020-04-15 07:30:50.615789+00	2020-04-15 07:30:50.615804+00	2020-04-15 07:30:50.54347+00	t	6	2493	18	2
1133	2020-04-15 07:30:50.615848+00	2020-04-15 07:30:50.615854+00	2020-04-15 07:30:50.544402+00	t	6	2492	18	2
1134	2020-04-15 07:30:50.615897+00	2020-04-15 07:30:50.615903+00	2020-04-15 07:30:50.545416+00	t	6	2491	18	2
1135	2020-04-15 07:30:50.615946+00	2020-04-15 07:30:50.615953+00	2020-04-15 07:30:50.546501+00	t	6	2490	18	2
1136	2020-04-15 07:30:50.615995+00	2020-04-15 07:30:50.616002+00	2020-04-15 07:30:50.550196+00	t	6	2488	18	2
1137	2020-04-15 07:30:50.616045+00	2020-04-15 07:30:50.616051+00	2020-04-15 07:30:50.553251+00	t	6	2487	18	2
1138	2020-04-15 07:30:50.616152+00	2020-04-15 07:30:50.616162+00	2020-04-15 07:30:50.554207+00	t	6	2485	18	2
1139	2020-04-15 07:30:50.616269+00	2020-04-15 07:30:50.61634+00	2020-04-15 07:30:50.555312+00	t	6	2483	18	2
1140	2020-04-15 07:30:50.616399+00	2020-04-15 07:30:50.616407+00	2020-04-15 07:30:50.556224+00	t	6	2482	18	2
1141	2020-04-15 07:30:50.616569+00	2020-04-15 07:30:50.616581+00	2020-04-15 07:30:50.557382+00	t	6	2481	18	2
1142	2020-04-15 07:30:50.616628+00	2020-04-15 07:30:50.616634+00	2020-04-15 07:30:50.558272+00	t	6	2480	18	2
1143	2020-04-15 07:30:50.616701+00	2020-04-15 07:30:50.61675+00	2020-04-15 07:30:50.559197+00	t	6	2479	18	2
1144	2020-04-15 07:30:50.616813+00	2020-04-15 07:30:50.616821+00	2020-04-15 07:30:50.560109+00	t	6	2478	18	2
1145	2020-04-15 07:30:50.616881+00	2020-04-15 07:30:50.61689+00	2020-04-15 07:30:50.561029+00	t	6	2477	18	2
1146	2020-04-15 07:30:50.61699+00	2020-04-15 07:30:50.617001+00	2020-04-15 07:30:50.56191+00	t	6	2476	18	2
1147	2020-04-15 07:30:50.617047+00	2020-04-15 07:30:50.617054+00	2020-04-15 07:30:50.562898+00	t	6	2475	18	2
1148	2020-04-15 07:30:50.617248+00	2020-04-15 07:30:50.61726+00	2020-04-15 07:30:50.563895+00	t	6	2474	18	2
1149	2020-04-15 07:30:50.61736+00	2020-04-15 07:30:50.617427+00	2020-04-15 07:30:50.564852+00	t	6	2473	18	2
1150	2020-04-15 07:30:50.617491+00	2020-04-15 07:30:50.617499+00	2020-04-15 07:30:50.565815+00	t	6	2471	18	2
1151	2020-04-15 07:30:50.617641+00	2020-04-15 07:30:50.617655+00	2020-04-15 07:30:50.566711+00	t	6	2470	18	2
1152	2020-04-15 07:30:50.617705+00	2020-04-15 07:30:50.617712+00	2020-04-15 07:30:50.567664+00	t	6	2520	18	2
1153	2020-04-15 07:30:50.617855+00	2020-04-15 07:30:50.617905+00	2020-04-15 07:30:50.5686+00	t	6	2519	18	2
1154	2020-04-15 07:30:50.618047+00	2020-04-15 07:30:50.618102+00	2020-04-15 07:30:50.569502+00	t	6	2518	18	2
1155	2020-04-15 07:30:50.618273+00	2020-04-15 07:30:50.61829+00	2020-04-15 07:30:50.573155+00	t	6	2517	18	2
1156	2020-04-15 07:30:50.618342+00	2020-04-15 07:30:50.618396+00	2020-04-15 07:30:50.574192+00	t	6	2521	18	2
1157	2020-04-15 07:30:50.6185+00	2020-04-15 07:30:50.61851+00	2020-04-15 07:30:50.575152+00	t	6	2516	18	2
1158	2020-04-15 07:30:50.618555+00	2020-04-15 07:30:50.61861+00	2020-04-15 07:30:50.576142+00	t	6	2515	18	2
1159	2020-04-15 07:30:50.618716+00	2020-04-15 07:30:50.618727+00	2020-04-15 07:30:50.577107+00	t	6	2514	18	2
1160	2020-04-15 07:30:50.61883+00	2020-04-15 07:30:50.618841+00	2020-04-15 07:30:50.578088+00	t	6	2513	18	2
1161	2020-04-15 07:30:50.618937+00	2020-04-15 07:30:50.618948+00	2020-04-15 07:30:50.579144+00	t	6	2512	18	2
1162	2020-04-15 07:30:50.619132+00	2020-04-15 07:30:50.619145+00	2020-04-15 07:30:50.580097+00	t	6	2511	18	2
1163	2020-04-15 07:30:50.619249+00	2020-04-15 07:30:50.61926+00	2020-04-15 07:30:50.581008+00	t	6	2510	18	2
1164	2020-04-15 07:30:50.61936+00	2020-04-15 07:30:50.619379+00	2020-04-15 07:30:50.581879+00	t	6	2509	18	2
1165	2020-04-15 07:30:50.619528+00	2020-04-15 07:30:50.619538+00	2020-04-15 07:30:50.582792+00	t	6	2508	18	2
1166	2020-04-15 07:30:50.619635+00	2020-04-15 07:30:50.619687+00	2020-04-15 07:30:50.583721+00	t	6	2507	18	2
1167	2020-04-15 07:30:50.619745+00	2020-04-15 07:30:50.619752+00	2020-04-15 07:30:50.584618+00	t	6	2506	18	2
1168	2020-04-15 07:30:50.619899+00	2020-04-15 07:30:50.619911+00	2020-04-15 07:30:50.585491+00	t	6	2505	18	2
1169	2020-04-15 07:30:50.619958+00	2020-04-15 07:30:50.619965+00	2020-04-15 07:30:50.586373+00	t	6	2504	18	2
1170	2020-04-15 07:30:50.620178+00	2020-04-15 07:30:50.620234+00	2020-04-15 07:30:50.587525+00	t	6	2503	18	2
1171	2020-04-15 07:30:50.620344+00	2020-04-15 07:30:50.620354+00	2020-04-15 07:30:50.588468+00	t	6	2502	18	2
1172	2020-04-15 07:30:50.620443+00	2020-04-15 07:30:50.620459+00	2020-04-15 07:30:50.589353+00	t	6	2501	18	2
1173	2020-04-15 07:30:50.62056+00	2020-04-15 07:30:50.62057+00	2020-04-15 07:30:50.59023+00	t	6	2500	18	2
1174	2020-04-15 07:30:50.620777+00	2020-04-15 07:30:50.620789+00	2020-04-15 07:30:50.591329+00	t	6	2499	18	2
1175	2020-04-15 07:30:50.620941+00	2020-04-15 07:30:50.620952+00	2020-04-15 07:30:50.592341+00	t	6	2498	18	2
1176	2020-04-15 07:30:50.620999+00	2020-04-15 07:30:50.621006+00	2020-04-15 07:30:50.593214+00	t	6	2463	18	2
1177	2020-04-15 07:30:50.621188+00	2020-04-15 07:30:50.621199+00	2020-04-15 07:30:50.594118+00	t	6	2462	18	2
1178	2020-04-15 07:30:50.621348+00	2020-04-15 07:30:50.62136+00	2020-04-15 07:30:50.595047+00	t	6	2461	18	2
1179	2020-04-15 07:30:50.621409+00	2020-04-15 07:30:50.621416+00	2020-04-15 07:30:50.595934+00	t	6	2460	18	2
1180	2020-04-15 07:30:50.621565+00	2020-04-15 07:30:50.621577+00	2020-04-15 07:30:50.597267+00	t	6	2459	18	2
1181	2020-04-15 07:30:50.621622+00	2020-04-15 07:30:50.621629+00	2020-04-15 07:30:50.598911+00	t	6	2458	18	2
1182	2020-04-15 07:30:50.62173+00	2020-04-15 07:30:50.621782+00	2020-04-15 07:30:50.600021+00	t	6	2464	18	2
1183	2020-04-15 07:30:50.62184+00	2020-04-15 07:30:50.621848+00	2020-04-15 07:30:50.600952+00	t	6	2526	18	2
1184	2020-04-15 07:30:50.621954+00	2020-04-15 07:30:50.621965+00	2020-04-15 07:30:50.60429+00	t	6	2527	18	2
1185	2020-04-15 07:30:50.622009+00	2020-04-15 07:30:50.622016+00	2020-04-15 07:30:50.605291+00	t	6	2528	18	2
1186	2020-04-15 07:30:50.622066+00	2020-04-15 07:30:50.622073+00	2020-04-15 07:30:50.606829+00	t	6	2469	18	2
1187	2020-04-15 07:30:50.622115+00	2020-04-15 07:30:50.622122+00	2020-04-15 07:30:50.609515+00	t	6	2523	18	2
1188	2020-04-15 07:30:50.622164+00	2020-04-15 07:30:50.622171+00	2020-04-15 07:30:50.610669+00	t	6	2525	18	2
1189	2020-04-15 07:30:50.622214+00	2020-04-15 07:30:50.62222+00	2020-04-15 07:30:50.612205+00	t	6	2522	18	2
1190	2020-04-15 07:30:50.622262+00	2020-04-15 07:30:50.622269+00	2020-04-15 07:30:50.61428+00	t	6	2524	18	2
1191	2020-04-15 07:32:39.768711+00	2020-04-15 07:32:39.768737+00	2020-04-15 07:32:39.768354+00	f	6	2448	17	2
1192	2020-04-15 07:36:54.056893+00	2020-04-15 07:36:54.056921+00	2020-04-15 07:36:53.993104+00	t	6	2388	17	2
1193	2020-04-15 07:36:54.056998+00	2020-04-15 07:36:54.057006+00	2020-04-15 07:36:53.994204+00	t	6	2389	17	2
1194	2020-04-15 07:36:54.057049+00	2020-04-15 07:36:54.057056+00	2020-04-15 07:36:53.995173+00	t	6	2387	17	2
1195	2020-04-15 07:36:54.057098+00	2020-04-15 07:36:54.057105+00	2020-04-15 07:36:53.996527+00	t	6	2390	17	2
1196	2020-04-15 07:36:54.057147+00	2020-04-15 07:36:54.057153+00	2020-04-15 07:36:53.997499+00	t	6	2402	17	2
1197	2020-04-15 07:36:54.057196+00	2020-04-15 07:36:54.057202+00	2020-04-15 07:36:53.998427+00	t	6	2429	17	2
1198	2020-04-15 07:36:54.057243+00	2020-04-15 07:36:54.05725+00	2020-04-15 07:36:53.999344+00	t	6	2410	17	2
1199	2020-04-15 07:36:54.057292+00	2020-04-15 07:36:54.057298+00	2020-04-15 07:36:54.000254+00	t	6	2412	17	2
1200	2020-04-15 07:36:54.05734+00	2020-04-15 07:36:54.057347+00	2020-04-15 07:36:54.001149+00	t	6	2416	17	2
1201	2020-04-15 07:36:54.057388+00	2020-04-15 07:36:54.057395+00	2020-04-15 07:36:54.002057+00	t	6	2424	17	2
1202	2020-04-15 07:36:54.057437+00	2020-04-15 07:36:54.057443+00	2020-04-15 07:36:54.003261+00	t	6	2411	17	2
1203	2020-04-15 07:36:54.057485+00	2020-04-15 07:36:54.057492+00	2020-04-15 07:36:54.004164+00	t	6	2428	17	2
1204	2020-04-15 07:36:54.057534+00	2020-04-15 07:36:54.05754+00	2020-04-15 07:36:54.005075+00	t	6	2400	17	2
1205	2020-04-15 07:36:54.057582+00	2020-04-15 07:36:54.057588+00	2020-04-15 07:36:54.006865+00	t	6	2403	17	2
1206	2020-04-15 07:36:54.05763+00	2020-04-15 07:36:54.057637+00	2020-04-15 07:36:54.008183+00	t	6	2395	17	2
1207	2020-04-15 07:36:54.057678+00	2020-04-15 07:36:54.057685+00	2020-04-15 07:36:54.009089+00	t	6	2422	17	2
1208	2020-04-15 07:36:54.057726+00	2020-04-15 07:36:54.057733+00	2020-04-15 07:36:54.01002+00	t	6	2396	17	2
1209	2020-04-15 07:36:54.057775+00	2020-04-15 07:36:54.057781+00	2020-04-15 07:36:54.010951+00	t	6	2397	17	2
1210	2020-04-15 07:36:54.057823+00	2020-04-15 07:36:54.05783+00	2020-04-15 07:36:54.011886+00	t	6	2431	17	2
1211	2020-04-15 07:36:54.057871+00	2020-04-15 07:36:54.057878+00	2020-04-15 07:36:54.012817+00	t	6	2391	17	2
1212	2020-04-15 07:36:54.05792+00	2020-04-15 07:36:54.057927+00	2020-04-15 07:36:54.013702+00	t	6	2435	17	2
1213	2020-04-15 07:36:54.057969+00	2020-04-15 07:36:54.057975+00	2020-04-15 07:36:54.014592+00	t	6	2425	17	2
1214	2020-04-15 07:36:54.058017+00	2020-04-15 07:36:54.058023+00	2020-04-15 07:36:54.015521+00	t	6	2409	17	2
1215	2020-04-15 07:36:54.058065+00	2020-04-15 07:36:54.058072+00	2020-04-15 07:36:54.016408+00	t	6	2406	17	2
1216	2020-04-15 07:36:54.058114+00	2020-04-15 07:36:54.05812+00	2020-04-15 07:36:54.017302+00	t	6	2421	17	2
1217	2020-04-15 07:36:54.058162+00	2020-04-15 07:36:54.058168+00	2020-04-15 07:36:54.018162+00	t	6	2417	17	2
1218	2020-04-15 07:36:54.058218+00	2020-04-15 07:36:54.058225+00	2020-04-15 07:36:54.019128+00	t	6	2399	17	2
1219	2020-04-15 07:36:54.058267+00	2020-04-15 07:36:54.058274+00	2020-04-15 07:36:54.020017+00	t	6	2432	17	2
1220	2020-04-15 07:36:54.058315+00	2020-04-15 07:36:54.058321+00	2020-04-15 07:36:54.020939+00	t	6	2427	17	2
1221	2020-04-15 07:36:54.058363+00	2020-04-15 07:36:54.05837+00	2020-04-15 07:36:54.021856+00	t	6	2414	17	2
1222	2020-04-15 07:36:54.058411+00	2020-04-15 07:36:54.058418+00	2020-04-15 07:36:54.022742+00	t	6	2401	17	2
1223	2020-04-15 07:36:54.05846+00	2020-04-15 07:36:54.058466+00	2020-04-15 07:36:54.023718+00	t	6	2407	17	2
1224	2020-04-15 07:36:54.058507+00	2020-04-15 07:36:54.058514+00	2020-04-15 07:36:54.024579+00	t	6	2430	17	2
1225	2020-04-15 07:36:54.058555+00	2020-04-15 07:36:54.058561+00	2020-04-15 07:36:54.025452+00	t	6	2394	17	2
1226	2020-04-15 07:36:54.058603+00	2020-04-15 07:36:54.058609+00	2020-04-15 07:36:54.026315+00	t	6	2413	17	2
1227	2020-04-15 07:36:54.058651+00	2020-04-15 07:36:54.058657+00	2020-04-15 07:36:54.027238+00	t	6	2393	17	2
1228	2020-04-15 07:36:54.058699+00	2020-04-15 07:36:54.058705+00	2020-04-15 07:36:54.028145+00	t	6	2433	17	2
1229	2020-04-15 07:36:54.058747+00	2020-04-15 07:36:54.058753+00	2020-04-15 07:36:54.029064+00	t	6	2404	17	2
1230	2020-04-15 07:36:54.058795+00	2020-04-15 07:36:54.058802+00	2020-04-15 07:36:54.029952+00	t	6	2405	17	2
1231	2020-04-15 07:36:54.058843+00	2020-04-15 07:36:54.05885+00	2020-04-15 07:36:54.030813+00	t	6	2398	17	2
1232	2020-04-15 07:36:54.058891+00	2020-04-15 07:36:54.058897+00	2020-04-15 07:36:54.031804+00	t	6	2419	17	2
1233	2020-04-15 07:36:54.05894+00	2020-04-15 07:36:54.058946+00	2020-04-15 07:36:54.032772+00	t	6	2436	17	2
1234	2020-04-15 07:36:54.058988+00	2020-04-15 07:36:54.058994+00	2020-04-15 07:36:54.033676+00	t	6	2392	17	2
1235	2020-04-15 07:36:54.059079+00	2020-04-15 07:36:54.059088+00	2020-04-15 07:36:54.034634+00	t	6	2415	17	2
1236	2020-04-15 07:36:54.05913+00	2020-04-15 07:36:54.059136+00	2020-04-15 07:36:54.035588+00	t	6	2420	17	2
1237	2020-04-15 07:36:54.059178+00	2020-04-15 07:36:54.059184+00	2020-04-15 07:36:54.036519+00	t	6	2434	17	2
1238	2020-04-15 07:36:54.059226+00	2020-04-15 07:36:54.059233+00	2020-04-15 07:36:54.037479+00	t	6	2426	17	2
1239	2020-04-15 07:36:54.059276+00	2020-04-15 07:36:54.059282+00	2020-04-15 07:36:54.038367+00	t	6	2408	17	2
1240	2020-04-15 07:36:54.059332+00	2020-04-15 07:36:54.059339+00	2020-04-15 07:36:54.039316+00	t	6	2418	17	2
1241	2020-04-15 07:36:54.059382+00	2020-04-15 07:36:54.059389+00	2020-04-15 07:36:54.040229+00	t	6	2447	17	2
1242	2020-04-15 07:36:54.05943+00	2020-04-15 07:36:54.059437+00	2020-04-15 07:36:54.04112+00	t	6	2446	17	2
1243	2020-04-15 07:36:54.059478+00	2020-04-15 07:36:54.059485+00	2020-04-15 07:36:54.042036+00	t	6	2443	17	2
1244	2020-04-15 07:36:54.059528+00	2020-04-15 07:36:54.059534+00	2020-04-15 07:36:54.042904+00	t	6	2451	17	2
1245	2020-04-15 07:36:54.059576+00	2020-04-15 07:36:54.059582+00	2020-04-15 07:36:54.043902+00	t	6	2454	17	2
1246	2020-04-15 07:36:54.059624+00	2020-04-15 07:36:54.05963+00	2020-04-15 07:36:54.045444+00	t	6	2440	17	2
1247	2020-04-15 07:36:54.059672+00	2020-04-15 07:36:54.059678+00	2020-04-15 07:36:54.046376+00	t	6	2442	17	2
1248	2020-04-15 07:36:54.059719+00	2020-04-15 07:36:54.059726+00	2020-04-15 07:36:54.047293+00	t	6	2452	17	2
1249	2020-04-15 07:36:54.059767+00	2020-04-15 07:36:54.059773+00	2020-04-15 07:36:54.048169+00	t	6	2437	17	2
1250	2020-04-15 07:36:54.059815+00	2020-04-15 07:36:54.059821+00	2020-04-15 07:36:54.049069+00	t	6	2441	17	2
1251	2020-04-15 07:36:54.059863+00	2020-04-15 07:36:54.059869+00	2020-04-15 07:36:54.049961+00	t	6	2455	17	2
1252	2020-04-15 07:36:54.059911+00	2020-04-15 07:36:54.059917+00	2020-04-15 07:36:54.050911+00	t	6	2445	17	2
1253	2020-04-15 07:36:54.059959+00	2020-04-15 07:36:54.059965+00	2020-04-15 07:36:54.051863+00	t	6	2439	17	2
1254	2020-04-15 07:36:54.060007+00	2020-04-15 07:36:54.060013+00	2020-04-15 07:36:54.05276+00	t	6	2450	17	2
1255	2020-04-15 07:36:54.060054+00	2020-04-15 07:36:54.060061+00	2020-04-15 07:36:54.053634+00	t	6	2453	17	2
1256	2020-04-15 07:36:54.060102+00	2020-04-15 07:36:54.060108+00	2020-04-15 07:36:54.054504+00	t	6	2456	17	2
1257	2020-04-15 07:36:54.06015+00	2020-04-15 07:36:54.060156+00	2020-04-15 07:36:54.055491+00	t	6	2449	17	2
1258	2020-04-15 07:36:54.060198+00	2020-04-15 07:36:54.060204+00	2020-04-15 07:36:54.056371+00	t	6	2438	17	2
\.


--
-- Data for Name: sows_events_ultrasoundtype; Type: TABLE DATA; Schema: public; Owner: postgres
--

COPY public.sows_events_ultrasoundtype (id, created_at, modified_at, title, days, final) FROM stdin;
1	2020-03-09 11:46:39.890203+00	2020-03-09 11:46:39.890218+00	\N	30	f
2	2020-03-09 11:46:39.890242+00	2020-03-09 11:46:39.890249+00	\N	60	t
\.


--
-- Data for Name: sows_events_weaningsow; Type: TABLE DATA; Schema: public; Owner: postgres
--

COPY public.sows_events_weaningsow (id, created_at, modified_at, date, quantity, initiator_id, piglets_id, sow_id, tour_id) FROM stdin;
\.


--
-- Data for Name: sows_gilt; Type: TABLE DATA; Schema: public; Owner: postgres
--

COPY public.sows_gilt (id, created_at, modified_at, birth_id, location_id, mother_sow_id, tour_id, farrow_id, active) FROM stdin;
\.


--
-- Data for Name: sows_sow; Type: TABLE DATA; Schema: public; Owner: postgres
--

COPY public.sows_sow (id, created_at, modified_at, birth_id, farm_id, alive, location_id, status_id, tour_id) FROM stdin;
1524	2020-03-17 05:16:38.90088+00	2020-03-30 05:07:57.829384+00	\N	19451	t	1	5	\N
1483	2020-03-17 05:16:37.346354+00	2020-03-17 05:16:58.936627+00	\N	19546	t	1	5	\N
1463	2020-03-17 05:16:36.592706+00	2020-03-17 05:16:36.633413+00	\N	19403	t	1	2	9
1525	2020-03-17 05:16:38.936547+00	2020-03-17 06:22:37.46815+00	\N	2467	f	1	8	14
1484	2020-03-17 05:16:37.393167+00	2020-03-30 05:07:59.493193+00	\N	19889	t	1	5	\N
1464	2020-03-17 05:16:36.645679+00	2020-03-17 05:16:36.678683+00	\N	19048	t	1	2	9
1486	2020-03-17 05:16:37.473626+00	2020-03-30 05:07:59.550065+00	\N	19879	t	1	5	\N
1489	2020-03-17 05:16:37.550876+00	2020-03-17 06:28:05.543756+00	\N	20413	t	2	3	14
1465	2020-03-17 05:16:36.686172+00	2020-03-17 05:16:36.719809+00	\N	19098	t	1	2	9
1467	2020-03-17 05:16:36.760731+00	2020-03-17 06:28:05.55329+00	\N	19620	t	2	3	14
1526	2020-03-17 05:16:38.97644+00	2020-03-30 05:08:00.179407+00	\N	20352	t	1	5	\N
1466	2020-03-17 05:16:36.727704+00	2020-03-17 05:16:36.753327+00	\N	20035	t	1	2	9
2631	2020-03-27 07:35:41.323697+00	2020-03-27 07:35:41.356056+00	\N	19658	t	1	3	35
1546	2020-03-17 05:16:39.733366+00	2020-04-06 03:26:12.226272+00	\N	20370	t	1	5	\N
2402	2020-03-27 07:35:32.823939+00	2020-03-30 03:53:03.16757+00	\N	19711	t	2	4	17
1468	2020-03-17 05:16:36.776088+00	2020-03-17 05:16:36.808332+00	\N	19651	t	1	2	9
1493	2020-03-17 05:16:37.716963+00	2020-04-06 03:26:16.670882+00	\N	19050	t	1	6	\N
1469	2020-03-17 05:16:36.815661+00	2020-03-17 05:16:36.847312+00	\N	18694	t	1	2	9
2319	2020-03-27 07:35:29.739938+00	2020-03-30 03:44:08.246526+00	\N	18625	t	2	3	16
1470	2020-03-17 05:16:36.855122+00	2020-03-17 05:16:36.881874+00	\N	19240	t	1	2	9
1551	2020-03-17 05:16:39.896517+00	2020-04-08 07:59:32.857279+00	\N	19188	f	1	8	34
1471	2020-03-17 05:16:36.887451+00	2020-03-17 05:16:36.913308+00	\N	19613	t	1	2	9
1473	2020-03-17 05:16:36.976177+00	2020-03-17 05:16:37.00802+00	\N	2688	t	1	2	9
1474	2020-03-17 05:16:37.015524+00	2020-03-17 05:16:37.049978+00	\N	20411	t	1	2	9
1475	2020-03-17 05:16:37.057738+00	2020-03-17 05:16:37.086287+00	\N	19982	t	1	2	9
1476	2020-03-17 05:16:37.092021+00	2020-03-17 05:16:37.121195+00	\N	19990	t	1	2	9
1477	2020-03-17 05:16:37.126899+00	2020-03-17 05:16:37.15756+00	\N	19089	t	1	2	9
1478	2020-03-17 05:16:37.162807+00	2020-03-17 05:16:37.191691+00	\N	19997	t	1	2	9
1479	2020-03-17 05:16:37.199709+00	2020-03-17 05:16:37.231485+00	\N	19625	t	1	2	9
1480	2020-03-17 05:16:37.239453+00	2020-03-17 05:16:37.275844+00	\N	19984	t	1	2	9
1481	2020-03-17 05:16:37.281421+00	2020-03-17 05:16:37.307919+00	\N	20414	t	1	2	9
1485	2020-03-17 05:16:37.430824+00	2020-03-17 05:16:37.46584+00	\N	19294	t	1	2	9
1487	2020-03-17 05:16:37.488739+00	2020-03-17 05:16:37.512457+00	\N	20409	t	1	2	9
1488	2020-03-17 05:16:37.518092+00	2020-03-17 05:16:37.544994+00	\N	19618	t	1	2	9
1490	2020-03-17 05:16:37.601379+00	2020-03-17 05:16:37.633318+00	\N	20000	t	1	2	9
1491	2020-03-17 05:16:37.640873+00	2020-03-17 05:16:37.678983+00	\N	19637	t	1	2	9
1492	2020-03-17 05:16:37.686344+00	2020-03-17 05:16:37.711672+00	\N	19610	t	1	2	9
1494	2020-03-17 05:16:37.77242+00	2020-03-17 05:16:37.81188+00	\N	18772	t	1	2	9
1495	2020-03-17 05:16:37.820385+00	2020-03-17 05:16:37.851776+00	\N	20410	t	1	2	9
1496	2020-03-17 05:16:37.858344+00	2020-03-17 05:16:37.885898+00	\N	20412	t	1	2	9
1497	2020-03-17 05:16:37.893513+00	2020-03-17 05:16:37.91678+00	\N	19534	t	1	2	9
1498	2020-03-17 05:16:37.922369+00	2020-03-17 05:16:37.947868+00	\N	18482	t	1	2	9
1500	2020-03-17 05:16:37.976729+00	2020-03-17 05:16:38.008609+00	\N	18814	t	1	2	9
1501	2020-03-17 05:16:38.016256+00	2020-03-17 05:16:38.048588+00	\N	2476	t	1	2	9
1502	2020-03-17 05:16:38.056133+00	2020-03-17 05:16:38.095109+00	\N	19616	t	1	2	9
1503	2020-03-17 05:16:38.101054+00	2020-03-17 05:16:38.135019+00	\N	19149	t	1	2	9
1504	2020-03-17 05:16:38.140567+00	2020-03-17 05:16:38.166018+00	\N	19108	t	1	2	9
1505	2020-03-17 05:16:38.174463+00	2020-03-17 05:16:38.206383+00	\N	19621	t	1	2	9
1506	2020-03-17 05:16:38.213809+00	2020-03-17 05:16:38.245694+00	\N	19989	t	1	2	9
1507	2020-03-17 05:16:38.253111+00	2020-03-17 05:16:38.287022+00	\N	2574	t	1	2	9
1508	2020-03-17 05:16:38.296165+00	2020-03-17 05:16:38.32392+00	\N	20415	t	1	2	9
1509	2020-03-17 05:16:38.329861+00	2020-03-17 05:16:38.358568+00	\N	18707	t	1	2	9
1510	2020-03-17 05:16:38.369771+00	2020-03-17 05:16:38.399005+00	\N	5008	t	1	2	9
1511	2020-03-17 05:16:38.406726+00	2020-03-17 05:16:38.438328+00	\N	5131	t	1	2	9
1512	2020-03-17 05:16:38.445936+00	2020-03-17 05:16:38.48022+00	\N	19639	t	1	2	9
1513	2020-03-17 05:16:38.488382+00	2020-03-17 05:16:38.515855+00	\N	19600	t	1	2	9
1514	2020-03-17 05:16:38.5214+00	2020-03-17 05:16:38.545868+00	\N	20420	t	1	2	9
1515	2020-03-17 05:16:38.550931+00	2020-03-17 05:16:38.578282+00	\N	20215	t	1	2	9
1516	2020-03-17 05:16:38.588786+00	2020-03-17 05:16:38.61926+00	\N	19360	t	1	2	9
1517	2020-03-17 05:16:38.626613+00	2020-03-17 05:16:38.658396+00	\N	20416	t	1	2	9
1518	2020-03-17 05:16:38.665867+00	2020-03-17 05:16:38.698204+00	\N	20419	t	1	2	9
1519	2020-03-17 05:16:38.70368+00	2020-03-17 05:16:38.727697+00	\N	19985	t	1	2	9
1520	2020-03-17 05:16:38.733124+00	2020-03-17 05:16:38.760805+00	\N	20417	t	1	2	9
1521	2020-03-17 05:16:38.768653+00	2020-03-17 05:16:38.803484+00	\N	20418	t	1	2	9
1522	2020-03-17 05:16:38.811727+00	2020-03-17 05:16:38.84602+00	\N	2620	t	1	2	9
1523	2020-03-17 05:16:38.853988+00	2020-03-17 05:16:38.894985+00	\N	18956	t	1	2	9
1527	2020-03-17 05:16:39.017913+00	2020-03-17 05:16:39.050059+00	\N	20423	t	1	2	9
1528	2020-03-17 05:16:39.057686+00	2020-03-17 05:16:39.09274+00	\N	19599	t	1	2	9
1529	2020-03-17 05:16:39.1006+00	2020-03-17 05:16:39.129741+00	\N	20421	t	1	2	9
1531	2020-03-17 05:16:39.175273+00	2020-03-17 05:16:39.203458+00	\N	20422	t	1	2	9
1533	2020-03-17 05:16:39.260731+00	2020-03-17 05:16:39.308762+00	\N	20426	t	1	2	9
1535	2020-03-17 05:16:39.332681+00	2020-03-17 05:16:39.360687+00	\N	20425	t	1	2	9
1536	2020-03-17 05:16:39.365849+00	2020-03-17 05:16:39.393627+00	\N	19733	t	1	2	9
1537	2020-03-17 05:16:39.39931+00	2020-03-17 05:16:39.423225+00	\N	20427	t	1	2	9
1538	2020-03-17 05:16:39.428559+00	2020-03-17 05:16:39.460409+00	\N	20245	t	1	2	9
1540	2020-03-17 05:16:39.520756+00	2020-03-17 05:16:39.547867+00	\N	20429	t	1	2	9
1541	2020-03-17 05:16:39.554149+00	2020-03-17 05:16:39.582859+00	\N	20428	t	1	2	9
1542	2020-03-17 05:16:39.59108+00	2020-03-17 05:16:39.623312+00	\N	19271	t	1	2	10
1543	2020-03-17 05:16:39.630743+00	2020-03-17 05:16:39.659978+00	\N	19137	t	1	2	10
1544	2020-03-17 05:16:39.667628+00	2020-03-17 05:16:39.698733+00	\N	19922	t	1	2	10
1545	2020-03-17 05:16:39.704078+00	2020-03-17 05:16:39.727938+00	\N	19662	t	1	2	10
1547	2020-03-17 05:16:39.746551+00	2020-03-17 05:16:39.772442+00	\N	18075	t	1	2	10
1548	2020-03-17 05:16:39.779986+00	2020-03-17 05:16:39.806885+00	\N	18512	t	1	2	10
1549	2020-03-17 05:16:39.814343+00	2020-03-17 05:16:39.846352+00	\N	2558	t	1	2	10
1550	2020-03-17 05:16:39.853881+00	2020-03-17 05:16:39.888713+00	\N	20012	t	1	2	10
1534	2020-03-17 05:16:39.316842+00	2020-03-17 05:16:47.219393+00	\N	20424	t	1	2	12
1472	2020-03-17 05:16:36.920557+00	2020-03-17 05:16:47.545176+00	\N	18735	t	1	2	12
1530	2020-03-17 05:16:39.135078+00	2020-03-17 05:16:50.486493+00	\N	19329	t	1	2	13
2429	2020-03-27 07:35:33.82337+00	2020-03-30 03:53:21.235524+00	\N	20144	t	2	4	17
2643	2020-03-27 07:35:41.790961+00	2020-03-27 07:35:41.813772+00	\N	2544	t	1	3	35
1552	2020-03-17 05:16:39.936017+00	2020-03-17 05:16:39.960418+00	\N	2401	t	1	2	10
1570	2020-03-17 05:16:40.596062+00	2020-03-17 06:28:05.525486+00	\N	19666	t	2	3	14
2668	2020-03-30 05:07:57.589276+00	2020-04-06 03:16:06.73057+00	\N	20338	f	3	8	36
1553	2020-03-17 05:16:39.9656+00	2020-03-17 05:16:39.991031+00	\N	19071	t	1	2	10
1580	2020-03-17 05:16:40.945903+00	2020-04-06 03:26:09.962409+00	\N	20291	t	1	5	\N
2410	2020-03-27 07:35:33.11883+00	2020-03-30 03:53:32.135904+00	\N	19806	t	2	4	17
1554	2020-03-17 05:16:39.99765+00	2020-03-17 05:16:40.030522+00	\N	18308	t	1	2	10
2412	2020-03-27 07:35:33.198063+00	2020-03-30 03:53:41.928817+00	\N	2624	t	2	4	17
1555	2020-03-17 05:16:40.038001+00	2020-03-17 05:16:40.069785+00	\N	2448	t	1	2	10
1556	2020-03-17 05:16:40.077602+00	2020-03-17 05:16:40.116981+00	\N	19528	t	1	2	10
1557	2020-03-17 05:16:40.125281+00	2020-03-17 05:16:40.149179+00	\N	2649	t	1	2	10
1558	2020-03-17 05:16:40.154532+00	2020-03-17 05:16:40.183042+00	\N	2703	t	1	2	10
1604	2020-03-17 05:16:41.828357+00	2020-03-27 07:47:15.763186+00	\N	19045	t	1	5	\N
2743	2020-04-06 03:26:09.980289+00	2020-04-09 09:35:50.300825+00	\N	20368	t	186	9	42
1559	2020-03-17 05:16:40.188829+00	2020-03-17 05:16:40.215901+00	\N	2569	t	1	2	10
2320	2020-03-27 07:35:29.785593+00	2020-03-30 03:44:08.241175+00	\N	19822	t	2	3	16
1560	2020-03-17 05:16:40.223343+00	2020-03-17 05:16:40.250862+00	\N	19995	t	1	2	10
1607	2020-03-17 05:16:41.947696+00	2020-03-30 05:07:58.419944+00	\N	19619	t	1	5	\N
1561	2020-03-17 05:16:40.258403+00	2020-03-17 05:16:40.287966+00	\N	19338	t	1	2	10
1562	2020-03-17 05:16:40.292997+00	2020-03-17 05:16:40.321725+00	\N	19268	t	1	2	10
1563	2020-03-17 05:16:40.3294+00	2020-03-17 05:16:40.361295+00	\N	19657	t	1	2	10
1564	2020-03-17 05:16:40.369029+00	2020-03-17 05:16:40.400116+00	\N	18610	t	1	2	10
1566	2020-03-17 05:16:40.456623+00	2020-03-17 05:16:40.479554+00	\N	20306	t	1	2	10
1567	2020-03-17 05:16:40.485034+00	2020-03-17 05:16:40.512172+00	\N	19991	t	1	2	10
1568	2020-03-17 05:16:40.520843+00	2020-03-17 05:16:40.549111+00	\N	920	t	1	2	10
1569	2020-03-17 05:16:40.556435+00	2020-03-17 05:16:40.588204+00	\N	18824	t	1	2	10
1571	2020-03-17 05:16:40.639289+00	2020-03-17 05:16:40.668454+00	\N	20005	t	1	2	10
1572	2020-03-17 05:16:40.676413+00	2020-03-17 05:16:40.707174+00	\N	19958	t	1	2	10
1573	2020-03-17 05:16:40.71449+00	2020-03-17 05:16:40.746212+00	\N	20006	t	1	2	10
1574	2020-03-17 05:16:40.753518+00	2020-03-17 05:16:40.779074+00	\N	20002	t	1	2	10
1575	2020-03-17 05:16:40.784456+00	2020-03-17 05:16:40.809423+00	\N	20431	t	1	2	10
1576	2020-03-17 05:16:40.814585+00	2020-03-17 05:16:40.843666+00	\N	20004	t	1	2	10
1577	2020-03-17 05:16:40.851175+00	2020-03-17 05:16:40.882148+00	\N	19643	t	1	2	10
1578	2020-03-17 05:16:40.88967+00	2020-03-17 05:16:40.921787+00	\N	2716	t	1	2	10
1581	2020-03-17 05:16:40.985355+00	2020-03-17 05:16:41.01759+00	\N	19141	t	1	2	10
1582	2020-03-17 05:16:41.025706+00	2020-03-17 05:16:41.051574+00	\N	2577	t	1	2	10
1584	2020-03-17 05:16:41.094857+00	2020-03-17 05:16:41.125593+00	\N	19996	t	1	2	10
1585	2020-03-17 05:16:41.133255+00	2020-03-17 05:16:41.165225+00	\N	19986	t	1	2	10
1586	2020-03-17 05:16:41.17305+00	2020-03-17 05:16:41.205196+00	\N	19649	t	1	2	10
1587	2020-03-17 05:16:41.212758+00	2020-03-17 05:16:41.248566+00	\N	19077	t	1	2	10
1588	2020-03-17 05:16:41.256327+00	2020-03-17 05:16:41.28398+00	\N	20007	t	1	2	10
1589	2020-03-17 05:16:41.289419+00	2020-03-17 05:16:41.317383+00	\N	20242	t	1	2	10
1590	2020-03-17 05:16:41.324828+00	2020-03-17 05:16:41.356647+00	\N	20430	t	1	2	10
1592	2020-03-17 05:16:41.414713+00	2020-03-17 05:16:41.446136+00	\N	2747	t	1	2	10
1593	2020-03-17 05:16:41.454157+00	2020-03-17 05:16:41.47682+00	\N	19030	t	1	2	10
1594	2020-03-17 05:16:41.482011+00	2020-03-17 05:16:41.504201+00	\N	19617	t	1	2	10
1595	2020-03-17 05:16:41.50958+00	2020-03-17 05:16:41.536431+00	\N	20435	t	1	2	10
1597	2020-03-17 05:16:41.560608+00	2020-03-17 05:16:41.59582+00	\N	19213	t	1	2	10
1598	2020-03-17 05:16:41.604975+00	2020-03-17 05:16:41.640992+00	\N	19185	t	1	2	10
1599	2020-03-17 05:16:41.649612+00	2020-03-17 05:16:41.676385+00	\N	20433	t	1	2	10
1600	2020-03-17 05:16:41.682531+00	2020-03-17 05:16:41.70727+00	\N	20436	t	1	2	10
1601	2020-03-17 05:16:41.714988+00	2020-03-17 05:16:41.743584+00	\N	20438	t	1	2	10
1602	2020-03-17 05:16:41.75201+00	2020-03-17 05:16:41.78406+00	\N	2748	t	1	2	10
1603	2020-03-17 05:16:41.79276+00	2020-03-17 05:16:41.82276+00	\N	20246	t	1	2	10
1605	2020-03-17 05:16:41.8611+00	2020-03-17 05:16:41.89455+00	\N	20437	t	1	2	10
1606	2020-03-17 05:16:41.902385+00	2020-03-17 05:16:41.938392+00	\N	2598	t	1	2	10
1608	2020-03-17 05:16:41.991696+00	2020-03-17 05:16:42.026667+00	\N	20439	t	1	2	10
1609	2020-03-17 05:16:42.035242+00	2020-03-17 05:16:42.063052+00	\N	20440	t	1	2	10
1610	2020-03-17 05:16:42.068396+00	2020-03-17 05:16:42.091158+00	\N	19278	t	1	2	10
1611	2020-03-17 05:16:42.098547+00	2020-03-17 05:16:42.131234+00	\N	18939	t	1	2	10
1612	2020-03-17 05:16:42.138949+00	2020-03-17 05:16:42.172124+00	\N	20442	t	1	2	10
1613	2020-03-17 05:16:42.18582+00	2020-03-17 05:16:42.216563+00	\N	20441	t	1	2	10
1614	2020-03-17 05:16:42.223821+00	2020-03-17 05:16:42.255641+00	\N	20443	t	1	2	10
1615	2020-03-17 05:16:42.263296+00	2020-03-17 05:16:42.294939+00	\N	20445	t	1	2	10
1616	2020-03-17 05:16:42.300395+00	2020-03-17 05:16:42.331093+00	\N	20446	t	1	2	10
1617	2020-03-17 05:16:42.338988+00	2020-03-17 05:16:42.3717+00	\N	20444	t	1	2	10
1618	2020-03-17 05:16:42.379667+00	2020-03-17 05:16:42.411756+00	\N	2750	t	1	2	11
1619	2020-03-17 05:16:42.419379+00	2020-03-17 05:16:42.451857+00	\N	2751	t	1	2	11
1620	2020-03-17 05:16:42.457404+00	2020-03-17 05:16:42.488613+00	\N	20027	t	1	2	11
1622	2020-03-17 05:16:42.535863+00	2020-03-17 05:16:42.568906+00	\N	20026	t	1	2	11
1623	2020-03-17 05:16:42.57702+00	2020-03-17 05:16:42.609252+00	\N	5072	t	1	2	11
1624	2020-03-17 05:16:42.616847+00	2020-03-17 05:16:42.644382+00	\N	20030	t	1	2	11
1626	2020-03-17 05:16:42.669571+00	2020-03-17 05:16:42.702564+00	\N	18627	t	1	2	11
1627	2020-03-17 05:16:42.710237+00	2020-03-17 05:16:42.742818+00	\N	20459	t	1	2	11
1628	2020-03-17 05:16:42.74855+00	2020-03-17 05:16:42.780624+00	\N	18310	t	1	2	11
1629	2020-03-17 05:16:42.788707+00	2020-03-17 05:16:42.819456+00	\N	20458	t	1	2	11
1630	2020-03-17 05:16:42.827521+00	2020-03-17 05:16:42.86144+00	\N	20019	t	1	2	11
1631	2020-03-17 05:16:42.875961+00	2020-03-17 05:16:42.90949+00	\N	20031	t	1	2	11
1632	2020-03-17 05:16:42.917079+00	2020-03-17 05:16:42.944007+00	\N	2727	t	1	2	11
1633	2020-03-17 05:16:42.949691+00	2020-03-17 05:16:42.975466+00	\N	18474	t	1	2	11
1634	2020-03-17 05:16:42.981824+00	2020-03-17 05:16:43.015583+00	\N	19971	t	1	2	11
1635	2020-03-17 05:16:43.023474+00	2020-03-17 05:16:43.056989+00	\N	19237	t	1	2	11
1636	2020-03-17 05:16:43.065245+00	2020-03-17 05:16:43.099208+00	\N	20451	t	1	2	11
1637	2020-03-17 05:16:43.106948+00	2020-03-17 05:16:43.1329+00	\N	18410	t	1	2	11
1638	2020-03-17 05:16:43.139308+00	2020-03-17 05:16:43.167283+00	\N	20029	t	1	2	11
1596	2020-03-17 05:16:41.54484+00	2020-03-17 05:16:49.413218+00	\N	20434	t	1	2	13
2632	2020-03-27 07:35:41.363567+00	2020-03-27 07:35:41.39661+00	\N	5001	t	1	3	35
1705	2020-03-17 05:16:45.625709+00	2020-03-27 07:47:15.375991+00	\N	19365	t	1	5	\N
1640	2020-03-17 05:16:43.186156+00	2020-03-17 05:16:43.209624+00	\N	2749	t	1	2	11
2416	2020-03-27 07:35:33.35728+00	2020-03-30 03:54:29.546615+00	\N	19219	t	2	4	17
2672	2020-03-30 05:07:57.772506+00	2020-03-30 05:07:57.814721+00	\N	20347	t	1	6	\N
1641	2020-03-17 05:16:43.217387+00	2020-03-17 05:16:43.249727+00	\N	19791	t	1	2	11
2673	2020-03-30 05:07:57.914476+00	2020-04-04 06:20:21.436086+00	\N	20270	t	104	9	36
2424	2020-03-27 07:35:33.64162+00	2020-03-30 03:54:45.427171+00	\N	19481	t	2	4	17
1642	2020-03-17 05:16:43.257733+00	2020-03-17 05:16:43.292071+00	\N	20033	t	1	2	11
1645	2020-03-17 05:16:43.369358+00	2020-03-30 05:07:57.901961+00	\N	20342	t	1	5	\N
1643	2020-03-17 05:16:43.299956+00	2020-03-17 05:16:43.332255+00	\N	20028	t	1	2	11
1644	2020-03-17 05:16:43.340105+00	2020-03-17 05:16:43.363763+00	\N	20457	t	1	2	11
2745	2020-04-06 03:26:10.077906+00	2020-04-09 09:14:53.551087+00	\N	19969	t	170	9	42
1688	2020-03-17 05:16:44.956522+00	2020-04-06 03:26:13.236025+00	\N	19737	t	1	5	\N
1646	2020-03-17 05:16:43.402774+00	2020-03-17 05:16:43.435765+00	\N	18892	t	1	2	11
2325	2020-03-27 07:35:29.970983+00	2020-03-30 03:44:08.235653+00	\N	19828	t	2	3	16
1692	2020-03-17 05:16:45.116567+00	2020-04-06 03:26:16.150793+00	\N	19944	t	1	5	\N
1647	2020-03-17 05:16:43.44352+00	2020-03-17 05:16:43.474856+00	\N	19708	t	1	2	11
1648	2020-03-17 05:16:43.483488+00	2020-03-17 05:16:43.51516+00	\N	19010	t	1	2	11
1649	2020-03-17 05:16:43.524616+00	2020-03-17 05:16:43.552916+00	\N	19074	t	1	2	11
1706	2020-03-17 05:16:45.698252+00	2020-03-30 05:07:58.792595+00	\N	18915	t	1	5	\N
1725	2020-03-17 05:16:46.424398+00	2020-03-30 05:07:58.994467+00	\N	19265	t	1	5	\N
1650	2020-03-17 05:16:43.559013+00	2020-03-17 05:16:43.58939+00	\N	20453	t	1	2	11
1651	2020-03-17 05:16:43.594976+00	2020-03-17 05:16:43.627731+00	\N	18770	t	1	2	11
1652	2020-03-17 05:16:43.635906+00	2020-03-17 05:16:43.661916+00	\N	19570	t	1	2	11
1653	2020-03-17 05:16:43.667369+00	2020-03-17 05:16:43.692875+00	\N	18498	t	1	2	11
1654	2020-03-17 05:16:43.698188+00	2020-03-17 05:16:43.723538+00	\N	20455	t	1	2	11
1655	2020-03-17 05:16:43.730593+00	2020-03-17 05:16:43.755594+00	\N	19470	t	1	2	11
1656	2020-03-17 05:16:43.761517+00	2020-03-17 05:16:43.789374+00	\N	2709	t	1	2	11
1657	2020-03-17 05:16:43.795873+00	2020-03-17 05:16:43.824573+00	\N	20456	t	1	2	11
1658	2020-03-17 05:16:43.830048+00	2020-03-17 05:16:43.854435+00	\N	20016	t	1	2	11
1659	2020-03-17 05:16:43.860335+00	2020-03-17 05:16:43.895583+00	\N	20024	t	1	2	11
1660	2020-03-17 05:16:43.901953+00	2020-03-17 05:16:43.944474+00	\N	19380	t	1	2	11
1661	2020-03-17 05:16:43.952559+00	2020-03-17 05:16:43.989488+00	\N	20449	t	1	2	11
1662	2020-03-17 05:16:43.99779+00	2020-03-17 05:16:44.032114+00	\N	19656	t	1	2	11
1663	2020-03-17 05:16:44.040521+00	2020-03-17 05:16:44.0657+00	\N	19983	t	1	2	11
1664	2020-03-17 05:16:44.071191+00	2020-03-17 05:16:44.102349+00	\N	19680	t	1	2	11
1665	2020-03-17 05:16:44.108341+00	2020-03-17 05:16:44.137986+00	\N	20460	t	1	2	11
1666	2020-03-17 05:16:44.146656+00	2020-03-17 05:16:44.183527+00	\N	20448	t	1	2	11
1667	2020-03-17 05:16:44.192203+00	2020-03-17 05:16:44.223664+00	\N	20021	t	1	2	11
1668	2020-03-17 05:16:44.231999+00	2020-03-17 05:16:44.259446+00	\N	20039	t	1	2	11
1669	2020-03-17 05:16:44.265229+00	2020-03-17 05:16:44.295179+00	\N	20025	t	1	2	11
1670	2020-03-17 05:16:44.301548+00	2020-03-17 05:16:44.332414+00	\N	5017	t	1	2	11
1671	2020-03-17 05:16:44.340402+00	2020-03-17 05:16:44.374444+00	\N	20020	t	1	2	11
1672	2020-03-17 05:16:44.384438+00	2020-03-17 05:16:44.418356+00	\N	18605	t	1	2	11
1674	2020-03-17 05:16:44.442921+00	2020-03-17 05:16:44.477929+00	\N	19383	t	1	2	11
1675	2020-03-17 05:16:44.487617+00	2020-03-17 05:16:44.512487+00	\N	2752	t	1	2	11
1676	2020-03-17 05:16:44.51839+00	2020-03-17 05:16:44.548115+00	\N	19109	t	1	2	11
1677	2020-03-17 05:16:44.554913+00	2020-03-17 05:16:44.590343+00	\N	20023	t	1	2	11
1678	2020-03-17 05:16:44.59862+00	2020-03-17 05:16:44.63478+00	\N	20452	t	1	2	11
1679	2020-03-17 05:16:44.642858+00	2020-03-17 05:16:44.678343+00	\N	20447	t	1	2	11
1680	2020-03-17 05:16:44.68878+00	2020-03-17 05:16:44.715171+00	\N	19187	t	1	2	11
1681	2020-03-17 05:16:44.720841+00	2020-03-17 05:16:44.745797+00	\N	907	t	1	2	11
1682	2020-03-17 05:16:44.751607+00	2020-03-17 05:16:44.786876+00	\N	20450	t	1	2	11
1683	2020-03-17 05:16:44.794949+00	2020-03-17 05:16:44.829869+00	\N	19675	t	1	2	11
1684	2020-03-17 05:16:44.837937+00	2020-03-17 05:16:44.875302+00	\N	2645	t	1	2	11
1686	2020-03-17 05:16:44.899038+00	2020-03-17 05:16:44.922194+00	\N	20036	t	1	2	11
1687	2020-03-17 05:16:44.927718+00	2020-03-17 05:16:44.951027+00	\N	18254	t	1	2	11
1689	2020-03-17 05:16:44.993325+00	2020-03-17 05:16:45.02619+00	\N	20463	t	1	2	11
1690	2020-03-17 05:16:45.033916+00	2020-03-17 05:16:45.067161+00	\N	20465	t	1	2	11
1691	2020-03-17 05:16:45.074822+00	2020-03-17 05:16:45.108684+00	\N	20462	t	1	2	11
1693	2020-03-17 05:16:45.14917+00	2020-03-17 05:16:45.173643+00	\N	20018	t	1	2	12
1694	2020-03-17 05:16:45.179578+00	2020-03-17 05:16:45.219616+00	\N	20043	t	1	2	12
1697	2020-03-17 05:16:45.286648+00	2020-03-17 05:16:45.321982+00	\N	19408	t	1	2	12
1699	2020-03-17 05:16:45.381097+00	2020-03-17 05:16:45.414781+00	\N	19413	t	1	2	12
1700	2020-03-17 05:16:45.420307+00	2020-03-17 05:16:45.449349+00	\N	19381	t	1	2	12
1701	2020-03-17 05:16:45.457443+00	2020-03-17 05:16:45.492632+00	\N	20045	t	1	2	12
1702	2020-03-17 05:16:45.500695+00	2020-03-17 05:16:45.534221+00	\N	19378	t	1	2	12
1703	2020-03-17 05:16:45.542177+00	2020-03-17 05:16:45.576043+00	\N	19693	t	1	2	12
1704	2020-03-17 05:16:45.584303+00	2020-03-17 05:16:45.618255+00	\N	2711	t	1	2	12
1499	2020-03-17 05:16:37.956394+00	2020-03-17 05:16:45.688389+00	\N	19025	t	1	2	12
1707	2020-03-17 05:16:45.773434+00	2020-03-17 05:16:45.808124+00	\N	19972	t	1	2	12
1708	2020-03-17 05:16:45.815758+00	2020-03-17 05:16:45.847397+00	\N	19019	t	1	2	12
1709	2020-03-17 05:16:45.853815+00	2020-03-17 05:16:45.885729+00	\N	19689	t	1	2	12
1710	2020-03-17 05:16:45.894589+00	2020-03-17 05:16:45.927976+00	\N	19694	t	1	2	12
1711	2020-03-17 05:16:45.935712+00	2020-03-17 05:16:45.968191+00	\N	2638	t	1	2	12
1712	2020-03-17 05:16:45.976152+00	2020-03-17 05:16:46.008917+00	\N	20048	t	1	2	12
1713	2020-03-17 05:16:46.014387+00	2020-03-17 05:16:46.037475+00	\N	20041	t	1	2	12
1714	2020-03-17 05:16:46.042837+00	2020-03-17 05:16:46.068762+00	\N	5080	t	1	2	12
1715	2020-03-17 05:16:46.076467+00	2020-03-17 05:16:46.110147+00	\N	2612	t	1	2	12
1716	2020-03-17 05:16:46.117803+00	2020-03-17 05:16:46.149402+00	\N	19262	t	1	2	12
1718	2020-03-17 05:16:46.172555+00	2020-03-17 05:16:46.200665+00	\N	20046	t	1	2	12
1719	2020-03-17 05:16:46.205944+00	2020-03-17 05:16:46.228378+00	\N	19611	t	1	2	12
1720	2020-03-17 05:16:46.233866+00	2020-03-17 05:16:46.261592+00	\N	20468	t	1	2	12
1721	2020-03-17 05:16:46.269031+00	2020-03-17 05:16:46.302018+00	\N	19692	t	1	2	12
1722	2020-03-17 05:16:46.309666+00	2020-03-17 05:16:46.341685+00	\N	2753	t	1	2	12
1723	2020-03-17 05:16:46.359657+00	2020-03-17 05:16:46.38883+00	\N	20466	t	1	2	12
1724	2020-03-17 05:16:46.394862+00	2020-03-17 05:16:46.419085+00	\N	19635	t	1	2	12
1726	2020-03-17 05:16:46.459911+00	2020-03-17 05:16:46.492877+00	\N	19993	t	1	2	12
2411	2020-03-27 07:35:33.160141+00	2020-03-30 03:55:08.661913+00	\N	20125	t	2	4	17
2746	2020-04-06 03:26:10.124351+00	2020-04-10 07:29:16.644413+00	\N	2280	t	153	9	42
1727	2020-03-17 05:16:46.501375+00	2020-03-17 05:16:46.531508+00	\N	19041	t	1	2	12
2641	2020-03-27 07:35:41.711734+00	2020-03-27 07:35:41.74402+00	\N	20223	t	1	3	35
1766	2020-03-17 05:16:47.974749+00	2020-03-17 05:17:02.092258+00	\N	19404	t	1	5	\N
1728	2020-03-17 05:16:46.53927+00	2020-03-17 05:16:46.569534+00	\N	19062	t	1	2	12
2329	2020-03-27 07:35:30.109888+00	2020-03-30 03:44:08.226169+00	\N	2602	t	2	3	16
2676	2020-03-30 05:07:58.054966+00	2020-04-06 03:15:47.434322+00	\N	18845	f	3	8	36
2468	2020-03-27 07:35:35.340411+00	2020-04-06 08:02:22.549415+00	\N	19388	t	2	4	18
1730	2020-03-17 05:16:46.58802+00	2020-03-17 05:16:46.611491+00	\N	19630	t	1	2	12
2428	2020-03-27 07:35:33.791733+00	2020-03-30 03:55:19.253629+00	\N	20129	t	2	4	17
1731	2020-03-17 05:16:46.616827+00	2020-03-17 05:16:46.641948+00	\N	19992	t	1	2	12
1732	2020-03-17 05:16:46.649602+00	2020-03-17 05:16:46.681726+00	\N	5010	t	1	2	12
1733	2020-03-17 05:16:46.689856+00	2020-03-17 05:16:46.722701+00	\N	20470	t	1	2	12
1734	2020-03-17 05:16:46.730405+00	2020-03-17 05:16:46.760871+00	\N	19335	t	1	2	12
1762	2020-03-17 05:16:47.815201+00	2020-03-30 05:08:00.087887+00	\N	19585	t	1	5	\N
1754	2020-03-17 05:16:47.479148+00	2020-04-06 03:26:10.818297+00	\N	19526	t	1	5	\N
1735	2020-03-17 05:16:46.766502+00	2020-03-17 05:16:46.789759+00	\N	20464	t	1	2	12
1736	2020-03-17 05:16:46.794927+00	2020-03-17 05:16:46.822976+00	\N	5149	t	1	2	12
1737	2020-03-17 05:16:46.830418+00	2020-03-17 05:16:46.862105+00	\N	4569	t	1	2	12
1746	2020-03-17 05:16:47.164656+00	2020-04-06 03:26:14.82582+00	\N	19607	t	1	5	\N
1738	2020-03-17 05:16:46.869702+00	2020-03-17 05:16:46.902511+00	\N	19714	t	1	2	12
1739	2020-03-17 05:16:46.910216+00	2020-03-17 05:16:46.937843+00	\N	2618	t	1	2	12
1740	2020-03-17 05:16:46.942801+00	2020-03-17 05:16:46.969417+00	\N	19628	t	1	2	12
1741	2020-03-17 05:16:46.976178+00	2020-03-17 05:16:47.003055+00	\N	19695	t	1	2	12
1742	2020-03-17 05:16:47.010676+00	2020-03-17 05:16:47.04246+00	\N	20049	t	1	2	12
1743	2020-03-17 05:16:47.050032+00	2020-03-17 05:16:47.082374+00	\N	19450	t	1	2	12
1744	2020-03-17 05:16:47.090587+00	2020-03-17 05:16:47.122239+00	\N	20473	t	1	2	12
1745	2020-03-17 05:16:47.12927+00	2020-03-17 05:16:47.159368+00	\N	19699	t	1	2	12
1747	2020-03-17 05:16:47.224792+00	2020-03-17 05:16:47.248775+00	\N	20471	t	1	2	12
1748	2020-03-17 05:16:47.256057+00	2020-03-17 05:16:47.288597+00	\N	20472	t	1	2	12
1749	2020-03-17 05:16:47.296248+00	2020-03-17 05:16:47.329417+00	\N	2754	t	1	2	12
1751	2020-03-17 05:16:47.383136+00	2020-03-17 05:16:47.408429+00	\N	20037	t	1	2	12
1752	2020-03-17 05:16:47.413956+00	2020-03-17 05:16:47.436863+00	\N	20474	t	1	2	12
1753	2020-03-17 05:16:47.442267+00	2020-03-17 05:16:47.471619+00	\N	2755	t	1	2	12
1755	2020-03-17 05:16:47.581014+00	2020-03-17 05:16:47.603722+00	\N	20475	t	1	2	12
1757	2020-03-17 05:16:47.621877+00	2020-03-17 05:16:47.652956+00	\N	20476	t	1	2	12
1759	2020-03-17 05:16:47.697424+00	2020-03-17 05:16:47.729714+00	\N	19333	t	1	2	12
1760	2020-03-17 05:16:47.737557+00	2020-03-17 05:16:47.767913+00	\N	2756	t	1	2	12
1761	2020-03-17 05:16:47.775229+00	2020-03-17 05:16:47.807079+00	\N	20477	t	1	2	12
1763	2020-03-17 05:16:47.854102+00	2020-03-17 05:16:47.886535+00	\N	18963	t	1	2	13
1764	2020-03-17 05:16:47.894216+00	2020-03-17 05:16:47.927629+00	\N	20051	t	1	2	13
1765	2020-03-17 05:16:47.935197+00	2020-03-17 05:16:47.967444+00	\N	20056	t	1	2	13
1767	2020-03-17 05:16:48.023754+00	2020-03-17 05:16:48.055162+00	\N	19053	t	1	2	13
1768	2020-03-17 05:16:48.060398+00	2020-03-17 05:16:48.090758+00	\N	18985	t	1	2	13
1769	2020-03-17 05:16:48.098393+00	2020-03-17 05:16:48.13154+00	\N	18345	t	1	2	13
1770	2020-03-17 05:16:48.139322+00	2020-03-17 05:16:48.171735+00	\N	19084	t	1	2	13
1771	2020-03-17 05:16:48.179455+00	2020-03-17 05:16:48.211039+00	\N	19052	t	1	2	13
1772	2020-03-17 05:16:48.216626+00	2020-03-17 05:16:48.24611+00	\N	20013	t	1	2	13
1773	2020-03-17 05:16:48.251708+00	2020-03-17 05:16:48.277803+00	\N	19385	t	1	2	13
1774	2020-03-17 05:16:48.285672+00	2020-03-17 05:16:48.320667+00	\N	19054	t	1	2	13
1775	2020-03-17 05:16:48.328998+00	2020-03-17 05:16:48.375267+00	\N	19398	t	1	2	13
1776	2020-03-17 05:16:48.383861+00	2020-03-17 05:16:48.416848+00	\N	19128	t	1	2	13
1777	2020-03-17 05:16:48.42548+00	2020-03-17 05:16:48.461173+00	\N	19375	t	1	2	13
1778	2020-03-17 05:16:48.470021+00	2020-03-17 05:16:48.506838+00	\N	18467	t	1	2	13
1779	2020-03-17 05:16:48.527212+00	2020-03-17 05:16:48.558827+00	\N	18326	t	1	2	13
1780	2020-03-17 05:16:48.566423+00	2020-03-17 05:16:48.599488+00	\N	19389	t	1	2	13
1782	2020-03-17 05:16:48.659927+00	2020-03-17 05:16:48.694478+00	\N	19027	t	1	2	13
1783	2020-03-17 05:16:48.702799+00	2020-03-17 05:16:48.73806+00	\N	20061	t	1	2	13
1784	2020-03-17 05:16:48.746305+00	2020-03-17 05:16:48.778494+00	\N	5066	t	1	2	13
1785	2020-03-17 05:16:48.784561+00	2020-03-17 05:16:48.815914+00	\N	19346	t	1	2	13
1786	2020-03-17 05:16:48.82217+00	2020-03-17 05:16:48.855984+00	\N	19358	t	1	2	13
1788	2020-03-17 05:16:48.879345+00	2020-03-17 05:16:48.913063+00	\N	2700	t	1	2	13
1789	2020-03-17 05:16:48.921891+00	2020-03-17 05:16:48.956882+00	\N	19321	t	1	2	13
1790	2020-03-17 05:16:48.962219+00	2020-03-17 05:16:48.984742+00	\N	19334	t	1	2	13
1791	2020-03-17 05:16:48.990297+00	2020-03-17 05:16:49.013847+00	\N	2325	t	1	2	13
1792	2020-03-17 05:16:49.021058+00	2020-03-17 05:16:49.053223+00	\N	18105	t	1	2	13
1793	2020-03-17 05:16:49.060734+00	2020-03-17 05:16:49.092655+00	\N	19300	t	1	2	13
1794	2020-03-17 05:16:49.100273+00	2020-03-17 05:16:49.133584+00	\N	18578	t	1	2	13
1795	2020-03-17 05:16:49.138623+00	2020-03-17 05:16:49.161742+00	\N	19070	t	1	2	13
1796	2020-03-17 05:16:49.167109+00	2020-03-17 05:16:49.192028+00	\N	20034	t	1	2	13
1797	2020-03-17 05:16:49.197299+00	2020-03-17 05:16:49.221839+00	\N	19642	t	1	2	13
1798	2020-03-17 05:16:49.229423+00	2020-03-17 05:16:49.261454+00	\N	5086	t	1	2	13
1799	2020-03-17 05:16:49.270677+00	2020-03-17 05:16:49.302584+00	\N	5116	t	1	2	13
1800	2020-03-17 05:16:49.310775+00	2020-03-17 05:16:49.341001+00	\N	19724	t	1	2	13
1802	2020-03-17 05:16:49.421786+00	2020-03-17 05:16:49.452042+00	\N	20480	t	1	2	13
1803	2020-03-17 05:16:49.459866+00	2020-03-17 05:16:49.493256+00	\N	19735	t	1	2	13
1804	2020-03-17 05:16:49.501576+00	2020-03-17 05:16:49.52661+00	\N	19638	t	1	2	13
1805	2020-03-17 05:16:49.53217+00	2020-03-17 05:16:49.558492+00	\N	18905	t	1	2	13
1806	2020-03-17 05:16:49.566107+00	2020-03-17 05:16:49.59247+00	\N	19684	t	1	2	13
1807	2020-03-17 05:16:49.60049+00	2020-03-17 05:16:49.634286+00	\N	5104	t	1	2	13
1808	2020-03-17 05:16:49.642936+00	2020-03-17 05:16:49.676571+00	\N	20481	t	1	2	13
1809	2020-03-17 05:16:49.684171+00	2020-03-17 05:16:49.717495+00	\N	5068	t	1	2	13
1810	2020-03-17 05:16:49.723097+00	2020-03-17 05:16:49.752066+00	\N	19710	t	1	2	13
1811	2020-03-17 05:16:49.759274+00	2020-03-17 05:16:49.787541+00	\N	18613	t	1	2	13
1812	2020-03-17 05:16:49.793433+00	2020-03-17 05:16:49.820114+00	\N	19136	t	1	2	13
1813	2020-03-17 05:16:49.825753+00	2020-03-17 05:16:49.850686+00	\N	19238	t	1	2	13
1814	2020-03-17 05:16:49.858023+00	2020-03-17 05:16:49.887138+00	\N	19527	t	1	2	13
1815	2020-03-17 05:16:49.894425+00	2020-03-17 05:16:49.925361+00	\N	18835	t	1	2	13
1846	2020-03-17 05:16:51.17316+00	2020-03-17 05:16:51.20621+00	\N	18888	t	1	5	\N
1816	2020-03-17 05:16:49.930679+00	2020-03-17 05:16:49.956671+00	\N	20053	t	1	2	13
2752	2020-04-06 03:26:10.359656+00	2020-04-06 03:33:28.025406+00	\N	2361	f	1	8	42
2772	2020-04-06 03:26:11.200885+00	2020-04-06 03:33:39.11456+00	\N	19924	f	1	8	42
1817	2020-03-17 05:16:49.962393+00	2020-03-17 05:16:49.995192+00	\N	19696	t	1	2	13
2388	2020-03-27 07:35:32.300912+00	2020-03-30 03:53:56.937567+00	\N	20147	t	2	4	17
1870	2020-03-17 05:16:52.113496+00	2020-03-17 05:16:52.137738+00	\N	18528	t	1	5	\N
1818	2020-03-17 05:16:50.005805+00	2020-03-17 05:16:50.039127+00	\N	19704	t	1	2	13
2771	2020-04-06 03:26:11.155995+00	2020-04-06 03:26:11.188853+00	\N	20367	t	1	5	\N
2747	2020-04-06 03:26:10.165417+00	2020-04-10 07:46:35.118496+00	\N	20361	t	192	9	42
1819	2020-03-17 05:16:50.047037+00	2020-03-17 05:16:50.080416+00	\N	18288	t	1	2	13
1835	2020-03-17 05:16:50.712542+00	2020-03-17 05:16:50.736413+00	\N	20044	t	1	5	\N
2698	2020-03-30 05:07:59.007337+00	2020-04-15 07:21:08.263091+00	\N	18321	t	290	9	36
1820	2020-03-17 05:16:50.087997+00	2020-03-17 05:16:50.116512+00	\N	19142	t	1	2	13
1840	2020-03-17 05:16:50.888669+00	2020-03-17 05:16:50.91224+00	\N	20064	t	1	5	\N
2389	2020-03-27 07:35:32.340895+00	2020-03-30 03:59:57.739263+00	\N	20128	t	2	4	17
1821	2020-03-17 05:16:50.123828+00	2020-03-17 05:16:50.149514+00	\N	20479	t	1	2	13
1878	2020-03-17 05:16:52.472101+00	2020-03-17 05:16:52.503464+00	\N	20486	t	1	5	\N
1832	2020-03-17 05:16:50.561886+00	2020-03-27 07:47:17.385693+00	\N	20057	t	1	5	\N
1822	2020-03-17 05:16:50.155214+00	2020-03-17 05:16:50.184432+00	\N	19180	t	1	2	13
1851	2020-03-17 05:16:51.4249+00	2020-03-17 05:16:58.972914+00	\N	20490	t	1	5	\N
2497	2020-03-27 07:35:36.40822+00	2020-04-06 08:02:22.301969+00	\N	19169	t	2	4	18
1823	2020-03-17 05:16:50.193503+00	2020-03-17 05:16:50.223211+00	\N	19727	t	1	2	13
1858	2020-03-17 05:16:51.642767+00	2020-03-17 05:16:51.673839+00	\N	20495	t	1	5	\N
2387	2020-03-27 07:35:32.261819+00	2020-03-30 04:00:40.314251+00	\N	20530	t	2	4	17
1824	2020-03-17 05:16:50.231353+00	2020-03-17 05:16:50.26439+00	\N	20058	t	1	2	13
1847	2020-03-17 05:16:51.250038+00	2020-03-17 05:16:51.281045+00	\N	19998	t	1	5	\N
2400	2020-03-27 07:35:32.75952+00	2020-03-30 03:55:30.281108+00	\N	19650	t	2	4	17
1825	2020-03-17 05:16:50.272403+00	2020-03-17 05:16:50.305912+00	\N	18358	t	1	2	13
1885	2020-03-17 05:16:52.723074+00	2020-03-17 05:16:52.753058+00	\N	18659	t	1	5	\N
2403	2020-03-27 07:35:32.852085+00	2020-03-30 03:55:51.689412+00	\N	20165	t	2	4	17
1826	2020-03-17 05:16:50.313195+00	2020-03-17 05:16:50.345128+00	\N	2418	t	1	2	13
2355	2020-03-27 07:35:31.071205+00	2020-03-30 03:40:53.922915+00	\N	19299	f	1	8	16
2340	2020-03-27 07:35:30.511244+00	2020-03-30 03:41:15.722777+00	\N	19113	f	1	8	16
1827	2020-03-17 05:16:50.35062+00	2020-03-17 05:16:50.373907+00	\N	19715	t	1	2	13
1836	2020-03-17 05:16:50.741854+00	2020-03-17 06:28:05.485256+00	\N	19100	t	2	3	14
1639	2020-03-17 05:16:43.172641+00	2020-03-17 06:28:05.494815+00	\N	19988	t	2	3	14
1828	2020-03-17 05:16:50.379497+00	2020-03-17 05:16:50.407967+00	\N	18339	t	1	2	13
1565	2020-03-17 05:16:40.407551+00	2020-03-17 06:28:05.534745+00	\N	20432	t	2	3	14
2395	2020-03-27 07:35:32.561826+00	2020-03-30 03:56:02.901871+00	\N	20123	t	2	4	17
2422	2020-03-27 07:35:33.588597+00	2020-03-30 03:56:26.185583+00	\N	20491	t	2	4	17
2378	2020-03-27 07:35:31.911968+00	2020-03-30 03:41:37.403781+00	\N	20009	f	1	8	16
2379	2020-03-27 07:35:31.952295+00	2020-03-30 03:41:50.239758+00	\N	20011	f	1	8	16
1830	2020-03-17 05:16:50.494392+00	2020-03-17 05:16:50.528178+00	\N	20482	t	1	2	13
2396	2020-03-27 07:35:32.602634+00	2020-03-30 03:57:47.214579+00	\N	19670	t	2	4	17
2383	2020-03-27 07:35:32.099156+00	2020-03-30 03:42:06.731255+00	\N	19748	f	1	8	16
1831	2020-03-17 05:16:50.533666+00	2020-03-17 05:16:50.556436+00	\N	20483	t	1	2	13
2397	2020-03-27 07:35:32.63454+00	2020-03-30 03:58:04.227889+00	\N	20132	t	2	4	17
2431	2020-03-27 07:35:33.891881+00	2020-03-30 03:58:15.213804+00	\N	19736	t	2	4	17
2391	2020-03-27 07:35:32.417172+00	2020-03-30 03:58:35.684089+00	\N	20131	t	2	4	17
2334	2020-03-27 07:35:30.289127+00	2020-03-30 03:44:08.22123+00	\N	20072	t	2	3	16
2435	2020-03-27 07:35:34.037014+00	2020-03-30 03:58:45.773372+00	\N	20126	t	2	4	17
1833	2020-03-17 05:16:50.598176+00	2020-03-17 05:16:50.633923+00	\N	20484	t	1	2	13
2425	2020-03-27 07:35:33.676348+00	2020-03-30 03:59:07.455576+00	\N	19797	t	2	4	17
2409	2020-03-27 07:35:33.079744+00	2020-03-30 03:59:37.943954+00	\N	19800	t	2	4	17
2406	2020-03-27 07:35:32.970789+00	2020-03-30 03:59:48.328592+00	\N	18422	t	2	4	17
2421	2020-03-27 07:35:33.549512+00	2020-03-30 04:00:10.492888+00	\N	2774	t	2	4	17
2417	2020-03-27 07:35:33.395178+00	2020-03-30 04:00:22.478125+00	\N	20529	t	2	4	17
1539	2020-03-17 05:16:39.468252+00	2020-03-17 05:16:50.706954+00	\N	19246	t	1	2	13
2399	2020-03-27 07:35:32.720838+00	2020-03-30 04:00:32.59165+00	\N	20531	t	2	4	17
2432	2020-03-27 07:35:33.93259+00	2020-03-30 04:00:47.604122+00	\N	20461	t	2	4	17
2427	2020-03-27 07:35:33.751236+00	2020-04-06 08:09:33.04372+00	\N	2733	t	2	4	17
2414	2020-03-27 07:35:33.267845+00	2020-04-06 08:09:33.067603+00	\N	19478	t	2	4	17
2401	2020-03-27 07:35:32.796435+00	2020-04-06 08:09:33.079345+00	\N	19779	t	2	4	17
2407	2020-03-27 07:35:33.00325+00	2020-03-31 02:11:05.197823+00	\N	2609	t	2	4	17
2430	2020-03-27 07:35:33.851738+00	2020-03-31 02:11:16.370312+00	\N	5100	t	2	4	17
2692	2020-03-30 05:07:58.70838+00	2020-03-30 05:07:58.749192+00	\N	19465	t	1	6	\N
2695	2020-03-30 05:07:58.844907+00	2020-04-01 07:15:57.59721+00	\N	19588	t	100	9	36
2680	2020-03-30 05:07:58.219926+00	2020-04-01 07:20:19.998746+00	\N	19580	t	120	9	36
2690	2020-03-30 05:07:58.633874+00	2020-04-02 08:13:43.391316+00	\N	18951	t	113	9	36
2674	2020-03-30 05:07:57.960477+00	2020-04-02 08:15:57.041546+00	\N	18718	t	126	9	36
2689	2020-03-30 05:07:58.604722+00	2020-04-03 07:26:25.116646+00	\N	20346	t	107	9	36
2669	2020-03-30 05:07:57.6445+00	2020-04-03 07:31:29.122766+00	\N	20343	t	130	9	36
2693	2020-03-30 05:07:58.754836+00	2020-04-03 07:33:11.21251+00	\N	19125	t	134	9	36
2696	2020-03-30 05:07:58.885781+00	2020-04-03 07:33:46.690068+00	\N	18407	t	135	9	36
2681	2020-03-30 05:07:58.263686+00	2020-04-04 03:55:50.471694+00	\N	18935	f	116	8	36
2671	2020-03-30 05:07:57.728641+00	2020-04-04 05:51:41.140022+00	\N	19556	t	116	9	36
2670	2020-03-30 05:07:57.689289+00	2020-04-04 06:19:36.477549+00	\N	20344	t	103	9	36
2699	2020-03-30 05:07:59.045297+00	2020-03-30 05:07:59.081325+00	\N	19672	t	1	6	\N
2694	2020-03-30 05:07:58.804667+00	2020-04-04 06:24:48.29278+00	\N	20341	t	112	9	36
2675	2020-03-30 05:07:58.012165+00	2020-04-04 06:28:37.727141+00	\N	19037	t	123	9	36
2682	2020-03-30 05:07:58.30271+00	2020-04-05 06:58:38.116421+00	\N	20345	t	109	9	36
2691	2020-03-30 05:07:58.667138+00	2020-04-06 03:14:50.39021+00	\N	2423	f	3	8	36
2688	2020-03-30 05:07:58.572331+00	2020-04-06 03:15:20.457408+00	\N	4557	f	3	8	36
1829	2020-03-17 05:16:50.416614+00	2020-03-27 07:47:16.36349+00	\N	19193	t	1	5	\N
2748	2020-04-06 03:26:10.207543+00	2020-04-09 08:29:50.556432+00	\N	19593	t	155	9	42
2789	2020-04-06 03:26:11.969815+00	2020-04-06 03:33:18.115468+00	\N	19502	f	1	8	42
1909	2020-03-17 05:16:53.611564+00	2020-03-17 06:47:38.079028+00	\N	2765	t	2	3	15
1837	2020-03-17 05:16:50.772706+00	2020-03-17 06:28:05.478272+00	\N	20047	t	2	3	14
1912	2020-03-17 05:16:53.729468+00	2020-03-17 06:47:41.781675+00	\N	20096	t	2	3	15
1913	2020-03-17 05:16:53.770255+00	2020-03-17 06:47:51.01789+00	\N	20094	t	2	3	15
1908	2020-03-17 05:16:53.572509+00	2020-03-17 06:57:05.812076+00	\N	20514	t	2	3	15
2812	2020-04-06 03:26:12.940055+00	2020-04-06 03:34:15.711626+00	\N	18927	f	1	8	\N
1969	2020-03-17 05:16:55.787617+00	2020-03-17 05:16:55.821526+00	\N	19781	t	1	5	\N
2730	2020-03-30 05:08:00.337564+00	2020-04-06 06:24:25.054609+00	\N	20356	t	133	9	36
2390	2020-03-27 07:35:32.379409+00	2020-03-30 03:58:54.572511+00	\N	20135	t	2	4	17
2803	2020-04-06 03:26:12.575191+00	2020-04-06 03:26:12.607112+00	\N	20374	t	1	5	\N
2737	2020-03-30 05:08:00.605893+00	2020-04-10 07:20:30.631597+00	\N	20230	t	141	9	36
2749	2020-04-06 03:26:10.24167+00	2020-04-10 07:37:02.774846+00	\N	19965	t	168	9	42
1970	2020-03-17 05:16:55.829312+00	2020-03-17 05:16:55.862117+00	\N	2767	t	1	5	\N
2394	2020-03-27 07:35:32.525823+00	2020-03-31 02:11:25.092262+00	\N	20038	t	2	4	17
2413	2020-03-27 07:35:33.231901+00	2020-03-31 02:11:48.412082+00	\N	19663	t	2	4	17
1975	2020-03-17 05:16:56.02417+00	2020-03-17 05:16:56.060323+00	\N	19133	t	1	5	\N
1910	2020-03-17 05:16:53.650568+00	2020-03-27 05:58:09.675587+00	\N	19429	t	2	3	15
2393	2020-03-27 07:35:32.48966+00	2020-03-31 02:11:58.697157+00	\N	20071	t	2	4	17
1946	2020-03-17 05:16:54.970887+00	2020-03-17 05:16:54.994279+00	\N	19706	t	1	5	\N
1963	2020-03-17 05:16:55.56876+00	2020-03-17 06:30:21.586151+00	\N	18384	f	1	8	15
2433	2020-03-27 07:35:33.974199+00	2020-03-31 02:12:16.745078+00	\N	19811	t	2	4	17
1954	2020-03-17 05:16:55.25451+00	2020-03-17 06:30:29.527909+00	\N	20508	f	1	8	15
2404	2020-03-27 07:35:32.892679+00	2020-03-30 03:51:59.092352+00	\N	19751	t	2	4	17
2405	2020-03-27 07:35:32.931762+00	2020-03-30 03:52:10.623984+00	\N	19423	t	2	4	17
2398	2020-03-27 07:35:32.682513+00	2020-03-30 03:52:21.835705+00	\N	18989	t	2	4	17
2419	2020-03-27 07:35:33.460714+00	2020-03-30 03:52:47.674401+00	\N	20492	t	2	4	17
2436	2020-03-27 07:35:34.066128+00	2020-03-31 02:12:26.977551+00	\N	20138	t	2	4	17
2392	2020-03-27 07:35:32.449227+00	2020-03-31 02:12:48.390772+00	\N	19435	t	2	4	17
2415	2020-03-27 07:35:33.317575+00	2020-03-31 02:13:32.466353+00	\N	19805	t	2	4	17
2420	2020-03-27 07:35:33.50902+00	2020-03-31 02:14:02.566134+00	\N	19725	t	2	4	17
2434	2020-03-27 07:35:34.007295+00	2020-03-31 02:14:09.822439+00	\N	19178	t	2	4	17
2870	2020-04-06 03:26:15.534569+00	2020-04-13 05:43:28.095511+00	\N	2583	t	3	4	43
1907	2020-03-17 05:16:53.537568+00	2020-03-17 06:32:02.129839+00	\N	20080	t	2	3	15
2821	2020-04-06 03:26:13.324897+00	2020-04-13 05:52:07.580476+00	\N	2394	t	222	4	43
2426	2020-03-27 07:35:33.711524+00	2020-03-31 02:14:17.551165+00	\N	2729	t	2	4	17
2408	2020-03-27 07:35:33.041135+00	2020-03-31 02:14:25.489406+00	\N	2616	t	2	4	17
2822	2020-04-06 03:26:13.363571+00	2020-04-13 05:57:11.992421+00	\N	20397	t	246	4	43
2868	2020-04-06 03:26:15.459304+00	2020-04-13 05:58:34.237388+00	\N	19153	t	249	4	43
2867	2020-04-06 03:26:15.391146+00	2020-04-13 05:58:43.948978+00	\N	19890	t	250	4	43
2418	2020-03-27 07:35:33.432834+00	2020-03-31 02:14:59.491109+00	\N	19272	t	2	4	17
2451	2020-03-27 07:35:34.657392+00	2020-03-30 03:56:45.807393+00	\N	20485	t	2	4	17
2454	2020-03-27 07:35:34.782096+00	2020-03-30 03:56:55.694391+00	\N	20538	t	2	4	17
2440	2020-03-27 07:35:34.225082+00	2020-03-30 03:57:04.710718+00	\N	20536	t	2	4	17
2442	2020-03-27 07:35:34.284906+00	2020-03-30 03:57:22.279534+00	\N	20534	t	2	4	17
2452	2020-03-27 07:35:34.699288+00	2020-03-30 03:57:35.089023+00	\N	20537	t	2	4	17
2735	2020-03-30 05:08:00.526273+00	2020-04-13 06:49:42.761928+00	\N	5002	t	1	10	\N
2820	2020-04-06 03:26:13.284435+00	2020-04-13 07:17:07.702004+00	\N	19072	t	159	9	43
2741	2020-03-30 05:08:00.761713+00	2020-04-14 01:57:11.969932+00	\N	20359	t	272	9	36
2437	2020-03-27 07:35:34.107098+00	2020-03-30 03:58:24.907484+00	\N	19798	t	2	4	17
2441	2020-03-27 07:35:34.254636+00	2020-03-30 04:00:55.962585+00	\N	20532	t	2	4	17
2455	2020-03-27 07:35:34.823293+00	2020-03-30 04:01:04.852597+00	\N	20467	t	2	4	17
2445	2020-03-27 07:35:34.402632+00	2020-03-31 02:12:07.234313+00	\N	18428	t	2	4	17
2439	2020-03-27 07:35:34.190737+00	2020-03-31 02:12:37.16653+00	\N	19994	t	2	4	17
2450	2020-03-27 07:35:34.617405+00	2020-03-31 02:12:56.832909+00	\N	19951	t	2	4	17
2453	2020-03-27 07:35:34.741072+00	2020-03-31 02:13:42.640903+00	\N	2654	t	2	4	17
2456	2020-03-27 07:35:34.863773+00	2020-03-31 02:13:52.386729+00	\N	20469	t	2	4	17
2825	2020-04-06 03:26:13.463818+00	2020-04-15 08:13:09.847643+00	\N	19578	t	226	9	43
2826	2020-04-06 03:26:13.494129+00	2020-04-15 08:24:40.438257+00	\N	19614	t	245	9	43
2726	2020-03-30 05:08:00.189848+00	2020-04-04 01:00:42.758073+00	\N	19815	f	145	8	36
2819	2020-04-06 03:26:13.24707+00	2020-04-16 07:11:34.690139+00	\N	19664	t	209	9	43
2823	2020-04-06 03:26:13.403091+00	2020-04-14 07:28:42.979905+00	\N	19612	t	232	9	43
2827	2020-04-06 03:26:13.534899+00	2020-04-16 07:13:58.441892+00	\N	19063	t	216	9	43
2824	2020-04-06 03:26:13.433835+00	2020-04-16 07:21:01.169938+00	\N	19057	t	227	9	43
2869	2020-04-06 03:26:15.50183+00	2020-04-15 06:36:41.868446+00	\N	19942	f	227	8	43
2423	2020-03-27 07:35:33.626864+00	2020-03-27 07:35:42.721078+00	\N	20130	t	1	3	35
2444	2020-03-27 07:35:34.362743+00	2020-03-27 07:35:41.423992+00	\N	20533	t	1	3	35
2728	2020-03-30 05:08:00.263052+00	2020-04-05 03:48:38.242926+00	\N	20354	f	133	8	36
2633	2020-03-27 07:35:41.42907+00	2020-03-27 07:35:41.452009+00	\N	19519	t	1	3	35
2635	2020-03-27 07:35:41.485138+00	2020-03-27 07:35:41.516976+00	\N	19523	t	1	3	35
2731	2020-03-30 05:08:00.371629+00	2020-04-06 03:16:57.347595+00	\N	20189	t	1	6	\N
2646	2020-03-27 07:35:41.888137+00	2020-03-27 07:35:41.91463+00	\N	20214	t	1	3	35
2636	2020-03-27 07:35:41.522819+00	2020-03-27 07:35:41.554976+00	\N	20206	t	1	3	35
2740	2020-03-30 05:08:00.721918+00	2020-04-07 07:59:07.329957+00	\N	19754	t	146	9	36
2738	2020-03-30 05:08:00.646396+00	2020-04-08 03:04:26.323046+00	\N	19886	f	148	8	36
2637	2020-03-27 07:35:41.562318+00	2020-03-27 07:35:41.594714+00	\N	20208	t	1	3	35
2734	2020-03-30 05:08:00.482077+00	2020-04-08 04:05:48.106598+00	\N	20357	t	145	9	36
2733	2020-03-30 05:08:00.438233+00	2020-04-08 04:06:36.995094+00	\N	2662	t	77	9	36
2647	2020-03-27 07:35:41.923042+00	2020-03-27 07:35:41.955447+00	\N	20177	t	1	3	35
2727	2020-03-30 05:08:00.221576+00	2020-04-09 07:39:40.800079+00	\N	20351	t	1	9	36
2732	2020-03-30 05:08:00.404778+00	2020-04-09 07:40:23.437652+00	\N	19952	t	1	9	36
2736	2020-03-30 05:08:00.568952+00	2020-04-09 07:57:48.826869+00	\N	19920	t	91	9	36
2520	2020-03-27 07:35:37.273129+00	2020-04-14 02:46:56.058882+00	\N	19170	t	2	4	18
2739	2020-03-30 05:08:00.681966+00	2020-04-09 08:22:24.449218+00	\N	20358	t	144	9	36
2729	2020-03-30 05:08:00.304303+00	2020-04-10 03:15:04.472235+00	\N	20355	t	90	9	36
2519	2020-03-27 07:35:37.230779+00	2020-04-06 08:02:22.049911+00	\N	20164	t	2	4	18
2804	2020-04-06 03:26:12.613315+00	2020-04-06 03:26:12.653111+00	\N	20375	t	1	6	\N
1911	2020-03-17 05:16:53.689696+00	2020-04-06 03:26:14.188625+00	\N	19269	t	2	5	\N
2449	2020-03-27 07:35:34.565566+00	2020-03-31 02:14:36.073843+00	\N	19575	t	2	4	17
2438	2020-03-27 07:35:34.150213+00	2020-03-31 02:14:46.858675+00	\N	2320	t	2	4	17
2009	2020-03-17 05:16:57.366551+00	2020-03-17 05:16:57.393077+00	\N	2769	t	1	5	\N
2486	2020-03-27 07:35:36.004735+00	2020-03-27 07:35:36.039774+00	\N	2637	t	1	5	\N
2069	2020-03-17 05:16:59.986598+00	2020-03-17 05:17:00.023881+00	\N	19814	t	1	5	\N
2028	2020-03-17 05:16:58.09966+00	2020-03-17 05:16:58.131664+00	\N	18878	t	1	5	\N
2547	2020-03-27 07:35:38.263264+00	2020-04-14 02:49:11.831055+00	\N	19840	t	2	3	34
2546	2020-03-27 07:35:38.23476+00	2020-04-14 02:49:11.837329+00	\N	19842	t	2	3	34
2472	2020-03-27 07:35:35.483923+00	2020-03-27 07:35:35.518879+00	\N	19400	t	1	5	\N
2545	2020-03-27 07:35:38.195181+00	2020-04-14 02:49:11.847805+00	\N	2712	t	2	3	34
2543	2020-03-27 07:35:38.118678+00	2020-04-14 02:49:11.857897+00	\N	18946	t	2	3	34
2484	2020-03-27 07:35:35.916292+00	2020-03-27 07:35:35.952734+00	\N	2438	t	1	5	\N
2542	2020-03-27 07:35:38.080903+00	2020-04-14 02:49:11.867464+00	\N	19434	t	2	3	34
2541	2020-03-27 07:35:38.041023+00	2020-04-14 02:49:11.879067+00	\N	19382	t	2	3	34
2540	2020-03-27 07:35:38.001707+00	2020-04-14 02:49:11.88883+00	\N	18896	t	2	3	34
2539	2020-03-27 07:35:37.969943+00	2020-04-14 02:49:11.898503+00	\N	20085	t	2	3	34
2538	2020-03-27 07:35:37.940292+00	2020-04-14 02:49:11.909161+00	\N	19092	t	2	3	34
2535	2020-03-27 07:35:37.811678+00	2020-04-08 07:57:02.464479+00	\N	20099	f	1	8	34
2537	2020-03-27 07:35:37.898301+00	2020-04-14 02:49:11.918704+00	\N	18945	t	2	3	34
2534	2020-03-27 07:35:37.772816+00	2020-04-14 02:49:11.923716+00	\N	19414	t	2	3	34
2536	2020-03-27 07:35:37.856191+00	2020-03-27 07:35:37.890348+00	\N	19370	t	1	5	\N
2533	2020-03-27 07:35:37.742326+00	2020-04-14 02:49:11.928558+00	\N	2415	t	2	3	34
2532	2020-03-27 07:35:37.710959+00	2020-04-14 02:49:11.933947+00	\N	19115	t	2	3	34
2544	2020-03-27 07:35:38.155647+00	2020-03-27 07:35:38.187926+00	\N	19362	t	1	5	\N
2531	2020-03-27 07:35:37.671011+00	2020-04-14 02:49:11.94737+00	\N	20095	t	2	3	34
2529	2020-03-27 07:35:37.587576+00	2020-04-14 02:49:11.953243+00	\N	19441	t	2	3	34
2530	2020-03-27 07:35:37.628646+00	2020-03-27 07:35:37.66259+00	\N	19474	t	1	5	\N
2642	2020-03-27 07:35:41.751423+00	2020-03-27 07:35:41.785559+00	\N	20202	t	1	3	35
2638	2020-03-27 07:35:41.600028+00	2020-03-27 07:35:41.627826+00	\N	20213	t	1	3	35
2648	2020-03-27 07:35:41.962455+00	2020-03-27 07:35:41.997411+00	\N	19002	t	1	3	35
2649	2020-03-27 07:35:42.005425+00	2020-03-27 07:35:42.032663+00	\N	20200	t	1	3	35
2650	2020-03-27 07:35:42.038536+00	2020-03-27 07:35:42.064443+00	\N	19521	t	1	3	35
2651	2020-03-27 07:35:42.071287+00	2020-03-27 07:35:42.106507+00	\N	18860	t	1	3	35
2654	2020-03-27 07:35:42.182687+00	2020-03-27 07:35:42.205355+00	\N	19051	t	1	3	35
2656	2020-03-27 07:35:42.25204+00	2020-03-27 07:35:42.283196+00	\N	18758	t	1	3	35
2657	2020-03-27 07:35:42.290384+00	2020-03-27 07:35:42.321648+00	\N	20185	t	1	3	35
2658	2020-03-27 07:35:42.328683+00	2020-03-27 07:35:42.359338+00	\N	19449	t	1	3	35
2659	2020-03-27 07:35:42.373339+00	2020-03-27 07:35:42.397403+00	\N	18634	t	1	3	35
2660	2020-03-27 07:35:42.402511+00	2020-03-27 07:35:42.429364+00	\N	19405	t	1	3	35
2661	2020-03-27 07:35:42.436919+00	2020-03-27 07:35:42.470532+00	\N	20555	t	1	3	35
2662	2020-03-27 07:35:42.478072+00	2020-03-27 07:35:42.512731+00	\N	19524	t	1	3	35
2663	2020-03-27 07:35:42.520853+00	2020-03-27 07:35:42.550209+00	\N	20210	t	1	3	35
2664	2020-03-27 07:35:42.555371+00	2020-03-27 07:35:42.5784+00	\N	19151	t	1	3	35
2665	2020-03-27 07:35:42.588504+00	2020-03-27 07:35:42.612886+00	\N	19960	t	1	3	35
2666	2020-03-27 07:35:42.617979+00	2020-03-27 07:35:42.647856+00	\N	20556	t	1	3	35
2667	2020-03-27 07:35:42.655005+00	2020-03-27 07:35:42.688731+00	\N	20240	t	1	3	35
2464	2020-03-27 07:35:35.189694+00	2020-04-14 02:46:56.047798+00	\N	20127	t	2	4	18
2573	2020-03-27 07:35:39.198244+00	2020-04-14 02:49:11.825617+00	\N	19501	t	2	3	34
2610	2020-03-27 07:35:40.564+00	2020-04-15 07:18:10.508485+00	\N	5128	f	1	8	35
2085	2020-03-17 05:17:00.668267+00	2020-03-27 07:47:13.633265+00	\N	5049	t	1	6	\N
2601	2020-03-27 07:35:40.231491+00	2020-03-27 07:35:40.261027+00	\N	19870	t	1	5	\N
2627	2020-03-27 07:35:41.191732+00	2020-04-15 07:24:34.194047+00	\N	19256	f	1	8	35
2600	2020-03-27 07:35:40.192216+00	2020-03-27 07:35:40.224088+00	\N	19127	t	1	3	35
2602	2020-03-27 07:35:40.268599+00	2020-03-27 07:35:40.293226+00	\N	2724	t	1	3	35
2106	2020-03-17 05:17:02.10901+00	2020-03-17 05:17:02.193416+00	\N	20169	t	1	5	\N
2603	2020-03-27 07:35:40.298507+00	2020-03-27 07:35:40.327975+00	\N	19857	t	1	3	35
2604	2020-03-27 07:35:40.336604+00	2020-03-27 07:35:40.368383+00	\N	19444	t	1	3	35
1890	2020-03-17 05:16:52.905338+00	2020-03-17 05:17:02.683445+00	\N	19750	t	1	5	\N
2605	2020-03-27 07:35:40.375663+00	2020-03-27 07:35:40.407984+00	\N	19855	t	1	3	35
2606	2020-03-27 07:35:40.415572+00	2020-03-27 07:35:40.44832+00	\N	2493	t	1	3	35
2105	2020-03-17 05:17:01.876305+00	2020-03-17 05:17:01.979573+00	\N	20183	t	1	5	\N
2607	2020-03-27 07:35:40.455678+00	2020-03-27 07:35:40.486649+00	\N	19831	t	1	3	35
2608	2020-03-27 07:35:40.493911+00	2020-03-27 07:35:40.517588+00	\N	5046	t	1	3	35
2104	2020-03-17 05:17:01.742968+00	2020-03-17 05:17:01.865797+00	\N	20186	t	1	5	\N
2609	2020-03-27 07:35:40.524777+00	2020-03-27 07:35:40.556698+00	\N	18932	t	1	3	35
2611	2020-03-27 07:35:40.604364+00	2020-03-27 07:35:40.634161+00	\N	19783	t	1	3	35
2612	2020-03-27 07:35:40.640423+00	2020-03-27 07:35:40.66552+00	\N	19767	t	1	3	35
2613	2020-03-27 07:35:40.671524+00	2020-03-27 07:35:40.699124+00	\N	18929	t	1	3	35
2614	2020-03-27 07:35:40.706755+00	2020-03-27 07:35:40.737388+00	\N	20248	t	1	3	35
2615	2020-03-27 07:35:40.744926+00	2020-03-27 07:35:40.777087+00	\N	19764	t	1	3	35
2616	2020-03-27 07:35:40.785478+00	2020-03-27 07:35:40.817622+00	\N	5071	t	1	3	35
2617	2020-03-27 07:35:40.823474+00	2020-03-27 07:35:40.846755+00	\N	20553	t	1	3	35
2618	2020-03-27 07:35:40.851969+00	2020-03-27 07:35:40.87516+00	\N	20551	t	1	3	35
2619	2020-03-27 07:35:40.880074+00	2020-03-27 07:35:40.91196+00	\N	20549	t	1	3	35
2620	2020-03-27 07:35:40.919451+00	2020-03-27 07:35:40.955836+00	\N	20554	t	1	3	35
2621	2020-03-27 07:35:40.963446+00	2020-03-27 07:35:40.995639+00	\N	20550	t	1	3	35
2622	2020-03-27 07:35:41.005472+00	2020-03-27 07:35:41.035532+00	\N	2785	t	1	3	35
2623	2020-03-27 07:35:41.040721+00	2020-03-27 07:35:41.0631+00	\N	20552	t	1	3	35
2624	2020-03-27 07:35:41.068115+00	2020-03-27 07:35:41.091148+00	\N	19768	t	1	3	35
2625	2020-03-27 07:35:41.09844+00	2020-03-27 07:35:41.138817+00	\N	19307	t	1	3	35
2626	2020-03-27 07:35:41.147424+00	2020-03-27 07:35:41.184141+00	\N	19734	t	1	3	35
2628	2020-03-27 07:35:41.226912+00	2020-03-27 07:35:41.250117+00	\N	5015	t	1	3	35
2629	2020-03-27 07:35:41.255071+00	2020-03-27 07:35:41.278931+00	\N	2784	t	1	3	35
2630	2020-03-27 07:35:41.284026+00	2020-03-27 07:35:41.316309+00	\N	18725	t	1	3	35
1482	2020-03-17 05:16:37.313497+00	2020-04-06 08:02:22.693854+00	\N	20408	t	2	4	18
1583	2020-03-17 05:16:41.056866+00	2020-04-14 02:46:56.069179+00	\N	19644	t	2	4	18
2489	2020-03-27 07:35:36.103057+00	2020-04-06 08:02:22.580751+00	\N	5139	t	2	4	18
2465	2020-03-27 07:35:35.219918+00	2020-04-06 08:02:22.591989+00	\N	20154	t	2	4	18
2466	2020-03-27 07:35:35.25328+00	2020-04-06 08:02:22.570201+00	\N	19384	t	2	4	18
1695	2020-03-17 05:16:45.22762+00	2020-04-06 08:02:22.681481+00	\N	20042	t	2	4	18
2467	2020-03-27 07:35:35.295431+00	2020-04-06 08:02:22.561247+00	\N	19034	t	2	4	18
2496	2020-03-27 07:35:36.36508+00	2020-04-06 08:02:22.315887+00	\N	20541	t	2	4	18
2495	2020-03-27 07:35:36.326019+00	2020-04-06 08:02:22.32285+00	\N	2777	t	2	4	18
2494	2020-03-27 07:35:36.296189+00	2020-04-06 08:02:22.331582+00	\N	19203	t	2	4	18
2493	2020-03-27 07:35:36.267113+00	2020-04-06 08:02:22.339194+00	\N	2779	t	2	4	18
2492	2020-03-27 07:35:36.227696+00	2020-04-06 08:02:22.351266+00	\N	2536	t	2	4	18
2491	2020-03-27 07:35:36.184133+00	2020-04-06 08:02:22.36254+00	\N	18864	t	2	4	18
2490	2020-03-27 07:35:36.14051+00	2020-04-06 08:02:22.37523+00	\N	20539	t	2	4	18
2488	2020-03-27 07:35:36.076431+00	2020-04-06 08:02:22.385963+00	\N	2776	t	2	4	18
2487	2020-03-27 07:35:36.04723+00	2020-04-06 08:02:22.397303+00	\N	19245	t	2	4	18
2485	2020-03-27 07:35:35.960882+00	2020-04-06 08:02:22.410887+00	\N	19766	t	2	4	18
2483	2020-03-27 07:35:35.881929+00	2020-04-06 08:02:22.42375+00	\N	19691	t	2	4	18
2482	2020-03-27 07:35:35.853574+00	2020-04-06 08:02:22.434651+00	\N	19302	t	2	4	18
1927	2020-03-17 05:16:54.287008+00	2020-03-17 06:32:43.93198+00	\N	20008	t	2	3	15
1920	2020-03-17 05:16:54.023314+00	2020-03-17 06:39:06.773595+00	\N	19397	t	2	3	15
1914	2020-03-17 05:16:53.803527+00	2020-03-17 06:45:36.988247+00	\N	20082	t	2	3	15
1925	2020-03-17 05:16:54.22016+00	2020-03-17 06:45:49.432065+00	\N	20091	t	2	3	15
1930	2020-03-17 05:16:54.403475+00	2020-03-17 06:46:36.235902+00	\N	2764	t	2	3	15
1917	2020-03-17 05:16:53.910682+00	2020-03-17 06:46:40.062602+00	\N	20097	t	2	3	15
1929	2020-03-17 05:16:54.369249+00	2020-03-17 06:46:47.144059+00	\N	20513	t	2	3	15
1919	2020-03-17 05:16:53.983003+00	2020-03-17 06:46:59.05242+00	\N	20101	t	2	3	15
1928	2020-03-17 05:16:54.327448+00	2020-03-17 06:47:47.141788+00	\N	19386	t	2	3	15
1922	2020-03-17 05:16:54.097957+00	2020-03-17 06:47:57.06772+00	\N	18334	t	2	3	15
1924	2020-03-17 05:16:54.180772+00	2020-03-17 06:52:02.472972+00	\N	18919	t	2	3	15
1923	2020-03-17 05:16:54.138525+00	2020-03-27 05:58:18.417006+00	\N	20083	t	2	3	15
1926	2020-03-17 05:16:54.252781+00	2020-03-27 05:58:28.548808+00	\N	20100	t	2	3	15
1916	2020-03-17 05:16:53.874868+00	2020-03-27 05:58:38.427378+00	\N	20074	t	2	3	15
2644	2020-03-27 07:35:41.818844+00	2020-04-15 07:17:46.030561+00	\N	18372	f	1	8	35
2645	2020-03-27 07:35:41.84931+00	2020-04-15 07:18:44.052635+00	\N	2306	f	1	8	35
1872	2020-03-17 05:16:52.247603+00	2020-04-06 03:26:11.688236+00	\N	19555	t	2	5	\N
1897	2020-03-17 05:16:53.139352+00	2020-04-06 03:26:15.447335+00	\N	19967	t	2	5	\N
2653	2020-03-27 07:35:42.153197+00	2020-03-27 07:35:42.177497+00	\N	20228	t	1	5	\N
2639	2020-03-27 07:35:41.637639+00	2020-03-27 07:35:41.66364+00	\N	20181	t	1	5	\N
2634	2020-03-27 07:35:41.457021+00	2020-03-27 07:35:41.4802+00	\N	20224	t	1	5	\N
2652	2020-03-27 07:35:42.113818+00	2020-03-27 07:35:42.146081+00	\N	18604	t	1	5	\N
2640	2020-03-27 07:35:41.671587+00	2020-03-27 07:35:41.704538+00	\N	20204	t	1	3	35
2481	2020-03-27 07:35:35.825377+00	2020-04-06 08:02:22.441657+00	\N	19821	t	2	4	18
2480	2020-03-27 07:35:35.783271+00	2020-04-06 08:02:22.448205+00	\N	5045	t	2	4	18
2479	2020-03-27 07:35:35.740513+00	2020-04-06 08:02:22.454681+00	\N	2731	t	2	4	18
2478	2020-03-27 07:35:35.698124+00	2020-04-06 08:02:22.45958+00	\N	5078	t	2	4	18
2477	2020-03-27 07:35:35.669213+00	2020-04-06 08:02:22.464476+00	\N	19799	t	2	4	18
2476	2020-03-27 07:35:35.639897+00	2020-04-06 08:02:22.470333+00	\N	19832	t	2	4	18
2475	2020-03-27 07:35:35.610491+00	2020-04-06 08:02:22.477189+00	\N	20511	t	2	4	18
2474	2020-03-27 07:35:35.570899+00	2020-04-06 08:02:22.490479+00	\N	19841	t	2	4	18
2473	2020-03-27 07:35:35.527363+00	2020-04-06 08:02:22.500172+00	\N	19833	t	2	4	18
1906	2020-03-17 05:16:53.467224+00	2020-03-17 06:28:05.012262+00	\N	20505	t	2	3	14
1905	2020-03-17 05:16:53.430929+00	2020-03-17 06:28:05.022623+00	\N	19279	t	2	3	14
1904	2020-03-17 05:16:53.393979+00	2020-03-17 06:28:05.031687+00	\N	18881	t	2	3	14
1903	2020-03-17 05:16:53.354148+00	2020-03-17 06:28:05.040947+00	\N	20506	t	2	3	14
1902	2020-03-17 05:16:53.313248+00	2020-03-17 06:28:05.050066+00	\N	20502	t	2	3	14
1901	2020-03-17 05:16:53.275188+00	2020-03-17 06:28:05.060117+00	\N	20503	t	2	3	14
1900	2020-03-17 05:16:53.235786+00	2020-03-17 06:28:05.071738+00	\N	2762	t	2	3	14
1899	2020-03-17 05:16:53.204685+00	2020-03-17 06:28:05.082033+00	\N	19745	t	2	3	14
1898	2020-03-17 05:16:53.175051+00	2020-03-17 06:28:05.092197+00	\N	20504	t	2	3	14
2471	2020-03-27 07:35:35.44897+00	2020-04-06 08:02:22.516005+00	\N	19813	t	2	4	18
1896	2020-03-17 05:16:53.101285+00	2020-03-17 06:28:05.114063+00	\N	20499	t	2	3	14
1895	2020-03-17 05:16:53.065205+00	2020-03-17 06:28:05.125224+00	\N	20498	t	2	3	14
1894	2020-03-17 05:16:53.036295+00	2020-03-17 06:28:05.131531+00	\N	20501	t	2	3	14
1893	2020-03-17 05:16:53.005693+00	2020-03-17 06:28:05.137133+00	\N	20500	t	2	3	14
1892	2020-03-17 05:16:52.963441+00	2020-03-17 06:28:05.142971+00	\N	2761	t	2	3	14
1891	2020-03-17 05:16:52.920449+00	2020-03-17 06:28:05.151067+00	\N	20497	t	2	3	14
1889	2020-03-17 05:16:52.865632+00	2020-03-17 06:28:05.160535+00	\N	19011	t	2	3	14
1888	2020-03-17 05:16:52.828293+00	2020-03-17 06:28:05.165791+00	\N	2713	t	2	3	14
1887	2020-03-17 05:16:52.80034+00	2020-03-17 06:28:05.170786+00	\N	2759	t	2	3	14
1886	2020-03-17 05:16:52.760512+00	2020-03-17 06:28:05.180643+00	\N	20076	t	2	3	14
1884	2020-03-17 05:16:52.690675+00	2020-03-17 06:28:05.192251+00	\N	20079	t	2	3	14
1883	2020-03-17 05:16:52.652574+00	2020-03-17 06:28:05.202609+00	\N	18073	t	2	3	14
1882	2020-03-17 05:16:52.614066+00	2020-03-17 06:28:05.215156+00	\N	19139	t	2	3	14
1881	2020-03-17 05:16:52.575598+00	2020-03-17 06:28:05.222909+00	\N	19288	t	2	3	14
1880	2020-03-17 05:16:52.540078+00	2020-03-17 06:28:05.231435+00	\N	2757	t	2	3	14
1879	2020-03-17 05:16:52.508927+00	2020-03-17 06:28:05.237347+00	\N	19293	t	2	3	14
1877	2020-03-17 05:16:52.432763+00	2020-03-17 06:28:05.243153+00	\N	19659	t	2	3	14
1876	2020-03-17 05:16:52.392769+00	2020-03-17 06:28:05.250055+00	\N	18972	t	2	3	14
1874	2020-03-17 05:16:52.313701+00	2020-03-17 06:28:05.259104+00	\N	19728	t	2	3	14
1873	2020-03-17 05:16:52.283723+00	2020-03-17 06:28:05.268527+00	\N	20488	t	2	3	14
2470	2020-03-27 07:35:35.419304+00	2020-04-06 08:02:22.52988+00	\N	2469	t	2	4	18
1871	2020-03-17 05:16:52.208732+00	2020-03-17 06:28:05.287734+00	\N	18653	t	2	3	14
1869	2020-03-17 05:16:52.08101+00	2020-03-17 06:28:05.297726+00	\N	19598	t	2	3	14
1868	2020-03-17 05:16:52.046307+00	2020-03-17 06:28:05.307999+00	\N	19774	t	2	3	14
1867	2020-03-17 05:16:52.004072+00	2020-03-17 06:28:05.31827+00	\N	20487	t	2	3	14
1866	2020-03-17 05:16:51.966334+00	2020-03-17 06:28:05.325724+00	\N	5117	t	2	3	14
1865	2020-03-17 05:16:51.923197+00	2020-03-17 06:28:05.330626+00	\N	19261	t	2	3	14
1864	2020-03-17 05:16:51.887967+00	2020-03-17 06:28:05.335867+00	\N	2758	t	2	3	14
1863	2020-03-17 05:16:51.854847+00	2020-03-17 06:28:05.341002+00	\N	19212	t	2	3	14
1861	2020-03-17 05:16:51.739522+00	2020-03-17 06:28:05.348184+00	\N	2760	t	2	3	14
1860	2020-03-17 05:16:51.696612+00	2020-03-17 06:28:05.353567+00	\N	20494	t	2	3	14
1857	2020-03-17 05:16:51.600651+00	2020-03-17 06:28:05.360786+00	\N	20496	t	2	3	14
1856	2020-03-17 05:16:51.566689+00	2020-03-17 06:28:05.369683+00	\N	20493	t	2	3	14
1854	2020-03-17 05:16:51.514214+00	2020-03-17 06:28:05.379165+00	\N	19713	t	2	3	14
1853	2020-03-17 05:16:51.475542+00	2020-03-17 06:28:05.389009+00	\N	19722	t	2	3	14
1852	2020-03-17 05:16:51.440007+00	2020-03-17 06:28:05.398863+00	\N	20489	t	2	3	14
1850	2020-03-17 05:16:51.382343+00	2020-03-17 06:28:05.408524+00	\N	19047	t	2	3	14
1849	2020-03-17 05:16:51.343416+00	2020-03-17 06:28:05.419785+00	\N	19911	t	2	3	14
1848	2020-03-17 05:16:51.286319+00	2020-03-17 06:28:05.430696+00	\N	19402	t	2	3	14
1845	2020-03-17 05:16:51.10918+00	2020-03-17 06:28:05.442142+00	\N	20069	t	2	3	14
1844	2020-03-17 05:16:51.068323+00	2020-03-17 06:28:05.450956+00	\N	20077	t	2	3	14
1843	2020-03-17 05:16:51.030617+00	2020-03-17 06:28:05.456665+00	\N	18926	t	2	3	14
1841	2020-03-17 05:16:50.918044+00	2020-03-17 06:28:05.461816+00	\N	20067	t	2	3	14
1839	2020-03-17 05:16:50.855731+00	2020-03-17 06:28:05.466662+00	\N	20065	t	2	3	14
1838	2020-03-17 05:16:50.814019+00	2020-03-17 06:28:05.471325+00	\N	19987	t	2	3	14
1625	2020-03-17 05:16:42.652731+00	2020-03-17 06:28:05.504655+00	\N	20015	t	2	3	14
1591	2020-03-17 05:16:41.363813+00	2020-03-17 06:28:05.516053+00	\N	20003	t	2	3	14
2518	2020-03-27 07:35:37.188919+00	2020-04-06 08:02:22.059453+00	\N	19493	t	2	4	18
2517	2020-03-27 07:35:37.159893+00	2020-04-06 08:02:22.069172+00	\N	20168	t	2	4	18
2521	2020-03-27 07:35:37.322383+00	2020-04-14 02:46:56.087498+00	\N	19730	t	2	4	18
2516	2020-03-27 07:35:37.12954+00	2020-04-06 08:02:22.087063+00	\N	19479	t	2	4	18
2515	2020-03-27 07:35:37.100095+00	2020-04-06 08:02:22.097486+00	\N	20149	t	2	4	18
1758	2020-03-17 05:16:47.660099+00	2020-04-14 02:49:11.3535+00	\N	20478	t	2	3	34
2343	2020-03-27 07:35:30.608158+00	2020-04-06 03:26:14.133456+00	\N	20384	t	2	5	\N
2833	2020-04-06 03:26:13.773763+00	2020-04-14 07:27:56.084575+00	\N	19537	t	228	9	43
2655	2020-03-27 07:35:42.212408+00	2020-03-27 07:35:42.245065+00	\N	20161	t	1	3	35
2514	2020-03-27 07:35:37.057082+00	2020-04-06 08:02:22.111238+00	\N	20540	t	2	4	18
2513	2020-03-27 07:35:37.014313+00	2020-04-06 08:02:22.123077+00	\N	20158	t	2	4	18
2512	2020-03-27 07:35:36.972149+00	2020-04-06 08:02:22.134854+00	\N	2572	t	2	4	18
2511	2020-03-27 07:35:36.943823+00	2020-04-06 08:02:22.144851+00	\N	20140	t	2	4	18
2510	2020-03-27 07:35:36.914104+00	2020-04-06 08:02:22.15607+00	\N	20157	t	2	4	18
2509	2020-03-27 07:35:36.881727+00	2020-04-06 08:02:22.166573+00	\N	20148	t	2	4	18
2508	2020-03-27 07:35:36.838752+00	2020-04-06 08:02:22.179994+00	\N	2778	t	2	4	18
2507	2020-03-27 07:35:36.796579+00	2020-04-06 08:02:22.191331+00	\N	20153	t	2	4	18
2506	2020-03-27 07:35:36.749845+00	2020-04-06 08:02:22.201553+00	\N	20152	t	2	4	18
2505	2020-03-27 07:35:36.716549+00	2020-04-06 08:02:22.219652+00	\N	2780	t	2	4	18
1936	2020-03-17 05:16:54.615252+00	2020-03-17 06:32:33.756441+00	\N	19731	t	2	3	15
2504	2020-03-27 07:35:36.676671+00	2020-04-06 08:02:22.233195+00	\N	2775	t	2	4	18
2503	2020-03-27 07:35:36.633976+00	2020-04-06 08:02:22.243707+00	\N	19604	t	2	4	18
2502	2020-03-27 07:35:36.590724+00	2020-04-06 08:02:22.25598+00	\N	19217	t	2	4	18
2038	2020-03-17 05:16:58.538533+00	2020-03-27 07:47:13.255353+00	\N	2772	t	1	6	\N
1961	2020-03-17 05:16:55.501517+00	2020-03-17 06:31:52.172168+00	\N	19762	t	2	3	15
1941	2020-03-17 05:16:54.793069+00	2020-03-17 06:32:53.409669+00	\N	19749	t	2	3	15
1953	2020-03-17 05:16:55.214435+00	2020-03-17 06:32:59.762039+00	\N	19721	t	2	3	15
1956	2020-03-17 05:16:55.317737+00	2020-03-17 06:33:04.085624+00	\N	19631	t	2	3	15
1943	2020-03-17 05:16:54.861795+00	2020-03-17 06:33:09.430502+00	\N	20087	t	2	3	15
1947	2020-03-17 05:16:54.999695+00	2020-03-17 06:33:18.842134+00	\N	19698	t	2	3	15
1934	2020-03-17 05:16:54.552269+00	2020-03-17 06:38:13.519337+00	\N	18834	t	2	3	15
1937	2020-03-17 05:16:54.645852+00	2020-03-17 06:38:19.171781+00	\N	5111	t	2	3	15
1948	2020-03-17 05:16:55.037316+00	2020-03-17 06:38:25.392999+00	\N	18765	t	2	3	15
1950	2020-03-17 05:16:55.113582+00	2020-03-17 06:38:43.27567+00	\N	19743	t	2	3	15
1935	2020-03-17 05:16:54.586659+00	2020-03-17 06:38:50.013911+00	\N	19761	t	2	3	15
1933	2020-03-17 05:16:54.511643+00	2020-03-17 06:38:54.189131+00	\N	5075	t	2	3	15
1951	2020-03-17 05:16:55.146717+00	2020-03-17 06:39:01.995221+00	\N	5107	t	2	3	15
1957	2020-03-17 05:16:55.351079+00	2020-03-17 06:39:13.335387+00	\N	20111	t	2	3	15
1960	2020-03-17 05:16:55.468656+00	2020-03-17 06:39:18.871924+00	\N	2521	t	2	3	15
1942	2020-03-17 05:16:54.822502+00	2020-03-17 06:39:24.9336+00	\N	20092	t	2	3	15
1964	2020-03-17 05:16:55.609336+00	2020-03-17 06:45:01.093123+00	\N	20093	t	2	3	15
1965	2020-03-17 05:16:55.648608+00	2020-03-17 06:45:08.175642+00	\N	20084	t	2	3	15
1967	2020-03-17 05:16:55.710187+00	2020-03-17 06:45:13.604697+00	\N	20086	t	2	3	15
1945	2020-03-17 05:16:54.939284+00	2020-03-17 06:45:21.449504+00	\N	19763	t	2	3	15
1932	2020-03-17 05:16:54.472012+00	2020-03-17 06:45:27.090089+00	\N	19823	t	2	3	15
1938	2020-03-17 05:16:54.686884+00	2020-03-17 06:45:32.754476+00	\N	19765	t	2	3	15
1971	2020-03-17 05:16:55.87006+00	2020-03-17 06:45:53.190469+00	\N	2766	t	2	3	15
1955	2020-03-17 05:16:55.28764+00	2020-03-17 06:46:16.331508+00	\N	20507	t	2	3	15
1978	2020-03-17 05:16:56.141394+00	2020-03-17 06:46:23.016933+00	\N	20518	t	2	3	15
1931	2020-03-17 05:16:54.440977+00	2020-03-17 06:46:27.846248+00	\N	20510	t	2	3	15
1944	2020-03-17 05:16:54.899762+00	2020-03-17 06:46:32.166599+00	\N	5120	t	2	3	15
1940	2020-03-17 05:16:54.763928+00	2020-03-17 06:46:43.578781+00	\N	20509	t	2	3	15
1939	2020-03-17 05:16:54.726585+00	2020-03-17 06:46:51.138726+00	\N	2763	t	2	3	15
1959	2020-03-17 05:16:55.428616+00	2020-03-17 06:46:55.068307+00	\N	20512	t	2	3	15
1968	2020-03-17 05:16:55.746696+00	2020-03-17 06:47:02.984098+00	\N	20516	t	2	3	15
1972	2020-03-17 05:16:55.901929+00	2020-03-17 06:47:10.205233+00	\N	19759	t	2	3	15
1981	2020-03-17 05:16:56.262876+00	2020-03-17 06:47:14.040933+00	\N	20517	t	2	3	15
1949	2020-03-17 05:16:55.077437+00	2020-03-17 06:47:18.003166+00	\N	19150	t	2	3	15
1976	2020-03-17 05:16:56.068314+00	2020-03-17 06:47:21.523531+00	\N	2768	t	2	3	15
1962	2020-03-17 05:16:55.532453+00	2020-03-17 06:47:30.381251+00	\N	19634	t	2	3	15
1979	2020-03-17 05:16:56.186899+00	2020-03-27 05:57:59.476856+00	\N	20520	t	2	3	15
1980	2020-03-17 05:16:56.227419+00	2020-03-27 05:58:49.986726+00	\N	20519	t	2	3	15
1974	2020-03-17 05:16:55.982534+00	2020-03-27 06:06:06.284585+00	\N	20515	t	2	3	15
1973	2020-03-17 05:16:55.940303+00	2020-03-27 06:09:39.090034+00	\N	19683	f	2	8	15
2357	2020-03-27 07:35:31.147256+00	2020-03-30 03:44:07.972789+00	\N	20117	t	2	3	16
2356	2020-03-27 07:35:31.110842+00	2020-03-30 03:44:07.9834+00	\N	19712	t	2	3	16
2354	2020-03-27 07:35:31.031961+00	2020-03-30 03:44:07.992858+00	\N	2770	t	2	3	16
2353	2020-03-27 07:35:30.999984+00	2020-03-30 03:44:08.001956+00	\N	19482	t	2	3	16
2352	2020-03-27 07:35:30.953807+00	2020-03-30 03:44:08.010464+00	\N	20107	t	2	3	16
2351	2020-03-27 07:35:30.912293+00	2020-03-30 03:44:08.019325+00	\N	19794	t	2	3	16
2350	2020-03-27 07:35:30.873309+00	2020-03-30 03:44:08.024836+00	\N	19785	t	2	3	16
2349	2020-03-27 07:35:30.831374+00	2020-03-30 03:44:08.029691+00	\N	19809	t	2	3	16
2348	2020-03-27 07:35:30.790979+00	2020-03-30 03:44:08.035646+00	\N	20124	t	2	3	16
2347	2020-03-27 07:35:30.758821+00	2020-03-30 03:44:08.041591+00	\N	19231	t	2	3	16
2346	2020-03-27 07:35:30.72413+00	2020-03-30 03:44:08.047148+00	\N	2590	t	2	3	16
2345	2020-03-27 07:35:30.684965+00	2020-03-30 03:44:08.057445+00	\N	19786	t	2	3	16
2344	2020-03-27 07:35:30.643428+00	2020-03-30 03:44:08.070079+00	\N	19792	t	2	3	16
2342	2020-03-27 07:35:30.579509+00	2020-03-30 03:44:08.087962+00	\N	19757	t	2	3	16
2341	2020-03-27 07:35:30.550638+00	2020-03-30 03:44:08.097656+00	\N	19681	t	2	3	16
2339	2020-03-27 07:35:30.467043+00	2020-03-30 03:44:08.106675+00	\N	19793	t	2	3	16
2338	2020-03-27 07:35:30.432683+00	2020-03-30 03:44:08.113302+00	\N	20105	t	2	3	16
2337	2020-03-27 07:35:30.401209+00	2020-03-30 03:44:08.117972+00	\N	20522	t	2	3	16
2336	2020-03-27 07:35:30.363578+00	2020-03-30 03:44:08.122597+00	\N	20134	t	2	3	16
2335	2020-03-27 07:35:30.325604+00	2020-03-30 03:44:08.127372+00	\N	19247	t	2	3	16
2333	2020-03-27 07:35:30.256956+00	2020-03-30 03:44:08.135143+00	\N	20143	t	2	3	16
2332	2020-03-27 07:35:30.226382+00	2020-03-30 03:44:08.139949+00	\N	19739	t	2	3	16
2331	2020-03-27 07:35:30.190475+00	2020-03-30 03:44:08.144702+00	\N	19804	t	2	3	16
2330	2020-03-27 07:35:30.150559+00	2020-03-30 03:44:08.153909+00	\N	20136	t	2	3	16
2328	2020-03-27 07:35:30.076132+00	2020-03-30 03:44:08.163993+00	\N	19447	t	2	3	16
2327	2020-03-27 07:35:30.046713+00	2020-03-30 03:44:08.173676+00	\N	20523	t	2	3	16
2326	2020-03-27 07:35:30.015133+00	2020-03-30 03:44:08.182193+00	\N	19172	t	2	3	16
2324	2020-03-27 07:35:29.922723+00	2020-03-30 03:44:08.191558+00	\N	19460	t	2	3	16
2323	2020-03-27 07:35:29.881089+00	2020-03-30 03:44:08.200591+00	\N	19777	t	2	3	16
2322	2020-03-27 07:35:29.852734+00	2020-03-30 03:44:08.209642+00	\N	19464	t	2	3	16
2321	2020-03-27 07:35:29.819757+00	2020-03-30 03:44:08.216516+00	\N	19239	t	2	3	16
2845	2020-04-06 03:26:14.330852+00	2020-04-15 08:08:56.268934+00	\N	20391	t	205	9	43
2386	2020-03-27 07:35:32.209193+00	2020-03-30 03:44:07.749565+00	\N	20528	t	2	3	16
2385	2020-03-27 07:35:32.179501+00	2020-03-30 03:44:07.765196+00	\N	20527	t	2	3	16
2384	2020-03-27 07:35:32.138714+00	2020-03-30 03:44:07.773892+00	\N	20454	t	2	3	16
2382	2020-03-27 07:35:32.059229+00	2020-03-30 03:44:07.779953+00	\N	20156	t	2	3	16
2381	2020-03-27 07:35:32.021783+00	2020-03-30 03:44:07.785531+00	\N	20115	t	2	3	16
2380	2020-03-27 07:35:31.993315+00	2020-03-30 03:44:07.791969+00	\N	2773	t	2	3	16
2377	2020-03-27 07:35:31.872163+00	2020-03-30 03:44:07.798589+00	\N	19325	t	2	3	16
2376	2020-03-27 07:35:31.832696+00	2020-03-30 03:44:07.803787+00	\N	19778	t	2	3	16
2375	2020-03-27 07:35:31.795017+00	2020-03-30 03:44:07.813089+00	\N	20114	t	2	3	16
2374	2020-03-27 07:35:31.766197+00	2020-03-30 03:44:07.823195+00	\N	20108	t	2	3	16
2373	2020-03-27 07:35:31.726051+00	2020-03-30 03:44:07.833965+00	\N	20526	t	2	3	16
2372	2020-03-27 07:35:31.665347+00	2020-03-30 03:44:07.843466+00	\N	2771	t	2	3	16
2371	2020-03-27 07:35:31.629503+00	2020-03-30 03:44:07.854579+00	\N	20089	t	2	3	16
2370	2020-03-27 07:35:31.600858+00	2020-03-30 03:44:07.86794+00	\N	20103	t	2	3	16
2369	2020-03-27 07:35:31.570891+00	2020-03-30 03:44:07.877633+00	\N	20120	t	2	3	16
2368	2020-03-27 07:35:31.535349+00	2020-03-30 03:44:07.887364+00	\N	20521	t	2	3	16
2367	2020-03-27 07:35:31.495393+00	2020-03-30 03:44:07.895769+00	\N	19145	t	2	3	16
2366	2020-03-27 07:35:31.452463+00	2020-03-30 03:44:07.902417+00	\N	20109	t	2	3	16
2365	2020-03-27 07:35:31.417601+00	2020-03-30 03:44:07.907209+00	\N	18660	t	2	3	16
2364	2020-03-27 07:35:31.390846+00	2020-03-30 03:44:07.91181+00	\N	19682	t	2	3	16
2363	2020-03-27 07:35:31.361742+00	2020-03-30 03:44:07.91773+00	\N	20525	t	2	3	16
2362	2020-03-27 07:35:31.324084+00	2020-03-30 03:44:07.922529+00	\N	18996	t	2	3	16
2361	2020-03-27 07:35:31.28273+00	2020-03-30 03:44:07.929686+00	\N	19005	t	2	3	16
2360	2020-03-27 07:35:31.233716+00	2020-03-30 03:44:07.939597+00	\N	20524	t	2	3	16
2359	2020-03-27 07:35:31.201721+00	2020-03-30 03:44:07.949499+00	\N	19707	t	2	3	16
2358	2020-03-27 07:35:31.174328+00	2020-03-30 03:44:07.963132+00	\N	19674	t	2	3	16
2848	2020-04-06 03:26:14.454063+00	2020-04-15 08:16:07.376064+00	\N	19350	t	230	9	43
2837	2020-04-06 03:26:13.926738+00	2020-04-13 05:43:27.767574+00	\N	19059	t	3	4	43
2834	2020-04-06 03:26:13.818893+00	2020-04-16 02:45:27.108644+00	\N	19061	t	165	9	43
2838	2020-04-06 03:26:13.964904+00	2020-04-16 07:14:47.531252+00	\N	20386	t	217	9	43
2685	2020-03-30 05:07:58.454326+00	2020-04-08 05:18:01.054895+00	\N	18967	t	1	9	36
2844	2020-04-06 03:26:14.296029+00	2020-04-16 07:16:25.285978+00	\N	20383	t	220	9	43
2846	2020-04-06 03:26:14.369784+00	2020-04-16 07:22:21.072865+00	\N	19348	t	233	9	43
2847	2020-04-06 03:26:14.410131+00	2020-04-13 05:47:36.777103+00	\N	19976	t	206	4	43
2840	2020-04-06 03:26:14.047139+00	2020-04-13 05:49:10.320412+00	\N	20393	t	212	4	43
2839	2020-04-06 03:26:14.003983+00	2020-04-13 05:49:33.488793+00	\N	2746	t	213	4	43
2841	2020-04-06 03:26:14.195918+00	2020-04-13 05:49:54.974036+00	\N	20395	t	214	4	43
2836	2020-04-06 03:26:13.896878+00	2020-04-13 05:54:38.967362+00	\N	20390	t	237	4	43
2679	2020-03-30 05:07:58.174583+00	2020-03-31 06:55:15.731937+00	\N	19313	t	117	9	36
2687	2020-03-30 05:07:58.534588+00	2020-04-02 08:13:13.062443+00	\N	2663	t	102	9	36
2677	2020-03-30 05:07:58.095737+00	2020-04-03 07:27:19.416455+00	\N	20339	t	108	9	36
2835	2020-04-06 03:26:13.857899+00	2020-04-13 05:59:06.579056+00	\N	19538	t	252	4	43
2683	2020-03-30 05:07:58.333179+00	2020-04-15 07:16:54.625153+00	\N	2600	t	291	9	36
2501	2020-03-27 07:35:36.547568+00	2020-04-06 08:02:22.267446+00	\N	19756	t	2	4	18
2684	2020-03-30 05:07:58.425509+00	2020-04-03 07:28:53.539342+00	\N	19957	t	115	9	36
2686	2020-03-30 05:07:58.492833+00	2020-04-03 07:32:05.001322+00	\N	2683	t	131	9	36
2678	2020-03-30 05:07:58.130989+00	2020-04-05 07:00:34.27594+00	\N	20340	t	106	9	36
2851	2020-04-06 03:26:14.574638+00	2020-04-06 03:42:41.943798+00	\N	2658	f	1	8	43
2447	2020-03-27 07:35:34.481496+00	2020-04-06 08:09:33.033422+00	\N	19456	t	2	4	17
2842	2020-04-06 03:26:14.234693+00	2020-04-06 03:26:14.26233+00	\N	20388	t	1	5	\N
2446	2020-03-27 07:35:34.441202+00	2020-03-30 03:56:14.176962+00	\N	19758	t	2	4	17
2443	2020-03-27 07:35:34.322484+00	2020-03-30 03:56:37.092109+00	\N	20535	t	2	4	17
2852	2020-04-06 03:26:14.619947+00	2020-04-15 08:23:17.172046+00	\N	18831	t	234	9	43
2871	2020-04-06 03:26:15.567548+00	2020-04-16 02:01:47.920488+00	\N	2568	f	224	8	43
2859	2020-04-06 03:26:15.041514+00	2020-04-16 07:10:07.074974+00	\N	20394	t	202	9	43
2874	2020-04-06 03:26:15.691725+00	2020-04-16 07:12:29.57309+00	\N	19933	t	211	9	43
2866	2020-04-06 03:26:15.347066+00	2020-04-16 07:15:59.127349+00	\N	20389	t	219	9	43
2864	2020-04-06 03:26:15.251528+00	2020-04-16 07:18:10.998497+00	\N	19970	t	223	9	43
2878	2020-04-06 03:26:15.82451+00	2020-04-16 07:18:59.009362+00	\N	2385	t	224	9	43
2854	2020-04-06 03:26:14.703458+00	2020-04-16 07:21:35.241745+00	\N	5133	t	229	9	43
2861	2020-04-06 03:26:15.124201+00	2020-04-16 07:23:15.418577+00	\N	19968	t	236	9	43
2828	2020-04-06 03:26:13.575821+00	2020-04-16 07:26:52.245565+00	\N	19586	t	238	9	43
2742	2020-03-30 05:08:00.803191+00	2020-04-09 08:00:10.795309+00	\N	20360	t	87	9	36
2706	2020-03-30 05:07:59.393351+00	2020-04-09 08:01:42.250314+00	\N	19955	t	1	9	36
2457	2020-03-27 07:35:34.902909+00	2020-03-30 05:07:59.341532+00	\N	19851	t	1	5	\N
2862	2020-04-06 03:26:15.164296+00	2020-04-13 05:43:27.951935+00	\N	18402	t	3	4	43
2855	2020-04-06 03:26:14.834747+00	2020-04-13 05:46:56.411844+00	\N	20385	t	203	4	43
2843	2020-04-06 03:26:14.267654+00	2020-04-13 05:47:08.616262+00	\N	20387	t	204	4	43
2849	2020-04-06 03:26:14.486873+00	2020-04-13 05:47:46.77447+00	\N	20396	t	207	4	43
2860	2020-04-06 03:26:15.083609+00	2020-04-13 05:48:25.178922+00	\N	20398	t	208	4	43
2829	2020-04-06 03:26:13.617542+00	2020-04-13 05:50:10.064583+00	\N	20392	t	215	4	43
2875	2020-04-06 03:26:15.723107+00	2020-04-13 05:53:33.166622+00	\N	20399	t	231	4	43
2853	2020-04-06 03:26:14.667311+00	2020-04-13 05:55:56.724874+00	\N	19606	t	240	4	43
2876	2020-04-06 03:26:15.752138+00	2020-04-13 05:56:11.333+00	\N	2559	t	241	4	43
2856	2020-04-06 03:26:14.878865+00	2020-04-13 05:56:24.506849+00	\N	19974	t	242	4	43
2850	2020-04-06 03:26:14.534546+00	2020-04-13 05:56:40.465566+00	\N	18714	t	243	4	43
2872	2020-04-06 03:26:15.608098+00	2020-04-13 05:56:52.496914+00	\N	19929	t	244	4	43
2863	2020-04-06 03:26:15.208418+00	2020-04-13 05:59:24.374444+00	\N	19977	t	254	4	43
2879	2020-04-06 03:26:15.865683+00	2020-04-13 05:59:35.665817+00	\N	20402	t	255	4	43
2877	2020-04-06 03:26:15.783551+00	2020-04-14 01:58:18.005577+00	\N	19266	t	147	10	\N
2880	2020-04-06 03:26:15.905199+00	2020-04-14 02:12:28.522874+00	\N	20401	t	253	4	43
2596	2020-03-27 07:35:40.050393+00	2020-04-14 02:49:11.400191+00	\N	20547	t	2	3	34
2595	2020-03-27 07:35:40.01132+00	2020-04-14 02:49:11.409045+00	\N	19372	t	2	3	34
2594	2020-03-27 07:35:39.969426+00	2020-04-14 02:49:11.418778+00	\N	20121	t	2	3	34
2593	2020-03-27 07:35:39.930018+00	2020-04-14 02:49:11.423556+00	\N	18948	t	2	3	34
2592	2020-03-27 07:35:39.896097+00	2020-04-14 02:49:11.428361+00	\N	20179	t	2	3	34
2719	2020-03-30 05:07:59.891226+00	2020-03-31 04:23:28.682587+00	\N	2427	f	143	8	36
2715	2020-03-30 05:07:59.744936+00	2020-03-31 06:53:19.159127+00	\N	19541	t	124	9	36
2865	2020-04-06 03:26:15.290555+00	2020-04-14 07:16:40.826901+00	\N	18968	t	1	9	43
2858	2020-04-06 03:26:14.978688+00	2020-04-14 07:22:46.701719+00	\N	19609	t	218	9	43
2701	2020-03-30 05:07:59.129774+00	2020-04-01 07:33:09.532709+00	\N	2588	t	122	9	36
2721	2020-03-30 05:07:59.957421+00	2020-04-01 07:36:45.723424+00	\N	19961	t	1	9	36
2873	2020-04-06 03:26:15.651247+00	2020-04-14 07:25:28.865226+00	\N	19208	t	221	9	43
2700	2020-03-30 05:07:59.088753+00	2020-04-02 08:12:38.300661+00	\N	19181	t	110	9	36
2711	2020-03-30 05:07:59.610699+00	2020-04-02 08:14:59.507229+00	\N	19341	t	114	9	36
2704	2020-03-30 05:07:59.250419+00	2020-04-02 08:15:30.085117+00	\N	19223	t	118	9	36
2712	2020-03-30 05:07:59.640084+00	2020-04-02 08:15:44.164332+00	\N	19954	t	121	9	36
2716	2020-03-30 05:07:59.785427+00	2020-04-02 08:16:13.7152+00	\N	19590	t	129	9	36
2709	2020-03-30 05:07:59.504726+00	2020-04-02 08:19:09.879914+00	\N	19931	t	136	9	36
2720	2020-03-30 05:07:59.922899+00	2020-04-02 08:19:24.499552+00	\N	19916	t	138	9	36
2857	2020-04-06 03:26:14.933075+00	2020-04-15 02:11:03.483867+00	\N	5055	t	1	9	43
2710	2020-03-30 05:07:59.562663+00	2020-04-03 07:25:20.226827+00	\N	19943	t	96	9	36
2703	2020-03-30 05:07:59.209241+00	2020-04-03 07:28:00.804581+00	\N	19912	t	111	9	36
2500	2020-03-27 07:35:36.512667+00	2020-04-06 08:02:22.2808+00	\N	20146	t	2	4	18
2705	2020-03-30 05:07:59.349365+00	2020-04-03 07:34:32.568016+00	\N	2628	t	137	9	36
2499	2020-03-27 07:35:36.483174+00	2020-04-06 08:02:22.287737+00	\N	19196	t	2	4	18
2718	2020-03-30 05:07:59.861108+00	2020-04-04 06:16:54.529025+00	\N	19354	t	99	9	36
2708	2020-03-30 05:07:59.45495+00	2020-04-04 03:59:21.185905+00	\N	19953	t	57	10	\N
2448	2020-03-27 07:35:34.522933+00	2020-03-31 02:11:37.153916+00	\N	18839	t	2	5	\N
2724	2020-03-30 05:08:00.100301+00	2020-04-04 05:23:16.392341+00	\N	19932	t	1	9	36
2723	2020-03-30 05:08:00.032981+00	2020-04-04 06:09:54.887387+00	\N	20348	t	82	9	36
2707	2020-03-30 05:07:59.425647+00	2020-04-04 06:17:49.178444+00	\N	19854	t	101	9	36
2714	2020-03-30 05:07:59.703334+00	2020-04-04 06:22:15.293467+00	\N	19956	t	105	9	36
2713	2020-03-30 05:07:59.672415+00	2020-04-04 06:37:48.586546+00	\N	19887	t	128	9	36
2702	2020-03-30 05:07:59.169554+00	2020-04-04 06:47:32.26112+00	\N	4573	t	127	9	36
2717	2020-03-30 05:07:59.829581+00	2020-04-05 06:58:06.51398+00	\N	20350	t	98	9	36
2722	2020-03-30 05:07:59.990632+00	2020-04-05 07:01:45.806205+00	\N	20349	t	139	9	36
2754	2020-04-06 03:26:10.436028+00	2020-04-10 07:28:30.158659+00	\N	20373	t	150	9	42
2764	2020-04-06 03:26:10.863822+00	2020-04-10 07:32:19.45569+00	\N	2696	t	160	9	42
2766	2020-04-06 03:26:10.952479+00	2020-04-10 07:33:31.164206+00	\N	5096	t	161	9	42
2762	2020-04-06 03:26:10.770243+00	2020-04-10 07:34:37.300207+00	\N	19601	t	162	9	42
2767	2020-04-06 03:26:10.995154+00	2020-04-10 07:38:11.605945+00	\N	18797	t	175	9	42
2765	2020-04-06 03:26:10.908539+00	2020-04-10 07:39:06.516514+00	\N	19046	t	179	9	42
2892	2020-04-06 03:26:16.446263+00	2020-04-16 03:06:09.87558+00	\N	20407	t	248	4	43
2893	2020-04-06 03:26:16.491214+00	2020-04-16 03:06:24.598868+00	\N	20406	t	251	4	43
2778	2020-04-06 03:26:11.436035+00	2020-04-07 05:27:49.563065+00	\N	19226	f	194	8	42
2757	2020-04-06 03:26:10.562718+00	2020-04-11 01:01:38.654612+00	\N	18705	f	71	8	\N
2759	2020-04-06 03:26:10.635572+00	2020-04-11 01:04:33.77624+00	\N	913	t	71	10	\N
2751	2020-04-06 03:26:10.325504+00	2020-04-11 01:22:38.073284+00	\N	2687	t	156	10	\N
2775	2020-04-06 03:26:11.321428+00	2020-04-11 05:09:58.40879+00	\N	18340	t	149	9	42
2774	2020-04-06 03:26:11.279919+00	2020-04-11 05:12:06.662834+00	\N	19963	t	151	9	42
2753	2020-04-06 03:26:10.393804+00	2020-04-11 05:26:29.775762+00	\N	18381	t	177	9	42
2773	2020-04-06 03:26:11.24132+00	2020-04-11 05:30:33.127098+00	\N	19124	t	181	9	42
2770	2020-04-06 03:26:11.115187+00	2020-04-11 05:32:20.486224+00	\N	20369	t	189	9	42
2769	2020-04-06 03:26:11.073867+00	2020-04-08 07:26:43.467827+00	\N	19336	t	148	10	\N
2755	2020-04-06 03:26:10.477749+00	2020-04-08 07:41:44.043763+00	\N	19568	t	140	9	42
2881	2020-04-06 03:26:15.93389+00	2020-04-13 05:43:28.207939+00	\N	18913	t	3	4	43
2883	2020-04-06 03:26:16.005344+00	2020-04-13 05:43:28.218048+00	\N	5094	t	3	4	43
2777	2020-04-06 03:26:11.401645+00	2020-04-08 08:27:08.373435+00	\N	19200	f	1	8	42
2725	2020-03-30 05:08:00.140746+00	2020-04-08 08:27:32.589929+00	hgjh	20353	f	1	8	36
2889	2020-04-06 03:26:16.306197+00	2020-04-13 05:43:28.278958+00	\N	20404	t	3	4	43
2830	2020-04-06 03:26:13.654687+00	2020-04-13 05:48:53.068472+00	\N	20400	t	210	4	43
2832	2020-04-06 03:26:13.735791+00	2020-04-13 05:52:33.516797+00	\N	19571	t	225	4	43
2894	2020-04-07 06:21:45.848276+00	2020-04-09 08:06:16.671413+00	0096	2376	t	142	9	42
2761	2020-04-06 03:26:10.730253+00	2020-04-09 08:25:26.412853+00	\N	19049	t	93	9	42
2744	2020-04-06 03:26:10.037558+00	2020-04-09 08:31:23.235204+00	\N	19311	t	157	9	42
2760	2020-04-06 03:26:10.681912+00	2020-04-09 08:39:29.530715+00	\N	19285	t	166	9	42
2776	2020-04-06 03:26:11.36106+00	2020-04-09 09:07:45.536173+00	\N	2379	t	169	9	42
2756	2020-04-06 03:26:10.523936+00	2020-04-09 09:15:41.301117+00	\N	2474	t	171	9	42
2831	2020-04-06 03:26:13.693609+00	2020-04-13 05:54:16.58356+00	\N	18379	t	235	4	43
2750	2020-04-06 03:26:10.278325+00	2020-04-09 09:21:23.08143+00	\N	19959	t	172	9	42
2763	2020-04-06 03:26:10.827946+00	2020-04-09 09:23:14.488619+00	\N	20372	t	173	9	42
2882	2020-04-06 03:26:15.964246+00	2020-04-13 05:55:41.530194+00	\N	20403	t	239	4	43
2768	2020-04-06 03:26:11.036786+00	2020-04-09 09:26:37.692074+00	\N	18955	t	174	9	42
2885	2020-04-06 03:26:16.096684+00	2020-04-13 05:59:42.977889+00	\N	2359	t	256	4	43
2891	2020-04-06 03:26:16.39745+00	2020-04-13 05:59:50.716255+00	\N	19031	t	257	4	43
2886	2020-04-06 03:26:16.161905+00	2020-04-13 05:59:59.526915+00	\N	20405	t	258	4	43
2890	2020-04-06 03:26:16.351332+00	2020-04-13 06:00:07.339896+00	\N	2674	t	259	4	43
2887	2020-04-06 03:26:16.209032+00	2020-04-13 06:00:15.872965+00	\N	2701	t	260	4	43
2884	2020-04-06 03:26:16.054572+00	2020-04-13 06:00:27.33146+00	\N	20191	t	261	4	43
2888	2020-04-06 03:26:16.257509+00	2020-04-13 06:00:37.104296+00	\N	18863	t	262	4	43
2697	2020-03-30 05:07:58.932306+00	2020-04-13 06:00:47.196163+00	\N	2396	t	263	4	43
2758	2020-04-06 03:26:10.600228+00	2020-04-13 06:49:42.752661+00	\N	18201	t	1	10	\N
2895	2020-04-08 08:16:35.059188+00	2020-04-14 02:49:11.341488+00	\N	19323	t	2	3	34
2599	2020-03-27 07:35:40.152434+00	2020-04-14 02:49:11.369331+00	\N	20548	t	2	3	34
2597	2020-03-27 07:35:40.078008+00	2020-04-14 02:49:11.388882+00	\N	18655	t	2	3	34
2598	2020-03-27 07:35:40.114004+00	2020-04-14 02:50:45.454244+00	\N	2581	t	1	3	34
2498	2020-03-27 07:35:36.45126+00	2020-04-06 08:02:22.293793+00	\N	19211	t	2	4	18
2463	2020-03-27 07:35:35.159235+00	2020-04-06 08:02:22.620949+00	\N	20159	t	2	4	18
2462	2020-03-27 07:35:35.115672+00	2020-04-06 08:02:22.637449+00	\N	20075	t	2	4	18
2461	2020-03-27 07:35:35.071376+00	2020-04-06 08:02:22.647398+00	\N	18894	t	2	4	18
2460	2020-03-27 07:35:35.032699+00	2020-04-06 08:02:22.65929+00	\N	2516	t	2	4	18
2459	2020-03-27 07:35:34.991351+00	2020-04-06 08:02:22.669076+00	\N	18833	t	2	4	18
2458	2020-03-27 07:35:34.953375+00	2020-04-06 08:02:22.674858+00	\N	20155	t	2	4	18
2526	2020-03-27 07:35:37.493033+00	2020-04-06 08:01:25.518992+00	\N	20162	t	2	4	18
2527	2020-03-27 07:35:37.527033+00	2020-04-14 02:46:56.096695+00	\N	19467	t	2	4	18
2528	2020-03-27 07:35:37.555238+00	2020-04-14 02:46:56.121388+00	\N	19312	t	2	4	18
2469	2020-03-27 07:35:35.383549+00	2020-04-06 08:02:22.539691+00	\N	19834	t	2	4	18
2523	2020-03-27 07:35:37.378964+00	2020-04-14 02:46:56.033923+00	\N	2510	t	2	4	18
2525	2020-03-27 07:35:37.453854+00	2020-04-14 02:46:56.078752+00	\N	19486	t	2	4	18
2522	2020-03-27 07:35:37.350743+00	2020-04-14 02:46:56.105638+00	\N	19830	t	2	4	18
2524	2020-03-27 07:35:37.411871+00	2020-04-14 02:46:56.113787+00	\N	20163	t	2	4	18
2780	2020-04-06 03:26:11.519153+00	2020-04-10 03:22:07.960219+00	\N	2364	t	97	10	\N
2815	2020-04-06 03:26:13.063267+00	2020-04-15 08:07:03.208737+00	\N	20380	t	201	9	42
2785	2020-04-06 03:26:11.796544+00	2020-04-10 03:40:03.188483+00	\N	18438	t	1	9	42
2806	2020-04-06 03:26:12.699791+00	2020-04-10 06:23:57.623546+00	\N	18549	t	1	9	42
2796	2020-04-06 03:26:12.270895+00	2020-04-10 07:30:46.648404+00	\N	19454	t	158	9	42
2786	2020-04-06 03:26:11.842818+00	2020-04-10 07:35:08.602446+00	\N	19559	t	163	9	42
2788	2020-04-06 03:26:11.930064+00	2020-04-10 07:35:52.706383+00	\N	20371	t	167	9	42
2779	2020-04-06 03:26:11.476743+00	2020-04-10 07:41:10.434257+00	\N	19962	t	180	9	42
2797	2020-04-06 03:26:12.322771+00	2020-04-10 07:41:52.626919+00	\N	20364	t	182	9	42
2798	2020-04-06 03:26:12.370072+00	2020-04-10 07:42:48.919615+00	\N	2697	t	184	9	42
2805	2020-04-06 03:26:12.660159+00	2020-04-10 07:43:29.792787+00	\N	2554	t	185	9	42
2791	2020-04-06 03:26:12.050748+00	2020-04-10 07:45:05.503137+00	\N	20365	t	187	9	42
2807	2020-04-06 03:26:12.740251+00	2020-04-10 07:45:53.544415+00	\N	20376	t	190	9	42
2781	2020-04-06 03:26:11.559993+00	2020-04-11 00:26:18.228255+00	\N	20366	f	3	8	42
2792	2020-04-06 03:26:12.089207+00	2020-04-11 05:27:28.292154+00	\N	18510	t	178	9	42
2799	2020-04-06 03:26:12.413312+00	2020-04-08 08:26:43.926723+00	\N	18997	f	1	8	42
2794	2020-04-06 03:26:12.172239+00	2020-04-09 08:12:59.487885+00	\N	5031	t	152	9	42
2783	2020-04-06 03:26:11.69618+00	2020-04-11 05:33:03.090273+00	\N	20363	t	191	9	42
2793	2020-04-06 03:26:12.131717+00	2020-04-09 08:26:36.793719+00	\N	18456	t	154	9	42
2811	2020-04-06 03:26:12.902984+00	2020-04-11 05:35:00.744027+00	\N	20379	t	199	9	42
2784	2020-04-06 03:26:11.751477+00	2020-04-09 08:35:48.054396+00	\N	19315	t	143	9	42
2813	2020-04-06 03:26:12.986237+00	2020-04-11 05:36:05.313281+00	\N	19892	t	164	9	42
2809	2020-04-06 03:26:12.822244+00	2020-04-12 05:37:14.494784+00	\N	19263	t	188	9	42
2801	2020-04-06 03:26:12.500785+00	2020-04-09 09:35:27.276404+00	\N	19574	t	183	9	42
2818	2020-04-06 03:26:13.181106+00	2020-04-12 05:37:31.583956+00	\N	19603	t	195	9	42
2802	2020-04-06 03:26:12.542348+00	2020-04-12 05:37:52.227271+00	\N	20377	t	196	9	42
2790	2020-04-06 03:26:12.011011+00	2020-04-13 05:35:40.630832+00	\N	19163	t	1	9	42
2795	2020-04-06 03:26:12.237833+00	2020-04-13 06:49:42.742455+00	\N	19510	t	1	10	\N
2782	2020-04-06 03:26:11.59712+00	2020-04-13 07:17:34.113731+00	\N	20362	t	193	9	42
2814	2020-04-06 03:26:13.025385+00	2020-04-13 07:17:51.0342+00	\N	19214	t	194	9	42
2816	2020-04-06 03:26:13.101653+00	2020-04-13 07:18:08.060677+00	\N	20382	t	198	9	42
2800	2020-04-06 03:26:12.458542+00	2020-04-13 07:18:28.89758+00	\N	20276	t	200	9	42
2787	2020-04-06 03:26:11.884615+00	2020-04-10 01:08:12.590649+00	\N	19416	t	88	10	\N
2589	2020-03-27 07:35:39.793232+00	2020-04-14 02:49:11.447546+00	\N	2783	t	2	3	34
2587	2020-03-27 07:35:39.710106+00	2020-04-14 02:49:11.470952+00	\N	2734	t	2	3	34
2585	2020-03-27 07:35:39.633697+00	2020-04-14 02:49:11.489942+00	\N	18953	t	2	3	34
2584	2020-03-27 07:35:39.599685+00	2020-04-14 02:49:11.499436+00	\N	19107	t	2	3	34
2583	2020-03-27 07:35:39.560123+00	2020-04-14 02:49:11.509015+00	\N	19784	t	2	3	34
2582	2020-03-27 07:35:39.521352+00	2020-04-14 02:49:11.518928+00	\N	18363	t	2	3	34
2581	2020-03-27 07:35:39.481413+00	2020-04-14 02:49:11.527524+00	\N	19516	t	2	3	34
2579	2020-03-27 07:35:39.418021+00	2020-04-14 02:49:11.549314+00	\N	19484	t	2	3	34
2578	2020-03-27 07:35:39.378443+00	2020-04-14 02:49:11.55454+00	\N	19427	t	2	3	34
2577	2020-03-27 07:35:39.330528+00	2020-04-14 02:49:11.55999+00	\N	20170	t	2	3	34
2576	2020-03-27 07:35:39.288658+00	2020-04-14 02:49:11.56852+00	\N	19455	t	2	3	34
2575	2020-03-27 07:35:39.257654+00	2020-04-14 02:49:11.57356+00	\N	20176	t	2	3	34
2574	2020-03-27 07:35:39.228985+00	2020-04-14 02:49:11.583101+00	\N	19677	t	2	3	34
2572	2020-03-27 07:35:39.158688+00	2020-04-14 02:49:11.592512+00	\N	20545	t	2	3	34
2571	2020-03-27 07:35:39.117511+00	2020-04-14 02:49:11.601475+00	\N	19475	t	2	3	34
2570	2020-03-27 07:35:39.0786+00	2020-04-14 02:49:11.610949+00	\N	20171	t	2	3	34
2569	2020-03-27 07:35:39.048341+00	2020-04-14 02:49:11.620172+00	\N	19490	t	2	3	34
2568	2020-03-27 07:35:39.019937+00	2020-04-14 02:49:11.630155+00	\N	20167	t	2	3	34
2567	2020-03-27 07:35:38.989825+00	2020-04-14 02:49:11.64377+00	\N	20182	t	2	3	34
2566	2020-03-27 07:35:38.950482+00	2020-04-14 02:49:11.6552+00	\N	19507	t	2	3	34
2565	2020-03-27 07:35:38.910913+00	2020-04-14 02:49:11.665242+00	\N	19500	t	2	3	34
2564	2020-03-27 07:35:38.871586+00	2020-04-14 02:49:11.67506+00	\N	5076	t	2	3	34
2563	2020-03-27 07:35:38.842966+00	2020-04-14 02:49:11.683648+00	\N	19140	t	2	3	34
2562	2020-03-27 07:35:38.814476+00	2020-04-14 02:49:11.692078+00	\N	18183	t	2	3	34
2561	2020-03-27 07:35:38.769577+00	2020-04-14 02:49:11.698747+00	\N	20542	t	2	3	34
2560	2020-03-27 07:35:38.729732+00	2020-04-14 02:49:11.704022+00	\N	18423	t	2	3	34
2559	2020-03-27 07:35:38.689605+00	2020-04-14 02:49:11.708967+00	\N	5090	t	2	3	34
2558	2020-03-27 07:35:38.649696+00	2020-04-14 02:49:11.71802+00	\N	2781	t	2	3	34
2557	2020-03-27 07:35:38.620096+00	2020-04-14 02:49:11.727508+00	\N	20543	t	2	3	34
2556	2020-03-27 07:35:38.580837+00	2020-04-14 02:49:11.738426+00	\N	19592	t	2	3	34
2555	2020-03-27 07:35:38.541183+00	2020-04-14 02:49:11.74833+00	\N	5091	t	2	3	34
2554	2020-03-27 07:35:38.506485+00	2020-04-14 02:49:11.758561+00	\N	2782	t	2	3	34
2553	2020-03-27 07:35:38.478827+00	2020-04-14 02:49:11.772403+00	\N	2630	t	2	3	34
2552	2020-03-27 07:35:38.444526+00	2020-04-14 02:49:11.782556+00	\N	20544	t	2	3	34
2551	2020-03-27 07:35:38.407494+00	2020-04-14 02:49:11.79133+00	\N	18739	t	2	3	34
2550	2020-03-27 07:35:38.368773+00	2020-04-14 02:49:11.800396+00	\N	2463	t	2	3	34
2549	2020-03-27 07:35:38.330052+00	2020-04-14 02:49:11.809541+00	\N	19838	t	2	3	34
2548	2020-03-27 07:35:38.298025+00	2020-04-14 02:49:11.818204+00	\N	2725	t	2	3	34
2588	2020-03-27 07:35:39.75105+00	2020-04-14 02:49:49.830756+00	\N	19836	t	1	3	34
2590	2020-03-27 07:35:39.833649+00	2020-04-14 02:50:17.56779+00	\N	20546	t	1	3	34
2586	2020-03-27 07:35:39.663851+00	2020-04-14 02:50:26.229161+00	\N	20173	t	1	3	34
2591	2020-03-27 07:35:39.866513+00	2020-04-14 02:50:36.538601+00	\N	5130	t	1	3	34
2817	2020-04-06 03:26:13.143441+00	2020-04-14 07:07:16.852565+00	\N	20381	t	176	9	42
2810	2020-04-06 03:26:12.86134+00	2020-04-14 07:17:45.559939+00	\N	20378	t	197	9	42
2808	2020-04-06 03:26:12.781309+00	2020-04-15 06:37:37.056522+00	\N	19872	f	165	8	42
2580	2020-03-27 07:35:39.445536+00	2020-04-15 07:18:28.678974+00	\N	19542	f	1	8	34
\.


--
-- Data for Name: sows_sowstatus; Type: TABLE DATA; Schema: public; Owner: postgres
--

COPY public.sows_sowstatus (id, created_at, modified_at, title) FROM stdin;
1	2020-03-09 11:46:36.943581+00	2020-03-09 11:46:36.943596+00	 1
2	2020-03-09 11:46:36.943608+00	2020-03-09 11:46:36.943614+00	 2
3	2020-03-09 11:46:36.943623+00	2020-03-09 11:46:36.943629+00	 28
4	2020-03-09 11:46:36.943638+00	2020-03-09 11:46:36.943644+00	 35
5	2020-03-09 11:46:36.943653+00	2020-03-09 11:46:36.943659+00	
6	2020-03-09 11:46:36.943668+00	2020-03-09 11:46:36.943674+00	
7	2020-03-09 11:46:36.943682+00	2020-03-09 11:46:36.943688+00	
8	2020-03-09 11:46:36.943697+00	2020-03-09 11:46:36.943703+00	
9	2020-03-09 11:46:36.943712+00	2020-03-09 11:46:36.943718+00	
10	2020-03-09 11:46:36.943727+00	2020-03-09 11:46:36.943732+00	
11	2020-03-09 11:46:36.943741+00	2020-03-09 11:46:36.943747+00	 
\.


--
-- Data for Name: staff_workshopemployee; Type: TABLE DATA; Schema: public; Owner: postgres
--

COPY public.staff_workshopemployee (id, created_at, modified_at, farm_name, is_officer, is_seminator, user_id, workshop_id) FROM stdin;
1	2020-03-09 11:46:37.437402+00	2020-03-09 11:46:37.437423+00		t	t	3	1
2	2020-03-09 11:46:37.603469+00	2020-03-09 11:46:37.603499+00		t	t	4	1
3	2020-03-09 11:46:37.771056+00	2020-03-09 11:46:37.771078+00		t	t	5	1
5	2020-03-09 11:46:38.098611+00	2020-03-09 11:46:38.098632+00		f	t	7	1
6	2020-03-09 11:46:38.262888+00	2020-03-09 11:46:38.262911+00		f	t	8	1
7	2020-03-09 11:46:38.424894+00	2020-03-09 11:46:38.424915+00		t	t	9	1
8	2020-03-09 11:46:38.584097+00	2020-03-09 11:46:38.584118+00		f	t	10	1
9	2020-03-09 11:46:38.744547+00	2020-03-09 11:46:38.744567+00		f	t	11	1
10	2020-03-09 11:46:38.904084+00	2020-03-09 11:46:38.904105+00		f	f	12	1
11	2020-03-09 11:46:39.065849+00	2020-03-09 11:46:39.065869+00		f	f	13	2
12	2020-03-09 11:46:39.225038+00	2020-03-09 11:46:39.225058+00		f	f	14	3
13	2020-03-09 11:46:39.384596+00	2020-03-09 11:46:39.384617+00		f	f	15	4
14	2020-03-09 11:46:39.54845+00	2020-03-09 11:46:39.548471+00		f	f	16	5
15	2020-03-09 11:46:39.710518+00	2020-03-09 11:46:39.710539+00		f	f	17	6
16	2020-03-09 11:46:39.874566+00	2020-03-09 11:46:39.874587+00		f	f	18	7
4	2020-03-09 11:46:37.934953+00	2020-03-13 07:03:49.107042+00		t	t	6	1
17	2020-04-02 03:08:25.881493+00	2020-04-02 03:08:25.881528+00	8	f	f	20	8
\.


--
-- Data for Name: tours_metatour; Type: TABLE DATA; Schema: public; Owner: postgres
--

COPY public.tours_metatour (id, created_at, modified_at, piglets_id) FROM stdin;
201	2020-04-01 07:15:57.577458+00	2020-04-01 07:15:57.577493+00	201
202	2020-04-01 07:20:19.983717+00	2020-04-01 07:20:19.983734+00	202
203	2020-04-01 07:25:13.249522+00	2020-04-01 07:25:13.249538+00	203
204	2020-04-01 07:31:43.239117+00	2020-04-01 07:31:43.239136+00	204
205	2020-04-01 07:33:09.519546+00	2020-04-01 07:33:09.519567+00	205
206	2020-04-01 07:34:15.294349+00	2020-04-01 07:34:15.294366+00	206
207	2020-04-01 07:34:15.302201+00	2020-04-01 07:34:15.302218+00	207
208	2020-04-01 07:34:15.340748+00	2020-04-01 07:34:15.340764+00	208
209	2020-04-01 07:36:06.630458+00	2020-04-01 07:36:06.630488+00	209
210	2020-04-01 08:25:16.49219+00	2020-04-01 08:25:16.492223+00	210
211	2020-04-01 08:41:56.883954+00	2020-04-01 08:41:56.883971+00	211
212	2020-04-01 08:42:09.633381+00	2020-04-01 08:42:09.633402+00	212
213	2020-04-01 08:42:12.613411+00	2020-04-01 08:42:12.613427+00	213
214	2020-04-01 08:49:56.952449+00	2020-04-01 08:49:56.952473+00	214
215	2020-04-01 08:50:01.785118+00	2020-04-01 08:50:01.78515+00	215
216	2020-04-01 08:50:07.164402+00	2020-04-01 08:50:07.16443+00	216
217	2020-04-01 08:50:09.44022+00	2020-04-01 08:50:09.440241+00	217
218	2020-04-01 08:52:04.696652+00	2020-04-01 08:52:04.696671+00	218
219	2020-04-01 08:53:56.834056+00	2020-04-01 08:53:56.834133+00	219
220	2020-04-01 08:54:01.146319+00	2020-04-01 08:54:01.146344+00	220
221	2020-04-01 09:12:13.260604+00	2020-04-01 09:12:13.260621+00	221
222	2020-04-01 09:12:20.892507+00	2020-04-01 09:12:20.892527+00	222
223	2020-04-01 09:12:23.827591+00	2020-04-01 09:12:23.827609+00	223
224	2020-04-01 09:12:31.132999+00	2020-04-01 09:12:31.133016+00	224
225	2020-04-01 09:36:16.763114+00	2020-04-01 09:36:16.763134+00	225
226	2020-04-01 09:36:20.982154+00	2020-04-01 09:36:20.98217+00	226
227	2020-04-01 09:36:24.734248+00	2020-04-01 09:36:24.734264+00	227
228	2020-04-01 09:36:28.213668+00	2020-04-01 09:36:28.213688+00	228
229	2020-04-01 09:39:41.468094+00	2020-04-01 09:39:41.468114+00	229
230	2020-04-01 09:50:46.854691+00	2020-04-01 09:50:46.854708+00	230
231	2020-04-01 09:52:28.006055+00	2020-04-01 09:52:28.006073+00	231
232	2020-04-01 09:55:44.569786+00	2020-04-01 09:55:44.569811+00	232
233	2020-04-01 10:11:54.175971+00	2020-04-01 10:11:54.175989+00	233
234	2020-04-01 10:11:59.869993+00	2020-04-01 10:11:59.870011+00	234
235	2020-04-01 10:12:04.110087+00	2020-04-01 10:12:04.110112+00	235
236	2020-04-01 10:12:08.470721+00	2020-04-01 10:12:08.470736+00	236
237	2020-04-01 10:13:06.715484+00	2020-04-01 10:13:06.7155+00	237
238	2020-04-01 10:13:23.965039+00	2020-04-01 10:13:23.965054+00	238
239	2020-04-01 10:13:25.617868+00	2020-04-01 10:13:25.617885+00	239
240	2020-04-01 10:13:30.650347+00	2020-04-01 10:13:30.650364+00	240
241	2020-04-01 10:21:16.537143+00	2020-04-01 10:21:16.537163+00	241
242	2020-04-01 10:21:25.170921+00	2020-04-01 10:21:25.170937+00	242
243	2020-04-01 10:21:29.700527+00	2020-04-01 10:21:29.700546+00	243
244	2020-04-01 10:21:49.907417+00	2020-04-01 10:21:49.907447+00	244
245	2020-04-01 10:58:05.021558+00	2020-04-01 10:58:05.021575+00	245
190	2020-03-22 11:50:36.192502+00	2020-03-22 11:50:36.192517+00	190
246	2020-04-01 10:58:12.351307+00	2020-04-01 10:58:12.351324+00	246
247	2020-04-01 10:58:36.053524+00	2020-04-01 10:58:36.05354+00	247
248	2020-04-01 10:58:43.101396+00	2020-04-01 10:58:43.101412+00	248
249	2020-04-01 10:58:47.722855+00	2020-04-01 10:58:47.722872+00	249
250	2020-04-01 10:59:21.276734+00	2020-04-01 10:59:21.276751+00	250
251	2020-04-01 11:00:26.484976+00	2020-04-01 11:00:26.484995+00	251
252	2020-04-01 11:00:29.790343+00	2020-04-01 11:00:29.790361+00	252
198	2020-03-31 04:17:45.138356+00	2020-03-31 04:17:45.138388+00	198
199	2020-03-31 06:53:19.149684+00	2020-03-31 06:53:19.1497+00	199
200	2020-03-31 06:55:15.716296+00	2020-03-31 06:55:15.71631+00	200
253	2020-04-01 11:00:33.012482+00	2020-04-01 11:00:33.012506+00	253
254	2020-04-01 11:00:36.572069+00	2020-04-01 11:00:36.572088+00	254
255	2020-04-01 11:00:46.659119+00	2020-04-01 11:00:46.659152+00	255
256	2020-04-01 11:00:59.613773+00	2020-04-01 11:00:59.613791+00	256
257	2020-04-01 11:01:10.947026+00	2020-04-01 11:01:10.947048+00	257
258	2020-04-01 11:01:16.839318+00	2020-04-01 11:01:16.839335+00	258
259	2020-04-01 11:01:21.339367+00	2020-04-01 11:01:21.339397+00	259
260	2020-04-01 11:01:26.450637+00	2020-04-01 11:01:26.450657+00	260
261	2020-04-01 11:01:34.028563+00	2020-04-01 11:01:34.028583+00	261
262	2020-04-01 11:01:46.646936+00	2020-04-01 11:01:46.646958+00	262
263	2020-04-01 11:02:07.386468+00	2020-04-01 11:02:07.386487+00	263
264	2020-04-01 11:02:16.189545+00	2020-04-01 11:02:16.189565+00	264
265	2020-04-01 11:02:20.71705+00	2020-04-01 11:02:20.717067+00	265
266	2020-04-01 11:02:44.955312+00	2020-04-01 11:02:44.955342+00	266
267	2020-04-01 11:02:50.206167+00	2020-04-01 11:02:50.206195+00	267
268	2020-04-01 11:02:56.015448+00	2020-04-01 11:02:56.015466+00	268
270	2020-04-01 11:04:19.279306+00	2020-04-01 11:04:19.279322+00	270
271	2020-04-01 11:04:28.92321+00	2020-04-01 11:04:28.923226+00	271
272	2020-04-01 11:04:45.417443+00	2020-04-01 11:04:45.417462+00	272
273	2020-04-01 11:04:49.872867+00	2020-04-01 11:04:49.872888+00	273
274	2020-04-01 11:04:58.501577+00	2020-04-01 11:04:58.501594+00	274
275	2020-04-01 11:05:02.352873+00	2020-04-01 11:05:02.352907+00	275
276	2020-04-01 11:06:05.178554+00	2020-04-01 11:06:05.178596+00	276
277	2020-04-01 11:06:17.929366+00	2020-04-01 11:06:17.929383+00	277
278	2020-04-01 11:06:33.002651+00	2020-04-01 11:06:33.002669+00	278
279	2020-04-01 11:07:04.992101+00	2020-04-01 11:07:04.992118+00	279
280	2020-04-01 11:07:14.0727+00	2020-04-01 11:07:14.072718+00	280
281	2020-04-01 11:07:36.890231+00	2020-04-01 11:07:36.890248+00	281
282	2020-04-01 11:07:55.961877+00	2020-04-01 11:07:55.961896+00	282
283	2020-04-01 11:08:45.410822+00	2020-04-01 11:08:45.410845+00	283
284	2020-04-01 11:08:53.596365+00	2020-04-01 11:08:53.596381+00	284
285	2020-04-01 11:08:58.282222+00	2020-04-01 11:08:58.282238+00	285
286	2020-04-01 11:09:21.654016+00	2020-04-01 11:09:21.654033+00	286
287	2020-04-01 11:09:30.409942+00	2020-04-01 11:09:30.409959+00	287
288	2020-04-01 11:09:55.183251+00	2020-04-01 11:09:55.183266+00	288
289	2020-04-01 11:09:58.552369+00	2020-04-01 11:09:58.552398+00	289
290	2020-04-01 11:10:07.847523+00	2020-04-01 11:10:07.847541+00	290
291	2020-04-01 11:10:37.404973+00	2020-04-01 11:10:37.40499+00	291
292	2020-04-01 11:10:42.260996+00	2020-04-01 11:10:42.261016+00	292
293	2020-04-01 11:11:44.329454+00	2020-04-01 11:11:44.329471+00	293
294	2020-04-01 11:11:51.576176+00	2020-04-01 11:11:51.576194+00	294
295	2020-04-01 11:11:53.346819+00	2020-04-01 11:11:53.346894+00	295
296	2020-04-01 11:11:56.670774+00	2020-04-01 11:11:56.67079+00	296
297	2020-04-01 11:12:03.030524+00	2020-04-01 11:12:03.030557+00	297
298	2020-04-01 11:12:46.107925+00	2020-04-01 11:12:46.107947+00	298
299	2020-04-01 11:12:54.408973+00	2020-04-01 11:12:54.408991+00	299
300	2020-04-01 11:13:09.529285+00	2020-04-01 11:13:09.529303+00	300
301	2020-04-01 11:13:13.474137+00	2020-04-01 11:13:13.474153+00	301
302	2020-04-01 11:13:37.199924+00	2020-04-01 11:13:37.199945+00	302
303	2020-04-01 11:14:03.604532+00	2020-04-01 11:14:03.604563+00	303
304	2020-04-01 11:14:07.823339+00	2020-04-01 11:14:07.823358+00	304
305	2020-04-01 11:14:20.011448+00	2020-04-01 11:14:20.011476+00	305
306	2020-04-01 11:14:34.444554+00	2020-04-01 11:14:34.444573+00	306
307	2020-04-01 11:14:39.597173+00	2020-04-01 11:14:39.597187+00	307
308	2020-04-01 11:15:13.310555+00	2020-04-01 11:15:13.310571+00	308
309	2020-04-01 11:18:06.578028+00	2020-04-01 11:18:06.578046+00	309
310	2020-04-01 11:18:12.164038+00	2020-04-01 11:18:12.164055+00	310
311	2020-04-01 11:18:22.165542+00	2020-04-01 11:18:22.165558+00	311
312	2020-04-01 11:26:04.277234+00	2020-04-01 11:26:04.277266+00	312
313	2020-04-01 11:26:07.37269+00	2020-04-01 11:26:07.372707+00	313
314	2020-04-01 11:45:42.266033+00	2020-04-01 11:45:42.26605+00	314
315	2020-04-01 11:45:47.153513+00	2020-04-01 11:45:47.153529+00	315
316	2020-04-01 11:45:49.866791+00	2020-04-01 11:45:49.866808+00	316
317	2020-04-01 11:45:53.948056+00	2020-04-01 11:45:53.948072+00	317
318	2020-04-01 11:46:08.785333+00	2020-04-01 11:46:08.785355+00	318
319	2020-04-01 11:46:24.676937+00	2020-04-01 11:46:24.676957+00	319
320	2020-04-01 11:46:28.932153+00	2020-04-01 11:46:28.932169+00	320
321	2020-04-01 11:46:34.267678+00	2020-04-01 11:46:34.267694+00	321
322	2020-04-01 11:46:56.194776+00	2020-04-01 11:46:56.1948+00	322
323	2020-04-01 11:47:01.267351+00	2020-04-01 11:47:01.267396+00	323
324	2020-04-01 11:47:14.105406+00	2020-04-01 11:47:14.105428+00	324
325	2020-04-01 11:47:18.066143+00	2020-04-01 11:47:18.066162+00	325
326	2020-04-01 11:47:21.610679+00	2020-04-01 11:47:21.610695+00	326
327	2020-04-01 11:47:33.353198+00	2020-04-01 11:47:33.353214+00	327
328	2020-04-01 11:47:38.871205+00	2020-04-01 11:47:38.871242+00	328
329	2020-04-02 07:02:37.744098+00	2020-04-02 07:02:37.744123+00	329
330	2020-04-02 07:02:37.752477+00	2020-04-02 07:02:37.752496+00	330
331	2020-04-02 07:19:29.058331+00	2020-04-02 07:19:29.058357+00	331
332	2020-04-02 07:19:29.06735+00	2020-04-02 07:19:29.067374+00	332
333	2020-04-02 07:20:27.921363+00	2020-04-02 07:20:27.92138+00	333
334	2020-04-02 07:20:27.929105+00	2020-04-02 07:20:27.929122+00	334
335	2020-04-02 07:20:27.965951+00	2020-04-02 07:20:27.96597+00	335
336	2020-04-02 07:21:04.735827+00	2020-04-02 07:21:04.735851+00	336
337	2020-04-02 07:21:04.742735+00	2020-04-02 07:21:04.742752+00	337
338	2020-04-02 07:21:04.777907+00	2020-04-02 07:21:04.777936+00	338
339	2020-04-02 07:21:26.009222+00	2020-04-02 07:21:26.009251+00	339
340	2020-04-02 07:21:26.018403+00	2020-04-02 07:21:26.018425+00	340
341	2020-04-02 07:21:26.059714+00	2020-04-02 07:21:26.05974+00	341
342	2020-04-02 07:21:50.464828+00	2020-04-02 07:21:50.464844+00	342
343	2020-04-02 07:21:50.472807+00	2020-04-02 07:21:50.472824+00	343
344	2020-04-02 07:21:50.511315+00	2020-04-02 07:21:50.511338+00	344
345	2020-04-02 07:22:04.521518+00	2020-04-02 07:22:04.521544+00	345
346	2020-04-02 07:22:04.531611+00	2020-04-02 07:22:04.531639+00	346
347	2020-04-02 07:22:04.597003+00	2020-04-02 07:22:04.597069+00	347
348	2020-04-02 07:22:14.953911+00	2020-04-02 07:22:14.95393+00	348
349	2020-04-02 07:22:14.96186+00	2020-04-02 07:22:14.961877+00	349
350	2020-04-02 07:22:14.998648+00	2020-04-02 07:22:14.998679+00	350
351	2020-04-02 07:22:33.434463+00	2020-04-02 07:22:33.434481+00	351
352	2020-04-02 07:22:33.442006+00	2020-04-02 07:22:33.442023+00	352
353	2020-04-02 07:22:33.481063+00	2020-04-02 07:22:33.481085+00	353
354	2020-04-02 07:23:03.271904+00	2020-04-02 07:23:03.271932+00	354
355	2020-04-02 07:23:03.279283+00	2020-04-02 07:23:03.279359+00	355
356	2020-04-02 07:23:03.395739+00	2020-04-02 07:23:03.395765+00	356
357	2020-04-02 07:23:06.775182+00	2020-04-02 07:23:06.775224+00	357
358	2020-04-02 07:23:06.789866+00	2020-04-02 07:23:06.7899+00	358
359	2020-04-02 07:23:06.833503+00	2020-04-02 07:23:06.833582+00	359
360	2020-04-02 07:23:29.224029+00	2020-04-02 07:23:29.224052+00	360
361	2020-04-02 07:23:29.234063+00	2020-04-02 07:23:29.234081+00	361
362	2020-04-02 07:23:29.258027+00	2020-04-02 07:23:29.258043+00	362
363	2020-04-02 07:23:30.548326+00	2020-04-02 07:23:30.548344+00	363
364	2020-04-02 07:23:30.556119+00	2020-04-02 07:23:30.556142+00	364
365	2020-04-02 07:23:30.599468+00	2020-04-02 07:23:30.5995+00	365
366	2020-04-02 07:23:59.7601+00	2020-04-02 07:23:59.760129+00	366
367	2020-04-02 07:23:59.775547+00	2020-04-02 07:23:59.775578+00	367
368	2020-04-02 07:23:59.822077+00	2020-04-02 07:23:59.822097+00	368
369	2020-04-02 07:24:39.510633+00	2020-04-02 07:24:39.510651+00	369
370	2020-04-02 07:24:39.520873+00	2020-04-02 07:24:39.520895+00	370
371	2020-04-02 07:24:39.567681+00	2020-04-02 07:24:39.567697+00	371
372	2020-04-02 07:25:01.702284+00	2020-04-02 07:25:01.70232+00	372
373	2020-04-02 07:25:01.716925+00	2020-04-02 07:25:01.716962+00	373
374	2020-04-02 07:25:01.952886+00	2020-04-02 07:25:01.952923+00	374
375	2020-04-02 07:37:26.723459+00	2020-04-02 07:37:26.723478+00	375
376	2020-04-02 07:37:26.731275+00	2020-04-02 07:37:26.731291+00	376
377	2020-04-02 07:38:07.54015+00	2020-04-02 07:38:07.540171+00	377
378	2020-04-02 07:38:07.548739+00	2020-04-02 07:38:07.548755+00	378
379	2020-04-02 07:38:31.57209+00	2020-04-02 07:38:31.572108+00	379
380	2020-04-02 07:38:31.579262+00	2020-04-02 07:38:31.579298+00	380
381	2020-04-02 07:38:49.055164+00	2020-04-02 07:38:49.055181+00	381
382	2020-04-02 07:38:49.063587+00	2020-04-02 07:38:49.063606+00	382
383	2020-04-02 07:39:13.442152+00	2020-04-02 07:39:13.442171+00	383
384	2020-04-02 07:39:13.448864+00	2020-04-02 07:39:13.448882+00	384
385	2020-04-02 07:39:32.616891+00	2020-04-02 07:39:32.616921+00	385
386	2020-04-02 07:39:32.63641+00	2020-04-02 07:39:32.636441+00	386
387	2020-04-02 07:39:48.474277+00	2020-04-02 07:39:48.474294+00	387
388	2020-04-02 07:39:48.480383+00	2020-04-02 07:39:48.480398+00	388
389	2020-04-02 07:41:56.724997+00	2020-04-02 07:41:56.725014+00	389
390	2020-04-02 07:41:56.734914+00	2020-04-02 07:41:56.73493+00	390
391	2020-04-02 07:41:56.779368+00	2020-04-02 07:41:56.779384+00	391
392	2020-04-02 07:42:22.758803+00	2020-04-02 07:42:22.758827+00	392
393	2020-04-02 07:42:22.763514+00	2020-04-02 07:42:22.763531+00	393
394	2020-04-02 07:42:22.7994+00	2020-04-02 07:42:22.799427+00	394
395	2020-04-02 07:50:07.171694+00	2020-04-02 07:50:07.171724+00	395
396	2020-04-02 08:12:38.287264+00	2020-04-02 08:12:38.287289+00	396
397	2020-04-02 08:13:13.051869+00	2020-04-02 08:13:13.0519+00	397
398	2020-04-02 08:13:43.377178+00	2020-04-02 08:13:43.377203+00	398
399	2020-04-02 08:14:59.493181+00	2020-04-02 08:14:59.493201+00	399
400	2020-04-02 08:15:14.919837+00	2020-04-02 08:15:14.919861+00	400
401	2020-04-02 08:15:30.072293+00	2020-04-02 08:15:30.072309+00	401
402	2020-04-02 08:15:44.149633+00	2020-04-02 08:15:44.14965+00	402
403	2020-04-02 08:15:57.025686+00	2020-04-02 08:15:57.025712+00	403
404	2020-04-02 08:16:13.704057+00	2020-04-02 08:16:13.704138+00	404
405	2020-04-02 08:17:44.37925+00	2020-04-02 08:17:44.379271+00	405
406	2020-04-02 08:19:09.863067+00	2020-04-02 08:19:09.863087+00	406
407	2020-04-02 08:19:24.484695+00	2020-04-02 08:19:24.484725+00	407
408	2020-04-02 08:21:58.010159+00	2020-04-02 08:21:58.010178+00	408
409	2020-04-02 08:21:58.019259+00	2020-04-02 08:21:58.019291+00	409
410	2020-04-02 08:21:58.066498+00	2020-04-02 08:21:58.066524+00	410
411	2020-04-02 08:23:14.191599+00	2020-04-02 08:23:14.191621+00	411
412	2020-04-02 08:23:14.195712+00	2020-04-02 08:23:14.195729+00	412
413	2020-04-02 08:23:14.235766+00	2020-04-02 08:23:14.235786+00	413
414	2020-04-02 08:24:26.059732+00	2020-04-02 08:24:26.059766+00	414
415	2020-04-02 08:24:26.07059+00	2020-04-02 08:24:26.070624+00	415
416	2020-04-02 08:24:26.118568+00	2020-04-02 08:24:26.118595+00	416
417	2020-04-02 08:24:57.058112+00	2020-04-02 08:24:57.058129+00	417
418	2020-04-02 08:24:57.066564+00	2020-04-02 08:24:57.066582+00	418
419	2020-04-02 08:24:57.101797+00	2020-04-02 08:24:57.101813+00	419
420	2020-04-02 08:26:11.427655+00	2020-04-02 08:26:11.427673+00	420
421	2020-04-03 02:29:07.647101+00	2020-04-03 02:29:07.647134+00	421
422	2020-04-03 02:29:07.656869+00	2020-04-03 02:29:07.656896+00	422
423	2020-04-03 02:31:09.583513+00	2020-04-03 02:31:09.583546+00	423
424	2020-04-03 02:31:09.593854+00	2020-04-03 02:31:09.593888+00	424
425	2020-04-03 02:31:09.627597+00	2020-04-03 02:31:09.627615+00	425
426	2020-04-03 02:32:06.687574+00	2020-04-03 02:32:06.687596+00	426
427	2020-04-03 02:32:06.695398+00	2020-04-03 02:32:06.695415+00	427
428	2020-04-03 02:32:06.734015+00	2020-04-03 02:32:06.734031+00	428
429	2020-04-03 02:32:27.962952+00	2020-04-03 02:32:27.96297+00	429
430	2020-04-03 02:32:27.966894+00	2020-04-03 02:32:27.966911+00	430
431	2020-04-03 02:32:28.00764+00	2020-04-03 02:32:28.007665+00	431
432	2020-04-03 02:33:37.076719+00	2020-04-03 02:33:37.076755+00	432
433	2020-04-03 02:33:37.083312+00	2020-04-03 02:33:37.083327+00	433
434	2020-04-03 02:33:37.127657+00	2020-04-03 02:33:37.127675+00	434
435	2020-04-03 02:33:54.75798+00	2020-04-03 02:33:54.757996+00	435
436	2020-04-03 02:33:54.767419+00	2020-04-03 02:33:54.767458+00	436
437	2020-04-03 02:33:54.808892+00	2020-04-03 02:33:54.80891+00	437
438	2020-04-03 02:34:31.456218+00	2020-04-03 02:34:31.456254+00	438
439	2020-04-03 02:34:31.464779+00	2020-04-03 02:34:31.464798+00	439
440	2020-04-03 02:34:31.509747+00	2020-04-03 02:34:31.509764+00	440
441	2020-04-03 02:34:45.312711+00	2020-04-03 02:34:45.312732+00	441
442	2020-04-03 02:34:45.321862+00	2020-04-03 02:34:45.321882+00	442
443	2020-04-03 02:34:45.361802+00	2020-04-03 02:34:45.361823+00	443
444	2020-04-03 02:35:29.541034+00	2020-04-03 02:35:29.541058+00	444
445	2020-04-03 02:35:29.550058+00	2020-04-03 02:35:29.550076+00	445
446	2020-04-03 02:35:29.587677+00	2020-04-03 02:35:29.587693+00	446
447	2020-04-03 02:35:42.666521+00	2020-04-03 02:35:42.666547+00	447
448	2020-04-03 02:35:42.675375+00	2020-04-03 02:35:42.675404+00	448
449	2020-04-03 02:35:42.71725+00	2020-04-03 02:35:42.71727+00	449
450	2020-04-03 02:36:00.485908+00	2020-04-03 02:36:00.485924+00	450
451	2020-04-03 02:36:00.494937+00	2020-04-03 02:36:00.494954+00	451
452	2020-04-03 02:36:00.533052+00	2020-04-03 02:36:00.533079+00	452
453	2020-04-03 02:36:23.298805+00	2020-04-03 02:36:23.298824+00	453
454	2020-04-03 02:36:23.307161+00	2020-04-03 02:36:23.307179+00	454
455	2020-04-03 02:36:23.349059+00	2020-04-03 02:36:23.349087+00	455
456	2020-04-03 02:37:02.95012+00	2020-04-03 02:37:02.950148+00	456
457	2020-04-03 02:37:02.960106+00	2020-04-03 02:37:02.960134+00	457
458	2020-04-03 02:37:03.018447+00	2020-04-03 02:37:03.018477+00	458
459	2020-04-03 02:37:19.332498+00	2020-04-03 02:37:19.332519+00	459
460	2020-04-03 02:37:19.342222+00	2020-04-03 02:37:19.342245+00	460
461	2020-04-03 02:37:19.385324+00	2020-04-03 02:37:19.385365+00	461
462	2020-04-03 02:37:36.916192+00	2020-04-03 02:37:36.916221+00	462
463	2020-04-03 02:37:36.924266+00	2020-04-03 02:37:36.924286+00	463
464	2020-04-03 02:37:36.966111+00	2020-04-03 02:37:36.96613+00	464
465	2020-04-03 02:37:54.618872+00	2020-04-03 02:37:54.61889+00	465
466	2020-04-03 02:37:54.629988+00	2020-04-03 02:37:54.630018+00	466
467	2020-04-03 02:37:54.671867+00	2020-04-03 02:37:54.671889+00	467
468	2020-04-03 02:38:29.418932+00	2020-04-03 02:38:29.418952+00	468
469	2020-04-03 02:38:29.425916+00	2020-04-03 02:38:29.425932+00	469
470	2020-04-03 02:38:29.464958+00	2020-04-03 02:38:29.464975+00	470
471	2020-04-03 02:38:44.203938+00	2020-04-03 02:38:44.203957+00	471
472	2020-04-03 02:38:44.211825+00	2020-04-03 02:38:44.211842+00	472
473	2020-04-03 02:38:44.256479+00	2020-04-03 02:38:44.256499+00	473
474	2020-04-03 02:40:04.06233+00	2020-04-03 02:40:04.062364+00	474
475	2020-04-03 02:40:04.070223+00	2020-04-03 02:40:04.070247+00	475
476	2020-04-03 02:40:04.165692+00	2020-04-03 02:40:04.165719+00	476
477	2020-04-03 02:40:26.62857+00	2020-04-03 02:40:26.628586+00	477
478	2020-04-03 02:40:26.636371+00	2020-04-03 02:40:26.636388+00	478
479	2020-04-03 02:40:26.681656+00	2020-04-03 02:40:26.681677+00	479
480	2020-04-03 02:42:38.805036+00	2020-04-03 02:42:38.805058+00	480
481	2020-04-03 02:42:38.814559+00	2020-04-03 02:42:38.814579+00	481
482	2020-04-03 02:42:38.855496+00	2020-04-03 02:42:38.855512+00	482
483	2020-04-03 02:42:49.387481+00	2020-04-03 02:42:49.387497+00	483
484	2020-04-03 02:42:49.391354+00	2020-04-03 02:42:49.39137+00	484
485	2020-04-03 02:42:49.434675+00	2020-04-03 02:42:49.434702+00	485
486	2020-04-03 04:15:00.155393+00	2020-04-03 04:15:00.155419+00	486
487	2020-04-03 04:15:15.38168+00	2020-04-03 04:15:15.381702+00	487
488	2020-04-03 04:15:22.784117+00	2020-04-03 04:15:22.784139+00	488
489	2020-04-03 04:20:52.337329+00	2020-04-03 04:20:52.337352+00	489
490	2020-04-03 06:02:56.503922+00	2020-04-03 06:02:56.503946+00	490
491	2020-04-03 06:02:56.513716+00	2020-04-03 06:02:56.513737+00	491
492	2020-04-03 06:02:56.562824+00	2020-04-03 06:02:56.562851+00	492
493	2020-04-03 06:03:00.97963+00	2020-04-03 06:03:00.97965+00	493
494	2020-04-03 06:03:00.989404+00	2020-04-03 06:03:00.989425+00	494
495	2020-04-03 06:03:01.038409+00	2020-04-03 06:03:01.038433+00	495
496	2020-04-03 06:17:58.477904+00	2020-04-03 06:17:58.477922+00	496
497	2020-04-03 06:17:58.482009+00	2020-04-03 06:17:58.482025+00	497
498	2020-04-03 06:24:37.295686+00	2020-04-03 06:24:37.295713+00	498
499	2020-04-03 06:24:37.3054+00	2020-04-03 06:24:37.305432+00	499
500	2020-04-03 07:25:20.209987+00	2020-04-03 07:25:20.210005+00	500
501	2020-04-03 07:26:25.10263+00	2020-04-03 07:26:25.102648+00	501
502	2020-04-03 07:27:19.398255+00	2020-04-03 07:27:19.398289+00	502
503	2020-04-03 07:28:00.791307+00	2020-04-03 07:28:00.791332+00	503
504	2020-04-03 07:28:53.523937+00	2020-04-03 07:28:53.523954+00	504
505	2020-04-03 07:30:08.960919+00	2020-04-03 07:30:08.960935+00	505
506	2020-04-03 07:30:44.936646+00	2020-04-03 07:30:44.936665+00	506
507	2020-04-03 07:31:29.10816+00	2020-04-03 07:31:29.108188+00	507
508	2020-04-03 07:32:04.985005+00	2020-04-03 07:32:04.985029+00	508
509	2020-04-03 07:32:31.13668+00	2020-04-03 07:32:31.136706+00	509
510	2020-04-03 07:33:11.19644+00	2020-04-03 07:33:11.19648+00	510
511	2020-04-03 07:33:46.660578+00	2020-04-03 07:33:46.660601+00	511
512	2020-04-03 07:34:32.55369+00	2020-04-03 07:34:32.553711+00	512
513	2020-04-03 07:35:29.263115+00	2020-04-03 07:35:29.263133+00	513
514	2020-04-04 03:54:06.219395+00	2020-04-04 03:54:06.219414+00	514
515	2020-04-04 03:54:34.562895+00	2020-04-04 03:54:34.562913+00	515
516	2020-04-04 03:54:34.570924+00	2020-04-04 03:54:34.57094+00	516
517	2020-04-04 03:54:34.599222+00	2020-04-04 03:54:34.599239+00	517
518	2020-04-04 05:22:57.559867+00	2020-04-04 05:22:57.559892+00	518
519	2020-04-04 06:09:54.873429+00	2020-04-04 06:09:54.873446+00	519
520	2020-04-04 06:11:45.929955+00	2020-04-04 06:11:45.929974+00	520
521	2020-04-04 06:13:15.416293+00	2020-04-04 06:13:15.41632+00	521
522	2020-04-04 06:16:54.514672+00	2020-04-04 06:16:54.514688+00	522
523	2020-04-04 06:17:49.164931+00	2020-04-04 06:17:49.164951+00	523
524	2020-04-04 06:19:36.463071+00	2020-04-04 06:19:36.463092+00	524
525	2020-04-04 06:20:21.421692+00	2020-04-04 06:20:21.421707+00	525
526	2020-04-04 06:21:11.683692+00	2020-04-04 06:21:11.683716+00	526
527	2020-04-04 06:21:11.692391+00	2020-04-04 06:21:11.692407+00	527
528	2020-04-04 06:21:11.732792+00	2020-04-04 06:21:11.732815+00	528
529	2020-04-04 06:22:15.272887+00	2020-04-04 06:22:15.272907+00	529
530	2020-04-04 06:22:43.991812+00	2020-04-04 06:22:43.991829+00	530
531	2020-04-04 06:22:43.999615+00	2020-04-04 06:22:43.999632+00	531
532	2020-04-04 06:22:44.037012+00	2020-04-04 06:22:44.037031+00	532
533	2020-04-04 06:24:48.273727+00	2020-04-04 06:24:48.273753+00	533
534	2020-04-04 06:28:37.712295+00	2020-04-04 06:28:37.712312+00	534
535	2020-04-04 06:37:48.570723+00	2020-04-04 06:37:48.570739+00	535
536	2020-04-04 06:47:32.239048+00	2020-04-04 06:47:32.239069+00	536
537	2020-04-04 06:47:49.469944+00	2020-04-04 06:47:49.470009+00	537
538	2020-04-05 06:58:06.496829+00	2020-04-05 06:58:06.496849+00	538
539	2020-04-05 06:58:38.102389+00	2020-04-05 06:58:38.102412+00	539
540	2020-04-05 06:59:19.014768+00	2020-04-05 06:59:19.014785+00	540
541	2020-04-05 06:59:19.023505+00	2020-04-05 06:59:19.023521+00	541
542	2020-04-05 06:59:19.088577+00	2020-04-05 06:59:19.088597+00	542
543	2020-04-05 07:00:34.261769+00	2020-04-05 07:00:34.261785+00	543
544	2020-04-05 07:01:45.789642+00	2020-04-05 07:01:45.789662+00	544
545	2020-04-05 07:03:24.901719+00	2020-04-05 07:03:24.901736+00	545
546	2020-04-05 08:23:38.121531+00	2020-04-05 08:23:38.121553+00	546
547	2020-04-05 08:23:45.310139+00	2020-04-05 08:23:45.310156+00	547
548	2020-04-05 08:23:59.836244+00	2020-04-05 08:23:59.836262+00	548
549	2020-04-05 08:24:02.521695+00	2020-04-05 08:24:02.521715+00	549
550	2020-04-05 08:24:05.355683+00	2020-04-05 08:24:05.355703+00	550
551	2020-04-06 06:24:24.938348+00	2020-04-06 06:24:24.938403+00	551
552	2020-04-06 06:25:35.543788+00	2020-04-06 06:25:35.543805+00	552
553	2020-04-06 06:29:45.585524+00	2020-04-06 06:29:45.585551+00	553
554	2020-04-06 06:29:45.592407+00	2020-04-06 06:29:45.592442+00	554
555	2020-04-06 06:31:33.235908+00	2020-04-06 06:31:33.235924+00	555
556	2020-04-06 06:31:33.244349+00	2020-04-06 06:31:33.244365+00	556
557	2020-04-06 06:32:56.477814+00	2020-04-06 06:32:56.477839+00	557
558	2020-04-06 06:32:56.486423+00	2020-04-06 06:32:56.48644+00	558
559	2020-04-07 03:25:06.878052+00	2020-04-07 03:25:06.879352+00	559
560	2020-04-07 07:58:21.58697+00	2020-04-07 07:58:21.58699+00	560
561	2020-04-07 07:58:52.173586+00	2020-04-07 07:58:52.173602+00	561
562	2020-04-07 07:59:07.321484+00	2020-04-07 07:59:07.321511+00	562
563	2020-04-07 07:59:16.116717+00	2020-04-07 07:59:16.116731+00	563
564	2020-04-08 01:15:46.762026+00	2020-04-08 01:15:46.762044+00	564
565	2020-04-08 01:15:46.774804+00	2020-04-08 01:15:46.77482+00	565
566	2020-04-08 01:15:46.823555+00	2020-04-08 01:15:46.823575+00	566
567	2020-04-08 01:16:33.755434+00	2020-04-08 01:16:33.755455+00	567
568	2020-04-08 01:16:33.759439+00	2020-04-08 01:16:33.759456+00	568
569	2020-04-08 01:16:33.784558+00	2020-04-08 01:16:33.784575+00	569
570	2020-04-08 05:17:42.656802+00	2020-04-08 05:17:42.656841+00	570
571	2020-04-08 07:09:32.206811+00	2020-04-08 07:09:32.206828+00	571
572	2020-04-08 07:10:46.80013+00	2020-04-08 07:10:46.80015+00	572
573	2020-04-08 07:10:46.811492+00	2020-04-08 07:10:46.811536+00	573
574	2020-04-08 07:41:44.021958+00	2020-04-08 07:41:44.021982+00	574
575	2020-04-08 07:42:18.523101+00	2020-04-08 07:42:18.523121+00	575
576	2020-04-08 07:42:34.67058+00	2020-04-08 07:42:34.670598+00	576
577	2020-04-08 07:43:43.99538+00	2020-04-08 07:43:43.995405+00	577
578	2020-04-08 07:45:12.833167+00	2020-04-08 07:45:12.833198+00	578
579	2020-04-08 07:45:12.862607+00	2020-04-08 07:45:12.862637+00	579
580	2020-04-09 05:16:56.088023+00	2020-04-09 05:16:56.088042+00	580
581	2020-04-09 05:16:56.097876+00	2020-04-09 05:16:56.097893+00	581
582	2020-04-09 05:16:56.155666+00	2020-04-09 05:16:56.155683+00	582
583	2020-04-09 05:17:12.134912+00	2020-04-09 05:17:12.134951+00	583
584	2020-04-09 05:17:12.147067+00	2020-04-09 05:17:12.147092+00	584
585	2020-04-09 05:17:12.19073+00	2020-04-09 05:17:12.19075+00	585
586	2020-04-09 05:19:11.054835+00	2020-04-09 05:19:11.054856+00	586
587	2020-04-09 05:19:11.070322+00	2020-04-09 05:19:11.070343+00	587
588	2020-04-09 05:44:37.25986+00	2020-04-09 05:44:37.259877+00	588
589	2020-04-09 07:30:08.068012+00	2020-04-09 07:30:08.068036+00	589
590	2020-04-09 07:32:37.102754+00	2020-04-09 07:32:37.102772+00	590
591	2020-04-09 07:32:37.112825+00	2020-04-09 07:32:37.112841+00	591
592	2020-04-09 07:46:12.82794+00	2020-04-09 07:46:12.827956+00	592
593	2020-04-09 08:05:42.619369+00	2020-04-09 08:05:42.61939+00	593
594	2020-04-09 08:10:49.766911+00	2020-04-09 08:10:49.766927+00	594
595	2020-04-09 08:10:49.792625+00	2020-04-09 08:10:49.792645+00	595
596	2020-04-09 08:12:59.468373+00	2020-04-09 08:12:59.468391+00	596
597	2020-04-09 08:18:10.178031+00	2020-04-09 08:18:10.178048+00	597
598	2020-04-09 08:18:10.208249+00	2020-04-09 08:18:10.208267+00	598
599	2020-04-09 08:29:50.5435+00	2020-04-09 08:29:50.543516+00	599
600	2020-04-09 08:31:23.221834+00	2020-04-09 08:31:23.22185+00	600
601	2020-04-09 08:34:38.156257+00	2020-04-09 08:34:38.156274+00	601
602	2020-04-09 08:39:29.521256+00	2020-04-09 08:39:29.521288+00	602
603	2020-04-09 09:07:45.525193+00	2020-04-09 09:07:45.525218+00	603
604	2020-04-09 09:14:53.540481+00	2020-04-09 09:14:53.540508+00	604
605	2020-04-09 09:15:41.28671+00	2020-04-09 09:15:41.286736+00	605
606	2020-04-09 09:18:24.376797+00	2020-04-09 09:18:24.376819+00	606
607	2020-04-09 09:18:24.383414+00	2020-04-09 09:18:24.38343+00	607
608	2020-04-09 09:18:24.423543+00	2020-04-09 09:18:24.423562+00	608
609	2020-04-09 09:20:38.514013+00	2020-04-09 09:20:38.51403+00	609
610	2020-04-09 09:26:12.956057+00	2020-04-09 09:26:12.956075+00	610
611	2020-04-09 09:35:27.259706+00	2020-04-09 09:35:27.259722+00	611
612	2020-04-09 09:35:50.286102+00	2020-04-09 09:35:50.286119+00	612
613	2020-04-10 00:57:23.502648+00	2020-04-10 00:57:23.502669+00	613
614	2020-04-10 00:57:23.511307+00	2020-04-10 00:57:23.511328+00	614
615	2020-04-10 00:57:23.545665+00	2020-04-10 00:57:23.545683+00	615
616	2020-04-10 00:57:50.593139+00	2020-04-10 00:57:50.593165+00	616
617	2020-04-10 00:59:14.91028+00	2020-04-10 00:59:14.910298+00	617
618	2020-04-10 00:59:14.918703+00	2020-04-10 00:59:14.918723+00	618
619	2020-04-10 01:03:25.962448+00	2020-04-10 01:03:25.962463+00	619
620	2020-04-10 01:05:51.426884+00	2020-04-10 01:05:51.426901+00	620
621	2020-04-10 01:05:51.435623+00	2020-04-10 01:05:51.43564+00	621
622	2020-04-10 01:05:51.489521+00	2020-04-10 01:05:51.48954+00	622
623	2020-04-10 01:06:10.906236+00	2020-04-10 01:06:10.906251+00	623
624	2020-04-10 03:18:25.936675+00	2020-04-10 03:18:25.936691+00	624
625	2020-04-10 03:20:20.482193+00	2020-04-10 03:20:20.482208+00	625
626	2020-04-10 03:20:20.491801+00	2020-04-10 03:20:20.491818+00	626
627	2020-04-10 03:21:26.578025+00	2020-04-10 03:21:26.578048+00	627
628	2020-04-10 03:21:26.58723+00	2020-04-10 03:21:26.587248+00	628
629	2020-04-10 03:25:57.156108+00	2020-04-10 03:25:57.156125+00	629
630	2020-04-10 03:25:57.160041+00	2020-04-10 03:25:57.160055+00	630
631	2020-04-10 03:35:15.073242+00	2020-04-10 03:35:15.073261+00	631
632	2020-04-10 03:37:05.796891+00	2020-04-10 03:37:05.796913+00	632
633	2020-04-10 03:37:05.806413+00	2020-04-10 03:37:05.806435+00	633
634	2020-04-10 03:37:05.842148+00	2020-04-10 03:37:05.842164+00	634
635	2020-04-10 03:37:23.648601+00	2020-04-10 03:37:23.648622+00	635
636	2020-04-10 03:37:56.029032+00	2020-04-10 03:37:56.029067+00	636
637	2020-04-10 03:37:56.036912+00	2020-04-10 03:37:56.036927+00	637
638	2020-04-10 06:22:56.640671+00	2020-04-10 06:22:56.640694+00	638
639	2020-04-10 07:20:30.613319+00	2020-04-10 07:20:30.613341+00	639
640	2020-04-10 07:20:30.646035+00	2020-04-10 07:20:30.646052+00	640
641	2020-04-10 07:21:34.833884+00	2020-04-10 07:21:34.8339+00	641
642	2020-04-10 07:21:34.841935+00	2020-04-10 07:21:34.841954+00	642
643	2020-04-10 07:21:34.890057+00	2020-04-10 07:21:34.890072+00	643
644	2020-04-10 07:22:16.178881+00	2020-04-10 07:22:16.178901+00	644
645	2020-04-10 07:24:03.690196+00	2020-04-10 07:24:03.690225+00	645
646	2020-04-10 07:24:03.703599+00	2020-04-10 07:24:03.703621+00	646
647	2020-04-10 07:27:08.384654+00	2020-04-10 07:27:08.384687+00	647
648	2020-04-10 07:27:08.394272+00	2020-04-10 07:27:08.394294+00	648
649	2020-04-10 07:27:08.450128+00	2020-04-10 07:27:08.450149+00	649
650	2020-04-10 07:28:30.143784+00	2020-04-10 07:28:30.143801+00	650
651	2020-04-10 07:28:30.169436+00	2020-04-10 07:28:30.169452+00	651
652	2020-04-10 07:29:16.628571+00	2020-04-10 07:29:16.62859+00	652
653	2020-04-10 07:29:16.655255+00	2020-04-10 07:29:16.655272+00	653
654	2020-04-10 07:30:46.633786+00	2020-04-10 07:30:46.633804+00	654
655	2020-04-10 07:30:46.656958+00	2020-04-10 07:30:46.656975+00	655
656	2020-04-10 07:31:35.269819+00	2020-04-10 07:31:35.269839+00	656
657	2020-04-10 07:32:19.434579+00	2020-04-10 07:32:19.434598+00	657
658	2020-04-10 07:33:31.149596+00	2020-04-10 07:33:31.149612+00	658
659	2020-04-10 07:34:37.285282+00	2020-04-10 07:34:37.2853+00	659
660	2020-04-10 07:35:08.586848+00	2020-04-10 07:35:08.586867+00	660
661	2020-04-10 07:35:52.691792+00	2020-04-10 07:35:52.691808+00	661
662	2020-04-10 07:35:52.719343+00	2020-04-10 07:35:52.71936+00	662
663	2020-04-10 07:37:02.76269+00	2020-04-10 07:37:02.762709+00	663
664	2020-04-10 07:38:11.592917+00	2020-04-10 07:38:11.592933+00	664
665	2020-04-10 07:39:06.499191+00	2020-04-10 07:39:06.499215+00	665
666	2020-04-10 07:41:10.418188+00	2020-04-10 07:41:10.41821+00	666
667	2020-04-10 07:41:52.612572+00	2020-04-10 07:41:52.612599+00	667
668	2020-04-10 07:42:48.911601+00	2020-04-10 07:42:48.911619+00	668
669	2020-04-10 07:43:29.778917+00	2020-04-10 07:43:29.778932+00	669
670	2020-04-10 07:44:17.1974+00	2020-04-10 07:44:17.197421+00	670
671	2020-04-10 07:44:17.21014+00	2020-04-10 07:44:17.210157+00	671
672	2020-04-10 07:44:17.248573+00	2020-04-10 07:44:17.248591+00	672
673	2020-04-10 07:45:05.477016+00	2020-04-10 07:45:05.477042+00	673
674	2020-04-10 07:45:53.532358+00	2020-04-10 07:45:53.532374+00	674
675	2020-04-10 07:46:35.10298+00	2020-04-10 07:46:35.103023+00	675
676	2020-04-10 07:47:35.739246+00	2020-04-10 07:47:35.739264+00	676
677	2020-04-10 07:49:20.336164+00	2020-04-10 07:49:20.336183+00	677
678	2020-04-10 07:49:20.345478+00	2020-04-10 07:49:20.345497+00	678
679	2020-04-10 07:49:20.389911+00	2020-04-10 07:49:20.389938+00	679
680	2020-04-10 07:51:53.353085+00	2020-04-10 07:51:53.353101+00	680
681	2020-04-10 07:52:32.941595+00	2020-04-10 07:52:32.94161+00	681
682	2020-04-10 07:52:32.945276+00	2020-04-10 07:52:32.94529+00	682
683	2020-04-11 01:04:05.265328+00	2020-04-11 01:04:05.265352+00	683
684	2020-04-11 01:04:05.287048+00	2020-04-11 01:04:05.287066+00	684
685	2020-04-11 01:07:12.098031+00	2020-04-11 01:07:12.098048+00	685
686	2020-04-11 01:07:12.106176+00	2020-04-11 01:07:12.106192+00	686
687	2020-04-11 01:21:18.612134+00	2020-04-11 01:21:18.612157+00	687
688	2020-04-11 01:29:46.662604+00	2020-04-11 01:29:46.662624+00	688
689	2020-04-11 01:29:46.667282+00	2020-04-11 01:29:46.667297+00	689
690	2020-04-11 01:31:04.745781+00	2020-04-11 01:31:04.745805+00	690
691	2020-04-11 01:31:04.754392+00	2020-04-11 01:31:04.754408+00	691
692	2020-04-11 01:31:04.808813+00	2020-04-11 01:31:04.80883+00	692
693	2020-04-11 01:31:35.89677+00	2020-04-11 01:31:35.89679+00	693
694	2020-04-11 01:31:35.905475+00	2020-04-11 01:31:35.905493+00	694
695	2020-04-11 01:31:35.944124+00	2020-04-11 01:31:35.944142+00	695
696	2020-04-11 01:32:02.320243+00	2020-04-11 01:32:02.320276+00	696
697	2020-04-11 01:32:02.330094+00	2020-04-11 01:32:02.330125+00	697
698	2020-04-11 01:32:02.381577+00	2020-04-11 01:32:02.381602+00	698
699	2020-04-11 01:32:17.891447+00	2020-04-11 01:32:17.891463+00	699
700	2020-04-11 01:32:17.901484+00	2020-04-11 01:32:17.9015+00	700
701	2020-04-11 01:32:17.945701+00	2020-04-11 01:32:17.945718+00	701
702	2020-04-11 01:33:03.2681+00	2020-04-11 01:33:03.268122+00	702
703	2020-04-11 01:33:03.277609+00	2020-04-11 01:33:03.277636+00	703
704	2020-04-11 01:33:03.331393+00	2020-04-11 01:33:03.331435+00	704
705	2020-04-11 01:33:42.373861+00	2020-04-11 01:33:42.373895+00	705
706	2020-04-11 01:33:42.382751+00	2020-04-11 01:33:42.382767+00	706
707	2020-04-11 01:33:42.425442+00	2020-04-11 01:33:42.425457+00	707
708	2020-04-11 01:34:09.644594+00	2020-04-11 01:34:09.644618+00	708
709	2020-04-11 01:34:09.654562+00	2020-04-11 01:34:09.654648+00	709
710	2020-04-11 01:34:09.707255+00	2020-04-11 01:34:09.707274+00	710
711	2020-04-11 03:19:15.82865+00	2020-04-11 03:19:15.828672+00	711
712	2020-04-11 03:19:15.837149+00	2020-04-11 03:19:15.837165+00	712
713	2020-04-11 03:19:15.876587+00	2020-04-11 03:19:15.876604+00	713
714	2020-04-11 03:20:00.26145+00	2020-04-11 03:20:00.26147+00	714
715	2020-04-11 03:20:21.600564+00	2020-04-11 03:20:21.60058+00	715
716	2020-04-11 03:20:21.604352+00	2020-04-11 03:20:21.604367+00	716
717	2020-04-11 03:22:10.984571+00	2020-04-11 03:22:10.984589+00	717
718	2020-04-11 03:22:44.621403+00	2020-04-11 03:22:44.62142+00	718
719	2020-04-11 03:22:44.629788+00	2020-04-11 03:22:44.629805+00	719
720	2020-04-11 03:27:04.409644+00	2020-04-11 03:27:04.409667+00	720
721	2020-04-11 03:27:04.418628+00	2020-04-11 03:27:04.418651+00	721
722	2020-04-11 03:27:04.460736+00	2020-04-11 03:27:04.460754+00	722
723	2020-04-11 05:09:58.395135+00	2020-04-11 05:09:58.395153+00	723
724	2020-04-11 05:09:58.421267+00	2020-04-11 05:09:58.421283+00	724
725	2020-04-11 05:11:03.660112+00	2020-04-11 05:11:03.660135+00	725
726	2020-04-11 05:11:03.670881+00	2020-04-11 05:11:03.670899+00	726
727	2020-04-11 05:11:03.757654+00	2020-04-11 05:11:03.757677+00	727
728	2020-04-11 05:12:06.644242+00	2020-04-11 05:12:06.644269+00	728
729	2020-04-11 05:16:21.359098+00	2020-04-11 05:16:21.359115+00	729
730	2020-04-11 05:16:21.368747+00	2020-04-11 05:16:21.36877+00	730
731	2020-04-11 05:16:21.419126+00	2020-04-11 05:16:21.419146+00	731
732	2020-04-11 05:26:29.762705+00	2020-04-11 05:26:29.762745+00	732
733	2020-04-11 05:27:28.27785+00	2020-04-11 05:27:28.277866+00	733
734	2020-04-11 05:27:28.305014+00	2020-04-11 05:27:28.30503+00	734
735	2020-04-11 05:30:33.109647+00	2020-04-11 05:30:33.109767+00	735
736	2020-04-11 05:32:20.470665+00	2020-04-11 05:32:20.470684+00	736
737	2020-04-11 05:33:03.072537+00	2020-04-11 05:33:03.072563+00	737
738	2020-04-11 05:35:00.731533+00	2020-04-11 05:35:00.73155+00	738
739	2020-04-11 05:48:15.424406+00	2020-04-11 05:48:15.424423+00	739
740	2020-04-11 05:48:15.434096+00	2020-04-11 05:48:15.434114+00	740
741	2020-04-11 05:48:15.468775+00	2020-04-11 05:48:15.468791+00	741
742	2020-04-11 05:48:38.984415+00	2020-04-11 05:48:38.984432+00	742
743	2020-04-11 05:48:38.995855+00	2020-04-11 05:48:38.995875+00	743
744	2020-04-11 05:48:39.035591+00	2020-04-11 05:48:39.035608+00	744
745	2020-04-11 06:32:17.316703+00	2020-04-11 06:32:17.316726+00	745
746	2020-04-11 06:32:28.224547+00	2020-04-11 06:32:28.224563+00	746
747	2020-04-11 06:32:34.526757+00	2020-04-11 06:32:34.526774+00	747
748	2020-04-11 06:32:50.489549+00	2020-04-11 06:32:50.489572+00	748
749	2020-04-11 06:37:54.396819+00	2020-04-11 06:37:54.396836+00	749
750	2020-04-11 06:38:47.511251+00	2020-04-11 06:38:47.511271+00	750
751	2020-04-11 06:38:47.529552+00	2020-04-11 06:38:47.529581+00	751
752	2020-04-11 06:39:24.938397+00	2020-04-11 06:39:24.938422+00	752
753	2020-04-11 06:39:24.945325+00	2020-04-11 06:39:24.945341+00	753
754	2020-04-11 06:39:24.983927+00	2020-04-11 06:39:24.983943+00	754
756	2020-04-11 06:40:08.990718+00	2020-04-11 06:40:08.990738+00	756
757	2020-04-11 06:40:08.996577+00	2020-04-11 06:40:08.996597+00	757
758	2020-04-11 06:40:09.035764+00	2020-04-11 06:40:09.035784+00	758
759	2020-04-11 06:40:53.115407+00	2020-04-11 06:40:53.115425+00	759
760	2020-04-11 06:40:53.124737+00	2020-04-11 06:40:53.124754+00	760
761	2020-04-11 06:40:53.164857+00	2020-04-11 06:40:53.164874+00	761
762	2020-04-11 06:41:14.755397+00	2020-04-11 06:41:14.755414+00	762
763	2020-04-11 06:41:14.763275+00	2020-04-11 06:41:14.763292+00	763
764	2020-04-11 06:41:14.801824+00	2020-04-11 06:41:14.801842+00	764
765	2020-04-11 06:41:34.451737+00	2020-04-11 06:41:34.451755+00	765
766	2020-04-11 06:41:34.459928+00	2020-04-11 06:41:34.459945+00	766
767	2020-04-11 06:41:34.487162+00	2020-04-11 06:41:34.487178+00	767
768	2020-04-11 06:41:49.086886+00	2020-04-11 06:41:49.086902+00	768
769	2020-04-11 06:41:49.094599+00	2020-04-11 06:41:49.094615+00	769
770	2020-04-11 06:41:49.132509+00	2020-04-11 06:41:49.132525+00	770
771	2020-04-11 06:42:05.850785+00	2020-04-11 06:42:05.850806+00	771
772	2020-04-11 06:42:05.859429+00	2020-04-11 06:42:05.859453+00	772
773	2020-04-11 06:42:05.900356+00	2020-04-11 06:42:05.900399+00	773
774	2020-04-11 06:42:13.276628+00	2020-04-11 06:42:13.276645+00	774
775	2020-04-12 01:08:50.019176+00	2020-04-12 01:08:50.019193+00	775
776	2020-04-12 01:08:50.028261+00	2020-04-12 01:08:50.028278+00	776
777	2020-04-12 01:08:50.082085+00	2020-04-12 01:08:50.082102+00	777
778	2020-04-12 01:09:33.434131+00	2020-04-12 01:09:33.434148+00	778
779	2020-04-12 01:09:33.442763+00	2020-04-12 01:09:33.442782+00	779
780	2020-04-12 01:09:33.492308+00	2020-04-12 01:09:33.492323+00	780
781	2020-04-12 01:10:55.985828+00	2020-04-12 01:10:55.985845+00	781
782	2020-04-12 01:10:55.992584+00	2020-04-12 01:10:55.9926+00	782
783	2020-04-12 01:10:56.030205+00	2020-04-12 01:10:56.030222+00	783
784	2020-04-12 01:12:40.944084+00	2020-04-12 01:12:40.944101+00	784
785	2020-04-12 01:12:40.954879+00	2020-04-12 01:12:40.954902+00	785
786	2020-04-12 01:12:40.999519+00	2020-04-12 01:12:40.999538+00	786
787	2020-04-12 01:13:26.056806+00	2020-04-12 01:13:26.056822+00	787
788	2020-04-12 01:13:26.064708+00	2020-04-12 01:13:26.064725+00	788
789	2020-04-12 01:13:26.11678+00	2020-04-12 01:13:26.116797+00	789
790	2020-04-12 05:37:14.476369+00	2020-04-12 05:37:14.47639+00	790
791	2020-04-12 05:37:31.569216+00	2020-04-12 05:37:31.569236+00	791
792	2020-04-12 05:37:52.212373+00	2020-04-12 05:37:52.212393+00	792
793	2020-04-12 05:38:20.939503+00	2020-04-12 05:38:20.939528+00	793
794	2020-04-12 05:38:20.948097+00	2020-04-12 05:38:20.948113+00	794
795	2020-04-12 05:38:20.995645+00	2020-04-12 05:38:20.995666+00	795
796	2020-04-13 04:39:57.553605+00	2020-04-13 04:39:57.553624+00	796
797	2020-04-13 04:39:57.562151+00	2020-04-13 04:39:57.562168+00	797
798	2020-04-13 04:40:31.085509+00	2020-04-13 04:40:31.085525+00	798
799	2020-04-13 04:40:31.089754+00	2020-04-13 04:40:31.089771+00	799
800	2020-04-13 05:21:48.030464+00	2020-04-13 05:21:48.030486+00	800
801	2020-04-13 05:21:48.03839+00	2020-04-13 05:21:48.038415+00	801
802	2020-04-13 05:21:48.07469+00	2020-04-13 05:21:48.074711+00	802
803	2020-04-13 05:22:11.365511+00	2020-04-13 05:22:11.365526+00	803
804	2020-04-13 05:22:11.373189+00	2020-04-13 05:22:11.373204+00	804
805	2020-04-13 05:22:11.402007+00	2020-04-13 05:22:11.402023+00	805
806	2020-04-13 05:22:26.014929+00	2020-04-13 05:22:26.014955+00	806
807	2020-04-13 05:22:26.027875+00	2020-04-13 05:22:26.027913+00	807
808	2020-04-13 05:22:26.093383+00	2020-04-13 05:22:26.093401+00	808
809	2020-04-13 05:22:41.491443+00	2020-04-13 05:22:41.49146+00	809
810	2020-04-13 05:22:41.499331+00	2020-04-13 05:22:41.499347+00	810
811	2020-04-13 05:22:41.528938+00	2020-04-13 05:22:41.528954+00	811
812	2020-04-13 05:23:11.377832+00	2020-04-13 05:23:11.37785+00	812
813	2020-04-13 05:23:11.384684+00	2020-04-13 05:23:11.384701+00	813
814	2020-04-13 05:23:11.405783+00	2020-04-13 05:23:11.405798+00	814
815	2020-04-13 05:23:44.851747+00	2020-04-13 05:23:44.851773+00	815
816	2020-04-13 05:23:44.863631+00	2020-04-13 05:23:44.863658+00	816
817	2020-04-13 05:23:44.909687+00	2020-04-13 05:23:44.909711+00	817
818	2020-04-13 05:24:03.980108+00	2020-04-13 05:24:03.980134+00	818
819	2020-04-13 05:24:03.98895+00	2020-04-13 05:24:03.988967+00	819
820	2020-04-13 05:24:04.073337+00	2020-04-13 05:24:04.073371+00	820
821	2020-04-13 05:24:32.427439+00	2020-04-13 05:24:32.427455+00	821
822	2020-04-13 05:24:32.435754+00	2020-04-13 05:24:32.43577+00	822
823	2020-04-13 05:24:32.470752+00	2020-04-13 05:24:32.47077+00	823
824	2020-04-13 05:25:21.10843+00	2020-04-13 05:25:21.108454+00	824
825	2020-04-13 05:25:21.115671+00	2020-04-13 05:25:21.115688+00	825
826	2020-04-13 05:25:21.154226+00	2020-04-13 05:25:21.154246+00	826
827	2020-04-13 05:25:35.8793+00	2020-04-13 05:25:35.87932+00	827
828	2020-04-13 05:25:35.885425+00	2020-04-13 05:25:35.885442+00	828
829	2020-04-13 05:25:35.925465+00	2020-04-13 05:25:35.925492+00	829
830	2020-04-13 05:25:53.074766+00	2020-04-13 05:25:53.074796+00	830
831	2020-04-13 05:25:53.082922+00	2020-04-13 05:25:53.082947+00	831
832	2020-04-13 05:25:53.115443+00	2020-04-13 05:25:53.115459+00	832
833	2020-04-13 05:26:07.4607+00	2020-04-13 05:26:07.460718+00	833
834	2020-04-13 05:26:07.469134+00	2020-04-13 05:26:07.46915+00	834
835	2020-04-13 05:26:07.513642+00	2020-04-13 05:26:07.513668+00	835
836	2020-04-13 05:26:31.756718+00	2020-04-13 05:26:31.756735+00	836
837	2020-04-13 05:26:31.765015+00	2020-04-13 05:26:31.765031+00	837
838	2020-04-13 05:26:31.800996+00	2020-04-13 05:26:31.801012+00	838
839	2020-04-13 05:26:59.170427+00	2020-04-13 05:26:59.170443+00	839
840	2020-04-13 05:26:59.175931+00	2020-04-13 05:26:59.175948+00	840
841	2020-04-13 05:26:59.210831+00	2020-04-13 05:26:59.210847+00	841
842	2020-04-13 05:27:17.951617+00	2020-04-13 05:27:17.951634+00	842
843	2020-04-13 05:27:17.956041+00	2020-04-13 05:27:17.956058+00	843
844	2020-04-13 05:27:17.985961+00	2020-04-13 05:27:17.985978+00	844
845	2020-04-13 05:36:02.349374+00	2020-04-13 05:36:02.349401+00	845
846	2020-04-13 05:38:23.255743+00	2020-04-13 05:38:23.255769+00	846
847	2020-04-13 05:38:23.263506+00	2020-04-13 05:38:23.263522+00	847
848	2020-04-13 06:45:29.418874+00	2020-04-13 06:45:29.418892+00	848
849	2020-04-13 06:46:35.898359+00	2020-04-13 06:46:35.898377+00	849
850	2020-04-13 06:46:49.821106+00	2020-04-13 06:46:49.821126+00	850
851	2020-04-13 07:16:28.032807+00	2020-04-13 07:16:28.032828+00	851
852	2020-04-13 07:16:28.039423+00	2020-04-13 07:16:28.039441+00	852
853	2020-04-13 07:17:07.681781+00	2020-04-13 07:17:07.681797+00	853
854	2020-04-13 07:17:34.094794+00	2020-04-13 07:17:34.094811+00	854
855	2020-04-13 07:17:51.017276+00	2020-04-13 07:17:51.017292+00	855
856	2020-04-13 07:18:08.05289+00	2020-04-13 07:18:08.052907+00	856
857	2020-04-13 07:18:28.880946+00	2020-04-13 07:18:28.880963+00	857
858	2020-04-13 07:19:08.003726+00	2020-04-13 07:19:08.003749+00	858
859	2020-04-13 07:19:08.016512+00	2020-04-13 07:19:08.016538+00	859
860	2020-04-13 07:19:08.062328+00	2020-04-13 07:19:08.062345+00	860
861	2020-04-14 00:45:49.883196+00	2020-04-14 00:45:49.883219+00	861
862	2020-04-14 00:45:49.892708+00	2020-04-14 00:45:49.892727+00	862
863	2020-04-14 00:45:49.942095+00	2020-04-14 00:45:49.942112+00	863
864	2020-04-14 01:55:26.383476+00	2020-04-14 01:55:26.383496+00	864
865	2020-04-14 07:07:16.835814+00	2020-04-14 07:07:16.835919+00	865
866	2020-04-14 07:07:16.867204+00	2020-04-14 07:07:16.867223+00	866
867	2020-04-14 07:16:28.8283+00	2020-04-14 07:16:28.828321+00	867
868	2020-04-14 07:17:17.186265+00	2020-04-14 07:17:17.186282+00	868
869	2020-04-14 07:17:17.193068+00	2020-04-14 07:17:17.193092+00	869
870	2020-04-14 07:17:45.544263+00	2020-04-14 07:17:45.544288+00	870
871	2020-04-14 07:17:45.570797+00	2020-04-14 07:17:45.570813+00	871
872	2020-04-14 07:22:46.685056+00	2020-04-14 07:22:46.685084+00	872
873	2020-04-14 07:25:28.853824+00	2020-04-14 07:25:28.853843+00	873
874	2020-04-14 07:26:07.919482+00	2020-04-14 07:26:07.919503+00	874
875	2020-04-14 07:26:07.929016+00	2020-04-14 07:26:07.929042+00	875
876	2020-04-14 07:26:07.98161+00	2020-04-14 07:26:07.981628+00	876
877	2020-04-14 07:27:56.069602+00	2020-04-14 07:27:56.069623+00	877
878	2020-04-14 07:28:42.965725+00	2020-04-14 07:28:42.965743+00	878
879	2020-04-14 07:28:42.99399+00	2020-04-14 07:28:42.994007+00	879
880	2020-04-14 08:37:16.508666+00	2020-04-14 08:37:16.508775+00	880
881	2020-04-14 08:37:16.518739+00	2020-04-14 08:37:16.518768+00	881
882	2020-04-14 08:37:16.569641+00	2020-04-14 08:37:16.569669+00	882
883	2020-04-14 08:37:55.666847+00	2020-04-14 08:37:55.666863+00	883
884	2020-04-14 08:37:55.675175+00	2020-04-14 08:37:55.675193+00	884
885	2020-04-14 08:37:55.735691+00	2020-04-14 08:37:55.735714+00	885
886	2020-04-14 08:39:14.725629+00	2020-04-14 08:39:14.72565+00	886
887	2020-04-14 08:39:14.737601+00	2020-04-14 08:39:14.737631+00	887
888	2020-04-14 08:39:14.79018+00	2020-04-14 08:39:14.7902+00	888
889	2020-04-14 08:39:57.772185+00	2020-04-14 08:39:57.772315+00	889
890	2020-04-14 08:39:57.781243+00	2020-04-14 08:39:57.781263+00	890
891	2020-04-14 08:39:57.828049+00	2020-04-14 08:39:57.828067+00	891
892	2020-04-14 08:40:56.286539+00	2020-04-14 08:40:56.286555+00	892
893	2020-04-14 08:40:56.291476+00	2020-04-14 08:40:56.291492+00	893
894	2020-04-14 08:40:56.33858+00	2020-04-14 08:40:56.338617+00	894
895	2020-04-14 08:42:09.80987+00	2020-04-14 08:42:09.809895+00	895
896	2020-04-14 08:42:09.817569+00	2020-04-14 08:42:09.817585+00	896
897	2020-04-14 08:42:09.849717+00	2020-04-14 08:42:09.84974+00	897
898	2020-04-14 08:43:57.157345+00	2020-04-14 08:43:57.157361+00	898
899	2020-04-14 08:43:57.165892+00	2020-04-14 08:43:57.165908+00	899
900	2020-04-14 08:43:57.201785+00	2020-04-14 08:43:57.201808+00	900
901	2020-04-14 08:44:18.522847+00	2020-04-14 08:44:18.522863+00	901
902	2020-04-14 08:44:18.536143+00	2020-04-14 08:44:18.536164+00	902
903	2020-04-14 08:44:18.566745+00	2020-04-14 08:44:18.566763+00	903
904	2020-04-14 08:46:09.421547+00	2020-04-14 08:46:09.421564+00	904
905	2020-04-14 08:46:09.425407+00	2020-04-14 08:46:09.425423+00	905
906	2020-04-14 08:46:09.461654+00	2020-04-14 08:46:09.46168+00	906
907	2020-04-14 08:53:36.048512+00	2020-04-14 08:53:36.04853+00	907
908	2020-04-14 08:53:36.056336+00	2020-04-14 08:53:36.056351+00	908
909	2020-04-14 08:53:36.079188+00	2020-04-14 08:53:36.079203+00	909
910	2020-04-14 08:54:25.094958+00	2020-04-14 08:54:25.094976+00	910
911	2020-04-14 08:54:25.103377+00	2020-04-14 08:54:25.103395+00	911
912	2020-04-14 08:54:25.144938+00	2020-04-14 08:54:25.144956+00	912
913	2020-04-15 00:20:53.554605+00	2020-04-15 00:20:53.55468+00	913
914	2020-04-15 00:20:53.564119+00	2020-04-15 00:20:53.564134+00	914
915	2020-04-15 00:20:53.603937+00	2020-04-15 00:20:53.603951+00	915
916	2020-04-15 01:19:05.046261+00	2020-04-15 01:19:05.046276+00	916
917	2020-04-15 01:19:05.054327+00	2020-04-15 01:19:05.054343+00	917
918	2020-04-15 01:19:05.095207+00	2020-04-15 01:19:05.095225+00	918
919	2020-04-15 02:10:36.198334+00	2020-04-15 02:10:36.198359+00	919
920	2020-04-15 02:11:21.933767+00	2020-04-15 02:11:21.933783+00	920
921	2020-04-15 02:11:21.944218+00	2020-04-15 02:11:21.944239+00	921
922	2020-04-15 08:07:03.186107+00	2020-04-15 08:07:03.186129+00	922
923	2020-04-15 08:07:03.224314+00	2020-04-15 08:07:03.224333+00	923
924	2020-04-15 08:08:56.254022+00	2020-04-15 08:08:56.254038+00	924
925	2020-04-15 08:13:09.831025+00	2020-04-15 08:13:09.831043+00	925
926	2020-04-15 08:16:07.355667+00	2020-04-15 08:16:07.355685+00	926
927	2020-04-15 08:23:17.155724+00	2020-04-15 08:23:17.155752+00	927
928	2020-04-15 08:24:40.422627+00	2020-04-15 08:24:40.422643+00	928
929	2020-04-15 08:25:56.92585+00	2020-04-15 08:25:56.925878+00	929
930	2020-04-15 08:25:56.950536+00	2020-04-15 08:25:56.950553+00	930
931	2020-04-15 08:43:19.161696+00	2020-04-15 08:43:19.161718+00	931
932	2020-04-15 08:43:19.176645+00	2020-04-15 08:43:19.176668+00	932
933	2020-04-15 08:43:19.222304+00	2020-04-15 08:43:19.222324+00	933
934	2020-04-15 08:44:33.447686+00	2020-04-15 08:44:33.447702+00	934
935	2020-04-15 08:45:10.312575+00	2020-04-15 08:45:10.312592+00	935
936	2020-04-15 08:45:10.318992+00	2020-04-15 08:45:10.319034+00	936
937	2020-04-15 08:46:09.317186+00	2020-04-15 08:46:09.317204+00	937
938	2020-04-15 08:46:43.45395+00	2020-04-15 08:46:43.453967+00	938
939	2020-04-15 08:46:43.462511+00	2020-04-15 08:46:43.462527+00	939
940	2020-04-15 08:51:33.839068+00	2020-04-15 08:51:33.839086+00	940
941	2020-04-15 08:52:30.488927+00	2020-04-15 08:52:30.488946+00	941
942	2020-04-15 08:52:30.498156+00	2020-04-15 08:52:30.498176+00	942
943	2020-04-15 08:59:14.988016+00	2020-04-15 08:59:14.988049+00	943
944	2020-04-15 08:59:14.999896+00	2020-04-15 08:59:14.999925+00	944
945	2020-04-15 08:59:15.064525+00	2020-04-15 08:59:15.064558+00	945
946	2020-04-15 09:02:46.10367+00	2020-04-15 09:02:46.103686+00	946
947	2020-04-15 09:02:46.110908+00	2020-04-15 09:02:46.110924+00	947
948	2020-04-15 09:02:46.14276+00	2020-04-15 09:02:46.142776+00	948
949	2020-04-15 09:03:34.282927+00	2020-04-15 09:03:34.282944+00	949
950	2020-04-15 09:03:34.292414+00	2020-04-15 09:03:34.29243+00	950
951	2020-04-15 09:03:34.334926+00	2020-04-15 09:03:34.334952+00	951
952	2020-04-15 09:03:48.145635+00	2020-04-15 09:03:48.145657+00	952
953	2020-04-15 09:03:48.152561+00	2020-04-15 09:03:48.152579+00	953
954	2020-04-15 09:03:48.184428+00	2020-04-15 09:03:48.184453+00	954
955	2020-04-15 09:05:07.808891+00	2020-04-15 09:05:07.808917+00	955
956	2020-04-15 09:05:07.819071+00	2020-04-15 09:05:07.819098+00	956
957	2020-04-15 09:05:07.880032+00	2020-04-15 09:05:07.880052+00	957
958	2020-04-15 09:06:00.140955+00	2020-04-15 09:06:00.140979+00	958
959	2020-04-15 09:06:00.144952+00	2020-04-15 09:06:00.144968+00	959
960	2020-04-15 09:06:00.168091+00	2020-04-15 09:06:00.168106+00	960
961	2020-04-15 09:07:38.938007+00	2020-04-15 09:07:38.938081+00	961
962	2020-04-15 09:07:38.946154+00	2020-04-15 09:07:38.946171+00	962
963	2020-04-15 09:07:38.983489+00	2020-04-15 09:07:38.983504+00	963
964	2020-04-15 09:08:50.050602+00	2020-04-15 09:08:50.050619+00	964
965	2020-04-15 09:08:50.058986+00	2020-04-15 09:08:50.059025+00	965
966	2020-04-15 09:08:50.106977+00	2020-04-15 09:08:50.106994+00	966
967	2020-04-15 09:15:54.608243+00	2020-04-15 09:15:54.608272+00	967
968	2020-04-16 00:56:38.29756+00	2020-04-16 00:56:38.297578+00	968
969	2020-04-16 00:56:38.302185+00	2020-04-16 00:56:38.3022+00	969
970	2020-04-16 00:56:58.162648+00	2020-04-16 00:56:58.162666+00	970
971	2020-04-16 00:56:58.173297+00	2020-04-16 00:56:58.173312+00	971
972	2020-04-16 00:56:58.217312+00	2020-04-16 00:56:58.21733+00	972
973	2020-04-16 00:58:03.254791+00	2020-04-16 00:58:03.254808+00	973
974	2020-04-16 00:58:03.262398+00	2020-04-16 00:58:03.262413+00	974
975	2020-04-16 00:58:22.664783+00	2020-04-16 00:58:22.6648+00	975
976	2020-04-16 00:58:22.674113+00	2020-04-16 00:58:22.674129+00	976
977	2020-04-16 02:36:39.691335+00	2020-04-16 02:36:39.691379+00	977
978	2020-04-16 02:52:07.447893+00	2020-04-16 02:52:07.447909+00	978
979	2020-04-16 02:52:07.456158+00	2020-04-16 02:52:07.456184+00	979
980	2020-04-16 05:34:55.873348+00	2020-04-16 05:34:55.873371+00	980
981	2020-04-16 05:34:55.882033+00	2020-04-16 05:34:55.882055+00	981
982	2020-04-16 05:34:55.931663+00	2020-04-16 05:34:55.931691+00	982
983	2020-04-16 05:43:01.520629+00	2020-04-16 05:43:01.520662+00	983
984	2020-04-16 05:43:01.530535+00	2020-04-16 05:43:01.530567+00	984
985	2020-04-16 05:43:20.328782+00	2020-04-16 05:43:20.328847+00	985
986	2020-04-16 05:43:20.336784+00	2020-04-16 05:43:20.3368+00	986
987	2020-04-16 05:44:21.280233+00	2020-04-16 05:44:21.28025+00	987
988	2020-04-16 05:44:21.290663+00	2020-04-16 05:44:21.290693+00	988
989	2020-04-16 05:44:46.918237+00	2020-04-16 05:44:46.918253+00	989
990	2020-04-16 05:44:46.924212+00	2020-04-16 05:44:46.92423+00	990
991	2020-04-16 05:45:19.43756+00	2020-04-16 05:45:19.437591+00	991
992	2020-04-16 05:45:19.446314+00	2020-04-16 05:45:19.446334+00	992
993	2020-04-16 05:45:46.99493+00	2020-04-16 05:45:46.994947+00	993
994	2020-04-16 05:45:47.004087+00	2020-04-16 05:45:47.004104+00	994
995	2020-04-16 05:47:02.550435+00	2020-04-16 05:47:02.550456+00	995
996	2020-04-16 05:47:43.312858+00	2020-04-16 05:47:43.312874+00	996
997	2020-04-16 05:48:13.669637+00	2020-04-16 05:48:13.669655+00	997
998	2020-04-16 05:48:44.517263+00	2020-04-16 05:48:44.517293+00	998
999	2020-04-16 06:03:06.469662+00	2020-04-16 06:03:06.469683+00	999
1000	2020-04-16 06:04:27.339598+00	2020-04-16 06:04:27.339625+00	1000
1001	2020-04-16 06:05:15.651105+00	2020-04-16 06:05:15.651123+00	1001
1002	2020-04-16 06:43:55.045829+00	2020-04-16 06:43:55.045852+00	1002
1003	2020-04-16 06:43:55.050964+00	2020-04-16 06:43:55.05098+00	1003
1004	2020-04-16 06:56:46.193474+00	2020-04-16 06:56:46.193499+00	1004
1005	2020-04-16 06:56:46.199093+00	2020-04-16 06:56:46.19911+00	1005
1006	2020-04-16 06:56:56.761499+00	2020-04-16 06:56:56.761525+00	1006
1007	2020-04-16 06:56:56.767843+00	2020-04-16 06:56:56.76786+00	1007
1008	2020-04-16 07:10:07.055341+00	2020-04-16 07:10:07.055373+00	1008
1009	2020-04-16 07:10:07.08874+00	2020-04-16 07:10:07.08876+00	1009
1010	2020-04-16 07:11:34.674844+00	2020-04-16 07:11:34.67487+00	1010
1011	2020-04-16 07:12:29.557916+00	2020-04-16 07:12:29.557936+00	1011
1012	2020-04-16 07:13:58.419487+00	2020-04-16 07:13:58.419524+00	1012
1013	2020-04-16 07:14:47.515964+00	2020-04-16 07:14:47.515982+00	1013
1014	2020-04-16 07:15:59.109632+00	2020-04-16 07:15:59.109652+00	1014
1015	2020-04-16 07:16:25.266122+00	2020-04-16 07:16:25.266142+00	1015
1016	2020-04-16 07:18:10.984805+00	2020-04-16 07:18:10.984823+00	1016
1017	2020-04-16 07:18:58.995237+00	2020-04-16 07:18:58.995254+00	1017
1018	2020-04-16 07:20:08.472158+00	2020-04-16 07:20:08.472183+00	1018
1019	2020-04-16 07:20:08.480775+00	2020-04-16 07:20:08.480798+00	1019
1020	2020-04-16 07:20:08.547061+00	2020-04-16 07:20:08.547103+00	1020
1021	2020-04-16 07:21:01.133954+00	2020-04-16 07:21:01.134088+00	1021
1022	2020-04-16 07:21:35.233095+00	2020-04-16 07:21:35.233112+00	1022
1023	2020-04-16 07:22:21.052701+00	2020-04-16 07:22:21.052718+00	1023
1024	2020-04-16 07:23:15.403914+00	2020-04-16 07:23:15.403932+00	1024
1025	2020-04-16 07:23:15.434882+00	2020-04-16 07:23:15.434909+00	1025
1026	2020-04-16 07:26:52.228032+00	2020-04-16 07:26:52.228051+00	1026
1027	2020-04-16 07:26:52.259912+00	2020-04-16 07:26:52.259929+00	1027
1028	2020-04-16 07:35:26.178975+00	2020-04-16 07:35:26.179031+00	1028
1029	2020-04-16 07:35:26.188887+00	2020-04-16 07:35:26.188914+00	1029
1030	2020-04-16 07:35:45.503547+00	2020-04-16 07:35:45.503565+00	1030
1031	2020-04-16 07:37:05.414246+00	2020-04-16 07:37:05.414274+00	1031
1032	2020-04-16 07:37:05.425188+00	2020-04-16 07:37:05.425208+00	1032
1033	2020-04-16 07:38:35.584979+00	2020-04-16 07:38:35.584996+00	1033
1034	2020-04-16 07:38:35.592487+00	2020-04-16 07:38:35.592504+00	1034
1035	2020-04-16 07:38:35.628795+00	2020-04-16 07:38:35.628814+00	1035
1036	2020-04-16 07:39:34.74464+00	2020-04-16 07:39:34.744657+00	1036
1037	2020-04-16 07:39:34.751238+00	2020-04-16 07:39:34.751255+00	1037
1038	2020-04-16 07:39:34.812471+00	2020-04-16 07:39:34.812489+00	1038
1039	2020-04-16 07:40:53.189693+00	2020-04-16 07:40:53.18971+00	1039
1040	2020-04-16 07:40:53.199347+00	2020-04-16 07:40:53.199367+00	1040
1041	2020-04-16 07:40:53.250287+00	2020-04-16 07:40:53.250315+00	1041
1042	2020-04-16 07:41:56.161184+00	2020-04-16 07:41:56.161204+00	1042
1043	2020-04-16 07:41:56.170697+00	2020-04-16 07:41:56.170717+00	1043
1044	2020-04-16 07:41:56.208501+00	2020-04-16 07:41:56.208523+00	1044
1045	2020-04-16 07:43:01.269288+00	2020-04-16 07:43:01.269308+00	1045
1046	2020-04-16 07:43:01.273282+00	2020-04-16 07:43:01.273298+00	1046
1047	2020-04-16 07:43:01.330709+00	2020-04-16 07:43:01.330742+00	1047
1048	2020-04-16 07:44:06.979484+00	2020-04-16 07:44:06.97951+00	1048
1049	2020-04-16 07:44:06.988573+00	2020-04-16 07:44:06.988591+00	1049
1050	2020-04-16 07:44:07.0424+00	2020-04-16 07:44:07.04242+00	1050
\.


--
-- Data for Name: tours_metatourrecord; Type: TABLE DATA; Schema: public; Owner: postgres
--

COPY public.tours_metatourrecord (id, created_at, modified_at, quantity, percentage, metatour_id, tour_id, note) FROM stdin;
301	2020-04-01 11:14:20.016065+00	2020-04-01 11:14:20.016086+00	99	100	305	8	\N
302	2020-04-01 11:14:34.447331+00	2020-04-01 11:14:34.447346+00	97	100	306	8	\N
303	2020-04-01 11:14:39.599922+00	2020-04-01 11:14:39.599937+00	94	100	307	8	\N
304	2020-04-01 11:15:13.312879+00	2020-04-01 11:15:13.312895+00	108	100	308	40	\N
305	2020-04-01 11:18:06.584622+00	2020-04-01 11:18:06.584663+00	100	100	309	8	\N
306	2020-04-01 11:18:12.168014+00	2020-04-01 11:18:12.168032+00	96	100	310	8	\N
307	2020-04-01 11:18:22.169809+00	2020-04-01 11:18:22.169827+00	91	100	311	25	\N
308	2020-04-01 11:26:04.285539+00	2020-04-01 11:26:04.285565+00	93	100	312	25	\N
309	2020-04-01 11:26:07.376968+00	2020-04-01 11:26:07.37699+00	98	100	313	25	\N
310	2020-04-01 11:45:42.270431+00	2020-04-01 11:45:42.270451+00	95	100	314	25	\N
311	2020-04-01 11:45:47.157695+00	2020-04-01 11:45:47.157712+00	101	100	315	25	\N
312	2020-04-01 11:45:49.86885+00	2020-04-01 11:45:49.86887+00	100	100	316	25	\N
313	2020-04-01 11:45:53.952151+00	2020-04-01 11:45:53.952167+00	101	100	317	25	\N
314	2020-04-01 11:46:08.79388+00	2020-04-01 11:46:08.79399+00	104	100	318	26	\N
315	2020-04-01 11:46:24.682986+00	2020-04-01 11:46:24.683013+00	99	100	319	26	\N
316	2020-04-01 11:46:28.937108+00	2020-04-01 11:46:28.937127+00	105	100	320	26	\N
317	2020-04-01 11:46:34.271715+00	2020-04-01 11:46:34.271744+00	98	100	321	26	\N
318	2020-04-01 11:46:56.198941+00	2020-04-01 11:46:56.19896+00	101	100	322	23	\N
319	2020-04-01 11:47:01.274196+00	2020-04-01 11:47:01.27423+00	102	100	323	23	\N
320	2020-04-01 11:47:14.109781+00	2020-04-01 11:47:14.109807+00	101	100	324	23	\N
321	2020-04-01 11:47:18.070737+00	2020-04-01 11:47:18.070775+00	101	100	325	23	\N
322	2020-04-01 11:47:21.614692+00	2020-04-01 11:47:21.614708+00	105	100	326	23	\N
323	2020-04-01 11:47:33.35714+00	2020-04-01 11:47:33.357163+00	105	100	327	22	\N
324	2020-04-01 11:47:38.87363+00	2020-04-01 11:47:38.87365+00	94	100	328	22	\N
325	2020-04-02 07:02:37.75988+00	2020-04-02 07:02:37.759904+00	79	100	329	4	\N
326	2020-04-02 07:02:37.764402+00	2020-04-02 07:02:37.764425+00	19	100	330	4	\N
327	2020-04-02 07:19:29.075065+00	2020-04-02 07:19:29.075092+00	99	100	331	37	\N
328	2020-04-02 07:19:29.079825+00	2020-04-02 07:19:29.079847+00	1	100	332	37	\N
329	2020-04-02 07:20:27.936312+00	2020-04-02 07:20:27.936331+00	111	100	333	29	\N
330	2020-04-02 07:20:27.940495+00	2020-04-02 07:20:27.940511+00	6	100	334	29	\N
331	2020-04-02 07:20:27.977362+00	2020-04-02 07:20:27.97739+00	6	85.7142857142857082	335	29	\N
332	2020-04-02 07:20:27.983806+00	2020-04-02 07:20:27.983831+00	1	14.2857142857142865	335	37	\N
333	2020-04-02 07:21:04.748384+00	2020-04-02 07:21:04.748409+00	110	100	336	29	\N
334	2020-04-02 07:21:04.751949+00	2020-04-02 07:21:04.751974+00	2	100	337	29	\N
335	2020-04-02 07:21:04.788707+00	2020-04-02 07:21:04.788736+00	8	88.8888888888888857	338	29	\N
336	2020-04-02 07:21:04.794964+00	2020-04-02 07:21:04.794989+00	1	11.1111111111111107	338	37	\N
337	2020-04-02 07:21:26.025482+00	2020-04-02 07:21:26.025503+00	103	100	339	29	\N
338	2020-04-02 07:21:26.029456+00	2020-04-02 07:21:26.029475+00	6	100	340	29	\N
339	2020-04-02 07:21:26.069657+00	2020-04-02 07:21:26.069681+00	14	93.3333333333333286	341	29	\N
340	2020-04-02 07:21:26.076287+00	2020-04-02 07:21:26.076312+00	1	6.66666666666666696	341	37	\N
341	2020-04-02 07:21:50.479989+00	2020-04-02 07:21:50.480009+00	122	100	342	29	\N
342	2020-04-02 07:21:50.484768+00	2020-04-02 07:21:50.484923+00	9	100	343	29	\N
343	2020-04-02 07:21:50.521125+00	2020-04-02 07:21:50.521152+00	23	95.8333333333333286	344	29	\N
344	2020-04-02 07:21:50.5296+00	2020-04-02 07:21:50.529629+00	1	4.16666666666666696	344	37	\N
345	2020-04-02 07:22:04.540066+00	2020-04-02 07:22:04.540093+00	94	100	345	30	\N
346	2020-04-02 07:22:04.544476+00	2020-04-02 07:22:04.544503+00	4	100	346	30	\N
347	2020-04-02 07:22:04.607938+00	2020-04-02 07:22:04.608033+00	23	82.1428571428571388	347	29	\N
348	2020-04-02 07:22:04.616899+00	2020-04-02 07:22:04.616928+00	4	14.2857142857142865	347	30	\N
349	2020-04-02 07:22:04.62291+00	2020-04-02 07:22:04.622936+00	1	3.57142857142857162	347	37	\N
350	2020-04-02 07:22:14.968422+00	2020-04-02 07:22:14.968441+00	100	100	348	30	\N
351	2020-04-02 07:22:14.972334+00	2020-04-02 07:22:14.972352+00	2	100	349	30	\N
352	2020-04-02 07:22:15.00866+00	2020-04-02 07:22:15.008687+00	23	76.6666666666666714	350	29	\N
353	2020-04-02 07:22:15.014615+00	2020-04-02 07:22:15.014637+00	6	20	350	30	\N
354	2020-04-02 07:22:15.020536+00	2020-04-02 07:22:15.020557+00	1	3.33333333333333348	350	37	\N
355	2020-04-02 07:22:33.448704+00	2020-04-02 07:22:33.448723+00	97	100	351	30	\N
356	2020-04-02 07:22:33.452801+00	2020-04-02 07:22:33.452824+00	3	100	352	30	\N
357	2020-04-02 07:22:33.491264+00	2020-04-02 07:22:33.491285+00	23	69.6969696969697026	353	29	\N
358	2020-04-02 07:22:33.49729+00	2020-04-02 07:22:33.497334+00	9	27.2727272727272734	353	30	\N
359	2020-04-02 07:22:33.503934+00	2020-04-02 07:22:33.503956+00	1	3.03030303030303028	353	37	\N
360	2020-04-02 07:23:03.297123+00	2020-04-02 07:23:03.297155+00	91	100	354	30	\N
361	2020-04-02 07:23:03.301675+00	2020-04-02 07:23:03.301711+00	1	100	355	30	\N
362	2020-04-02 07:23:03.407025+00	2020-04-02 07:23:03.407055+00	23	67.6470588235294059	356	29	\N
363	2020-04-02 07:23:03.416097+00	2020-04-02 07:23:03.416129+00	10	29.4117647058823515	356	30	\N
364	2020-04-02 07:23:03.428607+00	2020-04-02 07:23:03.428642+00	1	2.9411764705882355	356	37	\N
365	2020-04-02 07:23:06.79737+00	2020-04-02 07:23:06.797397+00	95	100	357	30	\N
366	2020-04-02 07:23:06.801547+00	2020-04-02 07:23:06.801571+00	4	100	358	30	\N
367	2020-04-02 07:23:06.84365+00	2020-04-02 07:23:06.843961+00	23	60.526315789473685	359	29	\N
368	2020-04-02 07:23:06.850972+00	2020-04-02 07:23:06.850998+00	14	36.8421052631578974	359	30	\N
369	2020-04-02 07:23:06.857409+00	2020-04-02 07:23:06.857435+00	1	2.63157894736842124	359	37	\N
370	2020-04-02 07:23:29.23938+00	2020-04-02 07:23:29.239398+00	85	100	360	30	\N
371	2020-04-02 07:23:29.241518+00	2020-04-02 07:23:29.241541+00	1	100	361	30	\N
372	2020-04-02 07:23:29.265279+00	2020-04-02 07:23:29.265296+00	23	58.9743589743589709	362	29	\N
373	2020-04-02 07:23:29.269022+00	2020-04-02 07:23:29.269038+00	15	38.4615384615384599	362	30	\N
374	2020-04-02 07:23:29.272663+00	2020-04-02 07:23:29.272678+00	1	2.56410256410256432	362	37	\N
375	2020-04-02 07:23:30.563556+00	2020-04-02 07:23:30.563579+00	102	100	363	30	\N
376	2020-04-02 07:23:30.567834+00	2020-04-02 07:23:30.567852+00	2	100	364	30	\N
377	2020-04-02 07:23:30.610806+00	2020-04-02 07:23:30.610836+00	23	56.0975609756097526	365	29	\N
378	2020-04-02 07:23:30.620592+00	2020-04-02 07:23:30.620627+00	17	41.4634146341463392	365	30	\N
379	2020-04-02 07:23:30.624842+00	2020-04-02 07:23:30.624862+00	1	2.43902439024390238	365	37	\N
380	2020-04-02 07:23:59.784729+00	2020-04-02 07:23:59.784757+00	102	100	366	30	\N
381	2020-04-02 07:23:59.790095+00	2020-04-02 07:23:59.79012+00	3	100	367	30	\N
382	2020-04-02 07:23:59.833723+00	2020-04-02 07:23:59.833752+00	23	52.2727272727272734	368	29	\N
383	2020-04-02 07:23:59.843205+00	2020-04-02 07:23:59.843232+00	20	45.4545454545454533	368	30	\N
384	2020-04-02 07:23:59.850044+00	2020-04-02 07:23:59.850079+00	1	2.27272727272727293	368	37	\N
385	2020-04-02 07:24:39.52947+00	2020-04-02 07:24:39.529492+00	107	100	369	30	\N
386	2020-04-02 07:24:39.534626+00	2020-04-02 07:24:39.534645+00	4	100	370	30	\N
387	2020-04-02 07:24:39.577114+00	2020-04-02 07:24:39.577138+00	23	47.9166666666666643	371	29	\N
388	2020-04-02 07:24:39.58118+00	2020-04-02 07:24:39.581199+00	24	50	371	30	\N
389	2020-04-02 07:24:39.586899+00	2020-04-02 07:24:39.586915+00	1	2.08333333333333348	371	37	\N
390	2020-04-02 07:25:01.747544+00	2020-04-02 07:25:01.748203+00	103	100	372	30	\N
391	2020-04-02 07:25:01.759184+00	2020-04-02 07:25:01.759218+00	1	100	373	30	\N
392	2020-04-02 07:25:02.037885+00	2020-04-02 07:25:02.040323+00	23	46.9387755102040813	374	29	\N
393	2020-04-02 07:25:02.094923+00	2020-04-02 07:25:02.094956+00	25	51.0204081632653086	374	30	\N
394	2020-04-02 07:25:02.145325+00	2020-04-02 07:25:02.145368+00	1	2.04081632653061229	374	37	\N
395	2020-04-02 07:37:26.739658+00	2020-04-02 07:37:26.739683+00	21	47.7272727272727266	375	29	\N
396	2020-04-02 07:37:26.744366+00	2020-04-02 07:37:26.744388+00	2	40	376	29	\N
397	2020-04-02 07:37:26.75298+00	2020-04-02 07:37:26.753006+00	22	50	375	30	\N
398	2020-04-02 07:37:26.755079+00	2020-04-02 07:37:26.75511+00	3	60	376	30	\N
399	2020-04-02 07:37:26.758408+00	2020-04-02 07:37:26.758435+00	1	2.27272727272727293	375	37	\N
400	2020-04-02 07:37:26.760373+00	2020-04-02 07:37:26.760396+00	0	0	376	37	\N
401	2020-04-02 07:38:07.556958+00	2020-04-02 07:38:07.556983+00	18	100	377	32	\N
402	2020-04-02 07:38:07.56147+00	2020-04-02 07:38:07.561491+00	102	100	378	32	\N
403	2020-04-02 07:38:31.587657+00	2020-04-02 07:38:31.587694+00	21	100	379	32	\N
404	2020-04-02 07:38:31.598751+00	2020-04-02 07:38:31.598784+00	101	100	380	32	\N
405	2020-04-02 07:38:49.070549+00	2020-04-02 07:38:49.070568+00	5	100	381	29	\N
406	2020-04-02 07:38:49.072552+00	2020-04-02 07:38:49.072568+00	106	100	382	29	\N
407	2020-04-02 07:39:13.455585+00	2020-04-02 07:39:13.455603+00	2	100	383	29	\N
197	2020-04-01 07:15:57.583006+00	2020-04-01 07:15:57.583028+00	12	100	201	36	\N
198	2020-04-01 07:20:19.988083+00	2020-04-01 07:20:19.9881+00	13	100	202	36	\N
199	2020-04-01 07:25:13.253483+00	2020-04-01 07:25:13.253499+00	12	100	203	36	\N
200	2020-04-01 07:31:43.2452+00	2020-04-01 07:31:43.245356+00	12	100	204	36	\N
201	2020-04-01 07:33:09.523271+00	2020-04-01 07:33:09.523289+00	2	100	205	36	\N
202	2020-04-01 07:34:15.308947+00	2020-04-01 07:34:15.308968+00	1	100	206	36	\N
203	2020-04-01 07:34:15.312986+00	2020-04-01 07:34:15.313004+00	11	100	207	36	\N
204	2020-04-01 07:34:15.349572+00	2020-04-01 07:34:15.349588+00	13	100	208	36	\N
205	2020-04-01 07:36:06.642126+00	2020-04-01 07:36:06.642153+00	13	100	209	36	\N
206	2020-04-01 08:25:16.497881+00	2020-04-01 08:25:16.497917+00	121	100	210	37	\N
207	2020-04-01 08:41:56.888101+00	2020-04-01 08:41:56.888118+00	100	100	211	37	\N
208	2020-04-01 08:42:09.637395+00	2020-04-01 08:42:09.637412+00	116	100	212	37	\N
209	2020-04-01 08:42:12.617438+00	2020-04-01 08:42:12.617456+00	117	100	213	37	\N
210	2020-04-01 08:49:56.955426+00	2020-04-01 08:49:56.955444+00	106	100	214	38	\N
211	2020-04-01 08:50:01.800681+00	2020-04-01 08:50:01.80072+00	112	100	215	38	\N
212	2020-04-01 08:50:07.166659+00	2020-04-01 08:50:07.166679+00	105	100	216	38	\N
213	2020-04-01 08:50:09.44451+00	2020-04-01 08:50:09.444529+00	110	100	217	38	\N
214	2020-04-01 08:52:04.700938+00	2020-04-01 08:52:04.700959+00	107	100	218	38	\N
215	2020-04-01 08:53:56.837278+00	2020-04-01 08:53:56.837296+00	120	100	219	32	\N
216	2020-04-01 08:54:01.165641+00	2020-04-01 08:54:01.165693+00	122	100	220	32	\N
217	2020-04-01 09:12:13.265056+00	2020-04-01 09:12:13.265076+00	120	100	221	29	\N
218	2020-04-01 09:12:20.897222+00	2020-04-01 09:12:20.897239+00	114	100	222	29	\N
219	2020-04-01 09:12:23.829542+00	2020-04-01 09:12:23.829559+00	114	100	223	29	\N
220	2020-04-01 09:12:31.135069+00	2020-04-01 09:12:31.135087+00	137	100	224	29	\N
221	2020-04-01 09:36:16.767521+00	2020-04-01 09:36:16.767539+00	99	100	225	30	\N
222	2020-04-01 09:36:20.986272+00	2020-04-01 09:36:20.986288+00	103	100	226	30	\N
223	2020-04-01 09:36:24.73832+00	2020-04-01 09:36:24.738335+00	101	100	227	30	\N
224	2020-04-01 09:36:28.215603+00	2020-04-01 09:36:28.215619+00	99	100	228	30	\N
225	2020-04-01 09:39:41.470933+00	2020-04-01 09:39:41.470949+00	94	100	229	30	\N
226	2020-04-01 09:50:46.858919+00	2020-04-01 09:50:46.858935+00	88	100	230	30	\N
227	2020-04-01 09:52:28.011002+00	2020-04-01 09:52:28.011091+00	105	100	231	30	\N
228	2020-04-01 09:55:44.574712+00	2020-04-01 09:55:44.574738+00	106	100	232	30	\N
229	2020-04-01 10:11:54.180294+00	2020-04-01 10:11:54.180319+00	108	100	233	30	\N
230	2020-04-01 10:11:59.875004+00	2020-04-01 10:11:59.875043+00	115	100	234	30	\N
231	2020-04-01 10:12:04.114994+00	2020-04-01 10:12:04.115022+00	105	100	235	30	\N
232	2020-04-01 10:12:08.475303+00	2020-04-01 10:12:08.475324+00	100	100	236	30	\N
233	2020-04-01 10:13:06.719401+00	2020-04-01 10:13:06.719418+00	113	100	237	30	\N
234	2020-04-01 10:13:23.968993+00	2020-04-01 10:13:23.969009+00	96	100	238	32	\N
235	2020-04-01 10:13:25.622994+00	2020-04-01 10:13:25.623017+00	96	100	239	32	\N
236	2020-04-01 10:13:30.654903+00	2020-04-01 10:13:30.654931+00	103	100	240	32	\N
237	2020-04-01 10:21:16.539324+00	2020-04-01 10:21:16.539341+00	99	100	241	32	\N
238	2020-04-01 10:21:25.175009+00	2020-04-01 10:21:25.1751+00	105	100	242	32	\N
239	2020-04-01 10:21:29.705256+00	2020-04-01 10:21:29.705278+00	99	100	243	32	\N
240	2020-04-01 10:21:49.912078+00	2020-04-01 10:21:49.912098+00	110	100	244	37	\N
241	2020-04-01 10:58:05.029808+00	2020-04-01 10:58:05.029849+00	94	100	245	39	\N
242	2020-04-01 10:58:12.354676+00	2020-04-01 10:58:12.354695+00	113	100	246	39	\N
243	2020-04-01 10:58:36.057728+00	2020-04-01 10:58:36.057744+00	115	100	247	39	\N
244	2020-04-01 10:58:43.105577+00	2020-04-01 10:58:43.105593+00	112	100	248	39	\N
245	2020-04-01 10:58:47.727702+00	2020-04-01 10:58:47.727721+00	117	100	249	39	\N
246	2020-04-01 10:59:21.280865+00	2020-04-01 10:59:21.280882+00	84	100	250	28	\N
247	2020-04-01 11:00:26.490492+00	2020-04-01 11:00:26.490515+00	78	100	251	28	\N
248	2020-04-01 11:00:29.794635+00	2020-04-01 11:00:29.794658+00	80	100	252	28	\N
249	2020-04-01 11:00:33.016715+00	2020-04-01 11:00:33.016738+00	88	100	253	28	\N
250	2020-04-01 11:00:36.576223+00	2020-04-01 11:00:36.576247+00	65	100	254	28	\N
251	2020-04-01 11:00:46.662181+00	2020-04-01 11:00:46.662199+00	86	100	255	28	\N
252	2020-04-01 11:00:59.618579+00	2020-04-01 11:00:59.618595+00	87	100	256	27	\N
253	2020-04-01 11:01:10.95112+00	2020-04-01 11:01:10.95114+00	90	100	257	27	\N
254	2020-04-01 11:01:16.840896+00	2020-04-01 11:01:16.840912+00	93	100	258	27	\N
255	2020-04-01 11:01:21.343859+00	2020-04-01 11:01:21.343885+00	90	100	259	27	\N
256	2020-04-01 11:01:26.454739+00	2020-04-01 11:01:26.454757+00	79	100	260	27	\N
257	2020-04-01 11:01:34.030871+00	2020-04-01 11:01:34.030887+00	89	100	261	27	\N
258	2020-04-01 11:01:46.65302+00	2020-04-01 11:01:46.653046+00	105	100	262	31	\N
259	2020-04-01 11:02:07.388542+00	2020-04-01 11:02:07.388559+00	116	100	263	31	\N
260	2020-04-01 11:02:16.191777+00	2020-04-01 11:02:16.191793+00	117	100	264	31	\N
261	2020-04-01 11:02:20.719693+00	2020-04-01 11:02:20.71971+00	114	100	265	31	\N
262	2020-04-01 11:02:44.962038+00	2020-04-01 11:02:44.962064+00	104	100	266	24	\N
263	2020-04-01 11:02:50.210483+00	2020-04-01 11:02:50.210501+00	104	100	267	24	\N
264	2020-04-01 11:02:56.020282+00	2020-04-01 11:02:56.0203+00	101	100	268	24	\N
266	2020-04-01 11:04:19.284417+00	2020-04-01 11:04:19.28444+00	106	100	270	24	\N
267	2020-04-01 11:04:28.927668+00	2020-04-01 11:04:28.927685+00	101	100	271	19	\N
187	2020-03-22 11:50:36.203446+00	2020-03-22 11:50:36.203462+00	31	100	190	2	\N
268	2020-04-01 11:04:45.42207+00	2020-04-01 11:04:45.422089+00	104	100	272	19	\N
269	2020-04-01 11:04:49.875087+00	2020-04-01 11:04:49.875108+00	90	100	273	19	\N
270	2020-04-01 11:04:58.505955+00	2020-04-01 11:04:58.505971+00	87	100	274	19	\N
271	2020-04-01 11:05:02.360399+00	2020-04-01 11:05:02.360434+00	96	100	275	19	\N
272	2020-04-01 11:06:05.18462+00	2020-04-01 11:06:05.184651+00	90	100	276	21	\N
273	2020-04-01 11:06:17.931935+00	2020-04-01 11:06:17.931951+00	91	100	277	21	\N
194	2020-03-31 04:17:45.144405+00	2020-03-31 04:17:45.144422+00	3	100	198	36	\N
195	2020-03-31 06:53:19.151728+00	2020-03-31 06:53:19.151742+00	13	100	199	36	\N
196	2020-03-31 06:55:15.720526+00	2020-03-31 06:55:15.720558+00	13	100	200	36	\N
274	2020-04-01 11:06:33.007126+00	2020-04-01 11:06:33.007143+00	90	100	278	22	\N
275	2020-04-01 11:07:04.9944+00	2020-04-01 11:07:04.994423+00	95	100	279	22	\N
276	2020-04-01 11:07:14.076671+00	2020-04-01 11:07:14.076689+00	92	100	280	22	\N
277	2020-04-01 11:07:36.892996+00	2020-04-01 11:07:36.893013+00	85	100	281	20	\N
278	2020-04-01 11:07:55.966409+00	2020-04-01 11:07:55.966432+00	98	100	282	21	\N
279	2020-04-01 11:08:45.416344+00	2020-04-01 11:08:45.416365+00	107	100	283	21	\N
280	2020-04-01 11:08:53.599828+00	2020-04-01 11:08:53.599847+00	96	100	284	21	\N
281	2020-04-01 11:08:58.286296+00	2020-04-01 11:08:58.286312+00	95	100	285	21	\N
282	2020-04-01 11:09:21.658351+00	2020-04-01 11:09:21.658367+00	90	100	286	20	\N
283	2020-04-01 11:09:30.414356+00	2020-04-01 11:09:30.414402+00	79	100	287	20	\N
284	2020-04-01 11:09:55.187242+00	2020-04-01 11:09:55.187258+00	86	100	288	20	\N
285	2020-04-01 11:09:58.556455+00	2020-04-01 11:09:58.556483+00	86	100	289	20	\N
286	2020-04-01 11:10:07.854445+00	2020-04-01 11:10:07.854473+00	89	100	290	20	\N
287	2020-04-01 11:10:37.409225+00	2020-04-01 11:10:37.409242+00	91	100	291	20	\N
288	2020-04-01 11:10:42.267765+00	2020-04-01 11:10:42.267788+00	96	100	292	20	\N
289	2020-04-01 11:11:44.333244+00	2020-04-01 11:11:44.33326+00	104	100	293	4	\N
290	2020-04-01 11:11:51.580165+00	2020-04-01 11:11:51.580184+00	106	100	294	4	\N
291	2020-04-01 11:11:53.352636+00	2020-04-01 11:11:53.352664+00	106	100	295	4	\N
292	2020-04-01 11:11:56.674813+00	2020-04-01 11:11:56.674829+00	98	100	296	4	\N
293	2020-04-01 11:12:03.035311+00	2020-04-01 11:12:03.035339+00	105	100	297	4	\N
294	2020-04-01 11:12:46.112033+00	2020-04-01 11:12:46.11205+00	106	100	298	6	\N
295	2020-04-01 11:12:54.411941+00	2020-04-01 11:12:54.411958+00	98	100	299	6	\N
296	2020-04-01 11:13:09.533071+00	2020-04-01 11:13:09.533088+00	106	100	300	6	\N
297	2020-04-01 11:13:13.478633+00	2020-04-01 11:13:13.47866+00	103	100	301	6	\N
298	2020-04-01 11:13:37.203025+00	2020-04-01 11:13:37.203041+00	98	100	302	4	\N
299	2020-04-01 11:14:03.610907+00	2020-04-01 11:14:03.610945+00	99	100	303	8	\N
300	2020-04-01 11:14:07.825672+00	2020-04-01 11:14:07.825689+00	101	100	304	8	\N
408	2020-04-02 07:39:13.459782+00	2020-04-02 07:39:13.459799+00	108	100	384	29	\N
409	2020-04-02 07:39:32.645979+00	2020-04-02 07:39:32.646009+00	1	100	385	29	\N
410	2020-04-02 07:39:32.651265+00	2020-04-02 07:39:32.651287+00	102	100	386	29	\N
411	2020-04-02 07:39:48.485154+00	2020-04-02 07:39:48.485173+00	6	100	387	29	\N
412	2020-04-02 07:39:48.487809+00	2020-04-02 07:39:48.487825+00	116	100	388	29	\N
413	2020-04-02 07:41:56.741643+00	2020-04-02 07:41:56.741659+00	102	100	389	30	\N
414	2020-04-02 07:41:56.747064+00	2020-04-02 07:41:56.74708+00	1	100	390	30	\N
415	2020-04-02 07:41:56.789222+00	2020-04-02 07:41:56.789239+00	21	46.6666666666666643	391	29	\N
416	2020-04-02 07:41:56.795411+00	2020-04-02 07:41:56.79543+00	23	51.1111111111111143	391	30	\N
417	2020-04-02 07:41:56.802324+00	2020-04-02 07:41:56.802352+00	1	2.22222222222222232	391	37	\N
418	2020-04-02 07:42:22.76941+00	2020-04-02 07:42:22.769431+00	99	100	392	30	\N
419	2020-04-02 07:42:22.771828+00	2020-04-02 07:42:22.771844+00	1	100	393	30	\N
420	2020-04-02 07:42:22.810868+00	2020-04-02 07:42:22.810896+00	21	45.6521739130434767	394	29	\N
421	2020-04-02 07:42:22.817701+00	2020-04-02 07:42:22.817728+00	24	52.1739130434782581	394	30	\N
422	2020-04-02 07:42:22.824354+00	2020-04-02 07:42:22.824388+00	1	2.17391304347826075	394	37	\N
423	2020-04-02 07:50:07.185795+00	2020-04-02 07:50:07.185824+00	2	1.86915887850467288	395	29	\N
424	2020-04-02 07:50:07.191657+00	2020-04-02 07:50:07.191687+00	3	2.80373831775700921	395	30	\N
425	2020-04-02 07:50:07.198849+00	2020-04-02 07:50:07.198889+00	102	95.3271028037383132	395	32	\N
426	2020-04-02 07:50:07.205703+00	2020-04-02 07:50:07.205732+00	0	0	395	37	\N
427	2020-04-02 08:12:38.291506+00	2020-04-02 08:12:38.291524+00	6	100	396	36	\N
428	2020-04-02 08:13:13.054503+00	2020-04-02 08:13:13.054523+00	17	100	397	36	\N
429	2020-04-02 08:13:43.381201+00	2020-04-02 08:13:43.381223+00	12	100	398	36	\N
430	2020-04-02 08:14:59.496844+00	2020-04-02 08:14:59.496863+00	12	100	399	36	\N
431	2020-04-02 08:15:14.923974+00	2020-04-02 08:15:14.924014+00	9	100	400	36	\N
432	2020-04-02 08:15:30.07597+00	2020-04-02 08:15:30.075987+00	12	100	401	36	\N
433	2020-04-02 08:15:44.153649+00	2020-04-02 08:15:44.153666+00	15	100	402	36	\N
434	2020-04-02 08:15:57.029596+00	2020-04-02 08:15:57.02962+00	11	100	403	36	\N
435	2020-04-02 08:16:13.706115+00	2020-04-02 08:16:13.70613+00	9	100	404	36	\N
436	2020-04-02 08:17:44.383154+00	2020-04-02 08:17:44.383173+00	5	100	405	36	\N
437	2020-04-02 08:19:09.867519+00	2020-04-02 08:19:09.867537+00	14	100	406	36	\N
438	2020-04-02 08:19:24.488745+00	2020-04-02 08:19:24.488765+00	13	100	407	36	\N
439	2020-04-02 08:21:58.027271+00	2020-04-02 08:21:58.027297+00	2	100	408	36	\N
440	2020-04-02 08:21:58.031743+00	2020-04-02 08:21:58.031765+00	4	100	409	36	\N
441	2020-04-02 08:21:58.078422+00	2020-04-02 08:21:58.078451+00	21	100	410	36	\N
442	2020-04-02 08:23:14.200502+00	2020-04-02 08:23:14.200519+00	13	100	411	36	\N
443	2020-04-02 08:23:14.20527+00	2020-04-02 08:23:14.205287+00	8	100	412	36	\N
444	2020-04-02 08:23:14.245726+00	2020-04-02 08:23:14.245746+00	10	100	413	36	\N
445	2020-04-02 08:24:26.081107+00	2020-04-02 08:24:26.081136+00	13	100	414	36	\N
446	2020-04-02 08:24:26.08576+00	2020-04-02 08:24:26.085784+00	2	100	415	36	\N
447	2020-04-02 08:24:26.130247+00	2020-04-02 08:24:26.130277+00	11	100	416	36	\N
448	2020-04-02 08:24:57.073724+00	2020-04-02 08:24:57.073742+00	3	100	417	36	\N
449	2020-04-02 08:24:57.078194+00	2020-04-02 08:24:57.07821+00	2	100	418	36	\N
450	2020-04-02 08:24:57.111569+00	2020-04-02 08:24:57.111587+00	11	100	419	36	\N
451	2020-04-02 08:26:11.440566+00	2020-04-02 08:26:11.440591+00	14	100	420	36	\N
452	2020-04-03 02:29:07.673555+00	2020-04-03 02:29:07.673587+00	12	100	421	32	\N
453	2020-04-03 02:29:07.678738+00	2020-04-03 02:29:07.678776+00	6	100	422	32	\N
454	2020-04-03 02:31:09.602334+00	2020-04-03 02:31:09.602354+00	91	100	423	30	\N
455	2020-04-03 02:31:09.607405+00	2020-04-03 02:31:09.607424+00	3	100	424	30	\N
456	2020-04-03 02:31:09.636051+00	2020-04-03 02:31:09.63607+00	3	33.3333333333333357	425	30	\N
457	2020-04-03 02:31:09.640794+00	2020-04-03 02:31:09.640815+00	6	66.6666666666666714	425	32	\N
458	2020-04-03 02:32:06.702635+00	2020-04-03 02:32:06.702659+00	97	100	426	30	\N
459	2020-04-03 02:32:06.706712+00	2020-04-03 02:32:06.706729+00	3	100	427	30	\N
460	2020-04-03 02:32:06.743099+00	2020-04-03 02:32:06.743116+00	6	50	428	30	\N
461	2020-04-03 02:32:06.748775+00	2020-04-03 02:32:06.748791+00	6	50	428	32	\N
462	2020-04-03 02:32:27.97363+00	2020-04-03 02:32:27.973651+00	94	100	429	30	\N
463	2020-04-03 02:32:27.97763+00	2020-04-03 02:32:27.977649+00	1	100	430	30	\N
464	2020-04-03 02:32:28.019816+00	2020-04-03 02:32:28.019846+00	7	53.8461538461538467	431	30	\N
465	2020-04-03 02:32:28.026516+00	2020-04-03 02:32:28.026544+00	6	46.1538461538461533	431	32	\N
466	2020-04-03 02:33:37.091486+00	2020-04-03 02:33:37.091509+00	90	100	432	30	\N
467	2020-04-03 02:33:37.096481+00	2020-04-03 02:33:37.096504+00	1	100	433	30	\N
468	2020-04-03 02:33:37.137956+00	2020-04-03 02:33:37.137977+00	8	57.1428571428571459	434	30	\N
469	2020-04-03 02:33:37.144585+00	2020-04-03 02:33:37.144608+00	6	42.8571428571428541	434	32	\N
470	2020-04-03 02:33:54.776124+00	2020-04-03 02:33:54.776149+00	80	100	435	30	\N
471	2020-04-03 02:33:54.780477+00	2020-04-03 02:33:54.780494+00	5	100	436	30	\N
472	2020-04-03 02:33:54.818549+00	2020-04-03 02:33:54.81857+00	13	68.4210526315789451	437	30	\N
473	2020-04-03 02:33:54.824869+00	2020-04-03 02:33:54.824888+00	6	31.5789473684210513	437	32	\N
474	2020-04-03 02:34:31.475887+00	2020-04-03 02:34:31.475911+00	99	100	438	30	\N
475	2020-04-03 02:34:31.480511+00	2020-04-03 02:34:31.480531+00	3	100	439	30	\N
476	2020-04-03 02:34:31.520026+00	2020-04-03 02:34:31.520044+00	16	72.7272727272727337	440	30	\N
477	2020-04-03 02:34:31.524292+00	2020-04-03 02:34:31.524317+00	6	27.2727272727272734	440	32	\N
478	2020-04-03 02:34:45.33144+00	2020-04-03 02:34:45.331468+00	98	100	441	30	\N
479	2020-04-03 02:34:45.336658+00	2020-04-03 02:34:45.336685+00	6	100	442	30	\N
480	2020-04-03 02:34:45.369515+00	2020-04-03 02:34:45.369539+00	22	78.5714285714285694	443	30	\N
481	2020-04-03 02:34:45.373614+00	2020-04-03 02:34:45.373635+00	6	21.428571428571427	443	32	\N
482	2020-04-03 02:35:29.557501+00	2020-04-03 02:35:29.557524+00	99	100	444	30	\N
483	2020-04-03 02:35:29.562032+00	2020-04-03 02:35:29.562065+00	3	100	445	30	\N
484	2020-04-03 02:35:29.597138+00	2020-04-03 02:35:29.59717+00	25	80.6451612903225765	446	30	\N
485	2020-04-03 02:35:29.600853+00	2020-04-03 02:35:29.600873+00	6	19.3548387096774199	446	32	\N
486	2020-04-03 02:35:42.683263+00	2020-04-03 02:35:42.683294+00	104	100	447	30	\N
487	2020-04-03 02:35:42.687631+00	2020-04-03 02:35:42.687656+00	3	100	448	30	\N
488	2020-04-03 02:35:42.727552+00	2020-04-03 02:35:42.72758+00	28	82.3529411764705941	449	30	\N
489	2020-04-03 02:35:42.734449+00	2020-04-03 02:35:42.734477+00	6	17.647058823529413	449	32	\N
490	2020-04-03 02:36:00.502213+00	2020-04-03 02:36:00.502235+00	99	100	450	30	\N
491	2020-04-03 02:36:00.506394+00	2020-04-03 02:36:00.506419+00	3	100	451	30	\N
492	2020-04-03 02:36:00.542963+00	2020-04-03 02:36:00.542989+00	31	83.7837837837837895	452	30	\N
493	2020-04-03 02:36:00.554732+00	2020-04-03 02:36:00.554781+00	6	16.2162162162162176	452	32	\N
494	2020-04-03 02:36:23.316854+00	2020-04-03 02:36:23.316878+00	96	100	453	30	\N
495	2020-04-03 02:36:23.321265+00	2020-04-03 02:36:23.321283+00	3	100	454	30	\N
496	2020-04-03 02:36:23.358654+00	2020-04-03 02:36:23.358679+00	34	85	455	30	\N
497	2020-04-03 02:36:23.364912+00	2020-04-03 02:36:23.364933+00	6	15	455	32	\N
498	2020-04-03 02:37:02.969803+00	2020-04-03 02:37:02.969833+00	109	100	456	30	\N
499	2020-04-03 02:37:02.975011+00	2020-04-03 02:37:02.975035+00	4	100	457	30	\N
500	2020-04-03 02:37:03.030154+00	2020-04-03 02:37:03.030184+00	38	86.3636363636363598	458	30	\N
501	2020-04-03 02:37:03.036514+00	2020-04-03 02:37:03.036548+00	6	13.6363636363636367	458	32	\N
502	2020-04-03 02:37:19.349681+00	2020-04-03 02:37:19.349724+00	91	100	459	32	\N
503	2020-04-03 02:37:19.352993+00	2020-04-03 02:37:19.353012+00	5	100	460	32	\N
504	2020-04-03 02:37:19.396677+00	2020-04-03 02:37:19.3967+00	38	77.5510204081632679	461	30	\N
505	2020-04-03 02:37:19.403542+00	2020-04-03 02:37:19.403559+00	11	22.4489795918367356	461	32	\N
506	2020-04-03 02:37:36.932404+00	2020-04-03 02:37:36.932427+00	91	100	462	32	\N
507	2020-04-03 02:37:36.936484+00	2020-04-03 02:37:36.936505+00	3	100	463	32	\N
508	2020-04-03 02:37:36.977423+00	2020-04-03 02:37:36.977455+00	38	73.0769230769230802	464	30	\N
509	2020-04-03 02:37:36.984547+00	2020-04-03 02:37:36.984576+00	14	26.9230769230769234	464	32	\N
510	2020-04-03 02:37:54.637253+00	2020-04-03 02:37:54.637277+00	99	100	465	32	\N
511	2020-04-03 02:37:54.642747+00	2020-04-03 02:37:54.642773+00	3	100	466	32	\N
512	2020-04-03 02:37:54.68111+00	2020-04-03 02:37:54.681137+00	38	69.0909090909090935	467	30	\N
513	2020-04-03 02:37:54.687159+00	2020-04-03 02:37:54.687187+00	17	30.9090909090909101	467	32	\N
514	2020-04-03 02:38:29.433724+00	2020-04-03 02:38:29.433751+00	102	100	468	32	\N
515	2020-04-03 02:38:29.438525+00	2020-04-03 02:38:29.438543+00	1	100	469	32	\N
516	2020-04-03 02:38:29.473425+00	2020-04-03 02:38:29.473446+00	38	67.8571428571428612	470	30	\N
517	2020-04-03 02:38:29.477284+00	2020-04-03 02:38:29.477301+00	18	32.1428571428571459	470	32	\N
518	2020-04-03 02:38:44.218996+00	2020-04-03 02:38:44.219013+00	97	100	471	32	\N
519	2020-04-03 02:38:44.223619+00	2020-04-03 02:38:44.223635+00	2	100	472	32	\N
520	2020-04-03 02:38:44.266862+00	2020-04-03 02:38:44.266891+00	38	65.5172413793103487	473	30	\N
521	2020-04-03 02:38:44.272988+00	2020-04-03 02:38:44.273005+00	20	34.4827586206896584	473	32	\N
522	2020-04-03 02:40:04.083307+00	2020-04-03 02:40:04.08334+00	90	100	474	30	\N
523	2020-04-03 02:40:04.088827+00	2020-04-03 02:40:04.088858+00	1	100	475	30	\N
524	2020-04-03 02:40:04.204612+00	2020-04-03 02:40:04.204655+00	39	66.1016949152542423	476	30	\N
525	2020-04-03 02:40:04.21429+00	2020-04-03 02:40:04.21432+00	20	33.8983050847457648	476	32	\N
526	2020-04-03 02:40:26.643696+00	2020-04-03 02:40:26.643713+00	89	100	477	30	\N
527	2020-04-03 02:40:26.650841+00	2020-04-03 02:40:26.650857+00	1	100	478	30	\N
528	2020-04-03 02:40:26.691737+00	2020-04-03 02:40:26.691756+00	40	66.6666666666666714	479	30	\N
529	2020-04-03 02:40:26.699923+00	2020-04-03 02:40:26.699954+00	20	33.3333333333333357	479	32	\N
530	2020-04-03 02:42:38.822218+00	2020-04-03 02:42:38.822239+00	98	100	480	30	\N
531	2020-04-03 02:42:38.826741+00	2020-04-03 02:42:38.826759+00	1	100	481	30	\N
532	2020-04-03 02:42:38.866701+00	2020-04-03 02:42:38.866734+00	41	67.2131147540983562	482	30	\N
533	2020-04-03 02:42:38.873067+00	2020-04-03 02:42:38.873086+00	20	32.7868852459016367	482	32	\N
534	2020-04-03 02:42:49.396388+00	2020-04-03 02:42:49.396406+00	95	100	483	30	\N
535	2020-04-03 02:42:49.400527+00	2020-04-03 02:42:49.400556+00	1	100	484	30	\N
536	2020-04-03 02:42:49.445792+00	2020-04-03 02:42:49.445821+00	42	67.7419354838709609	485	30	\N
537	2020-04-03 02:42:49.453031+00	2020-04-03 02:42:49.453057+00	20	32.258064516129032	485	32	\N
538	2020-04-03 04:15:00.161342+00	2020-04-03 04:15:00.161366+00	108	100	486	40	\N
539	2020-04-03 04:15:15.386466+00	2020-04-03 04:15:15.386492+00	91	100	487	20	\N
540	2020-04-03 04:15:22.789619+00	2020-04-03 04:15:22.789638+00	92	100	488	20	\N
541	2020-04-03 04:20:52.341747+00	2020-04-03 04:20:52.341766+00	98	100	489	4	\N
542	2020-04-03 06:02:56.521488+00	2020-04-03 06:02:56.521509+00	39	68.4210526315789451	490	30	\N
543	2020-04-03 06:02:56.527693+00	2020-04-03 06:02:56.527715+00	2	66.6666666666666714	491	30	\N
544	2020-04-03 06:02:56.532407+00	2020-04-03 06:02:56.532426+00	18	31.5789473684210513	490	32	\N
545	2020-04-03 06:02:56.540109+00	2020-04-03 06:02:56.540128+00	1	33.3333333333333357	491	32	\N
546	2020-04-03 06:02:56.573103+00	2020-04-03 06:02:56.573128+00	101	99.0196078431372513	492	30	\N
547	2020-04-03 06:02:56.579052+00	2020-04-03 06:02:56.579075+00	1	0.980392156862745057	492	32	\N
548	2020-04-03 06:03:00.997744+00	2020-04-03 06:03:00.997774+00	36	67.9245283018867951	493	30	\N
549	2020-04-03 06:03:01.00171+00	2020-04-03 06:03:01.001733+00	3	75	494	30	\N
550	2020-04-03 06:03:01.006848+00	2020-04-03 06:03:01.006872+00	17	32.0754716981132049	493	32	\N
551	2020-04-03 06:03:01.010527+00	2020-04-03 06:03:01.010545+00	1	25	494	32	\N
552	2020-04-03 06:03:01.047691+00	2020-04-03 06:03:01.047718+00	107	99.0740740740740762	495	30	\N
553	2020-04-03 06:03:01.053467+00	2020-04-03 06:03:01.053494+00	1	0.92592592592592593	495	32	\N
554	2020-04-03 06:17:58.486761+00	2020-04-03 06:17:58.486778+00	79	100	496	4	\N
555	2020-04-03 06:17:58.489392+00	2020-04-03 06:17:58.489409+00	19	100	497	4	\N
556	2020-04-03 06:24:37.315828+00	2020-04-03 06:24:37.315858+00	93	100	498	8	\N
557	2020-04-03 06:24:37.322241+00	2020-04-03 06:24:37.322279+00	2	100	499	8	\N
558	2020-04-03 07:25:20.212385+00	2020-04-03 07:25:20.212402+00	13	100	500	36	\N
559	2020-04-03 07:26:25.106715+00	2020-04-03 07:26:25.106732+00	11	100	501	36	\N
560	2020-04-03 07:27:19.404009+00	2020-04-03 07:27:19.404034+00	11	100	502	36	\N
561	2020-04-03 07:28:00.797781+00	2020-04-03 07:28:00.797813+00	13	100	503	36	\N
562	2020-04-03 07:28:53.528809+00	2020-04-03 07:28:53.528838+00	9	100	504	36	\N
563	2020-04-03 07:30:08.964961+00	2020-04-03 07:30:08.964981+00	14	100	505	36	\N
564	2020-04-03 07:30:44.941595+00	2020-04-03 07:30:44.941629+00	9	100	506	36	\N
565	2020-04-03 07:31:29.11236+00	2020-04-03 07:31:29.112395+00	14	100	507	36	\N
566	2020-04-03 07:32:04.988942+00	2020-04-03 07:32:04.988961+00	12	100	508	36	\N
567	2020-04-03 07:32:31.140621+00	2020-04-03 07:32:31.140644+00	12	100	509	36	\N
568	2020-04-03 07:33:11.201401+00	2020-04-03 07:33:11.201434+00	14	100	510	36	\N
569	2020-04-03 07:33:46.665475+00	2020-04-03 07:33:46.665497+00	11	100	511	36	\N
570	2020-04-03 07:34:32.557674+00	2020-04-03 07:34:32.5577+00	7	100	512	36	\N
571	2020-04-03 07:35:29.266973+00	2020-04-03 07:35:29.26699+00	10	100	513	36	\N
572	2020-04-04 03:54:06.23246+00	2020-04-04 03:54:06.232487+00	20	100	514	36	\N
573	2020-04-04 03:54:34.578496+00	2020-04-04 03:54:34.578515+00	13	100	515	36	\N
574	2020-04-04 03:54:34.582496+00	2020-04-04 03:54:34.582512+00	7	100	516	36	\N
575	2020-04-04 03:54:34.606645+00	2020-04-04 03:54:34.606662+00	14	100	517	36	\N
576	2020-04-04 05:22:57.564974+00	2020-04-04 05:22:57.564991+00	6	100	518	36	\N
577	2020-04-04 06:09:54.875712+00	2020-04-04 06:09:54.875731+00	9	100	519	36	\N
578	2020-04-04 06:11:45.932558+00	2020-04-04 06:11:45.932576+00	8	100	520	36	\N
579	2020-04-04 06:13:15.420463+00	2020-04-04 06:13:15.420484+00	12	100	521	36	\N
580	2020-04-04 06:16:54.518776+00	2020-04-04 06:16:54.518791+00	9	100	522	36	\N
581	2020-04-04 06:17:49.167398+00	2020-04-04 06:17:49.167415+00	12	100	523	36	\N
582	2020-04-04 06:19:36.467112+00	2020-04-04 06:19:36.467131+00	12	100	524	36	\N
583	2020-04-04 06:20:21.425814+00	2020-04-04 06:20:21.425832+00	17	100	525	36	\N
584	2020-04-04 06:21:11.699689+00	2020-04-04 06:21:11.699706+00	13	100	526	36	\N
585	2020-04-04 06:21:11.704105+00	2020-04-04 06:21:11.704124+00	4	100	527	36	\N
586	2020-04-04 06:21:11.74221+00	2020-04-04 06:21:11.742232+00	13	100	528	36	\N
587	2020-04-04 06:22:15.277071+00	2020-04-04 06:22:15.27709+00	15	100	529	36	\N
588	2020-04-04 06:22:44.007249+00	2020-04-04 06:22:44.007277+00	13	100	530	36	\N
589	2020-04-04 06:22:44.011198+00	2020-04-04 06:22:44.011213+00	2	100	531	36	\N
590	2020-04-04 06:22:44.04558+00	2020-04-04 06:22:44.045609+00	11	100	532	36	\N
591	2020-04-04 06:24:48.281085+00	2020-04-04 06:24:48.281106+00	12	100	533	36	\N
592	2020-04-04 06:28:37.716334+00	2020-04-04 06:28:37.71635+00	13	100	534	36	\N
593	2020-04-04 06:37:48.575173+00	2020-04-04 06:37:48.5752+00	12	100	535	36	\N
594	2020-04-04 06:47:32.243775+00	2020-04-04 06:47:32.243796+00	8	100	536	36	\N
595	2020-04-04 06:47:49.479541+00	2020-04-04 06:47:49.479557+00	14	100	537	36	\N
596	2020-04-05 06:58:06.500023+00	2020-04-05 06:58:06.500039+00	15	100	538	36	\N
597	2020-04-05 06:58:38.106009+00	2020-04-05 06:58:38.106026+00	9	100	539	36	\N
598	2020-04-05 06:59:19.031343+00	2020-04-05 06:59:19.031362+00	13	100	540	36	\N
599	2020-04-05 06:59:19.036264+00	2020-04-05 06:59:19.036283+00	2	100	541	36	\N
600	2020-04-05 06:59:19.098514+00	2020-04-05 06:59:19.098535+00	11	100	542	36	\N
601	2020-04-05 07:00:34.26672+00	2020-04-05 07:00:34.266736+00	8	100	543	36	\N
602	2020-04-05 07:01:45.794528+00	2020-04-05 07:01:45.794551+00	14	100	544	36	\N
603	2020-04-05 07:03:24.90561+00	2020-04-05 07:03:24.905629+00	13	100	545	36	\N
604	2020-04-05 08:23:38.126192+00	2020-04-05 08:23:38.126216+00	108	100	546	41	\N
605	2020-04-05 08:23:45.315738+00	2020-04-05 08:23:45.315758+00	108	100	547	41	\N
606	2020-04-05 08:23:59.840241+00	2020-04-05 08:23:59.840263+00	104	100	548	41	\N
607	2020-04-05 08:24:02.52571+00	2020-04-05 08:24:02.525729+00	115	100	549	41	\N
608	2020-04-05 08:24:05.359797+00	2020-04-05 08:24:05.359821+00	102	100	550	41	\N
609	2020-04-06 06:24:24.943663+00	2020-04-06 06:24:24.943681+00	5	100	551	36	\N
610	2020-04-06 06:25:35.548024+00	2020-04-06 06:25:35.54804+00	12	100	552	36	\N
611	2020-04-06 06:29:45.600242+00	2020-04-06 06:29:45.600272+00	1	100	553	39	\N
612	2020-04-06 06:29:45.605382+00	2020-04-06 06:29:45.60541+00	115	100	554	39	\N
613	2020-04-06 06:31:33.251267+00	2020-04-06 06:31:33.251284+00	1	100	555	39	\N
614	2020-04-06 06:31:33.255714+00	2020-04-06 06:31:33.25573+00	109	100	556	39	\N
615	2020-04-06 06:32:56.493254+00	2020-04-06 06:32:56.49327+00	5	100	557	39	\N
616	2020-04-06 06:32:56.497327+00	2020-04-06 06:32:56.497343+00	108	100	558	39	\N
617	2020-04-07 07:58:21.591415+00	2020-04-07 07:58:21.591435+00	10	100	560	36	\N
618	2020-04-07 07:58:52.175457+00	2020-04-07 07:58:52.175473+00	11	100	561	36	\N
619	2020-04-07 07:59:07.323501+00	2020-04-07 07:59:07.323517+00	14	100	562	36	\N
620	2020-04-07 07:59:16.120562+00	2020-04-07 07:59:16.120579+00	13	100	563	42	\N
621	2020-04-08 01:15:46.782792+00	2020-04-08 01:15:46.782815+00	93	100	564	32	\N
622	2020-04-08 01:15:46.787344+00	2020-04-08 01:15:46.787363+00	2	100	565	32	\N
623	2020-04-08 01:15:46.834548+00	2020-04-08 01:15:46.834566+00	36	67.9245283018867951	566	30	\N
624	2020-04-08 01:15:46.84105+00	2020-04-08 01:15:46.841067+00	19	35.8490566037735832	566	32	\N
625	2020-04-08 01:16:33.764554+00	2020-04-08 01:16:33.764575+00	95	100	567	30	\N
626	2020-04-08 01:16:33.766743+00	2020-04-08 01:16:33.76676+00	1	100	568	30	\N
627	2020-04-08 01:16:33.79252+00	2020-04-08 01:16:33.792542+00	37	68.518518518518519	569	30	\N
628	2020-04-08 01:16:33.799782+00	2020-04-08 01:16:33.799806+00	19	35.1851851851851833	569	32	\N
629	2020-04-08 05:17:42.661615+00	2020-04-08 05:17:42.661634+00	1	100	570	36	\N
630	2020-04-08 07:09:32.209127+00	2020-04-08 07:09:32.209144+00	6	100	571	42	\N
631	2020-04-08 07:10:46.821745+00	2020-04-08 07:10:46.821868+00	3	100	572	42	\N
632	2020-04-08 07:10:46.827829+00	2020-04-08 07:10:46.827864+00	3	100	573	42	\N
633	2020-04-08 07:41:44.026379+00	2020-04-08 07:41:44.026404+00	12	100	574	42	\N
634	2020-04-08 07:42:18.525279+00	2020-04-08 07:42:18.525296+00	12	100	575	36	\N
635	2020-04-08 07:42:34.6755+00	2020-04-08 07:42:34.675527+00	9	100	576	36	\N
636	2020-04-08 07:43:43.999358+00	2020-04-08 07:43:43.999377+00	12	100	577	42	\N
637	2020-04-08 07:45:12.835614+00	2020-04-08 07:45:12.835638+00	9	100	578	42	\N
638	2020-04-08 07:45:12.874465+00	2020-04-08 07:45:12.874496+00	12	100	579	42	\N
639	2020-04-09 05:16:56.112265+00	2020-04-09 05:16:56.11229+00	94	100	580	30	\N
640	2020-04-09 05:16:56.119862+00	2020-04-09 05:16:56.119899+00	1	100	581	30	\N
641	2020-04-09 05:16:56.163805+00	2020-04-09 05:16:56.163823+00	91	100	582	30	\N
642	2020-04-09 05:17:12.155442+00	2020-04-09 05:17:12.155471+00	93	100	583	30	\N
643	2020-04-09 05:17:12.159649+00	2020-04-09 05:17:12.159673+00	1	100	584	30	\N
644	2020-04-09 05:17:12.202985+00	2020-04-09 05:17:12.203033+00	98	100	585	30	\N
645	2020-04-09 05:19:11.078227+00	2020-04-09 05:19:11.078251+00	13	46.4285714285714306	586	29	\N
646	2020-04-09 05:19:11.083245+00	2020-04-09 05:19:11.083273+00	5	41.6666666666666643	587	29	\N
647	2020-04-09 05:19:11.088618+00	2020-04-09 05:19:11.088639+00	15	53.5714285714285694	586	30	\N
648	2020-04-09 05:19:11.092678+00	2020-04-09 05:19:11.092704+00	6	50	587	30	\N
649	2020-04-09 05:19:11.097647+00	2020-04-09 05:19:11.097663+00	1	3.57142857142857162	586	37	\N
650	2020-04-09 05:19:11.105044+00	2020-04-09 05:19:11.105066+00	1	100	587	37	\N
651	2020-04-09 05:44:37.273638+00	2020-04-09 05:44:37.273657+00	5	4.71698113207547198	588	29	\N
652	2020-04-09 05:44:37.280504+00	2020-04-09 05:44:37.280521+00	100	94.3396226415094361	588	30	\N
653	2020-04-09 05:44:37.286222+00	2020-04-09 05:44:37.286238+00	1	0.943396226415094352	588	37	\N
654	2020-04-09 07:30:08.073469+00	2020-04-09 07:30:08.073501+00	6	100	589	42	\N
655	2020-04-09 07:32:37.121351+00	2020-04-09 07:32:37.121372+00	2	100	590	42	\N
656	2020-04-09 07:32:37.125306+00	2020-04-09 07:32:37.125324+00	4	100	591	42	\N
657	2020-04-09 07:46:12.837054+00	2020-04-09 07:46:12.837071+00	18	100	592	36	   100,                      13,                   : =50, quantity=18, total_quantity=13,                  percentage=100.    100.                  ID piglets 592, piglets.quantty=13,                  piglets.quantty=13,
658	2020-04-09 08:05:42.624099+00	2020-04-09 08:05:42.624118+00	10	100	593	42	\N
659	2020-04-09 08:10:49.771331+00	2020-04-09 08:10:49.771347+00	7	100	594	36	\N
660	2020-04-09 08:10:49.803379+00	2020-04-09 08:10:49.8034+00	7	70	595	36	\N
661	2020-04-09 08:10:49.809302+00	2020-04-09 08:10:49.809319+00	3	30	595	42	\N
662	2020-04-09 08:12:59.471198+00	2020-04-09 08:12:59.471218+00	12	100	596	42	\N
663	2020-04-09 08:18:10.18263+00	2020-04-09 08:18:10.182647+00	11	100	597	42	\N
664	2020-04-09 08:18:10.217702+00	2020-04-09 08:18:10.217721+00	13	100	598	42	\N
665	2020-04-09 08:29:50.545963+00	2020-04-09 08:29:50.545979+00	13	100	599	42	\N
666	2020-04-09 08:31:23.22579+00	2020-04-09 08:31:23.225806+00	12	100	600	42	\N
667	2020-04-09 08:34:38.159033+00	2020-04-09 08:34:38.159051+00	13	100	601	42	\N
668	2020-04-09 08:39:29.52381+00	2020-04-09 08:39:29.523827+00	12	100	602	42	\N
669	2020-04-09 09:07:45.528057+00	2020-04-09 09:07:45.528078+00	12	100	603	42	\N
670	2020-04-09 09:14:53.544461+00	2020-04-09 09:14:53.544481+00	16	100	604	42	\N
671	2020-04-09 09:15:41.291259+00	2020-04-09 09:15:41.291278+00	11	100	605	42	\N
672	2020-04-09 09:18:24.390226+00	2020-04-09 09:18:24.390244+00	14	100	606	42	\N
673	2020-04-09 09:18:24.395068+00	2020-04-09 09:18:24.395088+00	2	100	607	42	\N
674	2020-04-09 09:18:24.434253+00	2020-04-09 09:18:24.434277+00	13	100	608	42	\N
675	2020-04-09 09:20:38.51839+00	2020-04-09 09:20:38.518407+00	12	100	609	42	\N
676	2020-04-09 09:26:12.963274+00	2020-04-09 09:26:12.963505+00	10	100	610	42	\N
677	2020-04-09 09:35:27.264232+00	2020-04-09 09:35:27.26425+00	10	100	611	42	\N
678	2020-04-09 09:35:50.290458+00	2020-04-09 09:35:50.290474+00	7	100	612	42	\N
679	2020-04-10 00:57:23.519278+00	2020-04-10 00:57:23.5193+00	13	100	613	36	\N
680	2020-04-10 00:57:23.524068+00	2020-04-10 00:57:23.524087+00	1	100	614	36	\N
681	2020-04-10 00:57:23.556092+00	2020-04-10 00:57:23.556111+00	1	7.69230769230769251	615	36	\N
682	2020-04-10 00:57:23.562829+00	2020-04-10 00:57:23.562938+00	12	92.3076923076923066	615	42	\N
683	2020-04-10 00:57:50.603835+00	2020-04-10 00:57:50.603854+00	14	53.8461538461538467	616	36	\N
684	2020-04-10 00:57:50.609966+00	2020-04-10 00:57:50.609982+00	12	46.1538461538461533	616	42	\N
685	2020-04-10 00:59:14.928919+00	2020-04-10 00:59:14.929036+00	8	57.1428571428571459	617	36	\N
686	2020-04-10 00:59:14.934408+00	2020-04-10 00:59:14.934427+00	6	50	618	36	\N
687	2020-04-10 00:59:14.939734+00	2020-04-10 00:59:14.939752+00	6	42.8571428571428541	617	42	\N
688	2020-04-10 00:59:14.943846+00	2020-04-10 00:59:14.943863+00	6	50	618	42	\N
689	2020-04-10 01:03:25.966877+00	2020-04-10 01:03:25.966898+00	11	100	619	42	\N
690	2020-04-10 01:05:51.442902+00	2020-04-10 01:05:51.442924+00	4	100	620	42	\N
691	2020-04-10 01:05:51.447659+00	2020-04-10 01:05:51.447679+00	7	100	621	42	\N
692	2020-04-10 01:05:51.500341+00	2020-04-10 01:05:51.500367+00	14	100	622	42	\N
693	2020-04-10 01:06:10.913911+00	2020-04-10 01:06:10.91393+00	14	100	623	42	\N
694	2020-04-10 03:18:25.941553+00	2020-04-10 03:18:25.94157+00	13	100	624	42	\N
695	2020-04-10 03:20:20.498552+00	2020-04-10 03:20:20.498568+00	7	100	625	42	\N
696	2020-04-10 03:20:20.500862+00	2020-04-10 03:20:20.500877+00	5	100	626	42	\N
697	2020-04-10 03:21:26.594989+00	2020-04-10 03:21:26.595028+00	5	100	627	42	\N
698	2020-04-10 03:21:26.599398+00	2020-04-10 03:21:26.599414+00	2	100	628	42	\N
699	2020-04-10 03:25:57.165286+00	2020-04-10 03:25:57.165303+00	9	100	629	36	\N
700	2020-04-10 03:25:57.168151+00	2020-04-10 03:25:57.168166+00	3	100	630	36	\N
701	2020-04-10 03:35:15.077521+00	2020-04-10 03:35:15.077686+00	12	100	631	42	\N
702	2020-04-10 03:37:05.814124+00	2020-04-10 03:37:05.814145+00	9	100	632	42	\N
703	2020-04-10 03:37:05.818388+00	2020-04-10 03:37:05.818406+00	2	100	633	42	\N
704	2020-04-10 03:37:05.849832+00	2020-04-10 03:37:05.849859+00	4	100	634	42	\N
705	2020-04-10 03:37:23.660011+00	2020-04-10 03:37:23.660039+00	13	100	635	42	\N
706	2020-04-10 03:37:56.043705+00	2020-04-10 03:37:56.043721+00	10	100	636	42	\N
707	2020-04-10 03:37:56.047733+00	2020-04-10 03:37:56.047748+00	3	100	637	42	\N
708	2020-04-10 06:22:56.643858+00	2020-04-10 06:22:56.643881+00	1	100	638	42	\N
709	2020-04-10 07:20:30.617611+00	2020-04-10 07:20:30.617626+00	5	100	639	36	\N
710	2020-04-10 07:20:30.656646+00	2020-04-10 07:20:30.656663+00	5	50	640	36	\N
711	2020-04-10 07:20:30.66271+00	2020-04-10 07:20:30.662739+00	5	50	640	42	\N
712	2020-04-10 07:21:34.849286+00	2020-04-10 07:21:34.849304+00	4	44.4444444444444429	641	36	\N
713	2020-04-10 07:21:34.853398+00	2020-04-10 07:21:34.853414+00	1	100	642	36	\N
714	2020-04-10 07:21:34.860404+00	2020-04-10 07:21:34.860421+00	4	44.4444444444444429	641	42	\N
715	2020-04-10 07:21:34.863963+00	2020-04-10 07:21:34.863979+00	1	100	642	42	\N
716	2020-04-10 07:21:34.899008+00	2020-04-10 07:21:34.899055+00	1	7.69230769230769251	643	36	\N
717	2020-04-10 07:21:34.904807+00	2020-04-10 07:21:34.904822+00	13	100	643	42	\N
718	2020-04-10 07:22:16.18928+00	2020-04-10 07:22:16.189308+00	18	81.818181818181813	644	36	\N
719	2020-04-10 07:22:16.195381+00	2020-04-10 07:22:16.195399+00	4	18.1818181818181834	644	42	\N
720	2020-04-10 07:24:03.720101+00	2020-04-10 07:24:03.720129+00	1	8.33333333333333393	645	36	\N
721	2020-04-10 07:24:03.724645+00	2020-04-10 07:24:03.724666+00	1	100	646	36	\N
722	2020-04-10 07:24:03.731454+00	2020-04-10 07:24:03.73148+00	12	100	645	42	\N
723	2020-04-10 07:24:03.73327+00	2020-04-10 07:24:03.733285+00	1	100	646	42	\N
724	2020-04-10 07:27:08.402602+00	2020-04-10 07:27:08.402625+00	9	81.818181818181813	647	36	\N
725	2020-04-10 07:27:08.411477+00	2020-04-10 07:27:08.411502+00	9	81.818181818181813	648	36	\N
726	2020-04-10 07:27:08.416754+00	2020-04-10 07:27:08.416774+00	2	18.1818181818181834	647	42	\N
727	2020-04-10 07:27:08.421003+00	2020-04-10 07:27:08.421026+00	2	18.1818181818181834	648	42	\N
728	2020-04-10 07:27:08.458718+00	2020-04-10 07:27:08.458755+00	10	83.3333333333333286	649	36	\N
729	2020-04-10 07:27:08.463479+00	2020-04-10 07:27:08.463498+00	3	25	649	42	\N
730	2020-04-10 07:28:30.148045+00	2020-04-10 07:28:30.148062+00	8	100	650	42	\N
731	2020-04-10 07:28:30.180603+00	2020-04-10 07:28:30.180623+00	13	100	651	42	\N
732	2020-04-10 07:29:16.632932+00	2020-04-10 07:29:16.63295+00	7	100	652	42	\N
733	2020-04-10 07:29:16.666328+00	2020-04-10 07:29:16.666358+00	11	100	653	42	\N
734	2020-04-10 07:30:46.63805+00	2020-04-10 07:30:46.638071+00	2	100	654	42	\N
735	2020-04-10 07:30:46.668031+00	2020-04-10 07:30:46.66805+00	12	100	655	42	\N
736	2020-04-10 07:31:35.276399+00	2020-04-10 07:31:35.276426+00	13	100	656	42	\N
737	2020-04-10 07:32:19.443109+00	2020-04-10 07:32:19.44314+00	10	100	657	42	\N
738	2020-04-10 07:33:31.153863+00	2020-04-10 07:33:31.153893+00	8	100	658	42	\N
739	2020-04-10 07:34:37.289605+00	2020-04-10 07:34:37.289623+00	13	100	659	42	\N
740	2020-04-10 07:35:08.591363+00	2020-04-10 07:35:08.591381+00	14	100	660	42	\N
741	2020-04-10 07:35:52.695936+00	2020-04-10 07:35:52.695954+00	9	100	661	42	\N
742	2020-04-10 07:35:52.729061+00	2020-04-10 07:35:52.729083+00	12	100	662	42	\N
743	2020-04-10 07:37:02.766917+00	2020-04-10 07:37:02.766935+00	11	100	663	42	\N
744	2020-04-10 07:38:11.59739+00	2020-04-10 07:38:11.597407+00	12	100	664	42	\N
745	2020-04-10 07:39:06.50391+00	2020-04-10 07:39:06.503936+00	17	100	665	42	\N
746	2020-04-10 07:41:10.422994+00	2020-04-10 07:41:10.423041+00	14	100	666	42	\N
747	2020-04-10 07:41:52.616765+00	2020-04-10 07:41:52.616784+00	13	100	667	42	\N
748	2020-04-10 07:42:48.913746+00	2020-04-10 07:42:48.913769+00	14	100	668	42	\N
749	2020-04-10 07:43:29.78293+00	2020-04-10 07:43:29.782945+00	10	100	669	42	\N
750	2020-04-10 07:44:17.217579+00	2020-04-10 07:44:17.217598+00	15	100	670	42	\N
751	2020-04-10 07:44:17.221968+00	2020-04-10 07:44:17.221986+00	2	100	671	42	\N
752	2020-04-10 07:44:17.261245+00	2020-04-10 07:44:17.261271+00	12	100	672	42	\N
753	2020-04-10 07:45:05.481187+00	2020-04-10 07:45:05.481208+00	11	100	673	42	\N
754	2020-04-10 07:45:53.534544+00	2020-04-10 07:45:53.53456+00	16	100	674	42	\N
755	2020-04-10 07:46:35.107382+00	2020-04-10 07:46:35.107399+00	13	100	675	42	\N
756	2020-04-10 07:47:35.741939+00	2020-04-10 07:47:35.741957+00	13	100	676	42	\N
757	2020-04-10 07:49:20.353767+00	2020-04-10 07:49:20.353787+00	14	100	677	42	\N
758	2020-04-10 07:49:20.358503+00	2020-04-10 07:49:20.358521+00	2	100	678	42	\N
759	2020-04-10 07:49:20.401845+00	2020-04-10 07:49:20.401877+00	13	100	679	42	\N
760	2020-04-10 07:51:53.363221+00	2020-04-10 07:51:53.363244+00	26	100	680	42	\N
761	2020-04-10 07:52:32.951671+00	2020-04-10 07:52:32.951692+00	13	100	681	42	\N
762	2020-04-10 07:52:32.953771+00	2020-04-10 07:52:32.953786+00	13	100	682	42	\N
763	2020-04-11 01:04:05.267496+00	2020-04-11 01:04:05.267513+00	6	100	683	42	\N
764	2020-04-11 01:04:05.29902+00	2020-04-11 01:04:05.299054+00	18	100	684	36	\N
765	2020-04-11 01:04:05.302632+00	2020-04-11 01:04:05.30265+00	6	33.3333333333333357	684	42	\N
766	2020-04-11 01:07:12.113718+00	2020-04-11 01:07:12.113735+00	12	100	685	36	\N
767	2020-04-11 01:07:12.118205+00	2020-04-11 01:07:12.118232+00	6	100	686	36	\N
768	2020-04-11 01:07:12.123822+00	2020-04-11 01:07:12.123841+00	4	33.3333333333333357	685	42	\N
769	2020-04-11 01:07:12.128176+00	2020-04-11 01:07:12.128196+00	2	33.3333333333333357	686	42	\N
770	2020-04-11 01:21:18.617881+00	2020-04-11 01:21:18.617905+00	1	100	687	42	\N
771	2020-04-11 01:29:46.672775+00	2020-04-11 01:29:46.672791+00	10	100	688	36	\N
772	2020-04-11 01:29:46.675414+00	2020-04-11 01:29:46.675429+00	2	100	689	36	\N
773	2020-04-11 01:31:04.761419+00	2020-04-11 01:31:04.761436+00	6	54.5454545454545467	690	36	\N
774	2020-04-11 01:31:04.765973+00	2020-04-11 01:31:04.766013+00	1	100	691	36	\N
775	2020-04-11 01:31:04.771083+00	2020-04-11 01:31:04.7711+00	6	54.5454545454545467	690	42	\N
776	2020-04-11 01:31:04.776715+00	2020-04-11 01:31:04.776732+00	1	100	691	42	\N
777	2020-04-11 01:31:04.81626+00	2020-04-11 01:31:04.816278+00	3	100	692	36	\N
778	2020-04-11 01:31:04.819987+00	2020-04-11 01:31:04.820002+00	1	33.3333333333333357	692	42	\N
779	2020-04-11 01:31:35.911978+00	2020-04-11 01:31:35.911997+00	12	100	693	36	\N
780	2020-04-11 01:31:35.91492+00	2020-04-11 01:31:35.914936+00	1	100	694	36	\N
781	2020-04-11 01:31:35.954544+00	2020-04-11 01:31:35.954573+00	4	100	695	36	\N
782	2020-04-11 01:31:35.9609+00	2020-04-11 01:31:35.960921+00	1	25	695	42	\N
783	2020-04-11 01:32:02.340865+00	2020-04-11 01:32:02.340898+00	5	100	696	36	\N
784	2020-04-11 01:32:02.346169+00	2020-04-11 01:32:02.346203+00	1	100	697	36	\N
785	2020-04-11 01:32:02.392894+00	2020-04-11 01:32:02.392922+00	5	100	698	36	\N
786	2020-04-11 01:32:02.402411+00	2020-04-11 01:32:02.402443+00	1	20	698	42	\N
787	2020-04-11 01:32:17.909632+00	2020-04-11 01:32:17.909659+00	10	100	699	36	\N
788	2020-04-11 01:32:17.915547+00	2020-04-11 01:32:17.915565+00	2	100	700	36	\N
789	2020-04-11 01:32:17.956655+00	2020-04-11 01:32:17.956673+00	7	100	701	36	\N
790	2020-04-11 01:32:17.960574+00	2020-04-11 01:32:17.96059+00	1	14.2857142857142865	701	42	\N
791	2020-04-11 01:33:03.28812+00	2020-04-11 01:33:03.288149+00	11	100	702	36	\N
792	2020-04-11 01:33:03.292309+00	2020-04-11 01:33:03.292331+00	2	100	703	36	\N
793	2020-04-11 01:33:03.342269+00	2020-04-11 01:33:03.342296+00	9	100	704	36	\N
794	2020-04-11 01:33:03.349882+00	2020-04-11 01:33:03.349908+00	1	11.1111111111111107	704	42	\N
795	2020-04-11 01:33:42.38978+00	2020-04-11 01:33:42.389798+00	4	100	705	36	\N
796	2020-04-11 01:33:42.39439+00	2020-04-11 01:33:42.394408+00	1	100	706	36	\N
797	2020-04-11 01:33:42.435705+00	2020-04-11 01:33:42.435723+00	10	100	707	36	\N
798	2020-04-11 01:33:42.441209+00	2020-04-11 01:33:42.441226+00	1	10	707	42	\N
799	2020-04-11 01:34:09.672731+00	2020-04-11 01:34:09.672762+00	10	100	708	36	\N
800	2020-04-11 01:34:09.678065+00	2020-04-11 01:34:09.678097+00	2	100	709	36	\N
801	2020-04-11 01:34:09.718903+00	2020-04-11 01:34:09.71894+00	12	100	710	36	\N
802	2020-04-11 01:34:09.722888+00	2020-04-11 01:34:09.722908+00	1	8.33333333333333393	710	42	\N
803	2020-04-11 03:19:15.84486+00	2020-04-11 03:19:15.844882+00	12	100	711	36	\N
804	2020-04-11 03:19:15.849543+00	2020-04-11 03:19:15.849561+00	1	100	712	36	\N
805	2020-04-11 03:19:15.88625+00	2020-04-11 03:19:15.886271+00	13	100	713	36	\N
806	2020-04-11 03:19:15.891335+00	2020-04-11 03:19:15.891352+00	1	7.69230769230769251	713	42	\N
807	2020-04-11 03:20:00.271593+00	2020-04-11 03:20:00.271618+00	27	100	714	36	\N
808	2020-04-11 03:20:00.277554+00	2020-04-11 03:20:00.277573+00	1	3.70370370370370372	714	42	\N
809	2020-04-11 03:20:21.608838+00	2020-04-11 03:20:21.608854+00	14	100	715	36	\N
810	2020-04-11 03:20:21.610841+00	2020-04-11 03:20:21.610855+00	13	100	716	36	\N
811	2020-04-11 03:20:21.613486+00	2020-04-11 03:20:21.613502+00	1	7.14285714285714324	715	42	\N
812	2020-04-11 03:20:21.615347+00	2020-04-11 03:20:21.615362+00	1	100	716	42	\N
813	2020-04-11 03:22:10.998054+00	2020-04-11 03:22:10.998078+00	13	100	717	42	\N
814	2020-04-11 03:22:44.637257+00	2020-04-11 03:22:44.637276+00	2	100	718	42	\N
815	2020-04-11 03:22:44.639372+00	2020-04-11 03:22:44.639387+00	11	100	719	42	\N
816	2020-04-11 03:27:04.426146+00	2020-04-11 03:27:04.426164+00	13	100	720	36	\N
817	2020-04-11 03:27:04.431548+00	2020-04-11 03:27:04.431568+00	1	100	721	36	\N
818	2020-04-11 03:27:04.470622+00	2020-04-11 03:27:04.470644+00	1	33.3333333333333357	722	36	\N
819	2020-04-11 03:27:04.476689+00	2020-04-11 03:27:04.476708+00	2	66.6666666666666714	722	42	\N
820	2020-04-11 05:09:58.397825+00	2020-04-11 05:09:58.397841+00	8	100	723	42	\N
821	2020-04-11 05:09:58.430762+00	2020-04-11 05:09:58.43078+00	1	9.09090909090909172	724	36	\N
822	2020-04-11 05:09:58.436559+00	2020-04-11 05:09:58.436575+00	10	90.9090909090909065	724	42	\N
823	2020-04-11 05:11:03.68229+00	2020-04-11 05:11:03.682315+00	8	80	725	36	\N
824	2020-04-11 05:11:03.685638+00	2020-04-11 05:11:03.685659+00	1	100	726	36	\N
825	2020-04-11 05:11:03.693105+00	2020-04-11 05:11:03.693132+00	2	20	725	42	\N
826	2020-04-11 05:11:03.700084+00	2020-04-11 05:11:03.700162+00	1	100	726	42	\N
827	2020-04-11 05:11:03.772799+00	2020-04-11 05:11:03.773581+00	2	16.6666666666666679	727	36	\N
828	2020-04-11 05:11:03.783211+00	2020-04-11 05:11:03.783241+00	11	91.6666666666666714	727	42	\N
829	2020-04-11 05:12:06.648882+00	2020-04-11 05:12:06.648965+00	12	100	728	42	\N
830	2020-04-11 05:16:21.378869+00	2020-04-11 05:16:21.378898+00	13	100	729	36	\N
831	2020-04-11 05:16:21.381302+00	2020-04-11 05:16:21.381323+00	1	100	730	36	\N
832	2020-04-11 05:16:21.387106+00	2020-04-11 05:16:21.38713+00	1	7.69230769230769251	729	42	\N
833	2020-04-11 05:16:21.391044+00	2020-04-11 05:16:21.391063+00	1	100	730	42	\N
834	2020-04-11 05:16:21.42897+00	2020-04-11 05:16:21.428993+00	3	23.0769230769230766	731	36	\N
835	2020-04-11 05:16:21.435115+00	2020-04-11 05:16:21.435135+00	12	92.3076923076923066	731	42	\N
836	2020-04-11 05:26:29.765719+00	2020-04-11 05:26:29.765737+00	10	100	732	42	\N
837	2020-04-11 05:27:28.281945+00	2020-04-11 05:27:28.281962+00	6	100	733	42	\N
838	2020-04-11 05:27:28.315298+00	2020-04-11 05:27:28.315315+00	6	50	734	36	\N
839	2020-04-11 05:27:28.323424+00	2020-04-11 05:27:28.323454+00	8	66.6666666666666714	734	42	\N
840	2020-04-11 05:30:33.114919+00	2020-04-11 05:30:33.114942+00	11	100	735	42	\N
841	2020-04-11 05:32:20.475046+00	2020-04-11 05:32:20.475067+00	7	100	736	42	\N
842	2020-04-11 05:33:03.078656+00	2020-04-11 05:33:03.078679+00	11	100	737	42	\N
843	2020-04-11 05:35:00.735523+00	2020-04-11 05:35:00.735549+00	12	100	738	42	\N
844	2020-04-11 05:48:15.441866+00	2020-04-11 05:48:15.441884+00	5	100	739	42	\N
845	2020-04-11 05:48:15.444047+00	2020-04-11 05:48:15.444063+00	2	100	740	42	\N
846	2020-04-11 05:48:15.478433+00	2020-04-11 05:48:15.478454+00	12	100	741	42	\N
847	2020-04-11 05:48:39.003491+00	2020-04-11 05:48:39.003515+00	3	100	742	42	\N
848	2020-04-11 05:48:39.00883+00	2020-04-11 05:48:39.00886+00	2	100	743	42	\N
849	2020-04-11 05:48:39.045387+00	2020-04-11 05:48:39.045404+00	13	100	744	42	\N
850	2020-04-11 06:32:17.31926+00	2020-04-11 06:32:17.319277+00	120	100	745	44	\N
851	2020-04-11 06:32:28.228512+00	2020-04-11 06:32:28.22853+00	117	100	746	44	\N
852	2020-04-11 06:32:34.530865+00	2020-04-11 06:32:34.530884+00	120	100	747	44	\N
853	2020-04-11 06:32:50.493951+00	2020-04-11 06:32:50.493986+00	120	100	748	44	\N
854	2020-04-11 06:37:54.406963+00	2020-04-11 06:37:54.406994+00	13	100	749	42	\N
855	2020-04-11 06:38:47.541338+00	2020-04-11 06:38:47.541358+00	11	100	750	42	\N
856	2020-04-11 06:38:47.545478+00	2020-04-11 06:38:47.545494+00	1	100	751	42	\N
857	2020-04-11 06:39:24.952901+00	2020-04-11 06:39:24.952923+00	9	100	752	42	\N
858	2020-04-11 06:39:24.957287+00	2020-04-11 06:39:24.957307+00	2	100	753	42	\N
859	2020-04-11 06:39:24.993275+00	2020-04-11 06:39:24.993293+00	3	100	754	42	\N
861	2020-04-11 06:40:09.004176+00	2020-04-11 06:40:09.004203+00	12	100	756	42	\N
862	2020-04-11 06:40:09.006892+00	2020-04-11 06:40:09.006994+00	2	100	757	42	\N
863	2020-04-11 06:40:09.046674+00	2020-04-11 06:40:09.046702+00	5	100	758	42	\N
864	2020-04-11 06:40:53.132527+00	2020-04-11 06:40:53.13255+00	12	100	759	42	\N
865	2020-04-11 06:40:53.136998+00	2020-04-11 06:40:53.137016+00	1	100	760	42	\N
866	2020-04-11 06:40:53.179726+00	2020-04-11 06:40:53.179756+00	6	100	761	42	\N
867	2020-04-11 06:41:14.770853+00	2020-04-11 06:41:14.770873+00	11	100	762	42	\N
868	2020-04-11 06:41:14.775191+00	2020-04-11 06:41:14.775208+00	1	100	763	42	\N
869	2020-04-11 06:41:14.81829+00	2020-04-11 06:41:14.818318+00	7	100	764	42	\N
870	2020-04-11 06:41:34.466709+00	2020-04-11 06:41:34.466726+00	11	100	765	42	\N
871	2020-04-11 06:41:34.469111+00	2020-04-11 06:41:34.469127+00	1	100	766	42	\N
872	2020-04-11 06:41:34.494284+00	2020-04-11 06:41:34.494303+00	8	100	767	42	\N
873	2020-04-11 06:41:49.103536+00	2020-04-11 06:41:49.103572+00	8	100	768	42	\N
874	2020-04-11 06:41:49.108418+00	2020-04-11 06:41:49.108445+00	2	100	769	42	\N
875	2020-04-11 06:41:49.139639+00	2020-04-11 06:41:49.139655+00	10	100	770	42	\N
876	2020-04-11 06:42:05.867214+00	2020-04-11 06:42:05.867241+00	11	100	771	42	\N
877	2020-04-11 06:42:05.871728+00	2020-04-11 06:42:05.871756+00	2	100	772	42	\N
878	2020-04-11 06:42:05.910933+00	2020-04-11 06:42:05.910957+00	12	100	773	42	\N
879	2020-04-11 06:42:13.280593+00	2020-04-11 06:42:13.28061+00	118	100	774	44	\N
880	2020-04-12 01:08:50.035653+00	2020-04-12 01:08:50.035673+00	11	100	775	36	\N
881	2020-04-12 01:08:50.041783+00	2020-04-12 01:08:50.041802+00	1	100	776	36	\N
882	2020-04-12 01:08:50.046855+00	2020-04-12 01:08:50.046872+00	4	36.3636363636363669	775	42	\N
883	2020-04-12 01:08:50.050923+00	2020-04-12 01:08:50.050948+00	1	100	776	42	\N
884	2020-04-12 01:08:50.09164+00	2020-04-12 01:08:50.091656+00	4	100	777	36	\N
885	2020-04-12 01:08:50.097574+00	2020-04-12 01:08:50.097591+00	1	25	777	42	\N
886	2020-04-12 01:09:33.449856+00	2020-04-12 01:09:33.449874+00	3	100	778	36	\N
887	2020-04-12 01:09:33.453821+00	2020-04-12 01:09:33.453838+00	1	100	779	36	\N
888	2020-04-12 01:09:33.462304+00	2020-04-12 01:09:33.462324+00	1	33.3333333333333357	778	42	\N
889	2020-04-12 01:09:33.466866+00	2020-04-12 01:09:33.466884+00	1	100	779	42	\N
890	2020-04-12 01:09:33.502371+00	2020-04-12 01:09:33.502389+00	12	100	780	36	\N
891	2020-04-12 01:09:33.508081+00	2020-04-12 01:09:33.508098+00	5	41.6666666666666643	780	42	\N
892	2020-04-12 01:10:55.999629+00	2020-04-12 01:10:55.999645+00	11	100	781	36	\N
893	2020-04-12 01:10:56.00396+00	2020-04-12 01:10:56.003979+00	1	100	782	36	\N
894	2020-04-12 01:10:56.039792+00	2020-04-12 01:10:56.039811+00	13	100	783	36	\N
895	2020-04-12 01:10:56.04912+00	2020-04-12 01:10:56.049147+00	5	38.4615384615384599	783	42	\N
896	2020-04-12 01:12:40.966689+00	2020-04-12 01:12:40.966712+00	7	100	784	36	\N
897	2020-04-12 01:12:40.971266+00	2020-04-12 01:12:40.971289+00	1	100	785	36	\N
898	2020-04-12 01:12:41.016797+00	2020-04-12 01:12:41.016821+00	12	100	786	36	\N
899	2020-04-12 01:13:26.079503+00	2020-04-12 01:13:26.079558+00	8	100	787	36	\N
900	2020-04-12 01:13:26.083746+00	2020-04-12 01:13:26.083762+00	1	100	788	36	\N
901	2020-04-12 01:13:26.126376+00	2020-04-12 01:13:26.126407+00	13	100	789	36	\N
902	2020-04-12 05:37:14.481355+00	2020-04-12 05:37:14.481389+00	8	100	790	42	\N
903	2020-04-12 05:37:31.573416+00	2020-04-12 05:37:31.573436+00	11	100	791	42	\N
904	2020-04-12 05:37:52.216861+00	2020-04-12 05:37:52.216877+00	15	100	792	42	\N
905	2020-04-12 05:38:20.955719+00	2020-04-12 05:38:20.955738+00	12	100	793	42	\N
906	2020-04-12 05:38:20.960126+00	2020-04-12 05:38:20.960144+00	3	100	794	42	\N
907	2020-04-12 05:38:21.006612+00	2020-04-12 05:38:21.006637+00	11	100	795	42	\N
908	2020-04-13 04:39:57.568785+00	2020-04-13 04:39:57.568804+00	2	100	796	19	\N
909	2020-04-13 04:39:57.575484+00	2020-04-13 04:39:57.575503+00	83	100	797	19	\N
910	2020-04-13 04:40:31.094339+00	2020-04-13 04:40:31.094355+00	3	100	798	19	\N
911	2020-04-13 04:40:31.096752+00	2020-04-13 04:40:31.096769+00	87	100	799	19	\N
912	2020-04-13 05:21:48.046583+00	2020-04-13 05:21:48.046614+00	12	100	800	42	\N
913	2020-04-13 05:21:48.051311+00	2020-04-13 05:21:48.051328+00	1	100	801	42	\N
914	2020-04-13 05:21:48.092425+00	2020-04-13 05:21:48.092455+00	13	100	802	42	\N
915	2020-04-13 05:22:11.380291+00	2020-04-13 05:22:11.380308+00	10	100	803	42	\N
916	2020-04-13 05:22:11.384775+00	2020-04-13 05:22:11.384791+00	2	100	804	42	\N
917	2020-04-13 05:22:11.409337+00	2020-04-13 05:22:11.409353+00	13	100	805	42	\N
918	2020-04-13 05:22:26.055442+00	2020-04-13 05:22:26.055481+00	8	100	806	42	\N
919	2020-04-13 05:22:26.060918+00	2020-04-13 05:22:26.060942+00	2	100	807	42	\N
920	2020-04-13 05:22:26.114172+00	2020-04-13 05:22:26.114196+00	10	100	808	42	\N
921	2020-04-13 05:22:41.505856+00	2020-04-13 05:22:41.505872+00	7	100	809	42	\N
922	2020-04-13 05:22:41.509809+00	2020-04-13 05:22:41.509823+00	1	100	810	42	\N
923	2020-04-13 05:22:41.539277+00	2020-04-13 05:22:41.539294+00	13	100	811	42	\N
924	2020-04-13 05:23:11.38918+00	2020-04-13 05:23:11.389197+00	5	100	812	42	\N
925	2020-04-13 05:23:11.391165+00	2020-04-13 05:23:11.39118+00	2	100	813	42	\N
926	2020-04-13 05:23:11.412734+00	2020-04-13 05:23:11.412752+00	15	100	814	42	\N
927	2020-04-13 05:23:44.878784+00	2020-04-13 05:23:44.878811+00	4	100	815	42	\N
928	2020-04-13 05:23:44.884599+00	2020-04-13 05:23:44.88462+00	1	100	816	42	\N
929	2020-04-13 05:23:44.919898+00	2020-04-13 05:23:44.919919+00	14	100	817	42	\N
930	2020-04-13 05:24:04.006058+00	2020-04-13 05:24:04.006318+00	3	100	818	42	\N
931	2020-04-13 05:24:04.01406+00	2020-04-13 05:24:04.014094+00	1	100	819	42	\N
932	2020-04-13 05:24:04.087671+00	2020-04-13 05:24:04.087703+00	13	100	820	42	\N
933	2020-04-13 05:24:32.442649+00	2020-04-13 05:24:32.442666+00	2	100	821	42	\N
934	2020-04-13 05:24:32.446719+00	2020-04-13 05:24:32.446744+00	1	100	822	42	\N
935	2020-04-13 05:24:32.478121+00	2020-04-13 05:24:32.478139+00	14	100	823	42	\N
936	2020-04-13 05:25:21.123189+00	2020-04-13 05:25:21.123209+00	10	100	824	42	\N
937	2020-04-13 05:25:21.127532+00	2020-04-13 05:25:21.127553+00	1	100	825	42	\N
938	2020-04-13 05:25:21.179624+00	2020-04-13 05:25:21.179651+00	6	46.1538461538461533	826	36	\N
939	2020-04-13 05:25:21.186481+00	2020-04-13 05:25:21.186518+00	9	69.2307692307692264	826	42	\N
940	2020-04-13 05:25:35.89111+00	2020-04-13 05:25:35.891138+00	9	100	827	42	\N
941	2020-04-13 05:25:35.894428+00	2020-04-13 05:25:35.894453+00	1	100	828	42	\N
942	2020-04-13 05:25:35.935173+00	2020-04-13 05:25:35.935195+00	12	100	829	42	\N
943	2020-04-13 05:25:53.090077+00	2020-04-13 05:25:53.090096+00	8	100	830	42	\N
944	2020-04-13 05:25:53.092021+00	2020-04-13 05:25:53.092036+00	1	100	831	42	\N
945	2020-04-13 05:25:53.125175+00	2020-04-13 05:25:53.125196+00	13	100	832	42	\N
946	2020-04-13 05:26:07.476247+00	2020-04-13 05:26:07.476265+00	7	100	833	42	\N
947	2020-04-13 05:26:07.480624+00	2020-04-13 05:26:07.480641+00	1	100	834	42	\N
948	2020-04-13 05:26:07.524442+00	2020-04-13 05:26:07.524466+00	12	100	835	42	\N
949	2020-04-13 05:26:31.771656+00	2020-04-13 05:26:31.771673+00	6	100	836	42	\N
950	2020-04-13 05:26:31.775539+00	2020-04-13 05:26:31.775557+00	1	100	837	42	\N
951	2020-04-13 05:26:31.810873+00	2020-04-13 05:26:31.81089+00	13	100	838	42	\N
952	2020-04-13 05:26:59.181572+00	2020-04-13 05:26:59.181597+00	4	100	839	42	\N
953	2020-04-13 05:26:59.185727+00	2020-04-13 05:26:59.185743+00	2	100	840	42	\N
954	2020-04-13 05:26:59.22008+00	2020-04-13 05:26:59.220096+00	13	100	841	42	\N
955	2020-04-13 05:27:17.960592+00	2020-04-13 05:27:17.960607+00	1	100	842	42	\N
956	2020-04-13 05:27:17.963322+00	2020-04-13 05:27:17.96334+00	3	100	843	42	\N
957	2020-04-13 05:27:17.996269+00	2020-04-13 05:27:17.996291+00	12	100	844	42	\N
958	2020-04-13 05:36:02.364832+00	2020-04-13 05:36:02.364866+00	10	100	845	42	\N
959	2020-04-13 05:38:23.270191+00	2020-04-13 05:38:23.270212+00	4	100	846	19	\N
960	2020-04-13 05:38:23.274923+00	2020-04-13 05:38:23.274941+00	91	100	847	19	\N
961	2020-04-13 06:45:29.422402+00	2020-04-13 06:45:29.422419+00	3	100	848	36	\N
962	2020-04-13 06:46:35.901376+00	2020-04-13 06:46:35.901413+00	1	100	849	42	\N
963	2020-04-13 06:46:49.825314+00	2020-04-13 06:46:49.825332+00	1	100	850	42	\N
964	2020-04-13 07:16:28.047095+00	2020-04-13 07:16:28.047122+00	5	100	851	19	\N
965	2020-04-13 07:16:28.051627+00	2020-04-13 07:16:28.051647+00	99	100	852	19	\N
966	2020-04-13 07:17:07.685792+00	2020-04-13 07:17:07.685809+00	13	100	853	43	\N
967	2020-04-13 07:17:34.099856+00	2020-04-13 07:17:34.09988+00	13	100	854	42	\N
968	2020-04-13 07:17:51.022084+00	2020-04-13 07:17:51.022102+00	15	100	855	42	\N
969	2020-04-13 07:18:08.054904+00	2020-04-13 07:18:08.05492+00	13	100	856	42	\N
970	2020-04-13 07:18:28.88513+00	2020-04-13 07:18:28.885146+00	11	100	857	42	\N
971	2020-04-13 07:19:08.02643+00	2020-04-13 07:19:08.026454+00	13	100	858	42	\N
972	2020-04-13 07:19:08.031232+00	2020-04-13 07:19:08.031252+00	2	100	859	42	\N
973	2020-04-13 07:19:08.073109+00	2020-04-13 07:19:08.073126+00	13	100	860	42	\N
974	2020-04-14 00:45:49.900293+00	2020-04-14 00:45:49.900313+00	12	100	861	42	\N
975	2020-04-14 00:45:49.906505+00	2020-04-14 00:45:49.906522+00	1	100	862	42	\N
976	2020-04-14 00:45:49.956399+00	2020-04-14 00:45:49.956425+00	13	100	863	42	\N
977	2020-04-14 01:55:26.385937+00	2020-04-14 01:55:26.385954+00	5	100	864	43	\N
978	2020-04-14 07:07:16.839394+00	2020-04-14 07:07:16.839421+00	10	100	865	42	\N
979	2020-04-14 07:07:16.877238+00	2020-04-14 07:07:16.877257+00	3	23.0769230769230766	866	36	\N
980	2020-04-14 07:07:16.887638+00	2020-04-14 07:07:16.887665+00	10	76.9230769230769198	866	42	\N
981	2020-04-14 07:16:28.833824+00	2020-04-14 07:16:28.833847+00	17	100	867	43	\N
982	2020-04-14 07:17:17.200626+00	2020-04-14 07:17:17.200645+00	12	100	868	43	\N
983	2020-04-14 07:17:17.205312+00	2020-04-14 07:17:17.205332+00	5	100	869	43	\N
984	2020-04-14 07:17:45.54901+00	2020-04-14 07:17:45.549037+00	9	100	870	42	\N
985	2020-04-14 07:17:45.579309+00	2020-04-14 07:17:45.579335+00	9	64.2857142857142918	871	42	\N
986	2020-04-14 07:17:45.582581+00	2020-04-14 07:17:45.582599+00	5	35.7142857142857153	871	43	\N
987	2020-04-14 07:22:46.690473+00	2020-04-14 07:22:46.690492+00	15	100	872	43	\N
988	2020-04-14 07:25:28.858306+00	2020-04-14 07:25:28.858322+00	11	100	873	43	\N
989	2020-04-14 07:26:07.938198+00	2020-04-14 07:26:07.938222+00	9	100	874	43	\N
990	2020-04-14 07:26:07.940429+00	2020-04-14 07:26:07.940446+00	3	100	875	43	\N
991	2020-04-14 07:26:07.993604+00	2020-04-14 07:26:07.993692+00	14	100	876	43	\N
992	2020-04-14 07:27:56.073983+00	2020-04-14 07:27:56.074007+00	12	100	877	43	\N
993	2020-04-14 07:28:42.97056+00	2020-04-14 07:28:42.970576+00	8	100	878	43	\N
994	2020-04-14 07:28:43.01017+00	2020-04-14 07:28:43.010197+00	13	100	879	43	\N
995	2020-04-14 08:37:16.5276+00	2020-04-14 08:37:16.52763+00	5	55.5555555555555571	880	36	\N
996	2020-04-14 08:37:16.532099+00	2020-04-14 08:37:16.532125+00	1	50	881	36	\N
997	2020-04-14 08:37:16.538916+00	2020-04-14 08:37:16.538942+00	5	55.5555555555555571	880	42	\N
998	2020-04-14 08:37:16.540996+00	2020-04-14 08:37:16.541015+00	1	50	881	42	\N
999	2020-04-14 08:37:16.580337+00	2020-04-14 08:37:16.580365+00	14	93.3333333333333286	882	36	\N
1000	2020-04-14 08:37:16.589393+00	2020-04-14 08:37:16.589427+00	1	6.66666666666666696	882	42	\N
1001	2020-04-14 08:37:55.684546+00	2020-04-14 08:37:55.684571+00	4	50	883	36	\N
1002	2020-04-14 08:37:55.690265+00	2020-04-14 08:37:55.690284+00	1	100	884	36	\N
1003	2020-04-14 08:37:55.69703+00	2020-04-14 08:37:55.697051+00	4	50	883	42	\N
1004	2020-04-14 08:37:55.705462+00	2020-04-14 08:37:55.705484+00	1	100	884	42	\N
1005	2020-04-14 08:37:55.745544+00	2020-04-14 08:37:55.745565+00	13	100	885	36	\N
1006	2020-04-14 08:37:55.749865+00	2020-04-14 08:37:55.749883+00	1	7.69230769230769251	885	42	\N
1007	2020-04-14 08:39:14.74688+00	2020-04-14 08:39:14.746907+00	12	100	886	36	\N
1008	2020-04-14 08:39:14.752907+00	2020-04-14 08:39:14.752938+00	1	100	887	36	\N
1009	2020-04-14 08:39:14.802286+00	2020-04-14 08:39:14.802317+00	1	9.09090909090909172	888	36	\N
1010	2020-04-14 08:39:14.80914+00	2020-04-14 08:39:14.80917+00	10	90.9090909090909065	888	42	\N
1011	2020-04-14 08:39:57.791073+00	2020-04-14 08:39:57.791112+00	10	100	889	36	\N
1012	2020-04-14 08:39:57.795838+00	2020-04-14 08:39:57.795863+00	1	100	890	36	\N
1013	2020-04-14 08:39:57.838851+00	2020-04-14 08:39:57.838872+00	11	100	891	36	\N
1014	2020-04-14 08:40:56.301811+00	2020-04-14 08:40:56.301841+00	7	100	892	36	\N
1015	2020-04-14 08:40:56.3072+00	2020-04-14 08:40:56.307223+00	3	100	893	36	\N
1016	2020-04-14 08:40:56.349526+00	2020-04-14 08:40:56.349548+00	12	100	894	36	\N
1017	2020-04-14 08:42:09.823312+00	2020-04-14 08:42:09.823337+00	12	100	895	36	\N
1018	2020-04-14 08:42:09.825113+00	2020-04-14 08:42:09.82513+00	2	100	896	36	\N
1019	2020-04-14 08:42:09.860086+00	2020-04-14 08:42:09.860113+00	10	83.3333333333333286	897	36	\N
1020	2020-04-14 08:42:09.86597+00	2020-04-14 08:42:09.865995+00	2	16.6666666666666679	897	42	\N
1021	2020-04-14 08:43:57.173402+00	2020-04-14 08:43:57.173418+00	9	100	898	36	\N
1022	2020-04-14 08:43:57.177982+00	2020-04-14 08:43:57.177998+00	4	100	899	36	\N
1023	2020-04-14 08:43:57.214546+00	2020-04-14 08:43:57.214575+00	8	100	900	36	\N
1024	2020-04-14 08:44:18.544898+00	2020-04-14 08:44:18.544917+00	10	100	901	36	\N
1025	2020-04-14 08:44:18.546942+00	2020-04-14 08:44:18.546956+00	3	100	902	36	\N
1026	2020-04-14 08:44:18.549685+00	2020-04-14 08:44:18.549699+00	1	10	901	42	\N
1027	2020-04-14 08:44:18.551587+00	2020-04-14 08:44:18.551603+00	1	100	902	42	\N
1028	2020-04-14 08:44:18.576318+00	2020-04-14 08:44:18.576337+00	11	100	903	36	\N
1029	2020-04-14 08:44:18.582219+00	2020-04-14 08:44:18.582235+00	1	9.09090909090909172	903	42	\N
1030	2020-04-14 08:46:09.431425+00	2020-04-14 08:46:09.431458+00	12	100	904	42	\N
1031	2020-04-14 08:46:09.433762+00	2020-04-14 08:46:09.433777+00	1	100	905	42	\N
1032	2020-04-14 08:46:09.472732+00	2020-04-14 08:46:09.472752+00	11	91.6666666666666714	906	36	\N
1033	2020-04-14 08:46:09.479342+00	2020-04-14 08:46:09.479362+00	2	16.6666666666666679	906	42	\N
1034	2020-04-14 08:53:36.061424+00	2020-04-14 08:53:36.06144+00	12	100	907	36	\N
1035	2020-04-14 08:53:36.063901+00	2020-04-14 08:53:36.063918+00	1	100	908	36	\N
1036	2020-04-14 08:53:36.086221+00	2020-04-14 08:53:36.086238+00	11	84.6153846153846132	909	36	\N
1037	2020-04-14 08:53:36.089446+00	2020-04-14 08:53:36.089463+00	3	23.0769230769230766	909	42	\N
1038	2020-04-14 08:54:25.125472+00	2020-04-14 08:54:25.125501+00	11	100	910	42	\N
1039	2020-04-14 08:54:25.127462+00	2020-04-14 08:54:25.127481+00	1	100	911	42	\N
1040	2020-04-14 08:54:25.157189+00	2020-04-14 08:54:25.157215+00	13	100	912	42	\N
1041	2020-04-15 00:20:53.571039+00	2020-04-15 00:20:53.571057+00	9	100	913	42	\N
1042	2020-04-15 00:20:53.576773+00	2020-04-15 00:20:53.576788+00	2	100	914	42	\N
1043	2020-04-15 00:20:53.612372+00	2020-04-15 00:20:53.612389+00	2	13.3333333333333339	915	42	\N
1044	2020-04-15 00:20:53.616222+00	2020-04-15 00:20:53.616239+00	13	86.6666666666666714	915	43	\N
1045	2020-04-15 01:19:05.06106+00	2020-04-15 01:19:05.061076+00	98	100	916	32	\N
1046	2020-04-15 01:19:05.065114+00	2020-04-15 01:19:05.06513+00	1	100	917	32	\N
1047	2020-04-15 01:19:05.107202+00	2020-04-15 01:19:05.107224+00	37	71.1538461538461604	918	30	\N
1048	2020-04-15 01:19:05.115953+00	2020-04-15 01:19:05.115984+00	20	38.4615384615384599	918	32	\N
1049	2020-04-15 02:10:36.202648+00	2020-04-15 02:10:36.20267+00	10	100	919	43	\N
1050	2020-04-15 02:11:21.954072+00	2020-04-15 02:11:21.954093+00	4	100	920	43	\N
1051	2020-04-15 02:11:21.959688+00	2020-04-15 02:11:21.959706+00	6	100	921	43	\N
1052	2020-04-15 08:07:03.192113+00	2020-04-15 08:07:03.192134+00	6	100	922	42	\N
1053	2020-04-15 08:07:03.235448+00	2020-04-15 08:07:03.235473+00	6	40	923	42	\N
1054	2020-04-15 08:07:03.242515+00	2020-04-15 08:07:03.242539+00	9	60	923	43	\N
1055	2020-04-15 08:08:56.258426+00	2020-04-15 08:08:56.258444+00	18	100	924	43	\N
1056	2020-04-15 08:13:09.835355+00	2020-04-15 08:13:09.835379+00	14	100	925	43	\N
1057	2020-04-15 08:16:07.36133+00	2020-04-15 08:16:07.361354+00	13	100	926	43	\N
1058	2020-04-15 08:23:17.160363+00	2020-04-15 08:23:17.160386+00	15	100	927	43	\N
1059	2020-04-15 08:24:40.426777+00	2020-04-15 08:24:40.426793+00	17	100	928	43	\N
1060	2020-04-15 08:25:56.929897+00	2020-04-15 08:25:56.929913+00	8	100	929	43	\N
1061	2020-04-15 08:25:56.958701+00	2020-04-15 08:25:56.958723+00	14	100	930	43	\N
1062	2020-04-15 08:43:19.185141+00	2020-04-15 08:43:19.185167+00	12	100	931	42	\N
1063	2020-04-15 08:43:19.189835+00	2020-04-15 08:43:19.189854+00	1	100	932	42	\N
1064	2020-04-15 08:43:19.238314+00	2020-04-15 08:43:19.238343+00	1	6.25	933	42	\N
1065	2020-04-15 08:43:19.243789+00	2020-04-15 08:43:19.243812+00	15	93.75	933	43	\N
1066	2020-04-15 08:44:33.457965+00	2020-04-15 08:44:33.457982+00	15	53.5714285714285694	934	42	\N
1067	2020-04-15 08:44:33.464051+00	2020-04-15 08:44:33.464075+00	13	46.4285714285714306	934	43	\N
1068	2020-04-15 08:45:10.326377+00	2020-04-15 08:45:10.3264+00	9	56.25	935	42	\N
1069	2020-04-15 08:45:10.331347+00	2020-04-15 08:45:10.33137+00	6	50	936	42	\N
1070	2020-04-15 08:45:10.361792+00	2020-04-15 08:45:10.361825+00	7	43.75	935	43	\N
1071	2020-04-15 08:45:10.366426+00	2020-04-15 08:45:10.366469+00	6	50	936	43	\N
1072	2020-04-15 08:46:09.329112+00	2020-04-15 08:46:09.329132+00	15	53.5714285714285694	937	42	\N
1073	2020-04-15 08:46:09.33567+00	2020-04-15 08:46:09.335689+00	13	46.4285714285714306	937	43	\N
1074	2020-04-15 08:46:43.470721+00	2020-04-15 08:46:43.470751+00	8	57.1428571428571459	938	42	\N
1075	2020-04-15 08:46:43.476064+00	2020-04-15 08:46:43.476096+00	8	57.1428571428571459	939	42	\N
1076	2020-04-15 08:46:43.480345+00	2020-04-15 08:46:43.480371+00	6	42.8571428571428541	938	43	\N
1077	2020-04-15 08:46:43.48281+00	2020-04-15 08:46:43.482827+00	6	42.8571428571428541	939	43	\N
1078	2020-04-15 08:51:33.849778+00	2020-04-15 08:51:33.849801+00	9	37.5	940	36	\N
1079	2020-04-15 08:51:33.856596+00	2020-04-15 08:51:33.856627+00	6	25	940	42	\N
1080	2020-04-15 08:51:33.862707+00	2020-04-15 08:51:33.862724+00	9	37.5	940	43	\N
1081	2020-04-15 08:52:30.506773+00	2020-04-15 08:52:30.506803+00	6	37.5	941	36	\N
1082	2020-04-15 08:52:30.511883+00	2020-04-15 08:52:30.511906+00	3	37.5	942	36	\N
1083	2020-04-15 08:52:30.521457+00	2020-04-15 08:52:30.521486+00	4	25	941	42	\N
1084	2020-04-15 08:52:30.528099+00	2020-04-15 08:52:30.528125+00	2	25	942	42	\N
1085	2020-04-15 08:52:30.533584+00	2020-04-15 08:52:30.533608+00	6	37.5	941	43	\N
1086	2020-04-15 08:52:30.535513+00	2020-04-15 08:52:30.535529+00	3	37.5	942	43	\N
1087	2020-04-15 08:59:15.016162+00	2020-04-15 08:59:15.016188+00	11	100	943	42	\N
1088	2020-04-15 08:59:15.021487+00	2020-04-15 08:59:15.02152+00	1	100	944	42	\N
1089	2020-04-15 08:59:15.075534+00	2020-04-15 08:59:15.07556+00	14	100	945	42	\N
1090	2020-04-15 09:02:46.116316+00	2020-04-15 09:02:46.116335+00	12	100	946	43	\N
1091	2020-04-15 09:02:46.118682+00	2020-04-15 09:02:46.118698+00	1	100	947	43	\N
1092	2020-04-15 09:02:46.152815+00	2020-04-15 09:02:46.152832+00	10	90.9090909090909065	948	42	\N
1093	2020-04-15 09:02:46.159858+00	2020-04-15 09:02:46.15988+00	1	9.09090909090909172	948	43	\N
1094	2020-04-15 09:03:34.299932+00	2020-04-15 09:03:34.299952+00	12	100	949	42	\N
1095	2020-04-15 09:03:34.304951+00	2020-04-15 09:03:34.304975+00	1	100	950	42	\N
1096	2020-04-15 09:03:34.35858+00	2020-04-15 09:03:34.358609+00	11	91.6666666666666714	951	42	\N
1097	2020-04-15 09:03:34.365592+00	2020-04-15 09:03:34.365618+00	1	8.33333333333333393	951	43	\N
1098	2020-04-15 09:03:48.157942+00	2020-04-15 09:03:48.15796+00	12	100	952	42	\N
1099	2020-04-15 09:03:48.159966+00	2020-04-15 09:03:48.159982+00	1	100	953	42	\N
1100	2020-04-15 09:03:48.195236+00	2020-04-15 09:03:48.195257+00	12	92.3076923076923066	954	42	\N
1101	2020-04-15 09:03:48.199337+00	2020-04-15 09:03:48.199376+00	1	7.69230769230769251	954	43	\N
1102	2020-04-15 09:05:07.828417+00	2020-04-15 09:05:07.828446+00	7	58.3333333333333357	955	42	\N
1103	2020-04-15 09:05:07.833417+00	2020-04-15 09:05:07.833445+00	1	50	956	42	\N
1104	2020-04-15 09:05:07.838649+00	2020-04-15 09:05:07.838671+00	5	41.6666666666666643	955	43	\N
1105	2020-04-15 09:05:07.84266+00	2020-04-15 09:05:07.842682+00	1	50	956	43	\N
1106	2020-04-15 09:05:07.893137+00	2020-04-15 09:05:07.893168+00	14	93.3333333333333286	957	42	\N
1107	2020-04-15 09:05:07.899772+00	2020-04-15 09:05:07.899801+00	1	6.66666666666666696	957	43	\N
1108	2020-04-15 09:06:00.150237+00	2020-04-15 09:06:00.150254+00	9	100	958	42	\N
1109	2020-04-15 09:06:00.152371+00	2020-04-15 09:06:00.152396+00	2	100	959	42	\N
1110	2020-04-15 09:06:00.175412+00	2020-04-15 09:06:00.175431+00	14	100	960	42	\N
1111	2020-04-15 09:07:38.953979+00	2020-04-15 09:07:38.954+00	12	100	961	42	\N
1112	2020-04-15 09:07:38.9601+00	2020-04-15 09:07:38.960461+00	1	100	962	42	\N
1113	2020-04-15 09:07:38.990634+00	2020-04-15 09:07:38.990651+00	12	100	963	42	\N
1114	2020-04-15 09:08:50.066148+00	2020-04-15 09:08:50.066166+00	13	100	964	42	\N
1115	2020-04-15 09:08:50.070902+00	2020-04-15 09:08:50.070919+00	1	100	965	42	\N
1116	2020-04-15 09:08:50.116668+00	2020-04-15 09:08:50.116686+00	13	100	966	42	\N
1117	2020-04-15 09:15:54.623079+00	2020-04-15 09:15:54.623111+00	23	100	967	42	\N
1118	2020-04-16 00:56:38.307379+00	2020-04-16 00:56:38.307395+00	11	100	968	43	\N
1119	2020-04-16 00:56:38.309826+00	2020-04-16 00:56:38.309863+00	1	100	969	43	\N
1120	2020-04-16 00:56:58.180402+00	2020-04-16 00:56:58.180419+00	11	100	970	42	\N
1121	2020-04-16 00:56:58.184899+00	2020-04-16 00:56:58.184916+00	1	100	971	42	\N
1122	2020-04-16 00:56:58.228717+00	2020-04-16 00:56:58.228738+00	1	50	972	42	\N
1123	2020-04-16 00:56:58.234876+00	2020-04-16 00:56:58.234893+00	1	50	972	43	\N
1124	2020-04-16 00:58:03.273544+00	2020-04-16 00:58:03.273575+00	11	100	973	43	\N
1125	2020-04-16 00:58:03.279877+00	2020-04-16 00:58:03.279901+00	3	100	974	43	\N
1126	2020-04-16 00:58:22.681944+00	2020-04-16 00:58:22.681971+00	15	100	975	43	\N
1127	2020-04-16 00:58:22.686138+00	2020-04-16 00:58:22.686155+00	2	100	976	43	\N
1128	2020-04-16 02:36:39.70768+00	2020-04-16 02:36:39.707714+00	18	100	977	43	\N
1129	2020-04-16 02:52:07.464938+00	2020-04-16 02:52:07.465023+00	13	100	978	42	\N
1130	2020-04-16 02:52:07.469869+00	2020-04-16 02:52:07.469887+00	10	100	979	42	\N
1131	2020-04-16 05:34:55.890089+00	2020-04-16 05:34:55.890112+00	97	100	980	30	\N
1132	2020-04-16 05:34:55.897577+00	2020-04-16 05:34:55.897602+00	2	100	981	30	\N
1133	2020-04-16 05:34:55.94187+00	2020-04-16 05:34:55.941894+00	91	100	982	30	   100,                      87,                   : =39, quantity=91, total_quantity=87,                  percentage=100.    100.                  ID piglets 982, piglets.quantty=87,                  piglets.quantty=87,
1134	2020-04-16 05:43:01.540139+00	2020-04-16 05:43:01.54017+00	1	100	983	30	\N
1135	2020-04-16 05:43:01.54584+00	2020-04-16 05:43:01.545874+00	96	100	984	30	\N
1136	2020-04-16 05:43:20.343981+00	2020-04-16 05:43:20.343999+00	2	100	985	30	\N
1137	2020-04-16 05:43:20.347965+00	2020-04-16 05:43:20.347981+00	96	100	986	30	\N
1138	2020-04-16 05:44:21.298195+00	2020-04-16 05:44:21.298218+00	1	100	987	30	\N
1139	2020-04-16 05:44:21.302407+00	2020-04-16 05:44:21.302425+00	105	99.0566037735849108	988	30	\N
1140	2020-04-16 05:44:21.306947+00	2020-04-16 05:44:21.306963+00	1	100	987	32	\N
1141	2020-04-16 05:44:21.310565+00	2020-04-16 05:44:21.31058+00	1	0.943396226415094352	988	32	\N
1142	2020-04-16 05:44:46.930983+00	2020-04-16 05:44:46.931028+00	4	100	989	30	\N
1143	2020-04-16 05:44:46.934948+00	2020-04-16 05:44:46.934966+00	97	98.9795918367346985	990	30	\N
1144	2020-04-16 05:44:46.939524+00	2020-04-16 05:44:46.939543+00	1	100	989	32	\N
1145	2020-04-16 05:44:46.943307+00	2020-04-16 05:44:46.943324+00	1	1.02040816326530615	990	32	\N
1146	2020-04-16 05:45:19.453529+00	2020-04-16 05:45:19.453553+00	28	70	991	30	\N
1147	2020-04-16 05:45:19.456815+00	2020-04-16 05:45:19.456834+00	9	75	992	30	\N
1148	2020-04-16 05:45:19.461215+00	2020-04-16 05:45:19.461236+00	15	37.5	991	32	\N
1149	2020-04-16 05:45:19.465204+00	2020-04-16 05:45:19.465231+00	5	41.6666666666666643	992	32	\N
1150	2020-04-16 05:45:47.012264+00	2020-04-16 05:45:47.012282+00	8	47.058823529411768	993	29	\N
1151	2020-04-16 05:45:47.016232+00	2020-04-16 05:45:47.016248+00	5	45.4545454545454533	994	29	\N
1152	2020-04-16 05:45:47.022707+00	2020-04-16 05:45:47.022724+00	9	52.941176470588232	993	30	\N
1153	2020-04-16 05:45:47.026908+00	2020-04-16 05:45:47.026924+00	6	54.5454545454545467	994	30	\N
1154	2020-04-16 05:45:47.032859+00	2020-04-16 05:45:47.032877+00	1	5.88235294117647101	993	37	\N
1155	2020-04-16 05:45:47.037635+00	2020-04-16 05:45:47.037651+00	1	100	994	37	\N
1156	2020-04-16 05:47:02.561137+00	2020-04-16 05:47:02.56116+00	8	44.4444444444444429	995	29	\N
1157	2020-04-16 05:47:02.568268+00	2020-04-16 05:47:02.568304+00	10	55.5555555555555571	995	30	\N
1158	2020-04-16 05:47:02.575639+00	2020-04-16 05:47:02.575658+00	1	5.55555555555555536	995	37	\N
1159	2020-04-16 05:47:43.323035+00	2020-04-16 05:47:43.323056+00	8	40	996	29	\N
1160	2020-04-16 05:47:43.329244+00	2020-04-16 05:47:43.329259+00	12	60	996	30	\N
1161	2020-04-16 05:47:43.335392+00	2020-04-16 05:47:43.335408+00	1	5	996	37	\N
1162	2020-04-16 05:48:13.688728+00	2020-04-16 05:48:13.688754+00	102	100	997	30	   100,                      101,                   : =39, quantity=102, total_quantity=101,                  percentage=100.    100.                  ID piglets 997, piglets.quantty=101,                  piglets.quantty=101,
1163	2020-04-16 05:48:13.693322+00	2020-04-16 05:48:13.693337+00	1	0.99009900990099009	997	32	\N
1164	2020-04-16 05:48:44.530641+00	2020-04-16 05:48:44.530681+00	103	100	998	30	   100,                      102,                   : =39, quantity=103, total_quantity=102,                  percentage=100.    100.                  ID piglets 998, piglets.quantty=102,                  piglets.quantty=102,
1165	2020-04-16 05:48:44.538182+00	2020-04-16 05:48:44.538207+00	2	1.96078431372549011	998	32	\N
1166	2020-04-16 06:03:06.480725+00	2020-04-16 06:03:06.480753+00	106	96.3636363636363598	999	30	\N
1167	2020-04-16 06:03:06.487686+00	2020-04-16 06:03:06.48771+00	6	5.45454545454545414	999	32	\N
1168	2020-04-16 06:04:27.350945+00	2020-04-16 06:04:27.350974+00	5	4.13223140495867725	1000	29	\N
1169	2020-04-16 06:04:27.357959+00	2020-04-16 06:04:27.357985+00	112	92.5619834710743845	1000	30	\N
1170	2020-04-16 06:04:27.365325+00	2020-04-16 06:04:27.365351+00	6	4.95867768595041358	1000	32	\N
1171	2020-04-16 06:04:27.371964+00	2020-04-16 06:04:27.371989+00	1	0.82644628099173556	1000	37	\N
1172	2020-04-16 06:05:15.662902+00	2020-04-16 06:05:15.662928+00	5	4.62962962962962976	1001	19	\N
1173	2020-04-16 06:05:15.667793+00	2020-04-16 06:05:15.667811+00	105	97.2222222222222285	1001	30	\N
1174	2020-04-16 06:05:15.672333+00	2020-04-16 06:05:15.672357+00	1	0.92592592592592593	1001	32	\N
1175	2020-04-16 06:43:55.055779+00	2020-04-16 06:43:55.055799+00	89	100	1002	25	\N
1176	2020-04-16 06:43:55.060796+00	2020-04-16 06:43:55.060819+00	10	100	1003	25	\N
1177	2020-04-16 06:56:46.204381+00	2020-04-16 06:56:46.204398+00	82	100	1004	26	\N
1178	2020-04-16 06:56:46.207541+00	2020-04-16 06:56:46.207564+00	15	100	1005	26	\N
1179	2020-04-16 06:56:56.774613+00	2020-04-16 06:56:56.774646+00	90	100	1006	23	\N
1180	2020-04-16 06:56:56.7763+00	2020-04-16 06:56:56.776317+00	13	100	1007	23	\N
1181	2020-04-16 07:10:07.060925+00	2020-04-16 07:10:07.060953+00	10	100	1008	43	\N
1182	2020-04-16 07:10:07.10044+00	2020-04-16 07:10:07.100468+00	1	8.33333333333333393	1009	42	\N
1183	2020-04-16 07:10:07.104268+00	2020-04-16 07:10:07.10429+00	11	91.6666666666666714	1009	43	\N
1184	2020-04-16 07:11:34.678915+00	2020-04-16 07:11:34.678932+00	14	100	1010	43	\N
1185	2020-04-16 07:12:29.56208+00	2020-04-16 07:12:29.562097+00	11	100	1011	43	\N
1186	2020-04-16 07:13:58.425982+00	2020-04-16 07:13:58.426008+00	12	100	1012	43	\N
1187	2020-04-16 07:14:47.520505+00	2020-04-16 07:14:47.520523+00	12	100	1013	43	\N
1188	2020-04-16 07:15:59.115112+00	2020-04-16 07:15:59.115133+00	12	100	1014	43	\N
1189	2020-04-16 07:16:25.274132+00	2020-04-16 07:16:25.274158+00	12	100	1015	43	\N
1190	2020-04-16 07:18:10.988827+00	2020-04-16 07:18:10.988844+00	12	100	1016	43	\N
1191	2020-04-16 07:18:58.999221+00	2020-04-16 07:18:58.999236+00	17	100	1017	43	\N
1192	2020-04-16 07:20:08.490726+00	2020-04-16 07:20:08.490755+00	15	100	1018	43	\N
1193	2020-04-16 07:20:08.495638+00	2020-04-16 07:20:08.495662+00	2	100	1019	43	\N
1194	2020-04-16 07:20:08.562396+00	2020-04-16 07:20:08.562432+00	14	100	1020	43	\N
1195	2020-04-16 07:21:01.141394+00	2020-04-16 07:21:01.141428+00	14	100	1021	43	\N
1196	2020-04-16 07:21:35.235117+00	2020-04-16 07:21:35.235133+00	16	100	1022	43	\N
1197	2020-04-16 07:22:21.057291+00	2020-04-16 07:22:21.057314+00	13	100	1023	43	\N
1198	2020-04-16 07:23:15.408138+00	2020-04-16 07:23:15.408158+00	10	100	1024	43	\N
1199	2020-04-16 07:23:15.446297+00	2020-04-16 07:23:15.446325+00	12	100	1025	43	\N
1200	2020-04-16 07:26:52.232444+00	2020-04-16 07:26:52.232463+00	14	100	1026	43	\N
1201	2020-04-16 07:26:52.270929+00	2020-04-16 07:26:52.270954+00	17	100	1027	43	\N
1202	2020-04-16 07:35:26.198826+00	2020-04-16 07:35:26.198853+00	7	100	1028	42	\N
1203	2020-04-16 07:35:26.205129+00	2020-04-16 07:35:26.205155+00	2	100	1029	42	\N
1204	2020-04-16 07:35:45.514323+00	2020-04-16 07:35:45.514345+00	12	92.3076923076923066	1030	36	\N
1205	2020-04-16 07:35:45.52135+00	2020-04-16 07:35:45.52137+00	2	15.384615384615385	1030	42	\N
1206	2020-04-16 07:37:05.433295+00	2020-04-16 07:37:05.433317+00	6	100	1031	36	\N
1207	2020-04-16 07:37:05.439044+00	2020-04-16 07:37:05.439069+00	6	85.7142857142857082	1032	36	\N
1208	2020-04-16 07:37:05.444075+00	2020-04-16 07:37:05.444092+00	1	16.6666666666666679	1031	42	\N
1209	2020-04-16 07:37:05.447734+00	2020-04-16 07:37:05.447752+00	1	14.2857142857142865	1032	42	\N
1210	2020-04-16 07:38:35.599259+00	2020-04-16 07:38:35.599277+00	9	81.818181818181813	1033	36	\N
1211	2020-04-16 07:38:35.601496+00	2020-04-16 07:38:35.601512+00	1	100	1034	36	\N
1212	2020-04-16 07:38:35.604185+00	2020-04-16 07:38:35.604203+00	2	18.1818181818181834	1033	42	\N
1213	2020-04-16 07:38:35.606051+00	2020-04-16 07:38:35.606068+00	1	100	1034	42	\N
1214	2020-04-16 07:38:35.63996+00	2020-04-16 07:38:35.639994+00	7	100	1035	36	\N
1215	2020-04-16 07:38:35.648946+00	2020-04-16 07:38:35.648971+00	2	28.571428571428573	1035	42	\N
1216	2020-04-16 07:39:34.758315+00	2020-04-16 07:39:34.758336+00	8	100	1036	36	\N
1217	2020-04-16 07:39:34.763252+00	2020-04-16 07:39:34.763272+00	1	100	1037	36	\N
1218	2020-04-16 07:39:34.768976+00	2020-04-16 07:39:34.769001+00	1	12.5	1036	42	\N
1219	2020-04-16 07:39:34.773431+00	2020-04-16 07:39:34.773456+00	1	100	1037	42	\N
1220	2020-04-16 07:39:34.823656+00	2020-04-16 07:39:34.823683+00	8	100	1038	36	\N
1221	2020-04-16 07:39:34.830191+00	2020-04-16 07:39:34.83021+00	3	37.5	1038	42	\N
1222	2020-04-16 07:40:53.218051+00	2020-04-16 07:40:53.218081+00	8	100	1039	42	\N
1223	2020-04-16 07:40:53.225668+00	2020-04-16 07:40:53.225696+00	4	100	1040	42	\N
1224	2020-04-16 07:40:53.259953+00	2020-04-16 07:40:53.259976+00	8	66.6666666666666714	1041	36	\N
1225	2020-04-16 07:40:53.268897+00	2020-04-16 07:40:53.268918+00	7	58.3333333333333357	1041	42	\N
1226	2020-04-16 07:41:56.177104+00	2020-04-16 07:41:56.177138+00	12	100	1042	42	\N
1227	2020-04-16 07:41:56.179106+00	2020-04-16 07:41:56.179128+00	1	100	1043	42	\N
1228	2020-04-16 07:41:56.217897+00	2020-04-16 07:41:56.217916+00	8	61.5384615384615401	1044	36	\N
1229	2020-04-16 07:41:56.223215+00	2020-04-16 07:41:56.223233+00	8	61.5384615384615401	1044	42	\N
1230	2020-04-16 07:43:01.277967+00	2020-04-16 07:43:01.277991+00	11	100	1045	36	\N
1231	2020-04-16 07:43:01.284118+00	2020-04-16 07:43:01.284146+00	1	100	1046	36	\N
1232	2020-04-16 07:43:01.348622+00	2020-04-16 07:43:01.348652+00	9	64.2857142857142918	1047	36	\N
1233	2020-04-16 07:43:01.362087+00	2020-04-16 07:43:01.362115+00	8	57.1428571428571459	1047	42	\N
1234	2020-04-16 07:44:06.996129+00	2020-04-16 07:44:06.996152+00	1	10	1048	36	\N
1235	2020-04-16 07:44:07.001167+00	2020-04-16 07:44:07.001391+00	1	100	1049	36	\N
1236	2020-04-16 07:44:07.006865+00	2020-04-16 07:44:07.006885+00	9	90	1048	42	\N
1237	2020-04-16 07:44:07.011197+00	2020-04-16 07:44:07.011214+00	1	100	1049	42	\N
1238	2020-04-16 07:44:07.050746+00	2020-04-16 07:44:07.050779+00	10	66.6666666666666714	1050	36	\N
1239	2020-04-16 07:44:07.054912+00	2020-04-16 07:44:07.05493+00	9	60	1050	42	\N
\.


--
-- Data for Name: tours_tour; Type: TABLE DATA; Schema: public; Owner: postgres
--

COPY public.tours_tour (id, created_at, modified_at, start_date, week_number, year) FROM stdin;
1	2020-03-09 11:47:11.041303+00	2020-03-09 11:47:11.041324+00	2019-05-13 16:00:00+00	20	2019
2	2020-03-09 11:47:23.190223+00	2020-03-09 11:47:23.190243+00	2019-04-22 16:00:00+00	17	2019
3	2020-03-09 11:50:09.918543+00	2020-03-09 11:50:09.918566+00	2019-04-16 16:00:00+00	16	2019
4	2020-03-09 11:50:38.20163+00	2020-03-09 11:50:38.201649+00	2019-05-22 16:00:00+00	21	2019
5	2020-03-09 11:51:43.266948+00	2020-03-09 11:51:43.26697+00	2019-04-30 16:00:00+00	18	2019
6	2020-03-09 11:53:30.005869+00	2020-03-09 11:53:30.005889+00	2019-05-29 16:00:00+00	22	2019
7	2020-03-09 11:55:08.826176+00	2020-03-09 11:55:08.826196+00	2019-05-07 16:00:00+00	19	2019
8	2020-03-09 12:01:00.785657+00	2020-03-09 12:01:00.785679+00	2019-06-04 16:00:00+00	23	2019
9	2020-03-11 09:03:15.63755+00	2020-03-11 09:03:15.637583+00	2020-03-09 12:38:54.943116+00	1	2020
10	2020-03-11 09:03:18.957104+00	2020-03-11 09:03:18.957123+00	2020-03-09 12:38:54.943116+00	2	2020
11	2020-03-11 09:03:21.842236+00	2020-03-11 09:03:21.842255+00	2020-03-09 12:38:54.943116+00	3	2020
12	2020-03-11 09:03:24.618009+00	2020-03-11 09:03:24.618028+00	2020-03-09 12:38:54.943116+00	4	2020
13	2020-03-11 09:03:27.385785+00	2020-03-11 09:03:27.385807+00	2020-03-09 12:38:54.943116+00	5	2020
14	2020-03-11 09:03:30.125213+00	2020-03-11 09:03:30.125231+00	2020-03-09 12:38:54.943116+00	6	2020
15	2020-03-11 09:03:33.062561+00	2020-03-11 09:03:33.06258+00	2020-03-09 12:38:54.943116+00	7	2020
16	2020-03-11 09:03:36.023963+00	2020-03-11 09:03:36.02398+00	2020-03-09 12:38:54.943116+00	8	2020
17	2020-03-11 09:16:57.035858+00	2020-03-11 09:16:57.035878+00	2020-03-11 09:16:09.991366+00	9	2020
18	2020-03-11 09:16:59.377942+00	2020-03-11 09:16:59.377963+00	2020-03-11 09:16:09.991366+00	10	2020
19	2020-03-12 14:38:56.248126+00	2020-03-12 14:38:56.248155+00	2019-07-30 16:00:00+00	31	2019
20	2020-03-12 14:48:52.332502+00	2020-03-12 14:48:52.332528+00	2019-07-15 16:00:00+00	29	2019
21	2020-03-12 15:21:12.553341+00	2020-03-12 15:21:12.553367+00	2019-07-08 16:00:00+00	28	2019
22	2020-03-12 15:22:25.283294+00	2020-03-12 15:22:25.283313+00	2019-06-30 16:00:00+00	27	2019
23	2020-03-12 15:27:46.643842+00	2020-03-12 15:27:46.643864+00	2019-06-23 16:00:00+00	26	2019
24	2020-03-12 15:29:02.680467+00	2020-03-12 15:29:02.680499+00	2019-08-14 16:00:00+00	33	2019
25	2020-03-15 06:55:14.020657+00	2020-03-15 06:55:14.020689+00	2019-06-10 16:00:00+00	24	2019
26	2020-03-15 07:00:56.888902+00	2020-03-15 07:00:56.888926+00	2019-06-17 16:00:00+00	25	2019
27	2020-03-20 02:42:05.808409+00	2020-03-20 02:42:05.808453+00	2019-08-29 16:00:00+00	35	2019
28	2020-03-20 03:14:34.414969+00	2020-03-20 03:14:34.41499+00	2019-09-07 16:00:00+00	36	2019
29	2020-03-20 03:17:48.85509+00	2020-03-20 03:17:48.855113+00	2019-09-16 16:00:00+00	38	2019
30	2020-03-20 03:23:52.836018+00	2020-03-20 03:23:52.83604+00	2019-09-23 16:00:00+00	39	2019
31	2020-03-20 04:06:57.263806+00	2020-03-20 04:06:57.263828+00	2019-08-23 16:00:00+00	34	2019
32	2020-03-20 07:52:43.138526+00	2020-03-20 07:52:43.138561+00	2019-10-04 16:00:00+00	40	2019
33	2020-03-22 11:12:34.936574+00	2020-03-22 11:12:34.936596+00	2020-06-30 16:00:00+00	27	2020
34	2020-03-27 07:13:49.745306+00	2020-03-27 07:13:49.745322+00	2020-03-08 16:00:00+00	11	2020
35	2020-03-27 07:13:52.422931+00	2020-03-27 07:13:52.42295+00	2020-03-15 16:00:00+00	12	2020
36	2020-03-30 05:07:57.581071+00	2020-03-30 05:07:57.581118+00	2019-12-08 16:00:00+00	50	2019
37	2020-04-01 08:25:16.478535+00	2020-04-01 08:25:16.478576+00	2019-10-10 16:00:00+00	41	2019
38	2020-04-01 08:49:56.944065+00	2020-04-01 08:49:56.944108+00	2019-10-18 16:00:00+00	42	2019
40	2020-04-01 11:15:13.304274+00	2020-04-01 11:15:13.30431+00	2019-08-05 16:00:00+00	32	2019
39	2020-04-01 10:58:05.013741+00	2020-04-02 08:02:34.993461+00	2019-07-30 16:00:00+00	31	2019
41	2020-04-05 08:23:38.113287+00	2020-04-05 08:23:38.113326+00	2019-10-22 16:00:00+00	43	2019
42	2020-04-06 03:26:09.938159+00	2020-04-06 03:26:09.938203+00	2019-12-15 16:00:00+00	51	2019
43	2020-04-06 03:26:13.220004+00	2020-04-06 03:26:13.220023+00	2019-12-22 16:00:00+00	52	2019
44	2020-04-11 06:32:17.307426+00	2020-04-11 06:32:17.307467+00	2019-10-30 16:00:00+00	44	2019
\.


--
-- Data for Name: transactions_pigletstransaction; Type: TABLE DATA; Schema: public; Owner: postgres
--

COPY public.transactions_pigletstransaction (id, created_at, modified_at, date, from_location_id, initiator_id, piglets_group_id, to_location_id) FROM stdin;
458	2020-04-01 11:07:36.897851+00	2020-04-01 11:07:36.897869+00	2020-03-18 16:00:00+00	8	4	281	5
461	2020-04-01 11:08:53.602155+00	2020-04-01 11:08:53.602184+00	2020-03-13 16:00:00+00	8	4	284	5
464	2020-04-01 11:09:30.419484+00	2020-04-01 11:09:30.419524+00	2020-03-19 16:00:00+00	8	4	287	5
467	2020-04-01 11:10:07.8571+00	2020-04-01 11:10:07.857127+00	2020-03-18 16:00:00+00	8	4	290	5
470	2020-04-01 11:11:44.337641+00	2020-04-01 11:11:44.337659+00	2020-01-30 16:00:00+00	8	4	293	6
473	2020-04-01 11:11:56.679135+00	2020-04-01 11:11:56.679152+00	2020-01-30 16:00:00+00	8	4	296	6
476	2020-04-01 11:12:54.414406+00	2020-04-01 11:12:54.41443+00	2020-02-06 16:00:00+00	8	4	299	6
479	2020-04-01 11:13:37.206479+00	2020-04-01 11:13:37.206496+00	2020-01-30 16:00:00+00	8	4	302	6
482	2020-04-01 11:14:20.022072+00	2020-04-01 11:14:20.022101+00	2020-02-07 16:00:00+00	8	4	305	6
485	2020-04-01 11:15:13.315448+00	2020-04-01 11:15:13.315466+00	2020-03-30 16:00:00+00	8	4	308	6
488	2020-04-01 11:18:22.174744+00	2020-04-01 11:18:22.174761+00	2020-02-13 16:00:00+00	8	4	311	7
491	2020-04-01 11:45:42.273472+00	2020-04-01 11:45:42.27349+00	2020-02-20 16:00:00+00	8	4	314	7
494	2020-04-01 11:45:53.963458+00	2020-04-01 11:45:53.963477+00	2020-02-20 16:00:00+00	8	4	317	7
497	2020-04-01 11:46:28.942814+00	2020-04-01 11:46:28.942832+00	2020-02-26 16:00:00+00	8	4	320	7
500	2020-04-01 11:47:01.281799+00	2020-04-01 11:47:01.281833+00	2020-02-26 16:00:00+00	8	4	323	7
503	2020-04-01 11:47:21.618873+00	2020-04-01 11:47:21.618889+00	2020-03-04 16:00:00+00	8	4	326	7
506	2020-04-02 06:06:52.259637+00	2020-04-02 06:06:52.259673+00	2020-04-01 09:55:09.118309+00	4	\N	241	335
509	2020-04-02 06:07:17.46676+00	2020-04-02 06:07:17.466788+00	2020-04-01 09:55:09.118309+00	4	\N	244	338
512	2020-04-02 06:43:43.683195+00	2020-04-02 06:43:43.683229+00	2020-04-01 09:55:09.118309+00	6	\N	295	416
515	2020-04-02 06:44:55.76265+00	2020-04-02 06:44:55.76268+00	2020-04-01 09:55:09.118309+00	6	\N	298	419
518	2020-04-02 06:45:37.371752+00	2020-04-02 06:45:37.371782+00	2020-04-01 09:55:09.118309+00	6	\N	300	422
521	2020-04-02 06:46:09.947128+00	2020-04-02 06:46:09.947156+00	2020-04-01 09:55:09.118309+00	7	\N	310	434
524	2020-04-02 06:46:21.567252+00	2020-04-02 06:46:21.567281+00	2020-04-01 09:55:09.118309+00	7	\N	311	435
527	2020-04-02 06:46:57.866465+00	2020-04-02 06:46:57.866497+00	2020-04-01 09:55:09.118309+00	6	\N	307	428
530	2020-04-02 06:47:11.507231+00	2020-04-02 06:47:11.50726+00	2020-04-01 09:55:09.118309+00	7	\N	313	437
533	2020-04-02 06:47:36.880771+00	2020-04-02 06:47:36.880798+00	2020-04-01 09:55:09.118309+00	7	\N	316	440
536	2020-04-02 06:47:49.68293+00	2020-04-02 06:47:49.68296+00	2020-04-01 09:55:09.118309+00	7	\N	318	442
539	2020-04-02 06:48:12.386123+00	2020-04-02 06:48:12.386151+00	2020-04-01 09:55:09.118309+00	7	\N	320	444
542	2020-04-02 06:48:38.915185+00	2020-04-02 06:48:38.915211+00	2020-04-01 09:55:09.118309+00	445	\N	321	445
545	2020-04-02 06:49:23.18529+00	2020-04-02 06:49:23.185317+00	2020-04-01 09:55:09.118309+00	5	\N	276	385
548	2020-04-02 06:49:36.298216+00	2020-04-02 06:49:36.29825+00	2020-04-01 09:55:09.118309+00	5	\N	277	386
551	2020-04-02 06:49:56.758856+00	2020-04-02 06:49:56.758884+00	2020-04-01 09:55:09.118309+00	5	\N	279	388
554	2020-04-02 06:50:31.811758+00	2020-04-02 06:50:31.811803+00	2020-04-01 09:55:09.118309+00	5	\N	282	391
557	2020-04-02 06:50:50.046074+00	2020-04-02 06:50:50.046104+00	2020-04-01 09:55:09.118309+00	5	\N	285	394
560	2020-04-02 06:51:14.0417+00	2020-04-02 06:51:14.041731+00	2020-04-01 09:55:09.118309+00	5	\N	287	396
563	2020-04-02 06:51:33.618327+00	2020-04-02 06:51:33.618355+00	2020-04-01 09:55:09.118309+00	5	\N	290	399
566	2020-04-02 06:51:46.276068+00	2020-04-02 06:51:46.276096+00	2020-04-01 09:55:09.118309+00	7	\N	325	449
569	2020-04-02 06:52:00.231202+00	2020-04-02 06:52:00.231235+00	2020-04-01 09:55:09.118309+00	7	\N	328	452
572	2020-04-02 06:52:46.684748+00	2020-04-02 06:52:46.684777+00	2020-04-01 09:55:09.118309+00	8	\N	252	358
575	2020-04-02 06:54:19.262535+00	2020-04-02 06:54:19.262572+00	2020-04-01 09:55:09.118309+00	8	\N	255	361
578	2020-04-02 06:55:25.919239+00	2020-04-02 06:55:25.919273+00	2020-04-01 09:55:09.118309+00	8	\N	258	364
581	2020-04-02 06:55:48.019062+00	2020-04-02 06:55:48.019092+00	2020-04-01 09:55:09.118309+00	8	\N	261	367
584	2020-04-02 06:57:30.557026+00	2020-04-02 06:57:30.557063+00	2020-04-01 09:55:09.118309+00	8	\N	264	370
587	2020-04-02 06:58:02.603784+00	2020-04-02 06:58:02.603817+00	2020-04-01 09:55:09.118309+00	8	\N	267	373
590	2020-04-02 06:58:24.500538+00	2020-04-02 06:58:24.500568+00	2020-04-01 09:55:09.118309+00	8	\N	271	376
593	2020-04-02 06:58:45.378834+00	2020-04-02 06:58:45.378864+00	2020-04-01 09:55:09.118309+00	8	\N	274	379
596	2020-04-02 07:02:37.772804+00	2020-04-02 07:02:37.772823+00	2020-04-01 09:55:09.118309+00	11	\N	330	11
599	2020-04-02 07:21:04.757178+00	2020-04-02 07:21:04.757202+00	2020-04-01 09:55:09.118309+00	316	\N	337	340
602	2020-04-02 07:22:04.553101+00	2020-04-02 07:22:04.553124+00	2020-04-01 09:55:09.118309+00	319	\N	346	340
605	2020-04-02 07:23:03.31611+00	2020-04-02 07:23:03.316141+00	2020-04-01 09:55:09.118309+00	323	\N	355	340
608	2020-04-02 07:23:30.576884+00	2020-04-02 07:23:30.576906+00	2020-04-01 09:55:09.118309+00	325	\N	364	340
611	2020-04-02 07:25:01.798327+00	2020-04-02 07:25:01.79836+00	2020-04-01 09:55:09.118309+00	329	\N	373	340
614	2020-04-02 07:38:31.606662+00	2020-04-02 07:38:31.606687+00	2020-04-01 09:55:09.118309+00	314	\N	380	8
617	2020-04-02 07:39:32.661583+00	2020-04-02 07:39:32.6616+00	2020-04-01 09:55:09.118309+00	317	\N	386	8
619	2020-04-02 07:41:56.75536+00	2020-04-02 07:41:56.755376+00	2020-04-02 07:40:55.300655+00	329	\N	390	340
621	2020-04-02 07:49:58.856757+00	2020-04-02 07:49:58.856791+00	2020-04-02 07:43:11.973484+00	8	\N	376	355
624	2020-04-02 07:51:04.294067+00	2020-04-02 07:51:04.2941+00	2020-04-02 07:43:11.973484+00	8	\N	382	353
627	2020-04-02 07:51:33.701265+00	2020-04-02 07:51:33.701293+00	2020-04-02 07:43:11.973484+00	8	\N	388	350
630	2020-04-02 08:24:26.095908+00	2020-04-02 08:24:26.095942+00	2020-04-02 07:43:11.973484+00	121	\N	415	116
633	2020-04-03 02:29:07.689897+00	2020-04-03 02:29:07.690021+00	2020-04-02 07:43:11.973484+00	313	\N	422	339
636	2020-04-03 02:32:27.985632+00	2020-04-03 02:32:27.985651+00	2020-04-02 07:43:11.973484+00	322	\N	430	339
639	2020-04-03 02:34:31.489473+00	2020-04-03 02:34:31.489492+00	2020-04-02 07:43:11.973484+00	325	\N	439	339
642	2020-04-03 02:35:42.696645+00	2020-04-03 02:35:42.69667+00	2020-04-02 07:43:11.973484+00	328	\N	448	339
645	2020-04-03 02:37:02.987835+00	2020-04-03 02:37:02.987863+00	2020-04-02 07:43:11.973484+00	331	\N	457	339
648	2020-04-03 02:37:54.651972+00	2020-04-03 02:37:54.651996+00	2020-04-02 07:43:11.973484+00	334	\N	466	339
651	2020-04-03 02:40:04.105643+00	2020-04-03 02:40:04.105677+00	2020-04-02 07:43:11.973484+00	319	\N	475	339
654	2020-04-03 02:42:49.410771+00	2020-04-03 02:42:49.410795+00	2020-04-02 07:43:11.973484+00	330	\N	484	339
657	2020-04-03 04:15:22.795047+00	2020-04-03 04:15:22.795071+00	2020-03-30 16:00:00+00	8	4	488	5
660	2020-04-03 04:18:41.358614+00	2020-04-03 04:18:41.358649+00	2020-04-02 07:43:11.973484+00	5	\N	488	402
663	2020-04-03 04:20:52.346653+00	2020-04-03 04:20:52.346673+00	2020-01-30 16:00:00+00	8	4	489	6
666	2020-04-03 06:16:47.103328+00	2020-04-03 06:16:47.103367+00	2020-04-02 07:43:11.973484+00	6	\N	489	417
669	2020-04-03 06:24:37.331899+00	2020-04-03 06:24:37.331926+00	2020-04-02 07:43:11.973484+00	427	\N	499	11
671	2020-04-04 03:54:06.199628+00	2020-04-04 03:54:06.199667+00	2020-04-03 07:55:11.900846+00	116	14	416	125
674	2020-04-04 05:52:13.426681+00	2020-04-04 05:52:13.426718+00	2020-04-04 03:55:07.779815+00	139	14	209	116
677	2020-04-04 06:46:21.811517+00	2020-04-04 06:46:21.811546+00	2020-04-04 03:55:07.779815+00	127	4	518	248
680	2020-04-05 08:23:38.131145+00	2020-04-05 08:23:38.131163+00	2020-04-03 16:00:00+00	3	4	546	4
683	2020-04-05 08:24:02.530153+00	2020-04-05 08:24:02.530181+00	2020-04-03 16:00:00+00	3	4	549	4
686	2020-04-06 06:31:33.26405+00	2020-04-06 06:31:33.264078+00	2020-04-06 05:36:11.526658+00	348	20	556	6
689	2020-04-06 06:41:03.631562+00	2020-04-06 06:41:03.631596+00	2020-04-06 05:36:11.526658+00	346	20	246	6
692	2020-04-06 07:03:55.202167+00	2020-04-06 07:03:55.202194+00	2020-04-06 05:36:11.526658+00	4	4	548	314
695	2020-04-06 07:18:46.542658+00	2020-04-06 07:18:46.542682+00	2020-04-06 05:36:11.526658+00	6	17	554	412
698	2020-04-06 07:19:18.059706+00	2020-04-06 07:19:18.059731+00	2020-04-06 05:36:11.526658+00	6	17	246	409
701	2020-04-08 01:16:33.770774+00	2020-04-08 01:16:33.770791+00	2020-04-06 12:09:36.904628+00	321	15	568	339
704	2020-04-08 04:07:05.96053+00	2020-04-08 04:07:05.96057+00	2020-04-08 03:44:06.766277+00	140	14	560	77
708	2020-04-09 05:17:12.167884+00	2020-04-09 05:17:12.167909+00	2020-04-08 09:13:07.42126+00	321	15	584	320
711	2020-04-09 05:18:08.337946+00	2020-04-09 05:18:08.337974+00	2020-04-08 09:13:07.42126+00	321	15	583	8
714	2020-04-09 05:34:05.749672+00	2020-04-09 05:34:05.749713+00	2020-04-08 09:13:07.42126+00	8	20	582	349
717	2020-04-09 05:34:46.819136+00	2020-04-09 05:34:46.819159+00	2020-04-08 09:13:07.42126+00	8	20	583	347
720	2020-04-09 07:32:37.131818+00	2020-04-09 07:32:37.131835+00	2020-04-08 09:13:07.42126+00	172	14	591	158
723	2020-04-09 07:46:12.806485+00	2020-04-09 07:46:12.806515+00	2020-04-08 09:13:07.42126+00	93	14	520	71
726	2020-04-09 08:00:32.487034+00	2020-04-09 08:00:32.487068+00	2020-04-08 09:13:07.42126+00	142	14	575	87
729	2020-04-09 08:25:46.06134+00	2020-04-09 08:25:46.061375+00	2020-04-08 09:13:07.42126+00	154	14	563	93
732	2020-04-09 08:36:48.471532+00	2020-04-09 08:36:48.471557+00	2020-04-08 09:13:07.42126+00	199	14	601	165
735	2020-04-09 09:23:52.013304+00	2020-04-09 09:23:52.01334+00	2020-04-08 09:13:07.42126+00	188	14	579	173
738	2020-04-10 00:57:50.572031+00	2020-04-10 00:57:50.572064+00	2020-04-08 09:13:07.42126+00	122	14	208	152
741	2020-04-10 01:05:51.457765+00	2020-04-10 01:05:51.457789+00	2020-04-08 09:13:07.42126+00	88	14	621	186
744	2020-04-10 03:20:20.504816+00	2020-04-10 03:20:20.504832+00	2020-04-08 09:13:07.42126+00	97	14	626	141
747	2020-04-10 03:25:57.176824+00	2020-04-10 03:25:57.17684+00	2020-04-08 09:13:07.42126+00	105	14	630	97
750	2020-04-10 03:37:56.055722+00	2020-04-10 03:37:56.055737+00	2020-04-08 09:13:07.42126+00	158	14	637	167
753	2020-04-10 07:24:03.744807+00	2020-04-10 07:24:03.744835+00	2020-04-08 09:13:07.42126+00	143	14	646	141
756	2020-04-10 07:49:20.367219+00	2020-04-10 07:49:20.367236+00	2020-04-08 09:13:07.42126+00	190	14	678	187
759	2020-04-11 01:07:12.13907+00	2020-04-11 01:07:12.139091+00	2020-04-08 09:13:07.42126+00	71	14	686	178
762	2020-04-11 01:31:04.790041+00	2020-04-11 01:31:04.790059+00	2020-04-08 09:13:07.42126+00	122	14	691	156
765	2020-04-11 01:32:17.925524+00	2020-04-11 01:32:17.92554+00	2020-04-08 09:13:07.42126+00	128	14	700	156
768	2020-04-11 01:34:09.686953+00	2020-04-11 01:34:09.686976+00	2020-04-08 09:13:07.42126+00	132	14	709	156
771	2020-04-11 03:20:21.619746+00	2020-04-11 03:20:21.619762+00	2020-04-08 09:13:07.42126+00	156	14	716	134
774	2020-04-11 03:27:04.439916+00	2020-04-11 03:27:04.439934+00	2020-04-08 09:13:07.42126+00	146	14	721	149
459	2020-04-01 11:07:55.971087+00	2020-04-01 11:07:55.971118+00	2020-03-13 16:00:00+00	8	4	282	5
462	2020-04-01 11:08:58.289424+00	2020-04-01 11:08:58.289441+00	2020-03-13 16:00:00+00	8	4	285	5
465	2020-04-01 11:09:55.192841+00	2020-04-01 11:09:55.192868+00	2020-03-18 16:00:00+00	8	4	288	5
468	2020-04-01 11:10:37.413775+00	2020-04-01 11:10:37.413796+00	2020-03-29 16:00:00+00	8	4	291	5
471	2020-04-01 11:11:51.5844+00	2020-04-01 11:11:51.584418+00	2020-01-30 16:00:00+00	8	4	294	6
474	2020-04-01 11:12:03.039985+00	2020-04-01 11:12:03.040022+00	2020-01-30 16:00:00+00	8	4	297	6
477	2020-04-01 11:13:09.537216+00	2020-04-01 11:13:09.537234+00	2020-02-05 16:00:00+00	8	4	300	6
480	2020-04-01 11:14:03.619521+00	2020-04-01 11:14:03.619556+00	2020-02-07 16:00:00+00	8	4	303	6
483	2020-04-01 11:14:34.450632+00	2020-04-01 11:14:34.450657+00	2020-02-06 16:00:00+00	8	4	306	6
486	2020-04-01 11:18:06.590079+00	2020-04-01 11:18:06.590116+00	2020-02-13 16:00:00+00	8	4	309	7
489	2020-04-01 11:26:04.292271+00	2020-04-01 11:26:04.292969+00	2020-02-13 16:00:00+00	8	4	312	7
492	2020-04-01 11:45:47.162165+00	2020-04-01 11:45:47.162182+00	2020-02-20 16:00:00+00	8	4	315	7
495	2020-04-01 11:46:08.800332+00	2020-04-01 11:46:08.800362+00	2020-02-20 16:00:00+00	8	4	318	7
498	2020-04-01 11:46:34.27584+00	2020-04-01 11:46:34.275858+00	2020-02-26 16:00:00+00	8	4	321	7
501	2020-04-01 11:47:14.114397+00	2020-04-01 11:47:14.114428+00	2020-03-04 16:00:00+00	8	4	324	7
504	2020-04-01 11:47:33.359843+00	2020-04-01 11:47:33.359864+00	2020-03-04 16:00:00+00	8	4	327	7
507	2020-04-02 06:07:04.54405+00	2020-04-02 06:07:04.544086+00	2020-04-01 09:55:09.118309+00	4	\N	242	336
510	2020-04-02 06:42:31.922147+00	2020-04-02 06:42:31.922186+00	2020-04-01 09:55:09.118309+00	6	\N	293	414
513	2020-04-02 06:44:35.334066+00	2020-04-02 06:44:35.3341+00	2020-04-01 09:55:09.118309+00	6	\N	296	417
516	2020-04-02 06:45:09.818926+00	2020-04-02 06:45:09.818959+00	2020-04-01 09:55:09.118309+00	6	\N	299	420
519	2020-04-02 06:45:45.865712+00	2020-04-02 06:45:45.865752+00	2020-04-01 09:55:09.118309+00	6	\N	301	421
522	2020-04-02 06:46:13.557533+00	2020-04-02 06:46:13.557564+00	2020-04-01 09:55:09.118309+00	6	\N	303	424
525	2020-04-02 06:46:23.569119+00	2020-04-02 06:46:23.56915+00	2020-04-01 09:55:09.118309+00	6	\N	305	426
528	2020-04-02 06:46:59.742128+00	2020-04-02 06:46:59.742161+00	2020-04-01 09:55:09.118309+00	7	\N	312	436
531	2020-04-02 06:47:26.15109+00	2020-04-02 06:47:26.151127+00	2020-04-01 09:55:09.118309+00	7	\N	314	438
534	2020-04-02 06:47:39.040004+00	2020-04-02 06:47:39.040033+00	2020-04-01 09:55:09.118309+00	8	\N	245	345
537	2020-04-02 06:48:02.161243+00	2020-04-02 06:48:02.161281+00	2020-04-01 09:55:09.118309+00	7	\N	319	443
540	2020-04-02 06:48:35.340231+00	2020-04-02 06:48:35.340265+00	2020-04-01 09:55:09.118309+00	7	\N	321	445
543	2020-04-02 06:48:59.580382+00	2020-04-02 06:48:59.580417+00	2020-04-01 09:55:09.118309+00	7	\N	323	447
546	2020-04-02 06:49:25.661439+00	2020-04-02 06:49:25.661515+00	2020-04-01 09:55:09.118309+00	8	\N	248	348
549	2020-04-02 06:49:42.089226+00	2020-04-02 06:49:42.089262+00	2020-04-01 09:55:09.118309+00	8	\N	250	350
552	2020-04-02 06:50:03.516514+00	2020-04-02 06:50:03.516713+00	2020-04-01 09:55:09.118309+00	5	\N	280	389
555	2020-04-02 06:50:37.433543+00	2020-04-02 06:50:37.433571+00	2020-04-01 09:55:09.118309+00	5	\N	283	392
558	2020-04-02 06:51:09.793432+00	2020-04-02 06:51:09.793461+00	2020-04-01 09:55:09.118309+00	5	\N	286	395
561	2020-04-02 06:51:18.765848+00	2020-04-02 06:51:18.76588+00	2020-04-01 09:55:09.118309+00	5	\N	288	397
564	2020-04-02 06:51:38.714196+00	2020-04-02 06:51:38.714225+00	2020-04-01 09:55:09.118309+00	7	\N	324	448
567	2020-04-02 06:51:52.22303+00	2020-04-02 06:51:52.223058+00	2020-04-01 09:55:09.118309+00	7	\N	326	450
570	2020-04-02 06:52:13.631027+00	2020-04-02 06:52:13.631057+00	2020-04-01 09:55:09.118309+00	357	\N	250	356
573	2020-04-02 06:52:53.665749+00	2020-04-02 06:52:53.665779+00	2020-04-01 09:55:09.118309+00	8	\N	253	359
576	2020-04-02 06:54:30.500184+00	2020-04-02 06:54:30.50022+00	2020-04-01 09:55:09.118309+00	8	\N	256	362
579	2020-04-02 06:55:33.467449+00	2020-04-02 06:55:33.467476+00	2020-04-01 09:55:09.118309+00	8	\N	259	365
582	2020-04-02 06:56:06.296413+00	2020-04-02 06:56:06.29644+00	2020-04-01 09:55:09.118309+00	8	\N	262	368
585	2020-04-02 06:57:44.804368+00	2020-04-02 06:57:44.804434+00	2020-04-01 09:55:09.118309+00	8	\N	265	371
588	2020-04-02 06:58:14.765509+00	2020-04-02 06:58:14.765549+00	2020-04-01 09:55:09.118309+00	8	\N	268	374
591	2020-04-02 06:58:30.547881+00	2020-04-02 06:58:30.547908+00	2020-04-01 09:55:09.118309+00	8	\N	272	377
594	2020-04-02 06:58:49.598829+00	2020-04-02 06:58:49.598864+00	2020-04-01 09:55:09.118309+00	8	\N	275	380
597	2020-04-02 07:19:29.089246+00	2020-04-02 07:19:29.089275+00	2020-04-01 09:55:09.118309+00	304	\N	332	340
600	2020-04-02 07:21:26.040482+00	2020-04-02 07:21:26.040514+00	2020-04-01 09:55:09.118309+00	317	\N	340	340
603	2020-04-02 07:22:14.980157+00	2020-04-02 07:22:14.980177+00	2020-04-01 09:55:09.118309+00	320	\N	349	340
606	2020-04-02 07:23:06.81004+00	2020-04-02 07:23:06.810072+00	2020-04-01 09:55:09.118309+00	322	\N	358	340
609	2020-04-02 07:23:59.800169+00	2020-04-02 07:23:59.800194+00	2020-04-01 09:55:09.118309+00	327	\N	367	340
612	2020-04-02 07:37:26.764919+00	2020-04-02 07:37:26.764941+00	2020-04-01 09:55:09.118309+00	340	\N	376	8
615	2020-04-02 07:38:49.080155+00	2020-04-02 07:38:49.080172+00	2020-04-01 09:55:09.118309+00	315	\N	382	8
618	2020-04-02 07:39:48.494323+00	2020-04-02 07:39:48.49435+00	2020-04-01 09:55:09.118309+00	318	\N	388	8
620	2020-04-02 07:42:22.780758+00	2020-04-02 07:42:22.78078+00	2020-04-02 07:40:55.300655+00	330	\N	393	340
622	2020-04-02 07:50:07.142254+00	2020-04-02 07:50:07.142285+00	2020-04-02 07:43:11.973484+00	8	\N	378	355
625	2020-04-02 07:51:20.714838+00	2020-04-02 07:51:20.714868+00	2020-04-02 07:43:11.973484+00	8	\N	384	352
628	2020-04-02 08:21:58.040535+00	2020-04-02 08:21:58.040554+00	2020-04-02 07:43:11.973484+00	110	\N	409	102
631	2020-04-02 08:24:57.08668+00	2020-04-02 08:24:57.086697+00	2020-04-02 07:43:11.973484+00	133	\N	418	129
634	2020-04-03 02:31:09.612924+00	2020-04-03 02:31:09.612942+00	2020-04-02 07:43:11.973484+00	319	\N	424	339
637	2020-04-03 02:33:37.106574+00	2020-04-03 02:33:37.106596+00	2020-04-02 07:43:11.973484+00	323	\N	433	339
640	2020-04-03 02:34:45.346255+00	2020-04-03 02:34:45.346275+00	2020-04-02 07:43:11.973484+00	326	\N	442	339
643	2020-04-03 02:36:00.514713+00	2020-04-03 02:36:00.514734+00	2020-04-02 07:43:11.973484+00	329	\N	451	339
646	2020-04-03 02:37:19.361911+00	2020-04-03 02:37:19.362039+00	2020-04-02 07:43:11.973484+00	332	\N	460	339
649	2020-04-03 02:38:29.448597+00	2020-04-03 02:38:29.448616+00	2020-04-02 07:43:11.973484+00	336	\N	469	339
652	2020-04-03 02:40:26.660637+00	2020-04-03 02:40:26.660655+00	2020-04-02 07:43:11.973484+00	323	\N	478	339
655	2020-04-03 04:15:00.170665+00	2020-04-03 04:15:00.170692+00	2020-03-30 16:00:00+00	8	4	486	5
658	2020-04-03 04:18:30.532918+00	2020-04-03 04:18:30.532945+00	2020-04-02 07:43:11.973484+00	5	\N	486	400
661	2020-04-03 04:18:43.615303+00	2020-04-03 04:18:43.615336+00	2020-04-02 07:43:11.973484+00	5	\N	291	403
664	2020-04-03 06:02:56.543953+00	2020-04-03 06:02:56.543969+00	2020-04-02 07:43:11.973484+00	339	\N	491	327
667	2020-04-03 06:16:52.878575+00	2020-04-03 06:16:52.878614+00	2020-04-02 07:43:11.973484+00	417	\N	489	417
672	2020-04-04 03:54:34.587167+00	2020-04-04 03:54:34.587202+00	2020-04-03 07:55:11.900846+00	125	14	516	137
675	2020-04-04 06:21:11.712902+00	2020-04-04 06:21:11.712921+00	2020-04-04 03:55:07.779815+00	104	14	527	82
678	2020-04-04 06:47:49.45327+00	2020-04-04 06:47:49.453306+00	2020-04-04 03:55:07.779815+00	248	4	518	127
681	2020-04-05 08:23:45.320062+00	2020-04-05 08:23:45.320079+00	2020-04-03 16:00:00+00	3	4	547	4
684	2020-04-05 08:24:05.364527+00	2020-04-05 08:24:05.364546+00	2020-04-03 16:00:00+00	3	4	550	4
687	2020-04-06 06:32:56.501293+00	2020-04-06 06:32:56.501309+00	2020-04-06 05:36:11.526658+00	347	20	558	6
690	2020-04-06 07:03:34.465453+00	2020-04-06 07:03:34.46548+00	2020-04-06 05:36:11.526658+00	4	4	546	312
693	2020-04-06 07:04:04.145806+00	2020-04-06 07:04:04.145835+00	2020-04-06 05:36:11.526658+00	4	4	549	315
696	2020-04-06 07:18:56.145212+00	2020-04-06 07:18:56.145247+00	2020-04-06 05:36:11.526658+00	6	17	556	411
699	2020-04-06 07:19:35.51607+00	2020-04-06 07:19:35.5161+00	2020-04-06 05:36:11.526658+00	6	17	245	414
705	2020-04-08 07:10:46.838147+00	2020-04-08 07:10:46.838169+00	2020-04-08 03:44:06.766277+00	173	14	573	147
709	2020-04-09 05:17:47.604678+00	2020-04-09 05:17:47.604711+00	2020-04-08 09:13:07.42126+00	319	15	582	8
712	2020-04-09 05:18:25.797872+00	2020-04-09 05:18:25.797904+00	2020-04-08 09:13:07.42126+00	322	15	429	8
715	2020-04-09 05:34:35.68045+00	2020-04-09 05:34:35.680483+00	2020-04-08 09:13:07.42126+00	8	20	585	348
718	2020-04-09 05:34:51.523591+00	2020-04-09 05:34:51.523615+00	2020-04-08 09:13:07.42126+00	8	20	429	346
721	2020-04-09 07:36:16.432748+00	2020-04-09 07:36:16.43278+00	2020-04-08 09:13:07.42126+00	172	14	590	174
724	2020-04-09 07:58:13.127957+00	2020-04-09 07:58:13.127997+00	2020-04-08 09:13:07.42126+00	143	14	561	91
727	2020-04-09 08:06:40.04144+00	2020-04-09 08:06:40.042126+00	2020-04-08 09:13:07.42126+00	209	14	593	142
730	2020-04-09 08:27:52.2934+00	2020-04-09 08:27:52.293432+00	2020-04-08 09:13:07.42126+00	174	14	598	154
733	2020-04-09 09:18:24.403803+00	2020-04-09 09:18:24.403825+00	2020-04-08 09:13:07.42126+00	170	14	607	171
736	2020-04-09 09:26:53.224251+00	2020-04-09 09:26:53.224284+00	2020-04-08 09:13:07.42126+00	176	14	610	174
739	2020-04-10 00:59:14.952359+00	2020-04-10 00:59:14.952377+00	2020-04-08 09:13:07.42126+00	152	14	618	122
742	2020-04-10 01:06:10.892111+00	2020-04-10 01:06:10.892144+00	2020-04-08 09:13:07.42126+00	88	14	620	183
745	2020-04-10 03:20:40.381334+00	2020-04-10 03:20:40.381371+00	2020-04-08 09:13:07.42126+00	97	14	625	150
748	2020-04-10 03:37:05.827347+00	2020-04-10 03:37:05.827366+00	2020-04-08 09:13:07.42126+00	68	14	633	153
751	2020-04-10 07:21:34.871591+00	2020-04-10 07:21:34.871608+00	2020-04-08 09:13:07.42126+00	141	14	642	143
754	2020-04-10 07:27:08.430345+00	2020-04-10 07:27:08.430363+00	2020-04-08 09:13:07.42126+00	136	14	648	141
757	2020-04-10 07:51:53.338084+00	2020-04-10 07:51:53.338122+00	2020-04-08 09:13:07.42126+00	179	14	670	168
760	2020-04-11 01:21:43.815408+00	2020-04-11 01:21:43.815445+00	2020-04-08 09:13:07.42126+00	156	14	687	149
763	2020-04-11 01:31:35.924671+00	2020-04-11 01:31:35.924695+00	2020-04-08 09:13:07.42126+00	124	14	694	156
766	2020-04-11 01:33:03.303256+00	2020-04-11 01:33:03.30328+00	2020-04-08 09:13:07.42126+00	130	14	703	156
769	2020-04-11 03:19:15.858399+00	2020-04-11 03:19:15.858419+00	2020-04-08 09:13:07.42126+00	139	14	712	156
772	2020-04-11 03:22:10.969917+00	2020-04-11 03:22:10.969954+00	2020-04-08 09:13:07.42126+00	140	14	574	149
775	2020-04-11 05:11:03.71606+00	2020-04-11 05:11:03.71651+00	2020-04-08 09:13:07.42126+00	136	14	726	149
777	2020-04-11 05:36:25.148813+00	2020-04-11 05:36:25.14884+00	2020-04-08 09:13:07.42126+00	201	14	676	164
779	2020-04-11 05:48:39.017843+00	2020-04-11 05:48:39.017861+00	2020-04-08 09:13:07.42126+00	189	14	743	181
460	2020-04-01 11:08:45.421159+00	2020-04-01 11:08:45.421184+00	2020-03-13 16:00:00+00	8	4	283	5
463	2020-04-01 11:09:21.663105+00	2020-04-01 11:09:21.663121+00	2020-03-19 16:00:00+00	8	4	286	5
466	2020-04-01 11:09:58.560994+00	2020-04-01 11:09:58.561015+00	2020-03-18 16:00:00+00	8	4	289	5
469	2020-04-01 11:10:42.272205+00	2020-04-01 11:10:42.272223+00	2020-03-29 16:00:00+00	8	4	292	5
472	2020-04-01 11:11:53.357538+00	2020-04-01 11:11:53.357565+00	2020-01-30 16:00:00+00	8	4	295	6
475	2020-04-01 11:12:46.116315+00	2020-04-01 11:12:46.116332+00	2020-02-06 16:00:00+00	8	4	298	6
478	2020-04-01 11:13:13.484596+00	2020-04-01 11:13:13.484617+00	2020-02-05 16:00:00+00	8	4	301	6
481	2020-04-01 11:14:07.828335+00	2020-04-01 11:14:07.828576+00	2020-02-07 16:00:00+00	8	4	304	6
484	2020-04-01 11:14:39.603505+00	2020-04-01 11:14:39.603522+00	2020-02-06 16:00:00+00	8	4	307	6
487	2020-04-01 11:18:12.173282+00	2020-04-01 11:18:12.173301+00	2020-02-13 16:00:00+00	8	4	310	7
490	2020-04-01 11:26:07.381865+00	2020-04-01 11:26:07.38189+00	2020-02-13 16:00:00+00	8	4	313	7
493	2020-04-01 11:45:49.871367+00	2020-04-01 11:45:49.871384+00	2020-02-20 16:00:00+00	8	4	316	7
496	2020-04-01 11:46:24.692559+00	2020-04-01 11:46:24.69259+00	2020-02-26 16:00:00+00	8	4	319	7
499	2020-04-01 11:46:56.203395+00	2020-04-01 11:46:56.203414+00	2020-02-26 16:00:00+00	8	4	322	7
502	2020-04-01 11:47:18.075254+00	2020-04-01 11:47:18.075279+00	2020-03-04 16:00:00+00	8	4	325	7
505	2020-04-01 11:47:38.876362+00	2020-04-01 11:47:38.876382+00	2020-03-04 16:00:00+00	8	4	328	7
508	2020-04-02 06:07:11.013843+00	2020-04-02 06:07:11.013879+00	2020-04-01 09:55:09.118309+00	4	\N	243	337
511	2020-04-02 06:42:56.005527+00	2020-04-02 06:42:56.005557+00	2020-04-01 09:55:09.118309+00	6	\N	294	415
514	2020-04-02 06:44:41.842067+00	2020-04-02 06:44:41.842098+00	2020-04-01 09:55:09.118309+00	6	\N	297	418
517	2020-04-02 06:45:27.272144+00	2020-04-02 06:45:27.272177+00	2020-04-01 09:55:09.118309+00	7	\N	309	433
520	2020-04-02 06:46:00.570152+00	2020-04-02 06:46:00.570206+00	2020-04-01 09:55:09.118309+00	6	\N	302	423
523	2020-04-02 06:46:18.598225+00	2020-04-02 06:46:18.598253+00	2020-04-01 09:55:09.118309+00	6	\N	304	425
526	2020-04-02 06:46:29.74139+00	2020-04-02 06:46:29.741419+00	2020-04-01 09:55:09.118309+00	6	\N	306	427
529	2020-04-02 06:47:08.71233+00	2020-04-02 06:47:08.712357+00	2020-04-01 09:55:09.118309+00	6	\N	308	413
532	2020-04-02 06:47:30.723158+00	2020-04-02 06:47:30.723188+00	2020-04-01 09:55:09.118309+00	7	\N	315	439
535	2020-04-02 06:47:43.407509+00	2020-04-02 06:47:43.407539+00	2020-04-01 09:55:09.118309+00	7	\N	317	441
538	2020-04-02 06:48:04.472127+00	2020-04-02 06:48:04.472161+00	2020-04-01 09:55:09.118309+00	8	\N	246	346
541	2020-04-02 06:48:38.877858+00	2020-04-02 06:48:38.877886+00	2020-04-01 09:55:09.118309+00	7	\N	322	446
544	2020-04-02 06:49:10.699585+00	2020-04-02 06:49:10.699616+00	2020-04-01 09:55:09.118309+00	8	\N	247	347
547	2020-04-02 06:49:34.244835+00	2020-04-02 06:49:34.244868+00	2020-04-01 09:55:09.118309+00	8	\N	249	349
550	2020-04-02 06:49:50.51377+00	2020-04-02 06:49:50.513797+00	2020-04-01 09:55:09.118309+00	5	\N	278	387
553	2020-04-02 06:50:17.001119+00	2020-04-02 06:50:17.001151+00	2020-04-01 09:55:09.118309+00	5	\N	281	390
556	2020-04-02 06:50:43.555741+00	2020-04-02 06:50:43.555775+00	2020-04-01 09:55:09.118309+00	5	\N	284	393
559	2020-04-02 06:51:13.084134+00	2020-04-02 06:51:13.084161+00	2020-04-01 09:55:09.118309+00	350	\N	250	357
562	2020-04-02 06:51:28.281702+00	2020-04-02 06:51:28.281738+00	2020-04-01 09:55:09.118309+00	5	\N	289	398
565	2020-04-02 06:51:44.747583+00	2020-04-02 06:51:44.747613+00	2020-04-01 09:55:09.118309+00	448	\N	324	448
568	2020-04-02 06:51:55.758069+00	2020-04-02 06:51:55.758098+00	2020-04-01 09:55:09.118309+00	7	\N	327	451
571	2020-04-02 06:52:36.777971+00	2020-04-02 06:52:36.778008+00	2020-04-01 09:55:09.118309+00	8	\N	251	357
574	2020-04-02 06:53:13.07742+00	2020-04-02 06:53:13.077453+00	2020-04-01 09:55:09.118309+00	8	\N	254	360
577	2020-04-02 06:55:09.867098+00	2020-04-02 06:55:09.867132+00	2020-04-01 09:55:09.118309+00	8	\N	257	363
580	2020-04-02 06:55:42.238667+00	2020-04-02 06:55:42.238702+00	2020-04-01 09:55:09.118309+00	8	\N	260	366
583	2020-04-02 06:56:47.385762+00	2020-04-02 06:56:47.385792+00	2020-04-01 09:55:09.118309+00	8	\N	263	369
586	2020-04-02 06:57:55.347551+00	2020-04-02 06:57:55.347582+00	2020-04-01 09:55:09.118309+00	8	\N	266	372
589	2020-04-02 06:58:19.426669+00	2020-04-02 06:58:19.4267+00	2020-04-01 09:55:09.118309+00	8	\N	270	375
592	2020-04-02 06:58:41.800253+00	2020-04-02 06:58:41.800283+00	2020-04-01 09:55:09.118309+00	8	\N	273	378
595	2020-04-02 07:01:59.925069+00	2020-04-02 07:01:59.925169+00	2020-04-01 09:55:09.118309+00	417	\N	296	11
598	2020-04-02 07:20:27.949025+00	2020-04-02 07:20:27.949058+00	2020-04-01 09:55:09.118309+00	315	\N	334	340
601	2020-04-02 07:21:50.493641+00	2020-04-02 07:21:50.493661+00	2020-04-01 09:55:09.118309+00	318	\N	343	340
604	2020-04-02 07:22:33.46114+00	2020-04-02 07:22:33.461158+00	2020-04-01 09:55:09.118309+00	321	\N	352	340
607	2020-04-02 07:23:29.2462+00	2020-04-02 07:23:29.246218+00	2020-04-01 09:55:09.118309+00	324	\N	361	340
610	2020-04-02 07:24:39.544941+00	2020-04-02 07:24:39.544959+00	2020-04-01 09:55:09.118309+00	328	\N	370	340
613	2020-04-02 07:38:07.570082+00	2020-04-02 07:38:07.570103+00	2020-04-01 09:55:09.118309+00	313	\N	378	8
616	2020-04-02 07:39:13.468742+00	2020-04-02 07:39:13.46876+00	2020-04-01 09:55:09.118309+00	316	\N	384	8
623	2020-04-02 07:50:37.004929+00	2020-04-02 07:50:37.004969+00	2020-04-02 07:43:11.973484+00	8	\N	380	354
626	2020-04-02 07:51:27.485783+00	2020-04-02 07:51:27.485826+00	2020-04-02 07:43:11.973484+00	8	\N	386	351
629	2020-04-02 08:23:14.214948+00	2020-04-02 08:23:14.214968+00	2020-04-02 07:43:11.973484+00	102	\N	412	110
632	2020-04-02 08:26:11.411181+00	2020-04-02 08:26:11.411211+00	2020-04-02 07:43:11.973484+00	133	\N	417	129
635	2020-04-03 02:32:06.713513+00	2020-04-03 02:32:06.71353+00	2020-04-02 07:43:11.973484+00	320	\N	427	339
638	2020-04-03 02:33:54.789393+00	2020-04-03 02:33:54.78941+00	2020-04-02 07:43:11.973484+00	324	\N	436	339
641	2020-04-03 02:35:29.572328+00	2020-04-03 02:35:29.572346+00	2020-04-02 07:43:11.973484+00	327	\N	445	339
644	2020-04-03 02:36:23.329946+00	2020-04-03 02:36:23.329965+00	2020-04-02 07:43:11.973484+00	330	\N	454	339
647	2020-04-03 02:37:36.944314+00	2020-04-03 02:37:36.944333+00	2020-04-02 07:43:11.973484+00	333	\N	463	339
650	2020-04-03 02:38:44.233323+00	2020-04-03 02:38:44.233342+00	2020-04-02 07:43:11.973484+00	337	\N	472	339
653	2020-04-03 02:42:38.835578+00	2020-04-03 02:42:38.835595+00	2020-04-02 07:43:11.973484+00	329	\N	481	339
656	2020-04-03 04:15:15.391222+00	2020-04-03 04:15:15.391255+00	2020-03-30 16:00:00+00	8	4	487	5
659	2020-04-03 04:18:39.080613+00	2020-04-03 04:18:39.080652+00	2020-04-02 07:43:11.973484+00	5	\N	487	401
662	2020-04-03 04:18:45.875125+00	2020-04-03 04:18:45.875152+00	2020-04-02 07:43:11.973484+00	5	\N	292	404
665	2020-04-03 06:03:01.019214+00	2020-04-03 06:03:01.019236+00	2020-04-02 07:43:11.973484+00	339	\N	494	328
668	2020-04-03 06:17:58.4939+00	2020-04-03 06:17:58.493916+00	2020-04-02 07:43:11.973484+00	417	\N	497	11
673	2020-04-04 05:24:23.164339+00	2020-04-04 05:24:23.16437+00	2020-04-04 03:55:07.779815+00	250	14	518	127
676	2020-04-04 06:22:44.019875+00	2020-04-04 06:22:44.019915+00	2020-04-04 03:55:07.779815+00	105	14	531	99
679	2020-04-05 06:59:19.045148+00	2020-04-05 06:59:19.045173+00	2020-04-04 07:11:51.546737+00	98	14	541	109
682	2020-04-05 08:23:59.844544+00	2020-04-05 08:23:59.84456+00	2020-04-03 16:00:00+00	3	4	548	4
685	2020-04-06 06:29:45.614634+00	2020-04-06 06:29:45.614657+00	2020-04-06 05:36:11.526658+00	349	20	554	6
688	2020-04-06 06:35:15.678055+00	2020-04-06 06:35:15.678095+00	2020-04-06 05:36:11.526658+00	345	20	245	6
691	2020-04-06 07:03:50.259733+00	2020-04-06 07:03:50.259817+00	2020-04-06 05:36:11.526658+00	4	4	547	313
694	2020-04-06 07:04:08.595266+00	2020-04-06 07:04:08.595298+00	2020-04-06 05:36:11.526658+00	4	4	550	316
697	2020-04-06 07:19:07.058998+00	2020-04-06 07:19:07.059026+00	2020-04-06 05:36:11.526658+00	6	17	558	410
700	2020-04-08 01:15:46.796987+00	2020-04-08 01:15:46.797004+00	2020-04-06 12:09:36.904628+00	335	15	565	339
702	2020-04-08 03:40:48.291424+00	2020-04-08 03:40:48.291455+00	2020-04-06 12:09:36.904628+00	145	14	545	77
703	2020-04-08 04:05:29.186711+00	2020-04-08 04:05:29.186748+00	2020-04-08 03:44:06.766277+00	77	14	545	145
706	2020-04-08 07:17:34.218718+00	2020-04-08 07:17:34.218752+00	2020-04-08 03:44:06.766277+00	173	14	572	188
707	2020-04-09 05:16:56.129824+00	2020-04-09 05:16:56.129843+00	2020-04-08 09:13:07.42126+00	321	15	581	319
710	2020-04-09 05:17:57.382242+00	2020-04-09 05:17:57.382278+00	2020-04-08 09:13:07.42126+00	320	15	585	8
713	2020-04-09 05:19:11.113685+00	2020-04-09 05:19:11.113705+00	2020-04-08 09:13:07.42126+00	340	15	587	8
716	2020-04-09 05:34:37.696613+00	2020-04-09 05:34:37.696637+00	2020-04-08 09:13:07.42126+00	348	20	585	348
719	2020-04-09 05:44:37.239093+00	2020-04-09 05:44:37.239122+00	2020-04-08 09:13:07.42126+00	8	20	587	346
722	2020-04-09 07:45:59.020261+00	2020-04-09 07:45:59.020305+00	2020-04-08 09:13:07.42126+00	91	14	513	71
725	2020-04-09 07:59:13.695329+00	2020-04-09 07:59:13.695355+00	2020-04-08 09:13:07.42126+00	144	14	576	93
728	2020-04-09 08:24:46.688116+00	2020-04-09 08:24:46.688151+00	2020-04-08 09:13:07.42126+00	93	14	576	144
731	2020-04-09 08:36:05.679223+00	2020-04-09 08:36:05.679255+00	2020-04-08 09:13:07.42126+00	165	14	577	143
734	2020-04-09 09:21:59.236448+00	2020-04-09 09:21:59.236475+00	2020-04-08 09:13:07.42126+00	195	14	609	172
737	2020-04-10 00:57:23.528013+00	2020-04-10 00:57:23.528032+00	2020-04-08 09:13:07.42126+00	139	14	614	152
740	2020-04-10 01:05:10.371557+00	2020-04-10 01:05:10.371592+00	2020-04-08 09:13:07.42126+00	83	14	619	88
743	2020-04-10 03:16:39.965466+00	2020-04-10 03:16:39.965498+00	2020-04-08 09:13:07.42126+00	97	14	521	90
746	2020-04-10 03:21:26.608582+00	2020-04-10 03:21:26.608607+00	2020-04-08 09:13:07.42126+00	150	14	628	153
749	2020-04-10 03:37:23.632579+00	2020-04-10 03:37:23.632609+00	2020-04-08 09:13:07.42126+00	68	14	632	158
752	2020-04-10 07:22:16.159566+00	2020-04-10 07:22:16.159599+00	2020-04-08 09:13:07.42126+00	141	14	641	136
755	2020-04-10 07:44:17.230479+00	2020-04-10 07:44:17.230498+00	2020-04-08 09:13:07.42126+00	179	14	671	185
758	2020-04-10 07:52:32.957495+00	2020-04-10 07:52:32.957511+00	2020-04-08 09:13:07.42126+00	168	14	682	179
761	2020-04-11 01:29:46.684374+00	2020-04-11 01:29:46.684391+00	2020-04-08 09:13:07.42126+00	114	14	689	156
764	2020-04-11 01:32:02.362264+00	2020-04-11 01:32:02.362302+00	2020-04-08 09:13:07.42126+00	125	14	697	156
767	2020-04-11 01:33:42.404574+00	2020-04-11 01:33:42.404593+00	2020-04-08 09:13:07.42126+00	133	14	706	156
770	2020-04-11 03:20:00.242622+00	2020-04-11 03:20:00.242653+00	2020-04-08 09:13:07.42126+00	134	14	510	156
773	2020-04-11 03:22:44.647707+00	2020-04-11 03:22:44.647725+00	2020-04-08 09:13:07.42126+00	149	14	719	140
776	2020-04-11 05:16:21.399345+00	2020-04-11 05:16:21.399365+00	2020-04-08 09:13:07.42126+00	156	14	730	149
778	2020-04-11 05:48:15.451247+00	2020-04-11 05:48:15.451264+00	2020-04-08 09:13:07.42126+00	189	14	740	177
354	2020-04-01 07:34:15.321191+00	2020-04-01 07:34:15.321216+00	2020-04-01 07:09:58.622176+00	248	\N	207	122
355	2020-04-01 07:36:06.608178+00	2020-04-01 07:36:06.608211+00	2020-04-01 07:09:58.622176+00	248	\N	206	139
356	2020-04-01 08:25:16.504651+00	2020-04-01 08:25:16.50468+00	2020-03-20 16:00:00+00	3	4	210	4
357	2020-04-01 08:41:56.892834+00	2020-04-01 08:41:56.89285+00	2020-03-20 16:00:00+00	3	4	211	4
358	2020-04-01 08:42:09.642635+00	2020-04-01 08:42:09.642653+00	2020-03-20 16:00:00+00	3	4	212	4
359	2020-04-01 08:42:12.621752+00	2020-04-01 08:42:12.621771+00	2020-03-20 16:00:00+00	3	4	213	4
360	2020-04-01 08:49:56.961111+00	2020-04-01 08:49:56.961131+00	2020-03-27 16:00:00+00	3	4	214	4
361	2020-04-01 08:50:01.80679+00	2020-04-01 08:50:01.806825+00	2020-03-27 16:00:00+00	3	4	215	4
362	2020-04-01 08:50:07.169145+00	2020-04-01 08:50:07.169164+00	2020-03-27 16:00:00+00	3	4	216	4
363	2020-04-01 08:50:09.44886+00	2020-04-01 08:50:09.448878+00	2020-03-27 16:00:00+00	3	4	217	4
364	2020-04-01 08:50:55.073565+00	2020-04-01 08:50:55.073603+00	2020-04-01 08:48:12.514538+00	4	\N	210	303
365	2020-04-01 08:50:58.394584+00	2020-04-01 08:50:58.39461+00	2020-04-01 08:48:12.514538+00	4	\N	211	304
366	2020-04-01 08:51:01.811655+00	2020-04-01 08:51:01.812058+00	2020-04-01 08:48:12.514538+00	4	\N	212	305
367	2020-04-01 08:51:04.632415+00	2020-04-01 08:51:04.632459+00	2020-04-01 08:48:12.514538+00	4	\N	213	306
339	2020-03-22 11:50:36.209406+00	2020-03-22 11:50:36.209422+00	2020-03-22 09:03:51.75913+00	394	\N	190	11
368	2020-04-01 08:51:09.561849+00	2020-04-01 08:51:09.561876+00	2020-04-01 08:48:12.514538+00	4	\N	214	307
369	2020-04-01 08:51:12.423968+00	2020-04-01 08:51:12.423994+00	2020-04-01 08:48:12.514538+00	4	\N	215	308
370	2020-04-01 08:51:14.850767+00	2020-04-01 08:51:14.850795+00	2020-04-01 08:48:12.514538+00	4	\N	216	309
371	2020-04-01 08:51:17.03667+00	2020-04-01 08:51:17.036698+00	2020-04-01 08:48:12.514538+00	4	\N	217	310
372	2020-04-01 08:52:04.70536+00	2020-04-01 08:52:04.70538+00	2020-03-27 16:00:00+00	3	4	218	4
373	2020-04-01 08:53:56.843245+00	2020-04-01 08:53:56.843266+00	2020-01-16 16:00:00+00	3	4	219	4
374	2020-04-01 08:54:01.181837+00	2020-04-01 08:54:01.181877+00	2020-01-16 16:00:00+00	3	4	220	4
375	2020-04-01 08:54:37.910895+00	2020-04-01 08:54:37.910924+00	2020-04-01 08:48:12.514538+00	4	\N	218	311
376	2020-04-01 08:54:40.193858+00	2020-04-01 08:54:40.193884+00	2020-04-01 08:48:12.514538+00	4	\N	219	313
377	2020-04-01 08:54:42.394835+00	2020-04-01 08:54:42.394866+00	2020-04-01 08:48:12.514538+00	4	\N	220	314
378	2020-04-01 09:12:13.269678+00	2020-04-01 09:12:13.269696+00	2020-02-18 16:00:00+00	3	4	221	4
379	2020-04-01 09:12:20.902289+00	2020-04-01 09:12:20.902308+00	2020-02-18 16:00:00+00	3	4	222	4
352	2020-03-31 06:57:19.649595+00	2020-03-31 06:57:19.64962+00	2020-03-30 16:38:47.085088+00	143	\N	198	120
353	2020-03-31 06:59:31.302721+00	2020-03-31 06:59:31.302743+00	2020-03-30 16:38:47.085088+00	120	\N	198	86
380	2020-04-01 09:12:23.832195+00	2020-04-01 09:12:23.832215+00	2020-02-18 16:00:00+00	3	4	223	4
381	2020-04-01 09:12:31.138919+00	2020-04-01 09:12:31.138937+00	2020-02-18 16:00:00+00	3	4	224	4
382	2020-04-01 09:13:29.132062+00	2020-04-01 09:13:29.132088+00	2020-04-01 08:48:12.514538+00	4	\N	221	315
383	2020-04-01 09:13:31.191465+00	2020-04-01 09:13:31.19149+00	2020-04-01 08:48:12.514538+00	4	\N	222	316
384	2020-04-01 09:13:33.19687+00	2020-04-01 09:13:33.196893+00	2020-04-01 08:48:12.514538+00	4	\N	223	317
385	2020-04-01 09:13:35.598489+00	2020-04-01 09:13:35.598515+00	2020-04-01 08:48:12.514538+00	4	\N	224	318
386	2020-04-01 09:36:16.772398+00	2020-04-01 09:36:16.772417+00	2020-02-25 16:00:00+00	3	4	225	4
387	2020-04-01 09:36:20.990704+00	2020-04-01 09:36:20.990721+00	2020-02-25 16:00:00+00	3	4	226	4
388	2020-04-01 09:36:24.742607+00	2020-04-01 09:36:24.742624+00	2020-02-25 16:00:00+00	3	4	227	4
389	2020-04-01 09:36:28.217539+00	2020-04-01 09:36:28.217555+00	2020-02-25 16:00:00+00	3	4	228	4
390	2020-04-01 09:39:41.475902+00	2020-04-01 09:39:41.475918+00	2020-02-25 16:00:00+00	3	4	229	4
391	2020-04-01 09:50:46.861552+00	2020-04-01 09:50:46.861568+00	2020-02-25 16:00:00+00	3	4	230	4
392	2020-04-01 09:52:28.016244+00	2020-04-01 09:52:28.016271+00	2020-02-25 16:00:00+00	3	3	231	4
393	2020-04-01 09:55:44.581669+00	2020-04-01 09:55:44.581699+00	2020-03-03 16:00:00+00	3	3	232	4
394	2020-04-01 10:10:22.522343+00	2020-04-01 10:10:22.522369+00	2020-04-01 09:55:09.118309+00	4	\N	225	319
395	2020-04-01 10:10:29.065902+00	2020-04-01 10:10:29.065931+00	2020-04-01 09:55:09.118309+00	4	\N	226	320
396	2020-04-01 10:10:32.474717+00	2020-04-01 10:10:32.474749+00	2020-04-01 09:55:09.118309+00	4	\N	227	321
397	2020-04-01 10:10:35.480543+00	2020-04-01 10:10:35.480569+00	2020-04-01 09:55:09.118309+00	4	\N	228	322
398	2020-04-01 10:11:16.924137+00	2020-04-01 10:11:16.924165+00	2020-04-01 09:55:09.118309+00	4	\N	229	323
399	2020-04-01 10:11:19.265506+00	2020-04-01 10:11:19.265586+00	2020-04-01 09:55:09.118309+00	4	\N	230	324
400	2020-04-01 10:11:23.178332+00	2020-04-01 10:11:23.178362+00	2020-04-01 09:55:09.118309+00	4	\N	231	325
401	2020-04-01 10:11:26.685937+00	2020-04-01 10:11:26.685964+00	2020-04-01 09:55:09.118309+00	4	\N	232	326
402	2020-04-01 10:11:54.183134+00	2020-04-01 10:11:54.183149+00	2020-03-03 16:00:00+00	3	4	233	4
403	2020-04-01 10:11:59.879844+00	2020-04-01 10:11:59.879865+00	2020-03-03 16:00:00+00	3	4	234	4
404	2020-04-01 10:12:04.120215+00	2020-04-01 10:12:04.12024+00	2020-03-03 16:00:00+00	3	4	235	4
405	2020-04-01 10:12:08.480013+00	2020-04-01 10:12:08.480031+00	2020-03-03 16:00:00+00	3	4	236	4
406	2020-04-01 10:12:44.927417+00	2020-04-01 10:12:44.927448+00	2020-04-01 09:55:09.118309+00	4	\N	233	327
407	2020-04-01 10:12:47.072335+00	2020-04-01 10:12:47.07236+00	2020-04-01 09:55:09.118309+00	4	\N	234	328
408	2020-04-01 10:12:48.983817+00	2020-04-01 10:12:48.983845+00	2020-04-01 09:55:09.118309+00	4	\N	235	329
409	2020-04-01 10:12:50.963682+00	2020-04-01 10:12:50.963709+00	2020-04-01 09:55:09.118309+00	4	\N	236	330
410	2020-04-01 10:13:06.723792+00	2020-04-01 10:13:06.723816+00	2020-03-03 16:00:00+00	3	4	237	4
411	2020-04-01 10:13:23.973816+00	2020-04-01 10:13:23.973833+00	2020-03-10 16:00:00+00	3	4	238	4
412	2020-04-01 10:13:25.628467+00	2020-04-01 10:13:25.628483+00	2020-03-10 16:00:00+00	3	4	239	4
413	2020-04-01 10:13:30.659376+00	2020-04-01 10:13:30.659394+00	2020-03-10 16:00:00+00	3	4	240	4
414	2020-04-01 10:14:02.500807+00	2020-04-01 10:14:02.500835+00	2020-04-01 09:55:09.118309+00	4	\N	237	331
415	2020-04-01 10:14:04.617217+00	2020-04-01 10:14:04.617244+00	2020-04-01 09:55:09.118309+00	4	\N	238	332
416	2020-04-01 10:14:07.537718+00	2020-04-01 10:14:07.537743+00	2020-04-01 09:55:09.118309+00	4	\N	239	333
417	2020-04-01 10:14:10.62298+00	2020-04-01 10:14:10.623005+00	2020-04-01 09:55:09.118309+00	4	\N	240	334
418	2020-04-01 10:21:16.541704+00	2020-04-01 10:21:16.54172+00	2020-03-10 16:00:00+00	3	4	241	4
419	2020-04-01 10:21:25.179933+00	2020-04-01 10:21:25.179952+00	2020-03-10 16:00:00+00	3	4	242	4
420	2020-04-01 10:21:29.709844+00	2020-04-01 10:21:29.709868+00	2020-03-10 16:00:00+00	3	4	243	4
421	2020-04-01 10:21:49.916697+00	2020-04-01 10:21:49.916718+00	2020-03-20 16:00:00+00	3	4	244	4
422	2020-04-01 10:58:05.036493+00	2020-04-01 10:58:05.03652+00	2020-02-23 16:00:00+00	4	4	245	8
423	2020-04-01 10:58:12.359444+00	2020-04-01 10:58:12.359462+00	2020-02-23 16:00:00+00	4	4	246	8
424	2020-04-01 10:58:36.062164+00	2020-04-01 10:58:36.062181+00	2020-02-23 16:00:00+00	4	4	247	8
425	2020-04-01 10:58:43.11002+00	2020-04-01 10:58:43.110036+00	2020-02-23 16:00:00+00	4	4	248	8
426	2020-04-01 10:58:47.735291+00	2020-04-01 10:58:47.735315+00	2020-02-23 16:00:00+00	4	4	249	8
427	2020-04-01 10:59:21.286185+00	2020-04-01 10:59:21.286204+00	2020-03-25 16:00:00+00	4	4	250	8
428	2020-04-01 11:00:26.493008+00	2020-04-01 11:00:26.493026+00	2020-03-25 16:00:00+00	4	4	251	8
429	2020-04-01 11:00:29.7993+00	2020-04-01 11:00:29.799327+00	2020-03-25 16:00:00+00	4	4	252	8
430	2020-04-01 11:00:33.021728+00	2020-04-01 11:00:33.021751+00	2020-03-25 16:00:00+00	4	4	253	8
431	2020-04-01 11:00:36.578657+00	2020-04-01 11:00:36.578677+00	2020-03-25 16:00:00+00	4	4	254	8
432	2020-04-01 11:00:46.666803+00	2020-04-01 11:00:46.666825+00	2020-03-25 16:00:00+00	4	4	255	8
433	2020-04-01 11:00:59.623112+00	2020-04-01 11:00:59.623128+00	2020-03-15 16:00:00+00	4	4	256	8
434	2020-04-01 11:01:10.955412+00	2020-04-01 11:01:10.955431+00	2020-03-15 16:00:00+00	4	4	257	8
435	2020-04-01 11:01:16.845258+00	2020-04-01 11:01:16.845276+00	2020-03-15 16:00:00+00	4	4	258	8
436	2020-04-01 11:01:21.348982+00	2020-04-01 11:01:21.349012+00	2020-03-15 16:00:00+00	4	4	259	8
437	2020-04-01 11:01:26.459784+00	2020-04-01 11:01:26.459814+00	2020-03-15 16:00:00+00	4	4	260	8
438	2020-04-01 11:01:34.034278+00	2020-04-01 11:01:34.034295+00	2020-03-15 16:00:00+00	4	4	261	8
439	2020-04-01 11:01:46.658504+00	2020-04-01 11:01:46.658529+00	2020-03-15 16:00:00+00	4	4	262	8
440	2020-04-01 11:02:07.390733+00	2020-04-01 11:02:07.390751+00	2020-03-08 16:00:00+00	4	4	263	8
441	2020-04-01 11:02:16.194293+00	2020-04-01 11:02:16.194311+00	2020-03-08 16:00:00+00	4	4	264	8
442	2020-04-01 11:02:20.722757+00	2020-04-01 11:02:20.722773+00	2020-03-08 16:00:00+00	4	4	265	8
443	2020-04-01 11:02:44.967408+00	2020-04-01 11:02:44.967435+00	2020-03-08 16:00:00+00	4	4	266	8
444	2020-04-01 11:02:50.214557+00	2020-04-01 11:02:50.214574+00	2020-03-08 16:00:00+00	4	4	267	8
445	2020-04-01 11:02:56.025196+00	2020-04-01 11:02:56.025213+00	2020-03-08 16:00:00+00	4	4	268	8
447	2020-04-01 11:04:19.289457+00	2020-04-01 11:04:19.289476+00	2020-03-01 16:00:00+00	4	4	270	8
448	2020-04-01 11:04:28.932334+00	2020-04-01 11:04:28.932364+00	2020-03-01 16:00:00+00	4	4	271	8
449	2020-04-01 11:04:45.429067+00	2020-04-01 11:04:45.429095+00	2020-03-01 16:00:00+00	4	4	272	8
450	2020-04-01 11:04:49.877607+00	2020-04-01 11:04:49.877638+00	2020-03-01 16:00:00+00	4	4	273	8
451	2020-04-01 11:04:58.510536+00	2020-04-01 11:04:58.510561+00	2020-03-01 16:00:00+00	4	4	274	8
452	2020-04-01 11:05:02.370948+00	2020-04-01 11:05:02.370984+00	2020-03-01 16:00:00+00	4	4	275	8
453	2020-04-01 11:06:05.190849+00	2020-04-01 11:06:05.190873+00	2020-03-11 16:00:00+00	8	4	276	5
454	2020-04-01 11:06:17.938368+00	2020-04-01 11:06:17.938417+00	2020-03-11 16:00:00+00	8	4	277	5
455	2020-04-01 11:06:33.011833+00	2020-04-01 11:06:33.011856+00	2020-03-11 16:00:00+00	8	4	278	5
456	2020-04-01 11:07:04.997694+00	2020-04-01 11:07:04.997735+00	2020-03-05 16:00:00+00	8	4	279	5
457	2020-04-01 11:07:14.079067+00	2020-04-01 11:07:14.079083+00	2020-03-05 16:00:00+00	8	4	280	5
670	2020-04-04 03:51:56.091239+00	2020-04-04 03:51:56.091267+00	2020-04-03 07:55:11.900846+00	148	14	513	91
780	2020-04-11 06:32:17.32412+00	2020-04-11 06:32:17.324138+00	2020-04-10 16:00:00+00	3	4	745	4
781	2020-04-11 06:32:28.232801+00	2020-04-11 06:32:28.232826+00	2020-04-10 16:00:00+00	3	4	746	4
782	2020-04-11 06:32:34.535125+00	2020-04-11 06:32:34.535144+00	2020-04-10 16:00:00+00	3	4	747	4
783	2020-04-11 06:32:50.499336+00	2020-04-11 06:32:50.499363+00	2020-04-10 16:00:00+00	3	4	748	4
784	2020-04-11 06:37:54.378655+00	2020-04-11 06:37:54.378688+00	2020-04-08 09:13:07.42126+00	189	14	742	160
785	2020-04-11 06:38:47.549348+00	2020-04-11 06:38:47.549363+00	2020-04-08 09:13:07.42126+00	158	14	751	189
786	2020-04-11 06:39:24.965779+00	2020-04-11 06:39:24.965806+00	2020-04-08 09:13:07.42126+00	158	14	753	189
788	2020-04-11 06:40:09.01688+00	2020-04-11 06:40:09.0169+00	2020-04-08 09:13:07.42126+00	170	14	757	189
789	2020-04-11 06:40:53.145939+00	2020-04-11 06:40:53.145965+00	2020-04-08 09:13:07.42126+00	162	14	760	189
790	2020-04-11 06:41:14.783812+00	2020-04-11 06:41:14.783828+00	2020-04-08 09:13:07.42126+00	172	14	763	189
791	2020-04-11 06:41:34.477227+00	2020-04-11 06:41:34.477243+00	2020-04-08 09:13:07.42126+00	173	14	766	189
792	2020-04-11 06:41:49.116416+00	2020-04-11 06:41:49.116435+00	2020-04-08 09:13:07.42126+00	174	14	769	189
793	2020-04-11 06:42:05.880131+00	2020-04-11 06:42:05.880163+00	2020-04-08 09:13:07.42126+00	165	14	772	189
794	2020-04-11 06:42:13.285299+00	2020-04-11 06:42:13.285318+00	2020-04-10 16:00:00+00	3	4	774	4
795	2020-04-11 06:44:18.360039+00	2020-04-11 06:44:18.360073+00	2020-04-08 09:13:07.42126+00	4	15	774	317
796	2020-04-11 06:44:34.249357+00	2020-04-11 06:44:34.249381+00	2020-04-08 09:13:07.42126+00	4	15	745	318
797	2020-04-11 06:44:47.699747+00	2020-04-11 06:44:47.699781+00	2020-04-08 09:13:07.42126+00	4	15	746	319
798	2020-04-11 06:44:58.758756+00	2020-04-11 06:44:58.758789+00	2020-04-08 09:13:07.42126+00	4	15	747	320
799	2020-04-11 06:45:08.877776+00	2020-04-11 06:45:08.87781+00	2020-04-08 09:13:07.42126+00	4	15	748	321
800	2020-04-12 01:08:50.060552+00	2020-04-12 01:08:50.060578+00	2020-04-08 09:13:07.42126+00	71	14	776	86
801	2020-04-12 01:09:33.474845+00	2020-04-12 01:09:33.474861+00	2020-04-08 09:13:07.42126+00	86	14	779	71
802	2020-04-12 01:10:56.012137+00	2020-04-12 01:10:56.012167+00	2020-04-08 09:13:07.42126+00	90	14	782	71
803	2020-04-12 01:12:40.980107+00	2020-04-12 01:12:40.980127+00	2020-04-08 09:13:07.42126+00	106	14	785	91
804	2020-04-12 01:13:26.09233+00	2020-04-12 01:13:26.092348+00	2020-04-08 09:13:07.42126+00	105	14	788	91
805	2020-04-12 05:38:20.968886+00	2020-04-12 05:38:20.968904+00	2020-04-08 09:13:07.42126+00	196	14	794	188
806	2020-04-13 04:30:23.927794+00	2020-04-13 04:30:23.927834+00	2020-04-08 09:13:07.42126+00	380	20	275	6
807	2020-04-13 04:39:57.583568+00	2020-04-13 04:39:57.583586+00	2020-04-08 09:13:07.42126+00	379	20	797	6
808	2020-04-13 04:40:31.10069+00	2020-04-13 04:40:31.100707+00	2020-04-08 09:13:07.42126+00	378	20	799	6
809	2020-04-13 05:21:48.055407+00	2020-04-13 05:21:48.055424+00	2020-04-08 09:13:07.42126+00	159	14	801	167
810	2020-04-13 05:22:11.390677+00	2020-04-13 05:22:11.390693+00	2020-04-08 09:13:07.42126+00	159	14	804	173
811	2020-04-13 05:22:26.071862+00	2020-04-13 05:22:26.071888+00	2020-04-08 09:13:07.42126+00	159	14	807	161
812	2020-04-13 05:22:41.517695+00	2020-04-13 05:22:41.517711+00	2020-04-08 09:13:07.42126+00	159	14	810	162
813	2020-04-13 05:23:11.394934+00	2020-04-13 05:23:11.394949+00	2020-04-08 09:13:07.42126+00	159	14	813	168
814	2020-04-13 05:23:44.891832+00	2020-04-13 05:23:44.89185+00	2020-04-08 09:13:07.42126+00	159	14	816	167
815	2020-04-13 05:24:04.026377+00	2020-04-13 05:24:04.026411+00	2020-04-08 09:13:07.42126+00	159	14	819	177
816	2020-04-13 05:24:32.455125+00	2020-04-13 05:24:32.455143+00	2020-04-08 09:13:07.42126+00	159	14	822	177
817	2020-04-13 05:25:21.135921+00	2020-04-13 05:25:21.13594+00	2020-04-08 09:13:07.42126+00	165	14	825	178
818	2020-04-13 05:25:35.902167+00	2020-04-13 05:25:35.902183+00	2020-04-08 09:13:07.42126+00	165	14	828	191
819	2020-04-13 05:25:53.099622+00	2020-04-13 05:25:53.099638+00	2020-04-08 09:13:07.42126+00	165	14	831	189
820	2020-04-13 05:26:07.489696+00	2020-04-13 05:26:07.489727+00	2020-04-08 09:13:07.42126+00	165	14	834	188
821	2020-04-13 05:26:31.783558+00	2020-04-13 05:26:31.783575+00	2020-04-08 09:13:07.42126+00	165	14	837	185
822	2020-04-13 05:26:59.193586+00	2020-04-13 05:26:59.193602+00	2020-04-08 09:13:07.42126+00	165	14	840	195
823	2020-04-13 05:27:17.967651+00	2020-04-13 05:27:17.967668+00	2020-04-08 09:13:07.42126+00	165	14	843	158
824	2020-04-13 05:36:02.323681+00	2020-04-13 05:36:02.323724+00	2020-04-08 09:13:07.42126+00	159	14	821	174
825	2020-04-13 05:38:23.280623+00	2020-04-13 05:38:23.28065+00	2020-04-08 09:13:07.42126+00	6	17	846	8
826	2020-04-13 05:40:07.410117+00	2020-04-13 05:40:07.410152+00	2020-04-08 09:13:07.42126+00	6	17	847	415
827	2020-04-13 05:40:21.877339+00	2020-04-13 05:40:21.877362+00	2020-04-08 09:13:07.42126+00	6	17	797	416
828	2020-04-13 05:40:27.926315+00	2020-04-13 05:40:27.926344+00	2020-04-08 09:13:07.42126+00	6	17	799	417
829	2020-04-13 07:01:07.035145+00	2020-04-13 07:01:07.035177+00	2020-04-08 09:13:07.42126+00	8	20	846	380
830	2020-04-13 07:16:28.05979+00	2020-04-13 07:16:28.059808+00	2020-04-08 09:13:07.42126+00	377	20	852	6
831	2020-04-13 07:19:08.04094+00	2020-04-13 07:19:08.040957+00	2020-04-08 09:13:07.42126+00	194	14	859	200
832	2020-04-13 07:23:09.006806+00	2020-04-13 07:23:09.006837+00	2020-04-08 09:13:07.42126+00	376	20	271	6
833	2020-04-13 07:24:59.117703+00	2020-04-13 07:24:59.117734+00	2020-04-08 09:13:07.42126+00	6	17	852	418
834	2020-04-13 07:25:16.670554+00	2020-04-13 07:25:16.670584+00	2020-04-08 09:13:07.42126+00	6	17	271	419
835	2020-04-14 00:45:49.914725+00	2020-04-14 00:45:49.914742+00	2020-04-08 09:13:07.42126+00	192	14	862	188
836	2020-04-14 01:28:45.196049+00	2020-04-14 01:28:45.196083+00	2020-04-08 09:13:07.42126+00	292	14	848	176
837	2020-04-14 01:55:49.737309+00	2020-04-14 01:55:49.737341+00	2020-04-08 09:13:07.42126+00	218	14	864	232
838	2020-04-14 07:17:17.213171+00	2020-04-14 07:17:17.213187+00	2020-04-08 09:13:07.42126+00	292	14	869	197
839	2020-04-14 07:26:07.952426+00	2020-04-14 07:26:07.952617+00	2020-04-08 09:13:07.42126+00	292	14	875	221
840	2020-04-14 08:37:16.549463+00	2020-04-14 08:37:16.549489+00	2020-04-08 09:13:07.42126+00	122	14	881	116
841	2020-04-14 08:37:55.714405+00	2020-04-14 08:37:55.714422+00	2020-04-08 09:13:07.42126+00	122	14	884	118
842	2020-04-14 08:39:14.76468+00	2020-04-14 08:39:14.764707+00	2020-04-08 09:13:07.42126+00	121	14	887	142
843	2020-04-14 08:39:57.804857+00	2020-04-14 08:39:57.804877+00	2020-04-08 09:13:07.42126+00	126	14	890	128
844	2020-04-14 08:40:56.316513+00	2020-04-14 08:40:56.316534+00	2020-04-08 09:13:07.42126+00	132	14	893	144
845	2020-04-14 08:42:09.83027+00	2020-04-14 08:42:09.830287+00	2020-04-08 09:13:07.42126+00	137	14	896	136
846	2020-04-14 08:43:57.18238+00	2020-04-14 08:43:57.182396+00	2020-04-08 09:13:07.42126+00	145	14	899	133
847	2020-04-14 08:44:18.555306+00	2020-04-14 08:44:18.555367+00	2020-04-08 09:13:07.42126+00	156	14	902	133
848	2020-04-14 08:46:09.442592+00	2020-04-14 08:46:09.442608+00	2020-04-08 09:13:07.42126+00	154	14	905	133
849	2020-04-14 08:53:36.067817+00	2020-04-14 08:53:36.067834+00	2020-04-08 09:13:07.42126+00	138	14	908	141
850	2020-04-14 08:54:25.131626+00	2020-04-14 08:54:25.131643+00	2020-04-08 09:13:07.42126+00	154	14	911	157
851	2020-04-15 00:20:53.584431+00	2020-04-15 00:20:53.584447+00	2020-04-08 09:13:07.42126+00	154	14	914	232
852	2020-04-15 01:19:05.073665+00	2020-04-15 01:19:05.073683+00	2020-04-08 09:13:07.42126+00	334	15	917	339
853	2020-04-15 02:09:49.483213+00	2020-04-15 02:09:49.483244+00	2020-04-08 09:13:07.42126+00	292	14	874	201
854	2020-04-15 02:11:21.969342+00	2020-04-15 02:11:21.969365+00	2020-04-08 09:13:07.42126+00	292	14	921	247
855	2020-04-15 08:43:19.198107+00	2020-04-15 08:43:19.198131+00	2020-04-08 09:13:07.42126+00	179	14	932	218
856	2020-04-15 08:44:33.430187+00	2020-04-15 08:44:33.43023+00	2020-04-08 09:13:07.42126+00	168	14	814	230
857	2020-04-15 08:45:10.377507+00	2020-04-15 08:45:10.377542+00	2020-04-08 09:13:07.42126+00	230	14	936	168
858	2020-04-15 08:46:09.298484+00	2020-04-15 08:46:09.298523+00	2020-04-08 09:13:07.42126+00	230	14	935	168
859	2020-04-15 08:46:43.486773+00	2020-04-15 08:46:43.486789+00	2020-04-08 09:13:07.42126+00	168	14	939	230
860	2020-04-15 08:51:33.815197+00	2020-04-15 08:51:33.815231+00	2020-04-08 09:13:07.42126+00	145	14	898	201
861	2020-04-15 08:52:30.539578+00	2020-04-15 08:52:30.539594+00	2020-04-08 09:13:07.42126+00	201	14	942	145
862	2020-04-15 08:59:15.037286+00	2020-04-15 08:59:15.037372+00	2020-04-08 09:13:07.42126+00	199	14	944	198
863	2020-04-15 09:02:46.128056+00	2020-04-15 09:02:46.128076+00	2020-04-08 09:13:07.42126+00	159	14	947	161
864	2020-04-15 09:03:34.314361+00	2020-04-15 09:03:34.314378+00	2020-04-08 09:13:07.42126+00	160	14	950	161
865	2020-04-15 09:03:48.163615+00	2020-04-15 09:03:48.163632+00	2020-04-08 09:13:07.42126+00	164	14	953	161
866	2020-04-15 09:05:07.856065+00	2020-04-15 09:05:07.856099+00	2020-04-08 09:13:07.42126+00	168	14	956	173
867	2020-04-15 09:06:00.156264+00	2020-04-15 09:06:00.156281+00	2020-04-08 09:13:07.42126+00	175	14	959	169
868	2020-04-15 09:07:38.9707+00	2020-04-15 09:07:38.970716+00	2020-04-08 09:13:07.42126+00	181	14	962	172
869	2020-04-15 09:08:50.09309+00	2020-04-15 09:08:50.093114+00	2020-04-08 09:13:07.42126+00	169	14	965	166
870	2020-04-15 09:15:54.588421+00	2020-04-15 09:15:54.58846+00	2020-04-08 09:13:07.42126+00	169	14	964	174
871	2020-04-16 00:56:38.315509+00	2020-04-16 00:56:38.315525+00	2020-04-08 09:13:07.42126+00	159	14	969	202
872	2020-04-16 00:56:58.19377+00	2020-04-16 00:56:58.193786+00	2020-04-08 09:13:07.42126+00	190	14	971	202
873	2020-04-16 00:58:03.288671+00	2020-04-16 00:58:03.288693+00	2020-04-08 09:13:07.42126+00	247	14	974	238
874	2020-04-16 00:58:22.693924+00	2020-04-16 00:58:22.693939+00	2020-04-08 09:13:07.42126+00	245	14	976	236
875	2020-04-16 02:36:39.669392+00	2020-04-16 02:36:39.669425+00	2020-04-08 09:13:07.42126+00	292	14	920	226
876	2020-04-16 02:45:50.093061+00	2020-04-16 02:45:50.093096+00	2020-04-08 09:13:07.42126+00	247	14	973	165
877	2020-04-16 02:52:07.481193+00	2020-04-16 02:52:07.481223+00	2020-04-08 09:13:07.42126+00	174	14	979	169
878	2020-04-16 05:34:55.90979+00	2020-04-16 05:34:55.909817+00	2020-04-08 09:13:07.42126+00	325	15	981	323
879	2020-04-16 05:37:43.922557+00	2020-04-16 05:37:43.922592+00	2020-04-08 09:13:07.42126+00	323	15	982	8
880	2020-04-16 05:42:32.541399+00	2020-04-16 05:42:32.541437+00	2020-04-08 09:13:07.42126+00	324	15	435	8
881	2020-04-16 05:43:01.553575+00	2020-04-16 05:43:01.553602+00	2020-04-08 09:13:07.42126+00	325	15	984	8
882	2020-04-16 05:43:20.357468+00	2020-04-16 05:43:20.357485+00	2020-04-08 09:13:07.42126+00	326	15	986	8
883	2020-04-16 05:44:21.318546+00	2020-04-16 05:44:21.318563+00	2020-04-08 09:13:07.42126+00	328	15	988	8
884	2020-04-16 05:44:46.950927+00	2020-04-16 05:44:46.950942+00	2020-04-08 09:13:07.42126+00	327	15	990	8
885	2020-04-16 05:45:19.472223+00	2020-04-16 05:45:19.47224+00	2020-04-08 09:13:07.42126+00	339	15	992	8
886	2020-04-16 05:45:47.044751+00	2020-04-16 05:45:47.044767+00	2020-04-08 09:13:07.42126+00	340	15	994	8
887	2020-04-16 05:47:02.532864+00	2020-04-16 05:47:02.532894+00	2020-04-08 09:13:07.42126+00	325	15	983	340
888	2020-04-16 05:47:43.295082+00	2020-04-16 05:47:43.295109+00	2020-04-08 09:13:07.42126+00	326	15	985	340
889	2020-04-16 05:48:13.6519+00	2020-04-16 05:48:13.651932+00	2020-04-08 09:13:07.42126+00	327	15	989	329
890	2020-04-16 05:48:44.497216+00	2020-04-16 05:48:44.497245+00	2020-04-08 09:13:07.42126+00	328	15	987	329
891	2020-04-16 05:58:59.040635+00	2020-04-16 05:58:59.040668+00	2020-04-08 09:13:07.42126+00	8	20	982	345
892	2020-04-16 05:59:52.334415+00	2020-04-16 05:59:52.334443+00	2020-04-08 09:13:07.42126+00	8	20	435	380
893	2020-04-16 06:00:13.156087+00	2020-04-16 06:00:13.156124+00	2020-04-08 09:13:07.42126+00	8	20	984	379
894	2020-04-16 06:00:35.039028+00	2020-04-16 06:00:35.039056+00	2020-04-08 09:13:07.42126+00	8	20	986	378
895	2020-04-16 06:02:00.200909+00	2020-04-16 06:02:00.200983+00	2020-04-08 09:13:07.42126+00	8	20	990	376
896	2020-04-16 06:03:06.448783+00	2020-04-16 06:03:06.44882+00	2020-04-08 09:13:07.42126+00	8	20	992	376
897	2020-04-16 06:04:27.308712+00	2020-04-16 06:04:27.308752+00	2020-04-08 09:13:07.42126+00	8	20	994	376
898	2020-04-16 06:05:15.626887+00	2020-04-16 06:05:15.626943+00	2020-04-08 09:13:07.42126+00	8	20	988	377
899	2020-04-16 06:43:55.067812+00	2020-04-16 06:43:55.067828+00	2020-04-16 06:42:52.997532+00	441	4	1003	11
900	2020-04-16 06:56:46.222549+00	2020-04-16 06:56:46.222569+00	2020-04-16 06:42:52.997532+00	445	4	1005	11
901	2020-04-16 06:56:56.792849+00	2020-04-16 06:56:56.792872+00	2020-04-16 06:42:52.997532+00	450	4	1007	11
902	2020-04-16 07:20:08.505425+00	2020-04-16 07:20:08.505474+00	2020-04-16 07:13:46.341834+00	224	14	1019	223
903	2020-04-16 07:35:26.21629+00	2020-04-16 07:35:26.216315+00	2020-04-16 07:13:46.341834+00	154	14	1029	247
904	2020-04-16 07:35:45.48654+00	2020-04-16 07:35:45.486575+00	2020-04-16 07:13:46.341834+00	137	14	895	247
905	2020-04-16 07:37:05.458828+00	2020-04-16 07:37:05.458859+00	2020-04-16 07:13:46.341834+00	247	14	1032	137
906	2020-04-16 07:38:35.610171+00	2020-04-16 07:38:35.610188+00	2020-04-16 07:13:46.341834+00	136	14	1034	247
907	2020-04-16 07:39:34.791715+00	2020-04-16 07:39:34.791751+00	2020-04-16 07:13:46.341834+00	156	14	1037	247
908	2020-04-16 07:40:53.231826+00	2020-04-16 07:40:53.231845+00	2020-04-16 07:13:46.341834+00	151	14	1040	247
909	2020-04-16 07:41:56.187738+00	2020-04-16 07:41:56.187756+00	2020-04-16 07:13:46.341834+00	150	14	1043	247
910	2020-04-16 07:43:01.290094+00	2020-04-16 07:43:01.29012+00	2020-04-16 07:13:46.341834+00	144	14	1046	247
911	2020-04-16 07:44:07.022179+00	2020-04-16 07:44:07.022218+00	2020-04-16 07:13:46.341834+00	142	14	1049	247
\.


--
-- Data for Name: transactions_sowtransaction; Type: TABLE DATA; Schema: public; Owner: postgres
--

COPY public.transactions_sowtransaction (id, created_at, modified_at, date, from_location_id, initiator_id, sow_id, to_location_id) FROM stdin;
1	2020-03-17 06:28:05.006508+00	2020-03-17 06:28:05.006539+00	2020-03-17 06:28:05.004807+00	1	6	1906	2
2	2020-03-17 06:28:05.018663+00	2020-03-17 06:28:05.018683+00	2020-03-17 06:28:05.017092+00	1	6	1905	2
3	2020-03-17 06:28:05.027903+00	2020-03-17 06:28:05.027921+00	2020-03-17 06:28:05.026513+00	1	6	1904	2
4	2020-03-17 06:28:05.037073+00	2020-03-17 06:28:05.037092+00	2020-03-17 06:28:05.035616+00	1	6	1903	2
5	2020-03-17 06:28:05.04616+00	2020-03-17 06:28:05.046178+00	2020-03-17 06:28:05.044692+00	1	6	1902	2
6	2020-03-17 06:28:05.055741+00	2020-03-17 06:28:05.055759+00	2020-03-17 06:28:05.05435+00	1	6	1901	2
7	2020-03-17 06:28:05.066002+00	2020-03-17 06:28:05.066021+00	2020-03-17 06:28:05.064582+00	1	6	1900	2
8	2020-03-17 06:28:05.077939+00	2020-03-17 06:28:05.077962+00	2020-03-17 06:28:05.076102+00	1	6	1899	2
9	2020-03-17 06:28:05.08794+00	2020-03-17 06:28:05.087959+00	2020-03-17 06:28:05.086477+00	1	6	1898	2
10	2020-03-17 06:28:05.098958+00	2020-03-17 06:28:05.09898+00	2020-03-17 06:28:05.097129+00	1	6	1897	2
11	2020-03-17 06:28:05.108803+00	2020-03-17 06:28:05.108821+00	2020-03-17 06:28:05.107302+00	1	6	1896	2
12	2020-03-17 06:28:05.120699+00	2020-03-17 06:28:05.120726+00	2020-03-17 06:28:05.11884+00	1	6	1895	2
13	2020-03-17 06:28:05.129687+00	2020-03-17 06:28:05.129709+00	2020-03-17 06:28:05.127745+00	1	6	1894	2
14	2020-03-17 06:28:05.135401+00	2020-03-17 06:28:05.135419+00	2020-03-17 06:28:05.134047+00	1	6	1893	2
15	2020-03-17 06:28:05.140964+00	2020-03-17 06:28:05.140995+00	2020-03-17 06:28:05.139025+00	1	6	1892	2
16	2020-03-17 06:28:05.148979+00	2020-03-17 06:28:05.148998+00	2020-03-17 06:28:05.14742+00	1	6	1891	2
17	2020-03-17 06:28:05.158668+00	2020-03-17 06:28:05.158697+00	2020-03-17 06:28:05.154748+00	1	6	1889	2
18	2020-03-17 06:28:05.164116+00	2020-03-17 06:28:05.164134+00	2020-03-17 06:28:05.162759+00	1	6	1888	2
19	2020-03-17 06:28:05.169059+00	2020-03-17 06:28:05.169085+00	2020-03-17 06:28:05.16769+00	1	6	1887	2
20	2020-03-17 06:28:05.176428+00	2020-03-17 06:28:05.176447+00	2020-03-17 06:28:05.175047+00	1	6	1886	2
21	2020-03-17 06:28:05.187877+00	2020-03-17 06:28:05.187901+00	2020-03-17 06:28:05.186115+00	1	6	1884	2
22	2020-03-17 06:28:05.198624+00	2020-03-17 06:28:05.198645+00	2020-03-17 06:28:05.196932+00	1	6	1883	2
23	2020-03-17 06:28:05.208347+00	2020-03-17 06:28:05.208367+00	2020-03-17 06:28:05.206781+00	1	6	1882	2
24	2020-03-17 06:28:05.218905+00	2020-03-17 06:28:05.218925+00	2020-03-17 06:28:05.217322+00	1	6	1881	2
25	2020-03-17 06:28:05.229276+00	2020-03-17 06:28:05.229296+00	2020-03-17 06:28:05.22761+00	1	6	1880	2
26	2020-03-17 06:28:05.235658+00	2020-03-17 06:28:05.235773+00	2020-03-17 06:28:05.233915+00	1	6	1879	2
27	2020-03-17 06:28:05.241425+00	2020-03-17 06:28:05.241442+00	2020-03-17 06:28:05.239981+00	1	6	1877	2
28	2020-03-17 06:28:05.246529+00	2020-03-17 06:28:05.246547+00	2020-03-17 06:28:05.245118+00	1	6	1876	2
29	2020-03-17 06:28:05.255179+00	2020-03-17 06:28:05.255197+00	2020-03-17 06:28:05.253736+00	1	6	1874	2
30	2020-03-17 06:28:05.264604+00	2020-03-17 06:28:05.264623+00	2020-03-17 06:28:05.262908+00	1	6	1873	2
31	2020-03-17 06:28:05.274267+00	2020-03-17 06:28:05.274286+00	2020-03-17 06:28:05.272807+00	1	6	1872	2
32	2020-03-17 06:28:05.283569+00	2020-03-17 06:28:05.283587+00	2020-03-17 06:28:05.282252+00	1	6	1871	2
33	2020-03-17 06:28:05.293786+00	2020-03-17 06:28:05.293804+00	2020-03-17 06:28:05.292338+00	1	6	1869	2
34	2020-03-17 06:28:05.303474+00	2020-03-17 06:28:05.303507+00	2020-03-17 06:28:05.30184+00	1	6	1868	2
35	2020-03-17 06:28:05.314334+00	2020-03-17 06:28:05.314353+00	2020-03-17 06:28:05.31285+00	1	6	1867	2
36	2020-03-17 06:28:05.323959+00	2020-03-17 06:28:05.324034+00	2020-03-17 06:28:05.322512+00	1	6	1866	2
37	2020-03-17 06:28:05.328925+00	2020-03-17 06:28:05.328942+00	2020-03-17 06:28:05.327571+00	1	6	1865	2
38	2020-03-17 06:28:05.333893+00	2020-03-17 06:28:05.333911+00	2020-03-17 06:28:05.332523+00	1	6	1864	2
39	2020-03-17 06:28:05.339241+00	2020-03-17 06:28:05.33926+00	2020-03-17 06:28:05.337812+00	1	6	1863	2
40	2020-03-17 06:28:05.346237+00	2020-03-17 06:28:05.346257+00	2020-03-17 06:28:05.344385+00	1	6	1861	2
41	2020-03-17 06:28:05.35177+00	2020-03-17 06:28:05.351804+00	2020-03-17 06:28:05.350372+00	1	6	1860	2
42	2020-03-17 06:28:05.35729+00	2020-03-17 06:28:05.357307+00	2020-03-17 06:28:05.355464+00	1	6	1857	2
43	2020-03-17 06:28:05.365955+00	2020-03-17 06:28:05.365973+00	2020-03-17 06:28:05.364447+00	1	6	1856	2
44	2020-03-17 06:28:05.375147+00	2020-03-17 06:28:05.375165+00	2020-03-17 06:28:05.373845+00	1	6	1854	2
45	2020-03-17 06:28:05.384945+00	2020-03-17 06:28:05.384964+00	2020-03-17 06:28:05.383443+00	1	6	1853	2
46	2020-03-17 06:28:05.395037+00	2020-03-17 06:28:05.395056+00	2020-03-17 06:28:05.393281+00	1	6	1852	2
47	2020-03-17 06:28:05.404547+00	2020-03-17 06:28:05.404565+00	2020-03-17 06:28:05.403178+00	1	6	1850	2
48	2020-03-17 06:28:05.415584+00	2020-03-17 06:28:05.415604+00	2020-03-17 06:28:05.413786+00	1	6	1849	2
49	2020-03-17 06:28:05.426571+00	2020-03-17 06:28:05.426598+00	2020-03-17 06:28:05.424667+00	1	6	1848	2
50	2020-03-17 06:28:05.43766+00	2020-03-17 06:28:05.437782+00	2020-03-17 06:28:05.435666+00	1	6	1845	2
51	2020-03-17 06:28:05.448997+00	2020-03-17 06:28:05.449034+00	2020-03-17 06:28:05.447466+00	1	6	1844	2
52	2020-03-17 06:28:05.45484+00	2020-03-17 06:28:05.45486+00	2020-03-17 06:28:05.453092+00	1	6	1843	2
53	2020-03-17 06:28:05.460092+00	2020-03-17 06:28:05.46011+00	2020-03-17 06:28:05.458762+00	1	6	1841	2
54	2020-03-17 06:28:05.465042+00	2020-03-17 06:28:05.465059+00	2020-03-17 06:28:05.46369+00	1	6	1839	2
55	2020-03-17 06:28:05.46978+00	2020-03-17 06:28:05.469797+00	2020-03-17 06:28:05.468505+00	1	6	1838	2
56	2020-03-17 06:28:05.474592+00	2020-03-17 06:28:05.474609+00	2020-03-17 06:28:05.473167+00	1	6	1837	2
57	2020-03-17 06:28:05.481856+00	2020-03-17 06:28:05.481874+00	2020-03-17 06:28:05.480366+00	1	6	1836	2
58	2020-03-17 06:28:05.490918+00	2020-03-17 06:28:05.490937+00	2020-03-17 06:28:05.489408+00	1	6	1639	2
59	2020-03-17 06:28:05.500442+00	2020-03-17 06:28:05.50046+00	2020-03-17 06:28:05.499031+00	1	6	1625	2
60	2020-03-17 06:28:05.512185+00	2020-03-17 06:28:05.512205+00	2020-03-17 06:28:05.510514+00	1	6	1591	2
61	2020-03-17 06:28:05.521649+00	2020-03-17 06:28:05.521676+00	2020-03-17 06:28:05.520282+00	1	6	1570	2
62	2020-03-17 06:28:05.530925+00	2020-03-17 06:28:05.530942+00	2020-03-17 06:28:05.529646+00	1	6	1565	2
63	2020-03-17 06:28:05.540192+00	2020-03-17 06:28:05.54021+00	2020-03-17 06:28:05.538886+00	1	6	1489	2
64	2020-03-17 06:28:05.549365+00	2020-03-17 06:28:05.549383+00	2020-03-17 06:28:05.548035+00	1	6	1467	2
65	2020-03-17 06:31:52.169081+00	2020-03-17 06:31:52.169104+00	2020-03-17 06:31:52.167581+00	1	6	1961	2
66	2020-03-17 06:32:02.126596+00	2020-03-17 06:32:02.126628+00	2020-03-17 06:32:02.122292+00	1	6	1907	2
67	2020-03-17 06:32:33.753379+00	2020-03-17 06:32:33.75341+00	2020-03-17 06:32:33.751951+00	1	6	1936	2
68	2020-03-17 06:32:43.929643+00	2020-03-17 06:32:43.929665+00	2020-03-17 06:32:43.928412+00	1	6	1927	2
69	2020-03-17 06:32:53.407233+00	2020-03-17 06:32:53.407254+00	2020-03-17 06:32:53.405899+00	1	6	1941	2
70	2020-03-17 06:32:59.759534+00	2020-03-17 06:32:59.759556+00	2020-03-17 06:32:59.75828+00	1	6	1953	2
71	2020-03-17 06:33:04.082865+00	2020-03-17 06:33:04.082892+00	2020-03-17 06:33:04.081477+00	1	6	1956	2
72	2020-03-17 06:33:09.427232+00	2020-03-17 06:33:09.427256+00	2020-03-17 06:33:09.425801+00	1	6	1943	2
73	2020-03-17 06:33:18.839789+00	2020-03-17 06:33:18.83981+00	2020-03-17 06:33:18.838403+00	1	6	1947	2
74	2020-03-17 06:38:13.515825+00	2020-03-17 06:38:13.515847+00	2020-03-17 06:38:13.514555+00	1	6	1934	2
75	2020-03-17 06:38:19.168688+00	2020-03-17 06:38:19.168717+00	2020-03-17 06:38:19.167182+00	1	6	1937	2
76	2020-03-17 06:38:25.390599+00	2020-03-17 06:38:25.39062+00	2020-03-17 06:38:25.389371+00	1	6	1948	2
77	2020-03-17 06:38:43.273022+00	2020-03-17 06:38:43.273045+00	2020-03-17 06:38:43.271691+00	1	6	1950	2
78	2020-03-17 06:38:50.011635+00	2020-03-17 06:38:50.011657+00	2020-03-17 06:38:50.01044+00	1	6	1935	2
79	2020-03-17 06:38:54.186806+00	2020-03-17 06:38:54.186828+00	2020-03-17 06:38:54.18557+00	1	6	1933	2
80	2020-03-17 06:39:01.990814+00	2020-03-17 06:39:01.990839+00	2020-03-17 06:39:01.989375+00	1	6	1951	2
81	2020-03-17 06:39:06.77015+00	2020-03-17 06:39:06.770172+00	2020-03-17 06:39:06.768872+00	1	6	1920	2
82	2020-03-17 06:39:13.332323+00	2020-03-17 06:39:13.332353+00	2020-03-17 06:39:13.330875+00	1	6	1957	2
83	2020-03-17 06:39:18.8693+00	2020-03-17 06:39:18.869322+00	2020-03-17 06:39:18.866952+00	1	6	1960	2
84	2020-03-17 06:39:24.931151+00	2020-03-17 06:39:24.931173+00	2020-03-17 06:39:24.929809+00	1	6	1942	2
85	2020-03-17 06:45:01.089787+00	2020-03-17 06:45:01.089814+00	2020-03-17 06:45:01.08849+00	1	6	1964	2
86	2020-03-17 06:45:08.173244+00	2020-03-17 06:45:08.173266+00	2020-03-17 06:45:08.171999+00	1	6	1965	2
87	2020-03-17 06:45:13.601666+00	2020-03-17 06:45:13.601689+00	2020-03-17 06:45:13.600407+00	1	6	1967	2
88	2020-03-17 06:45:21.447033+00	2020-03-17 06:45:21.447054+00	2020-03-17 06:45:21.445816+00	1	6	1945	2
89	2020-03-17 06:45:27.087176+00	2020-03-17 06:45:27.087201+00	2020-03-17 06:45:27.085585+00	1	6	1932	2
90	2020-03-17 06:45:32.75215+00	2020-03-17 06:45:32.752172+00	2020-03-17 06:45:32.750945+00	1	6	1938	2
91	2020-03-17 06:45:36.985613+00	2020-03-17 06:45:36.98564+00	2020-03-17 06:45:36.984294+00	1	6	1914	2
92	2020-03-17 06:45:49.429072+00	2020-03-17 06:45:49.429102+00	2020-03-17 06:45:49.42626+00	1	6	1925	2
93	2020-03-17 06:45:53.188081+00	2020-03-17 06:45:53.188102+00	2020-03-17 06:45:53.18679+00	1	6	1971	2
94	2020-03-17 06:46:16.328776+00	2020-03-17 06:46:16.328802+00	2020-03-17 06:46:16.327422+00	1	6	1955	2
95	2020-03-17 06:46:23.014073+00	2020-03-17 06:46:23.014097+00	2020-03-17 06:46:23.01273+00	1	6	1978	2
96	2020-03-17 06:46:27.843257+00	2020-03-17 06:46:27.84328+00	2020-03-17 06:46:27.842039+00	1	6	1931	2
97	2020-03-17 06:46:32.164128+00	2020-03-17 06:46:32.164149+00	2020-03-17 06:46:32.162919+00	1	6	1944	2
98	2020-03-17 06:46:36.233451+00	2020-03-17 06:46:36.233472+00	2020-03-17 06:46:36.232189+00	1	6	1930	2
99	2020-03-17 06:46:40.060161+00	2020-03-17 06:46:40.060182+00	2020-03-17 06:46:40.058961+00	1	6	1917	2
100	2020-03-17 06:46:43.576445+00	2020-03-17 06:46:43.576466+00	2020-03-17 06:46:43.575144+00	1	6	1940	2
101	2020-03-17 06:46:47.141242+00	2020-03-17 06:46:47.141264+00	2020-03-17 06:46:47.139841+00	1	6	1929	2
102	2020-03-17 06:46:51.136363+00	2020-03-17 06:46:51.136383+00	2020-03-17 06:46:51.135066+00	1	6	1939	2
103	2020-03-17 06:46:55.065627+00	2020-03-17 06:46:55.065652+00	2020-03-17 06:46:55.064371+00	1	6	1959	2
104	2020-03-17 06:46:59.049993+00	2020-03-17 06:46:59.050017+00	2020-03-17 06:46:59.048788+00	1	6	1919	2
105	2020-03-17 06:47:02.981609+00	2020-03-17 06:47:02.981632+00	2020-03-17 06:47:02.98009+00	1	6	1968	2
106	2020-03-17 06:47:10.201125+00	2020-03-17 06:47:10.201151+00	2020-03-17 06:47:10.199657+00	1	6	1972	2
107	2020-03-17 06:47:14.038447+00	2020-03-17 06:47:14.038469+00	2020-03-17 06:47:14.037214+00	1	6	1981	2
108	2020-03-17 06:47:18.00014+00	2020-03-17 06:47:18.000164+00	2020-03-17 06:47:17.998798+00	1	6	1949	2
109	2020-03-17 06:47:21.515355+00	2020-03-17 06:47:21.515377+00	2020-03-17 06:47:21.514024+00	1	6	1976	2
110	2020-03-17 06:47:25.741899+00	2020-03-17 06:47:25.741921+00	2020-03-17 06:47:25.740598+00	1	6	1973	2
111	2020-03-17 06:47:30.378741+00	2020-03-17 06:47:30.378762+00	2020-03-17 06:47:30.377516+00	1	6	1962	2
112	2020-03-17 06:47:34.513708+00	2020-03-17 06:47:34.513734+00	2020-03-17 06:47:34.512462+00	1	6	1911	2
113	2020-03-17 06:47:38.076494+00	2020-03-17 06:47:38.076517+00	2020-03-17 06:47:38.075232+00	1	6	1909	2
114	2020-03-17 06:47:41.779256+00	2020-03-17 06:47:41.779279+00	2020-03-17 06:47:41.777974+00	1	6	1912	2
115	2020-03-17 06:47:47.139366+00	2020-03-17 06:47:47.139388+00	2020-03-17 06:47:47.138116+00	1	6	1928	2
116	2020-03-17 06:47:51.015491+00	2020-03-17 06:47:51.015513+00	2020-03-17 06:47:51.014285+00	1	6	1913	2
117	2020-03-17 06:47:57.065366+00	2020-03-17 06:47:57.065389+00	2020-03-17 06:47:57.063968+00	1	6	1922	2
118	2020-03-17 06:52:02.46905+00	2020-03-17 06:52:02.46908+00	2020-03-17 06:52:02.467336+00	1	6	1924	2
119	2020-03-17 06:57:05.808286+00	2020-03-17 06:57:05.808315+00	2020-03-17 06:57:05.806803+00	1	6	1908	2
120	2020-03-27 05:57:59.469655+00	2020-03-27 05:57:59.469684+00	2020-03-27 05:57:59.46787+00	1	6	1979	2
121	2020-03-27 05:58:09.673033+00	2020-03-27 05:58:09.673055+00	2020-03-27 05:58:09.671688+00	1	6	1910	2
122	2020-03-27 05:58:18.414452+00	2020-03-27 05:58:18.414472+00	2020-03-27 05:58:18.413223+00	1	6	1923	2
123	2020-03-27 05:58:28.546077+00	2020-03-27 05:58:28.546097+00	2020-03-27 05:58:28.544845+00	1	6	1926	2
124	2020-03-27 05:58:38.424885+00	2020-03-27 05:58:38.424907+00	2020-03-27 05:58:38.423523+00	1	6	1916	2
125	2020-03-27 05:58:49.984356+00	2020-03-27 05:58:49.984377+00	2020-03-27 05:58:49.983103+00	1	6	1980	2
126	2020-03-27 06:06:06.280672+00	2020-03-27 06:06:06.280695+00	2020-03-27 06:06:06.279138+00	1	6	1974	2
127	2020-03-30 03:44:07.740916+00	2020-03-30 03:44:07.740938+00	2020-03-30 03:44:07.739442+00	1	6	2386	2
128	2020-03-30 03:44:07.761088+00	2020-03-30 03:44:07.761118+00	2020-03-30 03:44:07.758903+00	1	6	2385	2
129	2020-03-30 03:44:07.771695+00	2020-03-30 03:44:07.771721+00	2020-03-30 03:44:07.769931+00	1	6	2384	2
130	2020-03-30 03:44:07.777422+00	2020-03-30 03:44:07.777439+00	2020-03-30 03:44:07.775971+00	1	6	2382	2
131	2020-03-30 03:44:07.783417+00	2020-03-30 03:44:07.783516+00	2020-03-30 03:44:07.782174+00	1	6	2381	2
132	2020-03-30 03:44:07.789377+00	2020-03-30 03:44:07.789392+00	2020-03-30 03:44:07.788131+00	1	6	2380	2
133	2020-03-30 03:44:07.796203+00	2020-03-30 03:44:07.796219+00	2020-03-30 03:44:07.794968+00	1	6	2377	2
134	2020-03-30 03:44:07.801859+00	2020-03-30 03:44:07.801875+00	2020-03-30 03:44:07.800621+00	1	6	2376	2
135	2020-03-30 03:44:07.809048+00	2020-03-30 03:44:07.809064+00	2020-03-30 03:44:07.80777+00	1	6	2375	2
136	2020-03-30 03:44:07.81834+00	2020-03-30 03:44:07.818355+00	2020-03-30 03:44:07.817048+00	1	6	2374	2
137	2020-03-30 03:44:07.828658+00	2020-03-30 03:44:07.828675+00	2020-03-30 03:44:07.827296+00	1	6	2373	2
138	2020-03-30 03:44:07.839408+00	2020-03-30 03:44:07.839425+00	2020-03-30 03:44:07.838036+00	1	6	2372	2
139	2020-03-30 03:44:07.849299+00	2020-03-30 03:44:07.849315+00	2020-03-30 03:44:07.847999+00	1	6	2371	2
140	2020-03-30 03:44:07.86356+00	2020-03-30 03:44:07.863577+00	2020-03-30 03:44:07.86212+00	1	6	2370	2
141	2020-03-30 03:44:07.873348+00	2020-03-30 03:44:07.873364+00	2020-03-30 03:44:07.872041+00	1	6	2369	2
142	2020-03-30 03:44:07.883224+00	2020-03-30 03:44:07.883241+00	2020-03-30 03:44:07.88185+00	1	6	2368	2
143	2020-03-30 03:44:07.89229+00	2020-03-30 03:44:07.892307+00	2020-03-30 03:44:07.890997+00	1	6	2367	2
144	2020-03-30 03:44:07.900802+00	2020-03-30 03:44:07.900819+00	2020-03-30 03:44:07.899552+00	1	6	2366	2
145	2020-03-30 03:44:07.905645+00	2020-03-30 03:44:07.905661+00	2020-03-30 03:44:07.904426+00	1	6	2365	2
146	2020-03-30 03:44:07.910266+00	2020-03-30 03:44:07.910282+00	2020-03-30 03:44:07.909011+00	1	6	2364	2
147	2020-03-30 03:44:07.915207+00	2020-03-30 03:44:07.915224+00	2020-03-30 03:44:07.913939+00	1	6	2363	2
148	2020-03-30 03:44:07.921024+00	2020-03-30 03:44:07.92104+00	2020-03-30 03:44:07.919712+00	1	6	2362	2
149	2020-03-30 03:44:07.9258+00	2020-03-30 03:44:07.925816+00	2020-03-30 03:44:07.924604+00	1	6	2361	2
150	2020-03-30 03:44:07.935707+00	2020-03-30 03:44:07.935724+00	2020-03-30 03:44:07.934351+00	1	6	2360	2
151	2020-03-30 03:44:07.945583+00	2020-03-30 03:44:07.9456+00	2020-03-30 03:44:07.944326+00	1	6	2359	2
152	2020-03-30 03:44:07.958357+00	2020-03-30 03:44:07.958377+00	2020-03-30 03:44:07.954689+00	1	6	2358	2
153	2020-03-30 03:44:07.968787+00	2020-03-30 03:44:07.968804+00	2020-03-30 03:44:07.967428+00	1	6	2357	2
154	2020-03-30 03:44:07.978718+00	2020-03-30 03:44:07.978735+00	2020-03-30 03:44:07.977326+00	1	6	2356	2
155	2020-03-30 03:44:07.989042+00	2020-03-30 03:44:07.989058+00	2020-03-30 03:44:07.987671+00	1	6	2354	2
156	2020-03-30 03:44:07.998453+00	2020-03-30 03:44:07.99847+00	2020-03-30 03:44:07.997102+00	1	6	2353	2
157	2020-03-30 03:44:08.00686+00	2020-03-30 03:44:08.006877+00	2020-03-30 03:44:08.005553+00	1	6	2352	2
158	2020-03-30 03:44:08.015684+00	2020-03-30 03:44:08.015701+00	2020-03-30 03:44:08.014226+00	1	6	2351	2
159	2020-03-30 03:44:08.022488+00	2020-03-30 03:44:08.022506+00	2020-03-30 03:44:08.021148+00	1	6	2350	2
160	2020-03-30 03:44:08.028001+00	2020-03-30 03:44:08.028018+00	2020-03-30 03:44:08.02672+00	1	6	2349	2
161	2020-03-30 03:44:08.033993+00	2020-03-30 03:44:08.034015+00	2020-03-30 03:44:08.032493+00	1	6	2348	2
162	2020-03-30 03:44:08.039365+00	2020-03-30 03:44:08.039383+00	2020-03-30 03:44:08.037969+00	1	6	2347	2
163	2020-03-30 03:44:08.045092+00	2020-03-30 03:44:08.045113+00	2020-03-30 03:44:08.043644+00	1	6	2346	2
164	2020-03-30 03:44:08.053401+00	2020-03-30 03:44:08.053418+00	2020-03-30 03:44:08.052032+00	1	6	2345	2
165	2020-03-30 03:44:08.065396+00	2020-03-30 03:44:08.065424+00	2020-03-30 03:44:08.063343+00	1	6	2344	2
166	2020-03-30 03:44:08.076605+00	2020-03-30 03:44:08.076627+00	2020-03-30 03:44:08.074961+00	1	6	2343	2
167	2020-03-30 03:44:08.083095+00	2020-03-30 03:44:08.083111+00	2020-03-30 03:44:08.081866+00	1	6	2342	2
168	2020-03-30 03:44:08.093469+00	2020-03-30 03:44:08.093485+00	2020-03-30 03:44:08.092118+00	1	6	2341	2
169	2020-03-30 03:44:08.102938+00	2020-03-30 03:44:08.102953+00	2020-03-30 03:44:08.101703+00	1	6	2339	2
170	2020-03-30 03:44:08.111797+00	2020-03-30 03:44:08.111813+00	2020-03-30 03:44:08.110575+00	1	6	2338	2
171	2020-03-30 03:44:08.116419+00	2020-03-30 03:44:08.116436+00	2020-03-30 03:44:08.115131+00	1	6	2337	2
172	2020-03-30 03:44:08.121108+00	2020-03-30 03:44:08.121124+00	2020-03-30 03:44:08.119826+00	1	6	2336	2
173	2020-03-30 03:44:08.125754+00	2020-03-30 03:44:08.12577+00	2020-03-30 03:44:08.124473+00	1	6	2335	2
174	2020-03-30 03:44:08.130965+00	2020-03-30 03:44:08.13108+00	2020-03-30 03:44:08.129141+00	1	6	2333	2
175	2020-03-30 03:44:08.138354+00	2020-03-30 03:44:08.13837+00	2020-03-30 03:44:08.137093+00	1	6	2332	2
176	2020-03-30 03:44:08.143067+00	2020-03-30 03:44:08.143083+00	2020-03-30 03:44:08.141856+00	1	6	2331	2
177	2020-03-30 03:44:08.149916+00	2020-03-30 03:44:08.149932+00	2020-03-30 03:44:08.148711+00	1	6	2330	2
178	2020-03-30 03:44:08.159917+00	2020-03-30 03:44:08.159933+00	2020-03-30 03:44:08.158308+00	1	6	2328	2
179	2020-03-30 03:44:08.169933+00	2020-03-30 03:44:08.169949+00	2020-03-30 03:44:08.168175+00	1	6	2327	2
180	2020-03-30 03:44:08.178888+00	2020-03-30 03:44:08.178905+00	2020-03-30 03:44:08.177633+00	1	6	2326	2
181	2020-03-30 03:44:08.187869+00	2020-03-30 03:44:08.187886+00	2020-03-30 03:44:08.186521+00	1	6	2324	2
182	2020-03-30 03:44:08.196846+00	2020-03-30 03:44:08.196863+00	2020-03-30 03:44:08.195557+00	1	6	2323	2
183	2020-03-30 03:44:08.20576+00	2020-03-30 03:44:08.205776+00	2020-03-30 03:44:08.204528+00	1	6	2322	2
184	2020-03-30 03:44:08.214866+00	2020-03-30 03:44:08.214882+00	2020-03-30 03:44:08.213606+00	1	6	2321	2
185	2020-03-30 03:44:08.219621+00	2020-03-30 03:44:08.219637+00	2020-03-30 03:44:08.21845+00	1	6	2334	2
186	2020-03-30 03:44:08.224471+00	2020-03-30 03:44:08.224487+00	2020-03-30 03:44:08.223242+00	1	6	2329	2
187	2020-03-30 03:44:08.229397+00	2020-03-30 03:44:08.229419+00	2020-03-30 03:44:08.22807+00	1	6	2325	2
188	2020-03-30 03:44:08.239401+00	2020-03-30 03:44:08.239418+00	2020-03-30 03:44:08.23806+00	1	6	2320	2
189	2020-03-30 03:44:08.244422+00	2020-03-30 03:44:08.244439+00	2020-03-30 03:44:08.243138+00	1	6	2319	2
190	2020-03-30 03:51:59.089052+00	2020-03-30 03:51:59.089073+00	2020-03-30 03:51:59.087787+00	1	6	2404	2
191	2020-03-30 03:52:10.621295+00	2020-03-30 03:52:10.621321+00	2020-03-30 03:52:10.619873+00	1	6	2405	2
192	2020-03-30 03:52:21.83351+00	2020-03-30 03:52:21.833531+00	2020-03-30 03:52:21.832294+00	1	6	2398	2
193	2020-03-30 03:52:47.671197+00	2020-03-30 03:52:47.671223+00	2020-03-30 03:52:47.669566+00	1	6	2419	2
194	2020-03-30 03:53:03.163926+00	2020-03-30 03:53:03.163959+00	2020-03-30 03:53:03.162428+00	1	6	2402	2
195	2020-03-30 03:53:21.233153+00	2020-03-30 03:53:21.233175+00	2020-03-30 03:53:21.231818+00	1	6	2429	2
196	2020-03-30 03:53:32.133354+00	2020-03-30 03:53:32.133376+00	2020-03-30 03:53:32.132018+00	1	6	2410	2
197	2020-03-30 03:53:41.926576+00	2020-03-30 03:53:41.926597+00	2020-03-30 03:53:41.925398+00	1	6	2412	2
198	2020-03-30 03:53:56.934111+00	2020-03-30 03:53:56.934138+00	2020-03-30 03:53:56.932645+00	1	6	2388	2
199	2020-03-30 03:54:29.544215+00	2020-03-30 03:54:29.544275+00	2020-03-30 03:54:29.543019+00	1	6	2416	2
200	2020-03-30 03:54:45.424532+00	2020-03-30 03:54:45.42458+00	2020-03-30 03:54:45.423036+00	1	6	2424	2
201	2020-03-30 03:55:08.659482+00	2020-03-30 03:55:08.659505+00	2020-03-30 03:55:08.658102+00	1	6	2411	2
202	2020-03-30 03:55:19.250887+00	2020-03-30 03:55:19.250908+00	2020-03-30 03:55:19.24965+00	1	6	2428	2
203	2020-03-30 03:55:30.27768+00	2020-03-30 03:55:30.277708+00	2020-03-30 03:55:30.276369+00	1	6	2400	2
204	2020-03-30 03:55:51.686924+00	2020-03-30 03:55:51.686945+00	2020-03-30 03:55:51.685694+00	1	6	2403	2
205	2020-03-30 03:56:02.899396+00	2020-03-30 03:56:02.899418+00	2020-03-30 03:56:02.898067+00	1	6	2395	2
206	2020-03-30 03:56:14.174367+00	2020-03-30 03:56:14.17439+00	2020-03-30 03:56:14.173086+00	1	6	2446	2
207	2020-03-30 03:56:26.182857+00	2020-03-30 03:56:26.18288+00	2020-03-30 03:56:26.181569+00	1	6	2422	2
208	2020-03-30 03:56:37.089876+00	2020-03-30 03:56:37.089897+00	2020-03-30 03:56:37.088667+00	1	6	2443	2
209	2020-03-30 03:56:45.804474+00	2020-03-30 03:56:45.804501+00	2020-03-30 03:56:45.80306+00	1	6	2451	2
210	2020-03-30 03:56:55.691246+00	2020-03-30 03:56:55.691269+00	2020-03-30 03:56:55.689904+00	1	6	2454	2
211	2020-03-30 03:57:04.707698+00	2020-03-30 03:57:04.70772+00	2020-03-30 03:57:04.706478+00	1	6	2440	2
212	2020-03-30 03:57:22.277302+00	2020-03-30 03:57:22.277328+00	2020-03-30 03:57:22.276015+00	1	6	2442	2
213	2020-03-30 03:57:35.086172+00	2020-03-30 03:57:35.086199+00	2020-03-30 03:57:35.084198+00	1	6	2452	2
214	2020-03-30 03:57:47.211995+00	2020-03-30 03:57:47.212017+00	2020-03-30 03:57:47.210757+00	1	6	2396	2
215	2020-03-30 03:58:04.223329+00	2020-03-30 03:58:04.223354+00	2020-03-30 03:58:04.221169+00	1	6	2397	2
216	2020-03-30 03:58:15.210954+00	2020-03-30 03:58:15.210978+00	2020-03-30 03:58:15.209627+00	1	6	2431	2
217	2020-03-30 03:58:24.905019+00	2020-03-30 03:58:24.905041+00	2020-03-30 03:58:24.90375+00	1	6	2437	2
218	2020-03-30 03:58:35.681632+00	2020-03-30 03:58:35.681653+00	2020-03-30 03:58:35.680071+00	1	6	2391	2
219	2020-03-30 03:58:45.770674+00	2020-03-30 03:58:45.770695+00	2020-03-30 03:58:45.769376+00	1	6	2435	2
220	2020-03-30 03:58:54.570056+00	2020-03-30 03:58:54.570077+00	2020-03-30 03:58:54.568818+00	1	6	2390	2
221	2020-03-30 03:59:07.453014+00	2020-03-30 03:59:07.453041+00	2020-03-30 03:59:07.4517+00	1	6	2425	2
222	2020-03-30 03:59:37.941416+00	2020-03-30 03:59:37.941436+00	2020-03-30 03:59:37.94012+00	1	6	2409	2
223	2020-03-30 03:59:48.326261+00	2020-03-30 03:59:48.326282+00	2020-03-30 03:59:48.32503+00	1	6	2406	2
224	2020-03-30 03:59:57.736411+00	2020-03-30 03:59:57.736434+00	2020-03-30 03:59:57.735009+00	1	6	2389	2
225	2020-03-30 04:00:10.489806+00	2020-03-30 04:00:10.489836+00	2020-03-30 04:00:10.488476+00	1	6	2421	2
226	2020-03-30 04:00:22.475615+00	2020-03-30 04:00:22.475637+00	2020-03-30 04:00:22.474343+00	1	6	2417	2
227	2020-03-30 04:00:32.58929+00	2020-03-30 04:00:32.589311+00	2020-03-30 04:00:32.588+00	1	6	2399	2
228	2020-03-30 04:00:40.311351+00	2020-03-30 04:00:40.311374+00	2020-03-30 04:00:40.310073+00	1	6	2387	2
229	2020-03-30 04:00:47.601604+00	2020-03-30 04:00:47.601626+00	2020-03-30 04:00:47.600315+00	1	6	2432	2
230	2020-03-30 04:00:55.960295+00	2020-03-30 04:00:55.960317+00	2020-03-30 04:00:55.95907+00	1	6	2441	2
231	2020-03-30 04:01:04.849598+00	2020-03-30 04:01:04.84962+00	2020-03-30 04:01:04.84821+00	1	6	2455	2
232	2020-03-30 05:11:31.867513+00	2020-03-30 05:11:31.867537+00	2020-03-30 05:11:31.866035+00	1	6	2668	2
233	2020-03-30 05:11:31.876593+00	2020-03-30 05:11:31.876608+00	2020-03-30 05:11:31.875279+00	1	6	2673	2
234	2020-03-30 05:11:31.885761+00	2020-03-30 05:11:31.885777+00	2020-03-30 05:11:31.884539+00	1	6	2676	2
235	2020-03-30 05:11:31.894824+00	2020-03-30 05:11:31.894841+00	2020-03-30 05:11:31.893536+00	1	6	2680	2
236	2020-03-30 05:11:31.903589+00	2020-03-30 05:11:31.903605+00	2020-03-30 05:11:31.902339+00	1	6	2681	2
237	2020-03-30 05:11:31.912379+00	2020-03-30 05:11:31.912405+00	2020-03-30 05:11:31.911074+00	1	6	2682	2
238	2020-03-30 05:11:31.9215+00	2020-03-30 05:11:31.921515+00	2020-03-30 05:11:31.920218+00	1	6	2669	2
239	2020-03-30 05:11:31.930064+00	2020-03-30 05:11:31.93008+00	2020-03-30 05:11:31.928798+00	1	6	2670	2
240	2020-03-30 05:11:31.934673+00	2020-03-30 05:11:31.934688+00	2020-03-30 05:11:31.933469+00	1	6	2671	2
241	2020-03-30 05:11:31.939139+00	2020-03-30 05:11:31.939155+00	2020-03-30 05:11:31.937939+00	1	6	2674	2
242	2020-03-30 05:11:31.94755+00	2020-03-30 05:11:31.947565+00	2020-03-30 05:11:31.946262+00	1	6	2675	2
243	2020-03-30 05:11:31.95577+00	2020-03-30 05:11:31.955785+00	2020-03-30 05:11:31.954569+00	1	6	2688	2
244	2020-03-30 05:11:31.964598+00	2020-03-30 05:11:31.964614+00	2020-03-30 05:11:31.963287+00	1	6	2689	2
245	2020-03-30 05:11:31.972832+00	2020-03-30 05:11:31.972847+00	2020-03-30 05:11:31.971561+00	1	6	2690	2
246	2020-03-30 05:11:31.981446+00	2020-03-30 05:11:31.981461+00	2020-03-30 05:11:31.980213+00	1	6	2691	2
247	2020-03-30 05:11:31.990442+00	2020-03-30 05:11:31.990457+00	2020-03-30 05:11:31.989223+00	1	6	2693	2
248	2020-03-30 05:11:31.999134+00	2020-03-30 05:11:31.999149+00	2020-03-30 05:11:31.997902+00	1	6	2694	2
249	2020-03-30 05:11:32.007608+00	2020-03-30 05:11:32.007623+00	2020-03-30 05:11:32.006402+00	1	6	2695	2
250	2020-03-30 05:11:32.016222+00	2020-03-30 05:11:32.016263+00	2020-03-30 05:11:32.014938+00	1	6	2696	2
251	2020-03-30 05:11:32.024871+00	2020-03-30 05:11:32.024886+00	2020-03-30 05:11:32.023597+00	1	6	2698	2
252	2020-03-30 05:11:32.033627+00	2020-03-30 05:11:32.033642+00	2020-03-30 05:11:32.03238+00	1	6	2726	2
253	2020-03-30 05:11:32.042118+00	2020-03-30 05:11:32.042135+00	2020-03-30 05:11:32.040785+00	1	6	2727	2
254	2020-03-30 05:11:32.048575+00	2020-03-30 05:11:32.048591+00	2020-03-30 05:11:32.04731+00	1	6	2728	2
255	2020-03-30 05:11:32.055132+00	2020-03-30 05:11:32.055149+00	2020-03-30 05:11:32.053835+00	1	6	2729	2
256	2020-03-30 05:11:32.063221+00	2020-03-30 05:11:32.063237+00	2020-03-30 05:11:32.061973+00	1	6	2730	2
257	2020-03-30 05:11:32.07165+00	2020-03-30 05:11:32.071665+00	2020-03-30 05:11:32.070318+00	1	6	2731	2
258	2020-03-30 05:11:32.080384+00	2020-03-30 05:11:32.080401+00	2020-03-30 05:11:32.079078+00	1	6	2732	2
259	2020-03-30 05:11:32.089261+00	2020-03-30 05:11:32.089278+00	2020-03-30 05:11:32.087835+00	1	6	2733	2
260	2020-03-30 05:11:32.098177+00	2020-03-30 05:11:32.098195+00	2020-03-30 05:11:32.096457+00	1	6	2734	2
261	2020-03-30 05:11:32.106864+00	2020-03-30 05:11:32.10688+00	2020-03-30 05:11:32.10559+00	1	6	2735	2
262	2020-03-30 05:11:32.115876+00	2020-03-30 05:11:32.115893+00	2020-03-30 05:11:32.114445+00	1	6	2736	2
263	2020-03-30 05:11:32.120492+00	2020-03-30 05:11:32.120509+00	2020-03-30 05:11:32.119214+00	1	6	2737	2
264	2020-03-30 05:11:32.125429+00	2020-03-30 05:11:32.125446+00	2020-03-30 05:11:32.124092+00	1	6	2738	2
265	2020-03-30 05:11:32.13013+00	2020-03-30 05:11:32.130146+00	2020-03-30 05:11:32.128844+00	1	6	2739	2
266	2020-03-30 05:11:32.136215+00	2020-03-30 05:11:32.136258+00	2020-03-30 05:11:32.134696+00	1	6	2740	2
267	2020-03-30 05:11:32.143231+00	2020-03-30 05:11:32.143248+00	2020-03-30 05:11:32.141878+00	1	6	2741	2
268	2020-03-30 05:11:32.152005+00	2020-03-30 05:11:32.152021+00	2020-03-30 05:11:32.150727+00	1	6	2677	2
269	2020-03-30 05:11:32.161503+00	2020-03-30 05:11:32.16152+00	2020-03-30 05:11:32.160143+00	1	6	2678	2
270	2020-03-30 05:11:32.170669+00	2020-03-30 05:11:32.170686+00	2020-03-30 05:11:32.169286+00	1	6	2679	2
271	2020-03-30 05:11:32.180027+00	2020-03-30 05:11:32.180044+00	2020-03-30 05:11:32.178655+00	1	6	2683	2
272	2020-03-30 05:11:32.189771+00	2020-03-30 05:11:32.189789+00	2020-03-30 05:11:32.188324+00	1	6	2684	2
273	2020-03-30 05:11:32.200454+00	2020-03-30 05:11:32.200471+00	2020-03-30 05:11:32.198999+00	1	6	2685	2
274	2020-03-30 05:11:32.209592+00	2020-03-30 05:11:32.209609+00	2020-03-30 05:11:32.208158+00	1	6	2686	2
275	2020-03-30 05:11:32.21833+00	2020-03-30 05:11:32.218354+00	2020-03-30 05:11:32.21693+00	1	6	2687	2
276	2020-03-30 05:11:32.227657+00	2020-03-30 05:11:32.227674+00	2020-03-30 05:11:32.22603+00	1	6	2700	2
277	2020-03-30 05:11:32.23257+00	2020-03-30 05:11:32.232587+00	2020-03-30 05:11:32.231283+00	1	6	2701	2
278	2020-03-30 05:11:32.237434+00	2020-03-30 05:11:32.23745+00	2020-03-30 05:11:32.236017+00	1	6	2702	2
279	2020-03-30 05:11:32.242164+00	2020-03-30 05:11:32.24218+00	2020-03-30 05:11:32.240777+00	1	6	2703	2
280	2020-03-30 05:11:32.246809+00	2020-03-30 05:11:32.246825+00	2020-03-30 05:11:32.245604+00	1	6	2704	2
281	2020-03-30 05:11:32.252133+00	2020-03-30 05:11:32.252149+00	2020-03-30 05:11:32.250893+00	1	6	2705	2
282	2020-03-30 05:11:32.258696+00	2020-03-30 05:11:32.258711+00	2020-03-30 05:11:32.257452+00	1	6	2706	2
283	2020-03-30 05:11:32.267706+00	2020-03-30 05:11:32.267722+00	2020-03-30 05:11:32.26639+00	1	6	2707	2
284	2020-03-30 05:11:32.277206+00	2020-03-30 05:11:32.277222+00	2020-03-30 05:11:32.2759+00	1	6	2708	2
285	2020-03-30 05:11:32.286527+00	2020-03-30 05:11:32.286544+00	2020-03-30 05:11:32.28492+00	1	6	2709	2
286	2020-03-30 05:11:32.296207+00	2020-03-30 05:11:32.296259+00	2020-03-30 05:11:32.294234+00	1	6	2710	2
287	2020-03-30 05:11:32.305694+00	2020-03-30 05:11:32.30571+00	2020-03-30 05:11:32.304423+00	1	6	2711	2
288	2020-03-30 05:11:32.315646+00	2020-03-30 05:11:32.315663+00	2020-03-30 05:11:32.313757+00	1	6	2712	2
289	2020-03-30 05:11:32.324436+00	2020-03-30 05:11:32.324452+00	2020-03-30 05:11:32.323144+00	1	6	2713	2
290	2020-03-30 05:11:32.332951+00	2020-03-30 05:11:32.332967+00	2020-03-30 05:11:32.331694+00	1	6	2714	2
291	2020-03-30 05:11:32.339834+00	2020-03-30 05:11:32.33985+00	2020-03-30 05:11:32.338664+00	1	6	2715	2
292	2020-03-30 05:11:32.344748+00	2020-03-30 05:11:32.344764+00	2020-03-30 05:11:32.343554+00	1	6	2716	2
293	2020-03-30 05:11:32.349767+00	2020-03-30 05:11:32.349782+00	2020-03-30 05:11:32.348587+00	1	6	2717	2
294	2020-03-30 05:11:32.354627+00	2020-03-30 05:11:32.354642+00	2020-03-30 05:11:32.353422+00	1	6	2718	2
295	2020-03-30 05:11:32.359636+00	2020-03-30 05:11:32.359651+00	2020-03-30 05:11:32.358478+00	1	6	2719	2
296	2020-03-30 05:11:32.366536+00	2020-03-30 05:11:32.366551+00	2020-03-30 05:11:32.365338+00	1	6	2720	2
297	2020-03-30 05:11:32.375131+00	2020-03-30 05:11:32.375146+00	2020-03-30 05:11:32.373961+00	1	6	2721	2
298	2020-03-30 05:11:32.384179+00	2020-03-30 05:11:32.384194+00	2020-03-30 05:11:32.383015+00	1	6	2722	2
299	2020-03-30 05:11:32.393118+00	2020-03-30 05:11:32.393148+00	2020-03-30 05:11:32.391798+00	1	6	2723	2
300	2020-03-30 05:11:32.402121+00	2020-03-30 05:11:32.402136+00	2020-03-30 05:11:32.400843+00	1	6	2724	2
301	2020-03-30 05:11:32.411103+00	2020-03-30 05:11:32.411119+00	2020-03-30 05:11:32.409932+00	1	6	2725	2
302	2020-03-30 05:11:32.419908+00	2020-03-30 05:11:32.419923+00	2020-03-30 05:11:32.418716+00	1	6	2742	2
303	2020-03-30 05:16:20.328101+00	2020-03-30 05:16:20.328137+00	2020-03-30 05:16:20.326647+00	2	6	2668	3
304	2020-03-30 05:16:20.337578+00	2020-03-30 05:16:20.337594+00	2020-03-30 05:16:20.336364+00	2	6	2673	3
305	2020-03-30 05:16:20.346644+00	2020-03-30 05:16:20.34666+00	2020-03-30 05:16:20.345455+00	2	6	2676	3
306	2020-03-30 05:16:20.355857+00	2020-03-30 05:16:20.355873+00	2020-03-30 05:16:20.354677+00	2	6	2680	3
307	2020-03-30 05:16:20.365445+00	2020-03-30 05:16:20.365461+00	2020-03-30 05:16:20.364268+00	2	6	2681	3
308	2020-03-30 05:16:20.374484+00	2020-03-30 05:16:20.3745+00	2020-03-30 05:16:20.373273+00	2	6	2682	3
309	2020-03-30 05:16:20.383693+00	2020-03-30 05:16:20.383709+00	2020-03-30 05:16:20.38251+00	2	6	2669	3
310	2020-03-30 05:16:20.39154+00	2020-03-30 05:16:20.391556+00	2020-03-30 05:16:20.390244+00	2	6	2670	3
311	2020-03-30 05:16:20.400732+00	2020-03-30 05:16:20.40076+00	2020-03-30 05:16:20.399508+00	2	6	2671	3
312	2020-03-30 05:16:20.409193+00	2020-03-30 05:16:20.409208+00	2020-03-30 05:16:20.407969+00	2	6	2674	3
313	2020-03-30 05:16:20.417654+00	2020-03-30 05:16:20.41767+00	2020-03-30 05:16:20.416469+00	2	6	2675	3
314	2020-03-30 05:16:20.425979+00	2020-03-30 05:16:20.425996+00	2020-03-30 05:16:20.424826+00	2	6	2688	3
315	2020-03-30 05:16:20.434683+00	2020-03-30 05:16:20.434699+00	2020-03-30 05:16:20.433479+00	2	6	2689	3
316	2020-03-30 05:16:20.44354+00	2020-03-30 05:16:20.443556+00	2020-03-30 05:16:20.442312+00	2	6	2690	3
317	2020-03-30 05:16:20.452481+00	2020-03-30 05:16:20.452497+00	2020-03-30 05:16:20.45129+00	2	6	2691	3
318	2020-03-30 05:16:20.4626+00	2020-03-30 05:16:20.462618+00	2020-03-30 05:16:20.461076+00	2	6	2693	3
319	2020-03-30 05:16:20.471771+00	2020-03-30 05:16:20.47179+00	2020-03-30 05:16:20.470378+00	2	6	2694	3
320	2020-03-30 05:16:20.481594+00	2020-03-30 05:16:20.48161+00	2020-03-30 05:16:20.480204+00	2	6	2695	3
321	2020-03-30 05:16:20.490487+00	2020-03-30 05:16:20.490514+00	2020-03-30 05:16:20.489162+00	2	6	2696	3
322	2020-03-30 05:16:20.497522+00	2020-03-30 05:16:20.497538+00	2020-03-30 05:16:20.496185+00	2	6	2698	3
323	2020-03-30 05:16:20.509986+00	2020-03-30 05:16:20.510002+00	2020-03-30 05:16:20.50872+00	2	6	2726	3
324	2020-03-30 05:16:20.518526+00	2020-03-30 05:16:20.518541+00	2020-03-30 05:16:20.517366+00	2	6	2727	3
325	2020-03-30 05:16:20.526941+00	2020-03-30 05:16:20.526957+00	2020-03-30 05:16:20.525767+00	2	6	2728	3
326	2020-03-30 05:16:20.535429+00	2020-03-30 05:16:20.535445+00	2020-03-30 05:16:20.534191+00	2	6	2729	3
327	2020-03-30 05:16:20.543478+00	2020-03-30 05:16:20.543494+00	2020-03-30 05:16:20.542296+00	2	6	2730	3
328	2020-03-30 05:16:20.551259+00	2020-03-30 05:16:20.551275+00	2020-03-30 05:16:20.550051+00	2	6	2731	3
329	2020-03-30 05:16:20.557675+00	2020-03-30 05:16:20.55769+00	2020-03-30 05:16:20.5565+00	2	6	2732	3
330	2020-03-30 05:16:20.562054+00	2020-03-30 05:16:20.56207+00	2020-03-30 05:16:20.560857+00	2	6	2733	3
331	2020-03-30 05:16:20.566566+00	2020-03-30 05:16:20.566586+00	2020-03-30 05:16:20.565383+00	2	6	2734	3
332	2020-03-30 05:16:20.571044+00	2020-03-30 05:16:20.57107+00	2020-03-30 05:16:20.569815+00	2	6	2735	3
333	2020-03-30 05:16:20.57811+00	2020-03-30 05:16:20.578127+00	2020-03-30 05:16:20.576839+00	2	6	2736	3
334	2020-03-30 05:16:20.587619+00	2020-03-30 05:16:20.587635+00	2020-03-30 05:16:20.586373+00	2	6	2737	3
335	2020-03-30 05:16:20.596349+00	2020-03-30 05:16:20.596365+00	2020-03-30 05:16:20.595081+00	2	6	2738	3
336	2020-03-30 05:16:20.605393+00	2020-03-30 05:16:20.60541+00	2020-03-30 05:16:20.604143+00	2	6	2739	3
337	2020-03-30 05:16:20.614485+00	2020-03-30 05:16:20.6145+00	2020-03-30 05:16:20.613246+00	2	6	2740	3
338	2020-03-30 05:16:20.623508+00	2020-03-30 05:16:20.623525+00	2020-03-30 05:16:20.622322+00	2	6	2741	3
339	2020-03-30 05:16:20.632569+00	2020-03-30 05:16:20.632584+00	2020-03-30 05:16:20.631393+00	2	6	2677	3
340	2020-03-30 05:16:20.641585+00	2020-03-30 05:16:20.641601+00	2020-03-30 05:16:20.640309+00	2	6	2678	3
341	2020-03-30 05:16:20.650039+00	2020-03-30 05:16:20.650055+00	2020-03-30 05:16:20.648867+00	2	6	2679	3
342	2020-03-30 05:16:20.658357+00	2020-03-30 05:16:20.658372+00	2020-03-30 05:16:20.657193+00	2	6	2683	3
343	2020-03-30 05:16:20.664806+00	2020-03-30 05:16:20.664821+00	2020-03-30 05:16:20.663599+00	2	6	2684	3
344	2020-03-30 05:16:20.669215+00	2020-03-30 05:16:20.66923+00	2020-03-30 05:16:20.668012+00	2	6	2685	3
345	2020-03-30 05:16:20.67357+00	2020-03-30 05:16:20.673586+00	2020-03-30 05:16:20.672411+00	2	6	2686	3
346	2020-03-30 05:16:20.677905+00	2020-03-30 05:16:20.677921+00	2020-03-30 05:16:20.676712+00	2	6	2687	3
347	2020-03-30 05:16:20.68317+00	2020-03-30 05:16:20.683186+00	2020-03-30 05:16:20.682003+00	2	6	2700	3
348	2020-03-30 05:16:20.692079+00	2020-03-30 05:16:20.692094+00	2020-03-30 05:16:20.69093+00	2	6	2701	3
349	2020-03-30 05:16:20.70149+00	2020-03-30 05:16:20.701506+00	2020-03-30 05:16:20.700141+00	2	6	2702	3
350	2020-03-30 05:16:20.710783+00	2020-03-30 05:16:20.710799+00	2020-03-30 05:16:20.709516+00	2	6	2703	3
351	2020-03-30 05:16:20.719904+00	2020-03-30 05:16:20.719919+00	2020-03-30 05:16:20.718692+00	2	6	2704	3
352	2020-03-30 05:16:20.729046+00	2020-03-30 05:16:20.729062+00	2020-03-30 05:16:20.727825+00	2	6	2705	3
353	2020-03-30 05:16:20.73812+00	2020-03-30 05:16:20.738136+00	2020-03-30 05:16:20.736919+00	2	6	2706	3
354	2020-03-30 05:16:20.746936+00	2020-03-30 05:16:20.746953+00	2020-03-30 05:16:20.745664+00	2	6	2707	3
355	2020-03-30 05:16:20.752353+00	2020-03-30 05:16:20.75237+00	2020-03-30 05:16:20.750954+00	2	6	2708	3
356	2020-03-30 05:16:20.757363+00	2020-03-30 05:16:20.757379+00	2020-03-30 05:16:20.756139+00	2	6	2709	3
357	2020-03-30 05:16:20.762285+00	2020-03-30 05:16:20.7623+00	2020-03-30 05:16:20.761065+00	2	6	2710	3
358	2020-03-30 05:16:20.767146+00	2020-03-30 05:16:20.767162+00	2020-03-30 05:16:20.765965+00	2	6	2711	3
359	2020-03-30 05:16:20.772264+00	2020-03-30 05:16:20.772282+00	2020-03-30 05:16:20.771063+00	2	6	2712	3
360	2020-03-30 05:16:20.777144+00	2020-03-30 05:16:20.77716+00	2020-03-30 05:16:20.775931+00	2	6	2713	3
361	2020-03-30 05:16:20.782275+00	2020-03-30 05:16:20.782291+00	2020-03-30 05:16:20.781058+00	2	6	2714	3
362	2020-03-30 05:16:20.791143+00	2020-03-30 05:16:20.791159+00	2020-03-30 05:16:20.78984+00	2	6	2715	3
363	2020-03-30 05:16:20.800527+00	2020-03-30 05:16:20.800543+00	2020-03-30 05:16:20.799147+00	2	6	2716	3
364	2020-03-30 05:16:20.810628+00	2020-03-30 05:16:20.810644+00	2020-03-30 05:16:20.809377+00	2	6	2717	3
365	2020-03-30 05:16:20.819558+00	2020-03-30 05:16:20.819574+00	2020-03-30 05:16:20.818374+00	2	6	2718	3
366	2020-03-30 05:16:20.828637+00	2020-03-30 05:16:20.828652+00	2020-03-30 05:16:20.827461+00	2	6	2719	3
367	2020-03-30 05:16:20.837521+00	2020-03-30 05:16:20.837537+00	2020-03-30 05:16:20.8363+00	2	6	2720	3
368	2020-03-30 05:16:20.845979+00	2020-03-30 05:16:20.845994+00	2020-03-30 05:16:20.844813+00	2	6	2721	3
369	2020-03-30 05:16:20.854425+00	2020-03-30 05:16:20.854442+00	2020-03-30 05:16:20.853245+00	2	6	2722	3
370	2020-03-30 05:16:20.862884+00	2020-03-30 05:16:20.862901+00	2020-03-30 05:16:20.86158+00	2	6	2723	3
371	2020-03-30 05:16:20.871616+00	2020-03-30 05:16:20.871633+00	2020-03-30 05:16:20.87038+00	2	6	2724	3
372	2020-03-30 05:16:20.879703+00	2020-03-30 05:16:20.879719+00	2020-03-30 05:16:20.87851+00	2	6	2725	3
373	2020-03-30 05:16:20.888008+00	2020-03-30 05:16:20.888024+00	2020-03-30 05:16:20.886834+00	2	6	2742	3
374	2020-03-30 07:33:00.633748+00	2020-03-30 07:33:00.633774+00	2020-03-30 07:33:00.63234+00	3	14	2723	82
375	2020-03-30 07:33:52.354192+00	2020-03-30 07:33:52.354219+00	2020-03-30 07:33:52.35279+00	3	14	2710	96
376	2020-03-30 07:34:29.325424+00	2020-03-30 07:34:29.325445+00	2020-03-30 07:34:29.324139+00	3	14	2717	98
377	2020-03-30 07:35:00.028447+00	2020-03-30 07:35:00.028479+00	2020-03-30 07:35:00.026758+00	3	14	2685	99
378	2020-03-30 07:35:16.650208+00	2020-03-30 07:35:16.650228+00	2020-03-30 07:35:16.648963+00	3	14	2695	100
379	2020-03-30 07:35:34.666813+00	2020-03-30 07:35:34.666835+00	2020-03-30 07:35:34.665545+00	3	14	2707	101
380	2020-03-30 07:36:09.957042+00	2020-03-30 07:36:09.95707+00	2020-03-30 07:36:09.955482+00	3	14	2687	102
381	2020-03-30 07:37:00.416195+00	2020-03-30 07:37:00.416225+00	2020-03-30 07:37:00.414909+00	3	14	2670	103
382	2020-03-30 07:37:13.592704+00	2020-03-30 07:37:13.592727+00	2020-03-30 07:37:13.591321+00	3	14	2673	104
383	2020-03-30 07:37:25.200796+00	2020-03-30 07:37:25.200817+00	2020-03-30 07:37:25.199558+00	3	14	2714	105
384	2020-03-30 07:37:36.285963+00	2020-03-30 07:37:36.28599+00	2020-03-30 07:37:36.284559+00	3	14	2678	106
385	2020-03-30 07:37:46.952534+00	2020-03-30 07:37:46.952557+00	2020-03-30 07:37:46.951189+00	3	14	2689	107
386	2020-03-30 07:37:59.899775+00	2020-03-30 07:37:59.899798+00	2020-03-30 07:37:59.89845+00	3	14	2677	108
387	2020-03-30 07:38:09.098046+00	2020-03-30 07:38:09.098069+00	2020-03-30 07:38:09.096712+00	3	14	2682	109
388	2020-03-30 07:38:19.850656+00	2020-03-30 07:38:19.850678+00	2020-03-30 07:38:19.84907+00	3	14	2700	110
389	2020-03-30 07:38:28.977701+00	2020-03-30 07:38:28.977725+00	2020-03-30 07:38:28.976114+00	3	14	2703	111
390	2020-03-30 07:38:38.598261+00	2020-03-30 07:38:38.598287+00	2020-03-30 07:38:38.596982+00	3	14	2694	112
391	2020-03-30 07:39:10.177665+00	2020-03-30 07:39:10.177686+00	2020-03-30 07:39:10.176395+00	3	14	2690	113
392	2020-03-30 07:39:21.363866+00	2020-03-30 07:39:21.363888+00	2020-03-30 07:39:21.362628+00	3	14	2711	114
393	2020-03-30 07:39:31.996175+00	2020-03-30 07:39:31.996197+00	2020-03-30 07:39:31.994881+00	3	14	2684	115
394	2020-03-30 07:39:40.266083+00	2020-03-30 07:39:40.266104+00	2020-03-30 07:39:40.264856+00	3	14	2681	116
395	2020-03-30 07:39:51.802054+00	2020-03-30 07:39:51.802076+00	2020-03-30 07:39:51.800789+00	3	14	2679	117
396	2020-03-30 07:40:05.221657+00	2020-03-30 07:40:05.221682+00	2020-03-30 07:40:05.218284+00	3	14	2704	118
397	2020-03-30 07:40:17.702745+00	2020-03-30 07:40:17.702771+00	2020-03-30 07:40:17.701381+00	3	14	2706	119
398	2020-03-30 07:40:38.9463+00	2020-03-30 07:40:38.946321+00	2020-03-30 07:40:38.945039+00	3	14	2680	120
399	2020-03-30 07:40:53.951174+00	2020-03-30 07:40:53.951195+00	2020-03-30 07:40:53.949853+00	3	14	2712	121
400	2020-03-30 07:41:27.852609+00	2020-03-30 07:41:27.85263+00	2020-03-30 07:41:27.851332+00	3	14	2701	122
401	2020-03-30 07:41:44.735213+00	2020-03-30 07:41:44.735234+00	2020-03-30 07:41:44.733953+00	3	14	2675	123
402	2020-03-30 07:41:58.061529+00	2020-03-30 07:41:58.061551+00	2020-03-30 07:41:58.060305+00	3	14	2715	124
403	2020-03-30 07:42:08.715521+00	2020-03-30 07:42:08.715542+00	2020-03-30 07:42:08.714217+00	3	14	2698	125
404	2020-03-30 07:42:25.48294+00	2020-03-30 07:42:25.482966+00	2020-03-30 07:42:25.481619+00	3	14	2674	126
405	2020-03-30 07:42:33.425651+00	2020-03-30 07:42:33.425671+00	2020-03-30 07:42:33.424403+00	3	14	2702	127
406	2020-03-30 07:42:51.979573+00	2020-03-30 07:42:51.979607+00	2020-03-30 07:42:51.977741+00	3	14	2713	128
407	2020-03-30 07:43:03.775867+00	2020-03-30 07:43:03.775889+00	2020-03-30 07:43:03.774209+00	3	14	2716	129
408	2020-03-30 07:43:12.732354+00	2020-03-30 07:43:12.732376+00	2020-03-30 07:43:12.731103+00	3	14	2669	130
409	2020-03-30 07:43:20.227375+00	2020-03-30 07:43:20.227403+00	2020-03-30 07:43:20.226092+00	3	14	2686	131
410	2020-03-30 07:43:28.738026+00	2020-03-30 07:43:28.738048+00	2020-03-30 07:43:28.736719+00	3	14	2683	132
411	2020-03-30 07:43:39.190787+00	2020-03-30 07:43:39.190808+00	2020-03-30 07:43:39.189479+00	3	14	2708	133
412	2020-03-30 07:43:49.021706+00	2020-03-30 07:43:49.021731+00	2020-03-30 07:43:49.020412+00	3	14	2693	134
413	2020-03-30 07:43:58.184056+00	2020-03-30 07:43:58.184083+00	2020-03-30 07:43:58.182625+00	3	14	2696	135
414	2020-03-30 07:44:08.406822+00	2020-03-30 07:44:08.406871+00	2020-03-30 07:44:08.405103+00	3	14	2709	136
415	2020-03-30 07:44:18.642262+00	2020-03-30 07:44:18.642283+00	2020-03-30 07:44:18.640948+00	3	14	2705	137
416	2020-03-30 07:44:29.395044+00	2020-03-30 07:44:29.395066+00	2020-03-30 07:44:29.393713+00	3	14	2720	138
417	2020-03-30 07:44:38.761734+00	2020-03-30 07:44:38.761754+00	2020-03-30 07:44:38.760457+00	3	14	2671	139
418	2020-03-31 02:11:05.180742+00	2020-03-31 02:11:05.180855+00	2020-03-31 02:11:05.177945+00	1	6	2407	2
419	2020-03-31 02:11:16.367788+00	2020-03-31 02:11:16.367809+00	2020-03-31 02:11:16.366539+00	1	6	2430	2
420	2020-03-31 02:11:25.089895+00	2020-03-31 02:11:25.089918+00	2020-03-31 02:11:25.088716+00	1	6	2394	2
421	2020-03-31 02:11:37.150794+00	2020-03-31 02:11:37.150815+00	2020-03-31 02:11:37.14941+00	1	6	2448	2
422	2020-03-31 02:11:48.408692+00	2020-03-31 02:11:48.408716+00	2020-03-31 02:11:48.40729+00	1	6	2413	2
423	2020-03-31 02:11:58.693337+00	2020-03-31 02:11:58.69336+00	2020-03-31 02:11:58.692156+00	1	6	2393	2
424	2020-03-31 02:12:07.231831+00	2020-03-31 02:12:07.231852+00	2020-03-31 02:12:07.230654+00	1	6	2445	2
425	2020-03-31 02:12:16.742633+00	2020-03-31 02:12:16.742657+00	2020-03-31 02:12:16.741404+00	1	6	2433	2
426	2020-03-31 02:12:26.974413+00	2020-03-31 02:12:26.974436+00	2020-03-31 02:12:26.973081+00	1	6	2436	2
427	2020-03-31 02:12:37.164259+00	2020-03-31 02:12:37.164279+00	2020-03-31 02:12:37.162953+00	1	6	2439	2
428	2020-03-31 02:12:48.388535+00	2020-03-31 02:12:48.388555+00	2020-03-31 02:12:48.387385+00	1	6	2392	2
429	2020-03-31 02:12:56.828938+00	2020-03-31 02:12:56.828959+00	2020-03-31 02:12:56.827291+00	1	6	2450	2
430	2020-03-31 02:13:32.463044+00	2020-03-31 02:13:32.463073+00	2020-03-31 02:13:32.414148+00	1	6	2415	2
431	2020-03-31 02:13:42.638166+00	2020-03-31 02:13:42.638201+00	2020-03-31 02:13:42.635079+00	1	6	2453	2
432	2020-03-31 02:13:52.380617+00	2020-03-31 02:13:52.380637+00	2020-03-31 02:13:52.379472+00	1	6	2456	2
433	2020-03-31 02:14:02.561231+00	2020-03-31 02:14:02.561259+00	2020-03-31 02:14:02.558483+00	1	6	2420	2
434	2020-03-31 02:14:09.819962+00	2020-03-31 02:14:09.819983+00	2020-03-31 02:14:09.818487+00	1	6	2434	2
435	2020-03-31 02:14:17.548887+00	2020-03-31 02:14:17.548909+00	2020-03-31 02:14:17.547702+00	1	6	2426	2
436	2020-03-31 02:14:25.487102+00	2020-03-31 02:14:25.487133+00	2020-03-31 02:14:25.483985+00	1	6	2408	2
437	2020-03-31 02:14:36.0715+00	2020-03-31 02:14:36.071533+00	2020-03-31 02:14:36.070073+00	1	6	2449	2
438	2020-03-31 02:14:46.856004+00	2020-03-31 02:14:46.856027+00	2020-03-31 02:14:46.853939+00	1	6	2438	2
439	2020-03-31 02:14:59.487931+00	2020-03-31 02:14:59.487952+00	2020-03-31 02:14:59.486693+00	1	6	2418	2
440	2020-03-31 03:05:39.311098+00	2020-03-31 03:05:39.311118+00	2020-03-31 03:05:39.309892+00	3	14	2733	140
441	2020-03-31 03:06:05.830957+00	2020-03-31 03:06:05.83098+00	2020-03-31 03:06:05.829735+00	3	14	2722	141
442	2020-03-31 03:06:18.129017+00	2020-03-31 03:06:18.129038+00	2020-03-31 03:06:18.127869+00	3	14	2729	142
443	2020-03-31 03:06:53.122448+00	2020-03-31 03:06:53.122468+00	2020-03-31 03:06:53.121274+00	3	14	2719	143
444	2020-03-31 03:07:08.032323+00	2020-03-31 03:07:08.032343+00	2020-03-31 03:07:08.031086+00	3	14	2739	144
445	2020-03-31 03:07:20.904489+00	2020-03-31 03:07:20.904512+00	2020-03-31 03:07:20.903241+00	3	14	2726	145
446	2020-03-31 03:07:31.494683+00	2020-03-31 03:07:31.494707+00	2020-03-31 03:07:31.493471+00	3	14	2740	146
447	2020-03-31 03:07:55.596836+00	2020-03-31 03:07:55.596855+00	2020-03-31 03:07:55.595592+00	3	14	2741	147
448	2020-03-31 03:08:05.846777+00	2020-03-31 03:08:05.846799+00	2020-03-31 03:08:05.8455+00	3	14	2732	148
449	2020-03-31 03:08:15.297201+00	2020-03-31 03:08:15.297221+00	2020-03-31 03:08:15.296052+00	3	14	2728	149
450	2020-03-31 03:08:24.423135+00	2020-03-31 03:08:24.423155+00	2020-03-31 03:08:24.42188+00	3	14	2738	150
451	2020-03-31 03:08:33.716209+00	2020-03-31 03:08:33.71623+00	2020-03-31 03:08:33.714744+00	3	14	2737	151
452	2020-03-31 03:08:43.672725+00	2020-03-31 03:08:43.672748+00	2020-03-31 03:08:43.671528+00	3	14	2730	152
453	2020-03-31 03:08:52.845612+00	2020-03-31 03:08:52.845634+00	2020-03-31 03:08:52.844242+00	3	14	2727	153
454	2020-03-31 03:09:06.59561+00	2020-03-31 03:09:06.595642+00	2020-03-31 03:09:06.594296+00	3	14	2742	154
455	2020-03-31 03:09:35.484469+00	2020-03-31 03:09:35.484489+00	2020-03-31 03:09:35.483266+00	3	14	2734	155
456	2020-03-31 03:09:46.644608+00	2020-03-31 03:09:46.644629+00	2020-03-31 03:09:46.643412+00	3	14	2736	156
457	2020-04-01 07:13:07.761456+00	2020-04-01 07:13:07.76148+00	2020-04-01 07:13:07.759987+00	156	14	2736	143
458	2020-04-01 07:29:43.237302+00	2020-04-01 07:29:43.237324+00	2020-04-01 07:29:43.23587+00	3	14	2721	248
459	2020-04-01 07:36:45.718656+00	2020-04-01 07:36:45.718685+00	2020-04-01 07:36:45.717185+00	248	14	2721	1
460	2020-04-01 07:37:21.122995+00	2020-04-01 07:37:21.123017+00	2020-04-01 07:37:21.121497+00	3	14	2718	248
461	2020-04-01 07:37:33.823289+00	2020-04-01 07:37:33.823314+00	2020-04-01 07:37:33.821735+00	3	14	2735	249
462	2020-04-01 07:37:44.812694+00	2020-04-01 07:37:44.812731+00	2020-04-01 07:37:44.807742+00	3	14	2724	250
463	2020-04-02 08:26:59.273117+00	2020-04-02 08:26:59.273178+00	2020-04-02 08:26:59.271445+00	133	14	2708	57
464	2020-04-04 01:02:55.993397+00	2020-04-04 01:02:55.993426+00	2020-04-04 01:02:55.991886+00	155	14	2734	145
465	2020-04-04 03:48:59.107939+00	2020-04-04 03:48:59.107966+00	2020-04-04 03:48:59.106598+00	142	14	2729	97
466	2020-04-04 03:50:13.533241+00	2020-04-04 03:50:13.533261+00	2020-04-04 03:50:13.531974+00	148	14	2732	91
467	2020-04-04 03:51:17.219714+00	2020-04-04 03:51:17.219735+00	2020-04-04 03:51:17.218237+00	153	14	2727	93
468	2020-04-04 04:13:07.235532+00	2020-04-04 04:13:07.235558+00	2020-04-04 04:13:07.233971+00	99	14	2685	251
469	2020-04-04 04:13:25.014888+00	2020-04-04 04:13:25.014914+00	2020-04-04 04:13:25.013519+00	248	14	2718	99
470	2020-04-04 05:23:16.388782+00	2020-04-04 05:23:16.388812+00	2020-04-04 05:23:16.387135+00	250	14	2724	1
471	2020-04-04 05:51:41.136085+00	2020-04-04 05:51:41.136114+00	2020-04-04 05:51:41.134209+00	139	14	2671	116
472	2020-04-04 05:58:53.810798+00	2020-04-04 05:58:53.810825+00	2020-04-04 05:58:53.809292+00	141	14	2722	139
473	2020-04-04 06:02:49.8083+00	2020-04-04 06:02:49.808328+00	2020-04-04 06:02:49.806479+00	149	14	2728	133
474	2020-04-04 06:03:42.331619+00	2020-04-04 06:03:42.331644+00	2020-04-04 06:03:42.330116+00	150	14	2738	148
475	2020-04-04 06:04:28.804359+00	2020-04-04 06:04:28.804389+00	2020-04-04 06:04:28.802768+00	151	14	2737	141
476	2020-04-04 06:06:24.656794+00	2020-04-04 06:06:24.656822+00	2020-04-04 06:06:24.65525+00	154	14	2742	142
477	2020-04-04 06:07:16.882613+00	2020-04-04 06:07:16.882643+00	2020-04-04 06:07:16.88089+00	152	14	2730	149
478	2020-04-06 00:02:57.922962+00	2020-04-06 00:02:57.922992+00	2020-04-06 00:02:57.921477+00	149	14	2730	133
479	2020-04-06 03:16:48.869786+00	2020-04-06 03:16:48.869807+00	2020-04-06 03:16:48.868506+00	3	4	2731	292
480	2020-04-06 03:16:57.341736+00	2020-04-06 03:16:57.341757+00	2020-04-06 03:16:57.340481+00	292	4	2731	1
481	2020-04-06 03:40:04.358268+00	2020-04-06 03:40:04.358312+00	2020-04-06 03:40:04.353613+00	1	6	2818	2
482	2020-04-06 03:40:04.396512+00	2020-04-06 03:40:04.396607+00	2020-04-06 03:40:04.387404+00	1	6	2817	2
483	2020-04-06 03:40:04.408394+00	2020-04-06 03:40:04.408414+00	2020-04-06 03:40:04.406162+00	1	6	2816	2
484	2020-04-06 03:40:04.422699+00	2020-04-06 03:40:04.422721+00	2020-04-06 03:40:04.420397+00	1	6	2815	2
485	2020-04-06 03:40:04.435615+00	2020-04-06 03:40:04.435633+00	2020-04-06 03:40:04.434099+00	1	6	2814	2
486	2020-04-06 03:40:04.446534+00	2020-04-06 03:40:04.446552+00	2020-04-06 03:40:04.444188+00	1	6	2813	2
487	2020-04-06 03:40:04.468045+00	2020-04-06 03:40:04.468065+00	2020-04-06 03:40:04.466247+00	1	6	2811	2
488	2020-04-06 03:40:04.487321+00	2020-04-06 03:40:04.487351+00	2020-04-06 03:40:04.478369+00	1	6	2810	2
489	2020-04-06 03:40:04.499232+00	2020-04-06 03:40:04.499256+00	2020-04-06 03:40:04.496833+00	1	6	2809	2
490	2020-04-06 03:40:04.512256+00	2020-04-06 03:40:04.512277+00	2020-04-06 03:40:04.510412+00	1	6	2808	2
491	2020-04-06 03:40:04.522031+00	2020-04-06 03:40:04.522267+00	2020-04-06 03:40:04.520417+00	1	6	2807	2
492	2020-04-06 03:40:04.532382+00	2020-04-06 03:40:04.532401+00	2020-04-06 03:40:04.530283+00	1	6	2806	2
493	2020-04-06 03:40:04.541481+00	2020-04-06 03:40:04.5415+00	2020-04-06 03:40:04.539798+00	1	6	2805	2
494	2020-04-06 03:40:04.55255+00	2020-04-06 03:40:04.55257+00	2020-04-06 03:40:04.549484+00	1	6	2802	2
495	2020-04-06 03:40:04.561958+00	2020-04-06 03:40:04.561975+00	2020-04-06 03:40:04.560308+00	1	6	2801	2
496	2020-04-06 03:40:04.57168+00	2020-04-06 03:40:04.571699+00	2020-04-06 03:40:04.570043+00	1	6	2800	2
497	2020-04-06 03:40:04.594906+00	2020-04-06 03:40:04.594928+00	2020-04-06 03:40:04.593226+00	1	6	2799	2
498	2020-04-06 03:40:04.603764+00	2020-04-06 03:40:04.60378+00	2020-04-06 03:40:04.602456+00	1	6	2798	2
499	2020-04-06 03:40:04.612252+00	2020-04-06 03:40:04.612269+00	2020-04-06 03:40:04.610939+00	1	6	2797	2
500	2020-04-06 03:40:04.621887+00	2020-04-06 03:40:04.621903+00	2020-04-06 03:40:04.620525+00	1	6	2796	2
501	2020-04-06 03:40:04.63186+00	2020-04-06 03:40:04.631883+00	2020-04-06 03:40:04.630338+00	1	6	2795	2
502	2020-04-06 03:40:04.645184+00	2020-04-06 03:40:04.645209+00	2020-04-06 03:40:04.641657+00	1	6	2794	2
503	2020-04-06 03:40:04.658422+00	2020-04-06 03:40:04.658444+00	2020-04-06 03:40:04.65573+00	1	6	2793	2
504	2020-04-06 03:40:04.669398+00	2020-04-06 03:40:04.669793+00	2020-04-06 03:40:04.666576+00	1	6	2792	2
505	2020-04-06 03:40:04.689037+00	2020-04-06 03:40:04.69155+00	2020-04-06 03:40:04.686516+00	1	6	2791	2
506	2020-04-06 03:40:04.704643+00	2020-04-06 03:40:04.70467+00	2020-04-06 03:40:04.70183+00	1	6	2790	2
507	2020-04-06 03:40:04.71486+00	2020-04-06 03:40:04.714877+00	2020-04-06 03:40:04.713337+00	1	6	2788	2
508	2020-04-06 03:40:04.724225+00	2020-04-06 03:40:04.724242+00	2020-04-06 03:40:04.7228+00	1	6	2787	2
509	2020-04-06 03:40:04.73303+00	2020-04-06 03:40:04.733046+00	2020-04-06 03:40:04.731704+00	1	6	2786	2
510	2020-04-06 03:40:04.741762+00	2020-04-06 03:40:04.741779+00	2020-04-06 03:40:04.740273+00	1	6	2785	2
511	2020-04-06 03:40:04.748812+00	2020-04-06 03:40:04.748827+00	2020-04-06 03:40:04.747567+00	1	6	2784	2
512	2020-04-06 03:40:04.762957+00	2020-04-06 03:40:04.762981+00	2020-04-06 03:40:04.757886+00	1	6	2783	2
513	2020-04-06 03:40:04.769962+00	2020-04-06 03:40:04.769984+00	2020-04-06 03:40:04.768303+00	1	6	2782	2
514	2020-04-06 03:40:04.790871+00	2020-04-06 03:40:04.791095+00	2020-04-06 03:40:04.7829+00	1	6	2781	2
515	2020-04-06 03:40:04.802597+00	2020-04-06 03:40:04.802616+00	2020-04-06 03:40:04.801028+00	1	6	2780	2
516	2020-04-06 03:40:04.812147+00	2020-04-06 03:40:04.812164+00	2020-04-06 03:40:04.810764+00	1	6	2779	2
517	2020-04-06 03:40:04.825467+00	2020-04-06 03:40:04.825491+00	2020-04-06 03:40:04.820412+00	1	6	2778	2
518	2020-04-06 03:40:04.835891+00	2020-04-06 03:40:04.835908+00	2020-04-06 03:40:04.834454+00	1	6	2777	2
519	2020-04-06 03:40:04.8456+00	2020-04-06 03:40:04.845623+00	2020-04-06 03:40:04.843909+00	1	6	2776	2
520	2020-04-06 03:40:04.856436+00	2020-04-06 03:40:04.856454+00	2020-04-06 03:40:04.854618+00	1	6	2775	2
521	2020-04-06 03:40:04.865818+00	2020-04-06 03:40:04.865835+00	2020-04-06 03:40:04.864106+00	1	6	2774	2
522	2020-04-06 03:40:04.877338+00	2020-04-06 03:40:04.877356+00	2020-04-06 03:40:04.873763+00	1	6	2773	2
523	2020-04-06 03:40:04.890774+00	2020-04-06 03:40:04.89112+00	2020-04-06 03:40:04.887637+00	1	6	2770	2
524	2020-04-06 03:40:04.901326+00	2020-04-06 03:40:04.901345+00	2020-04-06 03:40:04.899691+00	1	6	2769	2
525	2020-04-06 03:40:04.910886+00	2020-04-06 03:40:04.910904+00	2020-04-06 03:40:04.909436+00	1	6	2768	2
526	2020-04-06 03:40:04.916372+00	2020-04-06 03:40:04.916388+00	2020-04-06 03:40:04.914993+00	1	6	2767	2
527	2020-04-06 03:40:04.926575+00	2020-04-06 03:40:04.926592+00	2020-04-06 03:40:04.924346+00	1	6	2766	2
528	2020-04-06 03:40:04.93623+00	2020-04-06 03:40:04.936247+00	2020-04-06 03:40:04.934886+00	1	6	2765	2
529	2020-04-06 03:40:04.945799+00	2020-04-06 03:40:04.945815+00	2020-04-06 03:40:04.944069+00	1	6	2764	2
530	2020-04-06 03:40:04.959163+00	2020-04-06 03:40:04.959184+00	2020-04-06 03:40:04.956019+00	1	6	2763	2
531	2020-04-06 03:40:04.975078+00	2020-04-06 03:40:04.975095+00	2020-04-06 03:40:04.973006+00	1	6	2762	2
532	2020-04-06 03:40:04.992838+00	2020-04-06 03:40:04.992861+00	2020-04-06 03:40:04.983014+00	1	6	2761	2
533	2020-04-06 03:40:05.003354+00	2020-04-06 03:40:05.003732+00	2020-04-06 03:40:05.000967+00	1	6	2760	2
534	2020-04-06 03:40:05.012589+00	2020-04-06 03:40:05.012607+00	2020-04-06 03:40:05.011282+00	1	6	2759	2
535	2020-04-06 03:40:05.02316+00	2020-04-06 03:40:05.023179+00	2020-04-06 03:40:05.021416+00	1	6	2758	2
536	2020-04-06 03:40:05.032183+00	2020-04-06 03:40:05.032199+00	2020-04-06 03:40:05.030895+00	1	6	2757	2
537	2020-04-06 03:40:05.040539+00	2020-04-06 03:40:05.040554+00	2020-04-06 03:40:05.039286+00	1	6	2756	2
538	2020-04-06 03:40:05.050364+00	2020-04-06 03:40:05.050403+00	2020-04-06 03:40:05.049097+00	1	6	2755	2
539	2020-04-06 03:40:05.060951+00	2020-04-06 03:40:05.060967+00	2020-04-06 03:40:05.059611+00	1	6	2754	2
540	2020-04-06 03:40:05.076621+00	2020-04-06 03:40:05.07665+00	2020-04-06 03:40:05.070098+00	1	6	2753	2
541	2020-04-06 03:40:05.095643+00	2020-04-06 03:40:05.095664+00	2020-04-06 03:40:05.093063+00	1	6	2751	2
542	2020-04-06 03:40:05.10504+00	2020-04-06 03:40:05.105056+00	2020-04-06 03:40:05.103729+00	1	6	2750	2
543	2020-04-06 03:40:05.114866+00	2020-04-06 03:40:05.114884+00	2020-04-06 03:40:05.11261+00	1	6	2749	2
544	2020-04-06 03:40:05.123563+00	2020-04-06 03:40:05.12358+00	2020-04-06 03:40:05.122267+00	1	6	2748	2
545	2020-04-06 03:40:05.132301+00	2020-04-06 03:40:05.132317+00	2020-04-06 03:40:05.131092+00	1	6	2747	2
546	2020-04-06 03:40:05.140757+00	2020-04-06 03:40:05.140773+00	2020-04-06 03:40:05.139481+00	1	6	2746	2
547	2020-04-06 03:40:05.150526+00	2020-04-06 03:40:05.150543+00	2020-04-06 03:40:05.148161+00	1	6	2745	2
548	2020-04-06 03:40:05.159933+00	2020-04-06 03:40:05.159951+00	2020-04-06 03:40:05.158239+00	1	6	2743	2
549	2020-04-06 03:40:05.170424+00	2020-04-06 03:40:05.170443+00	2020-04-06 03:40:05.169042+00	1	6	2744	2
550	2020-04-06 03:40:40.988814+00	2020-04-06 03:40:40.988849+00	2020-04-06 03:40:40.987244+00	2	6	2744	3
551	2020-04-06 03:40:40.998224+00	2020-04-06 03:40:40.998241+00	2020-04-06 03:40:40.996899+00	2	6	2743	3
552	2020-04-06 03:40:41.007935+00	2020-04-06 03:40:41.007952+00	2020-04-06 03:40:41.006489+00	2	6	2745	3
553	2020-04-06 03:40:41.01683+00	2020-04-06 03:40:41.016847+00	2020-04-06 03:40:41.015531+00	2	6	2746	3
554	2020-04-06 03:40:41.028765+00	2020-04-06 03:40:41.028784+00	2020-04-06 03:40:41.027358+00	2	6	2747	3
555	2020-04-06 03:40:41.037809+00	2020-04-06 03:40:41.037827+00	2020-04-06 03:40:41.036463+00	2	6	2748	3
556	2020-04-06 03:40:41.045948+00	2020-04-06 03:40:41.045966+00	2020-04-06 03:40:41.044101+00	2	6	2749	3
557	2020-04-06 03:40:41.052901+00	2020-04-06 03:40:41.052917+00	2020-04-06 03:40:41.05161+00	2	6	2750	3
558	2020-04-06 03:40:41.059244+00	2020-04-06 03:40:41.059259+00	2020-04-06 03:40:41.057957+00	2	6	2751	3
559	2020-04-06 03:40:41.065758+00	2020-04-06 03:40:41.065773+00	2020-04-06 03:40:41.064509+00	2	6	2753	3
560	2020-04-06 03:40:41.072052+00	2020-04-06 03:40:41.072069+00	2020-04-06 03:40:41.070779+00	2	6	2754	3
561	2020-04-06 03:40:41.078511+00	2020-04-06 03:40:41.078527+00	2020-04-06 03:40:41.077218+00	2	6	2755	3
562	2020-04-06 03:40:41.084925+00	2020-04-06 03:40:41.084941+00	2020-04-06 03:40:41.083614+00	2	6	2756	3
563	2020-04-06 03:40:41.092621+00	2020-04-06 03:40:41.092638+00	2020-04-06 03:40:41.091243+00	2	6	2757	3
564	2020-04-06 03:40:41.101182+00	2020-04-06 03:40:41.101197+00	2020-04-06 03:40:41.099955+00	2	6	2758	3
565	2020-04-06 03:40:41.110461+00	2020-04-06 03:40:41.110478+00	2020-04-06 03:40:41.108776+00	2	6	2759	3
566	2020-04-06 03:40:41.119001+00	2020-04-06 03:40:41.119018+00	2020-04-06 03:40:41.117696+00	2	6	2760	3
567	2020-04-06 03:40:41.128614+00	2020-04-06 03:40:41.128633+00	2020-04-06 03:40:41.127141+00	2	6	2761	3
568	2020-04-06 03:40:41.138862+00	2020-04-06 03:40:41.138883+00	2020-04-06 03:40:41.136687+00	2	6	2762	3
569	2020-04-06 03:40:41.148799+00	2020-04-06 03:40:41.148819+00	2020-04-06 03:40:41.147154+00	2	6	2763	3
570	2020-04-06 03:40:41.157389+00	2020-04-06 03:40:41.157409+00	2020-04-06 03:40:41.155872+00	2	6	2764	3
571	2020-04-06 03:40:41.164031+00	2020-04-06 03:40:41.164047+00	2020-04-06 03:40:41.162666+00	2	6	2765	3
572	2020-04-06 03:40:41.170484+00	2020-04-06 03:40:41.170501+00	2020-04-06 03:40:41.169193+00	2	6	2766	3
573	2020-04-06 03:40:41.177952+00	2020-04-06 03:40:41.177977+00	2020-04-06 03:40:41.176048+00	2	6	2767	3
574	2020-04-06 03:40:41.184544+00	2020-04-06 03:40:41.18456+00	2020-04-06 03:40:41.183251+00	2	6	2768	3
575	2020-04-06 03:40:41.191318+00	2020-04-06 03:40:41.191335+00	2020-04-06 03:40:41.189672+00	2	6	2769	3
576	2020-04-06 03:40:41.197932+00	2020-04-06 03:40:41.197948+00	2020-04-06 03:40:41.196379+00	2	6	2770	3
577	2020-04-06 03:40:41.205514+00	2020-04-06 03:40:41.205531+00	2020-04-06 03:40:41.20406+00	2	6	2773	3
578	2020-04-06 03:40:41.214969+00	2020-04-06 03:40:41.214985+00	2020-04-06 03:40:41.213597+00	2	6	2774	3
579	2020-04-06 03:40:41.22624+00	2020-04-06 03:40:41.226259+00	2020-04-06 03:40:41.222762+00	2	6	2775	3
580	2020-04-06 03:40:41.23485+00	2020-04-06 03:40:41.234866+00	2020-04-06 03:40:41.233572+00	2	6	2776	3
581	2020-04-06 03:40:41.250743+00	2020-04-06 03:40:41.250839+00	2020-04-06 03:40:41.247766+00	2	6	2777	3
582	2020-04-06 03:40:41.261357+00	2020-04-06 03:40:41.261377+00	2020-04-06 03:40:41.259866+00	2	6	2778	3
583	2020-04-06 03:40:41.270442+00	2020-04-06 03:40:41.270462+00	2020-04-06 03:40:41.268938+00	2	6	2779	3
584	2020-04-06 03:40:41.279234+00	2020-04-06 03:40:41.279252+00	2020-04-06 03:40:41.277753+00	2	6	2780	3
585	2020-04-06 03:40:41.285456+00	2020-04-06 03:40:41.285481+00	2020-04-06 03:40:41.283966+00	2	6	2781	3
586	2020-04-06 03:40:41.291695+00	2020-04-06 03:40:41.29171+00	2020-04-06 03:40:41.290508+00	2	6	2782	3
587	2020-04-06 03:40:41.298092+00	2020-04-06 03:40:41.298109+00	2020-04-06 03:40:41.296792+00	2	6	2783	3
588	2020-04-06 03:40:41.304968+00	2020-04-06 03:40:41.304984+00	2020-04-06 03:40:41.303734+00	2	6	2784	3
589	2020-04-06 03:40:41.312742+00	2020-04-06 03:40:41.312761+00	2020-04-06 03:40:41.310932+00	2	6	2785	3
590	2020-04-06 03:40:41.319305+00	2020-04-06 03:40:41.319321+00	2020-04-06 03:40:41.317973+00	2	6	2786	3
591	2020-04-06 03:40:41.326695+00	2020-04-06 03:40:41.326711+00	2020-04-06 03:40:41.324993+00	2	6	2787	3
592	2020-04-06 03:40:41.332985+00	2020-04-06 03:40:41.333008+00	2020-04-06 03:40:41.331323+00	2	6	2788	3
593	2020-04-06 03:40:41.3402+00	2020-04-06 03:40:41.340218+00	2020-04-06 03:40:41.338737+00	2	6	2790	3
594	2020-04-06 03:40:41.349984+00	2020-04-06 03:40:41.35001+00	2020-04-06 03:40:41.347601+00	2	6	2791	3
595	2020-04-06 03:40:41.357515+00	2020-04-06 03:40:41.357533+00	2020-04-06 03:40:41.355828+00	2	6	2792	3
596	2020-04-06 03:40:41.364195+00	2020-04-06 03:40:41.364212+00	2020-04-06 03:40:41.362675+00	2	6	2793	3
597	2020-04-06 03:40:41.370574+00	2020-04-06 03:40:41.37059+00	2020-04-06 03:40:41.369239+00	2	6	2794	3
598	2020-04-06 03:40:41.376572+00	2020-04-06 03:40:41.3766+00	2020-04-06 03:40:41.37537+00	2	6	2795	3
599	2020-04-06 03:40:41.385661+00	2020-04-06 03:40:41.385677+00	2020-04-06 03:40:41.384278+00	2	6	2796	3
600	2020-04-06 03:40:41.394077+00	2020-04-06 03:40:41.394093+00	2020-04-06 03:40:41.392834+00	2	6	2797	3
601	2020-04-06 03:40:41.403101+00	2020-04-06 03:40:41.403118+00	2020-04-06 03:40:41.401726+00	2	6	2798	3
602	2020-04-06 03:40:41.411854+00	2020-04-06 03:40:41.411872+00	2020-04-06 03:40:41.410486+00	2	6	2799	3
603	2020-04-06 03:40:41.418619+00	2020-04-06 03:40:41.418635+00	2020-04-06 03:40:41.41732+00	2	6	2800	3
604	2020-04-06 03:40:41.426779+00	2020-04-06 03:40:41.426795+00	2020-04-06 03:40:41.425553+00	2	6	2801	3
605	2020-04-06 03:40:41.43551+00	2020-04-06 03:40:41.435526+00	2020-04-06 03:40:41.434164+00	2	6	2802	3
606	2020-04-06 03:40:41.449519+00	2020-04-06 03:40:41.449544+00	2020-04-06 03:40:41.447868+00	2	6	2805	3
607	2020-04-06 03:40:41.456712+00	2020-04-06 03:40:41.456728+00	2020-04-06 03:40:41.455279+00	2	6	2806	3
608	2020-04-06 03:40:41.463089+00	2020-04-06 03:40:41.463105+00	2020-04-06 03:40:41.461811+00	2	6	2807	3
609	2020-04-06 03:40:41.46929+00	2020-04-06 03:40:41.469306+00	2020-04-06 03:40:41.46807+00	2	6	2808	3
610	2020-04-06 03:40:41.4756+00	2020-04-06 03:40:41.475616+00	2020-04-06 03:40:41.474225+00	2	6	2809	3
611	2020-04-06 03:40:41.481925+00	2020-04-06 03:40:41.481941+00	2020-04-06 03:40:41.480677+00	2	6	2810	3
612	2020-04-06 03:40:41.488213+00	2020-04-06 03:40:41.488229+00	2020-04-06 03:40:41.486956+00	2	6	2811	3
613	2020-04-06 03:40:41.495853+00	2020-04-06 03:40:41.495881+00	2020-04-06 03:40:41.493689+00	2	6	2813	3
614	2020-04-06 03:40:41.505386+00	2020-04-06 03:40:41.505406+00	2020-04-06 03:40:41.503898+00	2	6	2814	3
615	2020-04-06 03:40:41.514049+00	2020-04-06 03:40:41.514065+00	2020-04-06 03:40:41.512745+00	2	6	2815	3
616	2020-04-06 03:40:41.522579+00	2020-04-06 03:40:41.522596+00	2020-04-06 03:40:41.521234+00	2	6	2816	3
617	2020-04-06 03:40:41.531789+00	2020-04-06 03:40:41.531811+00	2020-04-06 03:40:41.530168+00	2	6	2817	3
618	2020-04-06 03:40:41.5411+00	2020-04-06 03:40:41.541124+00	2020-04-06 03:40:41.539477+00	2	6	2818	3
619	2020-04-06 03:44:24.638221+00	2020-04-06 03:44:24.638255+00	2020-04-06 03:44:24.636623+00	1	6	2697	2
620	2020-04-06 03:44:24.646951+00	2020-04-06 03:44:24.646967+00	2020-04-06 03:44:24.645654+00	1	6	2893	2
621	2020-04-06 03:44:24.657465+00	2020-04-06 03:44:24.657485+00	2020-04-06 03:44:24.655736+00	1	6	2892	2
622	2020-04-06 03:44:24.66921+00	2020-04-06 03:44:24.669229+00	2020-04-06 03:44:24.667538+00	1	6	2891	2
623	2020-04-06 03:44:24.681204+00	2020-04-06 03:44:24.681221+00	2020-04-06 03:44:24.679772+00	1	6	2890	2
624	2020-04-06 03:44:24.692848+00	2020-04-06 03:44:24.692864+00	2020-04-06 03:44:24.691527+00	1	6	2889	2
625	2020-04-06 03:44:24.705579+00	2020-04-06 03:44:24.7056+00	2020-04-06 03:44:24.703617+00	1	6	2888	2
626	2020-04-06 03:44:24.716352+00	2020-04-06 03:44:24.716368+00	2020-04-06 03:44:24.71494+00	1	6	2887	2
627	2020-04-06 03:44:24.727728+00	2020-04-06 03:44:24.727746+00	2020-04-06 03:44:24.726111+00	1	6	2886	2
628	2020-04-06 03:44:24.740557+00	2020-04-06 03:44:24.740574+00	2020-04-06 03:44:24.738116+00	1	6	2885	2
629	2020-04-06 03:44:24.74677+00	2020-04-06 03:44:24.746788+00	2020-04-06 03:44:24.745333+00	1	6	2884	2
630	2020-04-06 03:44:24.751486+00	2020-04-06 03:44:24.751504+00	2020-04-06 03:44:24.75019+00	1	6	2883	2
631	2020-04-06 03:44:24.756192+00	2020-04-06 03:44:24.756208+00	2020-04-06 03:44:24.75496+00	1	6	2882	2
632	2020-04-06 03:44:24.76538+00	2020-04-06 03:44:24.765398+00	2020-04-06 03:44:24.764048+00	1	6	2881	2
633	2020-04-06 03:44:24.777215+00	2020-04-06 03:44:24.777245+00	2020-04-06 03:44:24.775013+00	1	6	2843	2
634	2020-04-06 03:44:24.786612+00	2020-04-06 03:44:24.786631+00	2020-04-06 03:44:24.785201+00	1	6	2829	2
635	2020-04-06 03:44:24.796148+00	2020-04-06 03:44:24.796166+00	2020-04-06 03:44:24.794554+00	1	6	2828	2
636	2020-04-06 03:44:24.806966+00	2020-04-06 03:44:24.806988+00	2020-04-06 03:44:24.805193+00	1	6	2880	2
637	2020-04-06 03:44:24.817561+00	2020-04-06 03:44:24.817577+00	2020-04-06 03:44:24.816256+00	1	6	2879	2
638	2020-04-06 03:44:24.828905+00	2020-04-06 03:44:24.828923+00	2020-04-06 03:44:24.827355+00	1	6	2878	2
639	2020-04-06 03:44:24.840112+00	2020-04-06 03:44:24.840129+00	2020-04-06 03:44:24.8388+00	1	6	2877	2
640	2020-04-06 03:44:24.855578+00	2020-04-06 03:44:24.8556+00	2020-04-06 03:44:24.851601+00	1	6	2876	2
641	2020-04-06 03:44:24.873044+00	2020-04-06 03:44:24.873075+00	2020-04-06 03:44:24.870937+00	1	6	2875	2
642	2020-04-06 03:44:24.884777+00	2020-04-06 03:44:24.884796+00	2020-04-06 03:44:24.883249+00	1	6	2874	2
643	2020-04-06 03:44:24.890067+00	2020-04-06 03:44:24.890083+00	2020-04-06 03:44:24.888852+00	1	6	2873	2
644	2020-04-06 03:44:24.894768+00	2020-04-06 03:44:24.894784+00	2020-04-06 03:44:24.893611+00	1	6	2872	2
645	2020-04-06 03:44:24.899493+00	2020-04-06 03:44:24.899509+00	2020-04-06 03:44:24.898205+00	1	6	2871	2
646	2020-04-06 03:44:24.90407+00	2020-04-06 03:44:24.904086+00	2020-04-06 03:44:24.902856+00	1	6	2870	2
647	2020-04-06 03:44:24.913325+00	2020-04-06 03:44:24.913343+00	2020-04-06 03:44:24.911803+00	1	6	2869	2
648	2020-04-06 03:44:24.922515+00	2020-04-06 03:44:24.922532+00	2020-04-06 03:44:24.921227+00	1	6	2868	2
649	2020-04-06 03:44:24.931314+00	2020-04-06 03:44:24.931331+00	2020-04-06 03:44:24.930017+00	1	6	2867	2
650	2020-04-06 03:44:24.940753+00	2020-04-06 03:44:24.94077+00	2020-04-06 03:44:24.939473+00	1	6	2827	2
651	2020-04-06 03:44:24.954647+00	2020-04-06 03:44:24.954666+00	2020-04-06 03:44:24.950554+00	1	6	2826	2
652	2020-04-06 03:44:24.968349+00	2020-04-06 03:44:24.968377+00	2020-04-06 03:44:24.965381+00	1	6	2825	2
653	2020-04-06 03:44:24.980811+00	2020-04-06 03:44:24.980829+00	2020-04-06 03:44:24.979448+00	1	6	2824	2
654	2020-04-06 03:44:24.991553+00	2020-04-06 03:44:24.991569+00	2020-04-06 03:44:24.990297+00	1	6	2823	2
655	2020-04-06 03:44:25.003742+00	2020-04-06 03:44:25.003763+00	2020-04-06 03:44:25.002221+00	1	6	2822	2
656	2020-04-06 03:44:25.014172+00	2020-04-06 03:44:25.014189+00	2020-04-06 03:44:25.012851+00	1	6	2821	2
657	2020-04-06 03:44:25.02464+00	2020-04-06 03:44:25.024668+00	2020-04-06 03:44:25.023454+00	1	6	2820	2
658	2020-04-06 03:44:25.032433+00	2020-04-06 03:44:25.032449+00	2020-04-06 03:44:25.031207+00	1	6	2819	2
659	2020-04-06 03:44:25.037294+00	2020-04-06 03:44:25.03731+00	2020-04-06 03:44:25.036064+00	1	6	2866	2
660	2020-04-06 03:44:25.043461+00	2020-04-06 03:44:25.043491+00	2020-04-06 03:44:25.040578+00	1	6	2865	2
661	2020-04-06 03:44:25.054701+00	2020-04-06 03:44:25.054718+00	2020-04-06 03:44:25.053017+00	1	6	2864	2
662	2020-04-06 03:44:25.069016+00	2020-04-06 03:44:25.069035+00	2020-04-06 03:44:25.067594+00	1	6	2863	2
663	2020-04-06 03:44:25.07945+00	2020-04-06 03:44:25.079467+00	2020-04-06 03:44:25.078103+00	1	6	2862	2
664	2020-04-06 03:44:25.088849+00	2020-04-06 03:44:25.088865+00	2020-04-06 03:44:25.087621+00	1	6	2861	2
665	2020-04-06 03:44:25.098135+00	2020-04-06 03:44:25.098151+00	2020-04-06 03:44:25.096895+00	1	6	2860	2
666	2020-04-06 03:44:25.10882+00	2020-04-06 03:44:25.108836+00	2020-04-06 03:44:25.10755+00	1	6	2859	2
667	2020-04-06 03:44:25.118916+00	2020-04-06 03:44:25.118932+00	2020-04-06 03:44:25.117649+00	1	6	2858	2
668	2020-04-06 03:44:25.128525+00	2020-04-06 03:44:25.12854+00	2020-04-06 03:44:25.127306+00	1	6	2857	2
669	2020-04-06 03:44:25.13856+00	2020-04-06 03:44:25.138575+00	2020-04-06 03:44:25.137316+00	1	6	2856	2
670	2020-04-06 03:44:25.149962+00	2020-04-06 03:44:25.14998+00	2020-04-06 03:44:25.148403+00	1	6	2855	2
671	2020-04-06 03:44:25.162531+00	2020-04-06 03:44:25.162604+00	2020-04-06 03:44:25.160148+00	1	6	2854	2
672	2020-04-06 03:44:25.181875+00	2020-04-06 03:44:25.181896+00	2020-04-06 03:44:25.180211+00	1	6	2853	2
673	2020-04-06 03:44:25.18973+00	2020-04-06 03:44:25.189747+00	2020-04-06 03:44:25.188481+00	1	6	2852	2
674	2020-04-06 03:44:25.194941+00	2020-04-06 03:44:25.194957+00	2020-04-06 03:44:25.193738+00	1	6	2850	2
675	2020-04-06 03:44:25.200148+00	2020-04-06 03:44:25.200165+00	2020-04-06 03:44:25.198919+00	1	6	2849	2
676	2020-04-06 03:44:25.208934+00	2020-04-06 03:44:25.20895+00	2020-04-06 03:44:25.207708+00	1	6	2848	2
677	2020-04-06 03:44:25.21792+00	2020-04-06 03:44:25.217936+00	2020-04-06 03:44:25.216739+00	1	6	2847	2
678	2020-04-06 03:44:25.227045+00	2020-04-06 03:44:25.227061+00	2020-04-06 03:44:25.225804+00	1	6	2846	2
679	2020-04-06 03:44:25.236105+00	2020-04-06 03:44:25.236121+00	2020-04-06 03:44:25.234926+00	1	6	2845	2
680	2020-04-06 03:44:25.245064+00	2020-04-06 03:44:25.24508+00	2020-04-06 03:44:25.243847+00	1	6	2844	2
681	2020-04-06 03:44:25.256987+00	2020-04-06 03:44:25.257099+00	2020-04-06 03:44:25.254612+00	1	6	2841	2
682	2020-04-06 03:44:25.28397+00	2020-04-06 03:44:25.283988+00	2020-04-06 03:44:25.28248+00	1	6	2840	2
683	2020-04-06 03:44:25.293996+00	2020-04-06 03:44:25.294013+00	2020-04-06 03:44:25.292704+00	1	6	2839	2
684	2020-04-06 03:44:25.304622+00	2020-04-06 03:44:25.30464+00	2020-04-06 03:44:25.303219+00	1	6	2838	2
685	2020-04-06 03:44:25.315897+00	2020-04-06 03:44:25.315917+00	2020-04-06 03:44:25.314406+00	1	6	2837	2
686	2020-04-06 03:44:25.32671+00	2020-04-06 03:44:25.326727+00	2020-04-06 03:44:25.325323+00	1	6	2836	2
687	2020-04-06 03:44:25.337589+00	2020-04-06 03:44:25.337605+00	2020-04-06 03:44:25.336302+00	1	6	2835	2
688	2020-04-06 03:44:25.345133+00	2020-04-06 03:44:25.345149+00	2020-04-06 03:44:25.343885+00	1	6	2834	2
689	2020-04-06 03:44:25.350248+00	2020-04-06 03:44:25.350264+00	2020-04-06 03:44:25.349034+00	1	6	2833	2
690	2020-04-06 03:44:25.362691+00	2020-04-06 03:44:25.362714+00	2020-04-06 03:44:25.360057+00	1	6	2832	2
691	2020-04-06 03:44:25.38027+00	2020-04-06 03:44:25.380291+00	2020-04-06 03:44:25.37863+00	1	6	2831	2
692	2020-04-06 03:44:25.391324+00	2020-04-06 03:44:25.391343+00	2020-04-06 03:44:25.389879+00	1	6	2830	2
693	2020-04-06 04:04:03.373084+00	2020-04-06 04:04:03.37311+00	2020-04-06 04:04:03.371601+00	3	14	2744	157
694	2020-04-06 04:04:20.219944+00	2020-04-06 04:04:20.219966+00	2020-04-06 04:04:20.218619+00	3	14	2751	156
695	2020-04-06 04:04:34.490824+00	2020-04-06 04:04:34.49085+00	2020-04-06 04:04:34.489371+00	3	14	2748	155
696	2020-04-06 04:05:00.409084+00	2020-04-06 04:05:00.409108+00	2020-04-06 04:05:00.407748+00	3	14	2761	154
697	2020-04-06 04:05:18.497246+00	2020-04-06 04:05:18.49728+00	2020-04-06 04:05:18.495657+00	3	14	2746	153
698	2020-04-06 04:05:34.284126+00	2020-04-06 04:05:34.284153+00	2020-04-06 04:05:34.281535+00	3	14	2794	152
699	2020-04-06 04:05:50.240349+00	2020-04-06 04:05:50.240372+00	2020-04-06 04:05:50.239069+00	3	14	2774	151
700	2020-04-06 04:06:04.805641+00	2020-04-06 04:06:04.805669+00	2020-04-06 04:06:04.804152+00	3	14	2754	150
701	2020-04-06 04:06:19.218155+00	2020-04-06 04:06:19.218177+00	2020-04-06 04:06:19.21688+00	3	14	2775	149
702	2020-04-06 04:07:03.500028+00	2020-04-06 04:07:03.500055+00	2020-04-06 04:07:03.49852+00	3	14	2796	158
703	2020-04-06 04:07:16.038329+00	2020-04-06 04:07:16.038352+00	2020-04-06 04:07:16.036965+00	3	14	2790	159
704	2020-04-06 04:07:29.061353+00	2020-04-06 04:07:29.061375+00	2020-04-06 04:07:29.059997+00	3	14	2764	160
705	2020-04-06 04:07:41.118153+00	2020-04-06 04:07:41.118178+00	2020-04-06 04:07:41.116836+00	3	14	2766	161
706	2020-04-06 04:07:55.912702+00	2020-04-06 04:07:55.912724+00	2020-04-06 04:07:55.911411+00	3	14	2762	162
707	2020-04-06 04:08:13.086086+00	2020-04-06 04:08:13.086114+00	2020-04-06 04:08:13.084565+00	3	14	2786	163
708	2020-04-06 04:08:30.105362+00	2020-04-06 04:08:30.105384+00	2020-04-06 04:08:30.104091+00	3	14	2759	164
709	2020-04-06 04:08:47.632452+00	2020-04-06 04:08:47.632476+00	2020-04-06 04:08:47.631152+00	3	14	2784	165
710	2020-04-06 04:09:05.137074+00	2020-04-06 04:09:05.137099+00	2020-04-06 04:09:05.135812+00	3	14	2760	166
711	2020-04-06 04:09:43.032187+00	2020-04-06 04:09:43.032215+00	2020-04-06 04:09:43.030759+00	3	14	2788	167
712	2020-04-06 04:11:03.816867+00	2020-04-06 04:11:03.816898+00	2020-04-06 04:11:03.815045+00	3	14	2749	168
713	2020-04-06 04:11:26.418635+00	2020-04-06 04:11:26.41866+00	2020-04-06 04:11:26.416909+00	3	14	2776	169
714	2020-04-06 04:11:46.11596+00	2020-04-06 04:11:46.115985+00	2020-04-06 04:11:46.114315+00	3	14	2745	170
715	2020-04-06 04:12:01.490207+00	2020-04-06 04:12:01.49024+00	2020-04-06 04:12:01.487985+00	3	14	2756	171
716	2020-04-06 04:12:28.322072+00	2020-04-06 04:12:28.322096+00	2020-04-06 04:12:28.320596+00	3	14	2757	172
717	2020-04-06 04:12:48.988155+00	2020-04-06 04:12:48.988177+00	2020-04-06 04:12:48.986901+00	3	14	2769	173
718	2020-04-06 04:13:05.07879+00	2020-04-06 04:13:05.078811+00	2020-04-06 04:13:05.077446+00	3	14	2793	174
719	2020-04-06 04:13:28.012092+00	2020-04-06 04:13:28.012119+00	2020-04-06 04:13:28.010592+00	3	14	2767	175
720	2020-04-06 05:44:48.527222+00	2020-04-06 05:44:48.527253+00	2020-04-06 05:44:48.525017+00	3	14	2768	176
721	2020-04-06 05:45:02.134206+00	2020-04-06 05:45:02.13425+00	2020-04-06 05:45:02.131407+00	3	14	2753	177
722	2020-04-06 05:45:14.087042+00	2020-04-06 05:45:14.087064+00	2020-04-06 05:45:14.085706+00	3	14	2792	178
723	2020-04-06 05:45:27.411139+00	2020-04-06 05:45:27.411168+00	2020-04-06 05:45:27.409483+00	3	14	2765	179
724	2020-04-06 05:45:41.443512+00	2020-04-06 05:45:41.443532+00	2020-04-06 05:45:41.442213+00	3	14	2779	180
725	2020-04-06 05:45:55.422641+00	2020-04-06 05:45:55.422661+00	2020-04-06 05:45:55.421296+00	3	14	2773	181
726	2020-04-06 05:46:57.167912+00	2020-04-06 05:46:57.167937+00	2020-04-06 05:46:57.166576+00	3	14	2797	182
727	2020-04-06 05:47:11.081969+00	2020-04-06 05:47:11.081992+00	2020-04-06 05:47:11.080609+00	3	14	2801	183
728	2020-04-06 05:47:27.68648+00	2020-04-06 05:47:27.686506+00	2020-04-06 05:47:27.685055+00	3	14	2798	184
729	2020-04-06 05:47:40.235763+00	2020-04-06 05:47:40.235788+00	2020-04-06 05:47:40.234362+00	3	14	2805	185
730	2020-04-06 05:48:00.203635+00	2020-04-06 05:48:00.203656+00	2020-04-06 05:48:00.202338+00	3	14	2743	186
731	2020-04-06 05:48:11.036067+00	2020-04-06 05:48:11.036104+00	2020-04-06 05:48:11.034749+00	3	14	2791	187
732	2020-04-06 05:48:21.854731+00	2020-04-06 05:48:21.854753+00	2020-04-06 05:48:21.853423+00	3	14	2763	188
733	2020-04-06 05:48:35.779242+00	2020-04-06 05:48:35.779261+00	2020-04-06 05:48:35.777912+00	3	14	2770	189
734	2020-04-06 05:48:46.606637+00	2020-04-06 05:48:46.606663+00	2020-04-06 05:48:46.605134+00	3	14	2755	190
735	2020-04-06 05:48:57.464712+00	2020-04-06 05:48:57.464741+00	2020-04-06 05:48:57.463306+00	3	14	2783	191
736	2020-04-06 05:49:08.548195+00	2020-04-06 05:49:08.548216+00	2020-04-06 05:49:08.546909+00	3	14	2747	192
737	2020-04-06 05:49:24.104813+00	2020-04-06 05:49:24.104835+00	2020-04-06 05:49:24.103528+00	3	14	2782	193
738	2020-04-06 05:50:55.911476+00	2020-04-06 05:50:55.911497+00	2020-04-06 05:50:55.91019+00	3	14	2778	194
739	2020-04-06 05:51:06.066435+00	2020-04-06 05:51:06.06646+00	2020-04-06 05:51:06.064862+00	3	14	2750	195
740	2020-04-06 05:51:19.521268+00	2020-04-06 05:51:19.521289+00	2020-04-06 05:51:19.519925+00	3	14	2802	196
741	2020-04-06 05:51:32.078018+00	2020-04-06 05:51:32.078041+00	2020-04-06 05:51:32.076774+00	3	14	2810	197
742	2020-04-06 05:51:42.623571+00	2020-04-06 05:51:42.623598+00	2020-04-06 05:51:42.622216+00	3	14	2816	198
743	2020-04-06 05:52:16.352576+00	2020-04-06 05:52:16.352596+00	2020-04-06 05:52:16.351201+00	3	14	2808	199
744	2020-04-06 05:52:33.603671+00	2020-04-06 05:52:33.603693+00	2020-04-06 05:52:33.602256+00	3	14	2800	200
745	2020-04-06 05:52:49.005976+00	2020-04-06 05:52:49.006023+00	2020-04-06 05:52:49.004474+00	3	14	2813	201
746	2020-04-06 05:53:00.331916+00	2020-04-06 05:53:00.331937+00	2020-04-06 05:53:00.330596+00	3	14	2815	202
747	2020-04-06 05:53:58.136808+00	2020-04-06 05:53:58.136829+00	2020-04-06 05:53:58.135447+00	3	14	2811	203
748	2020-04-06 05:54:12.697354+00	2020-04-06 05:54:12.697375+00	2020-04-06 05:54:12.696106+00	3	14	2806	204
749	2020-04-06 05:54:28.199665+00	2020-04-06 05:54:28.199695+00	2020-04-06 05:54:28.19792+00	3	14	2807	205
750	2020-04-06 05:54:42.36216+00	2020-04-06 05:54:42.362181+00	2020-04-06 05:54:42.360884+00	3	14	2818	206
751	2020-04-06 05:54:56.355679+00	2020-04-06 05:54:56.355699+00	2020-04-06 05:54:56.354338+00	3	14	2817	207
752	2020-04-06 05:55:08.782156+00	2020-04-06 05:55:08.78218+00	2020-04-06 05:55:08.780785+00	3	14	2809	208
753	2020-04-06 05:55:41.745724+00	2020-04-06 05:55:41.745744+00	2020-04-06 05:55:41.744454+00	3	14	2814	210
754	2020-04-06 08:01:25.513061+00	2020-04-06 08:01:25.513087+00	2020-04-06 08:01:25.511705+00	1	6	2526	2
755	2020-04-06 08:02:21.947283+00	2020-04-06 08:02:21.947319+00	2020-04-06 08:02:21.94557+00	1	6	2528	2
756	2020-04-06 08:02:21.956873+00	2020-04-06 08:02:21.956895+00	2020-04-06 08:02:21.955407+00	1	6	2527	2
757	2020-04-06 08:02:21.96725+00	2020-04-06 08:02:21.967283+00	2020-04-06 08:02:21.96543+00	1	6	2525	2
758	2020-04-06 08:02:21.976015+00	2020-04-06 08:02:21.976035+00	2020-04-06 08:02:21.974403+00	1	6	2524	2
759	2020-04-06 08:02:21.985939+00	2020-04-06 08:02:21.985965+00	2020-04-06 08:02:21.983886+00	1	6	2523	2
760	2020-04-06 08:02:22.002054+00	2020-04-06 08:02:22.002084+00	2020-04-06 08:02:21.995712+00	1	6	2522	2
761	2020-04-06 08:02:22.026622+00	2020-04-06 08:02:22.026647+00	2020-04-06 08:02:22.024407+00	1	6	2521	2
762	2020-04-06 08:02:22.036778+00	2020-04-06 08:02:22.036794+00	2020-04-06 08:02:22.035416+00	1	6	2520	2
763	2020-04-06 08:02:22.046123+00	2020-04-06 08:02:22.046139+00	2020-04-06 08:02:22.044744+00	1	6	2519	2
764	2020-04-06 08:02:22.055776+00	2020-04-06 08:02:22.055808+00	2020-04-06 08:02:22.053725+00	1	6	2518	2
765	2020-04-06 08:02:22.065387+00	2020-04-06 08:02:22.065407+00	2020-04-06 08:02:22.063491+00	1	6	2517	2
766	2020-04-06 08:02:22.083129+00	2020-04-06 08:02:22.083157+00	2020-04-06 08:02:22.079572+00	1	6	2516	2
767	2020-04-06 08:02:22.093616+00	2020-04-06 08:02:22.093638+00	2020-04-06 08:02:22.091527+00	1	6	2515	2
768	2020-04-06 08:02:22.106005+00	2020-04-06 08:02:22.106027+00	2020-04-06 08:02:22.101806+00	1	6	2514	2
769	2020-04-06 08:02:22.119004+00	2020-04-06 08:02:22.119033+00	2020-04-06 08:02:22.116247+00	1	6	2513	2
770	2020-04-06 08:02:22.130822+00	2020-04-06 08:02:22.13086+00	2020-04-06 08:02:22.128562+00	1	6	2512	2
771	2020-04-06 08:02:22.140429+00	2020-04-06 08:02:22.140464+00	2020-04-06 08:02:22.137055+00	1	6	2511	2
772	2020-04-06 08:02:22.15196+00	2020-04-06 08:02:22.15198+00	2020-04-06 08:02:22.15015+00	1	6	2510	2
773	2020-04-06 08:02:22.16247+00	2020-04-06 08:02:22.16249+00	2020-04-06 08:02:22.160506+00	1	6	2509	2
774	2020-04-06 08:02:22.1724+00	2020-04-06 08:02:22.17243+00	2020-04-06 08:02:22.170869+00	1	6	2508	2
775	2020-04-06 08:02:22.18743+00	2020-04-06 08:02:22.187453+00	2020-04-06 08:02:22.185552+00	1	6	2507	2
776	2020-04-06 08:02:22.197256+00	2020-04-06 08:02:22.197276+00	2020-04-06 08:02:22.195632+00	1	6	2506	2
777	2020-04-06 08:02:22.213748+00	2020-04-06 08:02:22.214149+00	2020-04-06 08:02:22.211636+00	1	6	2505	2
778	2020-04-06 08:02:22.225563+00	2020-04-06 08:02:22.225582+00	2020-04-06 08:02:22.223764+00	1	6	2504	2
779	2020-04-06 08:02:22.23979+00	2020-04-06 08:02:22.239824+00	2020-04-06 08:02:22.238067+00	1	6	2503	2
780	2020-04-06 08:02:22.251551+00	2020-04-06 08:02:22.251575+00	2020-04-06 08:02:22.249569+00	1	6	2502	2
781	2020-04-06 08:02:22.262208+00	2020-04-06 08:02:22.26223+00	2020-04-06 08:02:22.260345+00	1	6	2501	2
782	2020-04-06 08:02:22.273187+00	2020-04-06 08:02:22.273207+00	2020-04-06 08:02:22.271565+00	1	6	2500	2
783	2020-04-06 08:02:22.285573+00	2020-04-06 08:02:22.285597+00	2020-04-06 08:02:22.283738+00	1	6	2499	2
784	2020-04-06 08:02:22.291828+00	2020-04-06 08:02:22.291848+00	2020-04-06 08:02:22.290106+00	1	6	2498	2
785	2020-04-06 08:02:22.297594+00	2020-04-06 08:02:22.297614+00	2020-04-06 08:02:22.295797+00	1	6	2497	2
786	2020-04-06 08:02:22.312228+00	2020-04-06 08:02:22.312262+00	2020-04-06 08:02:22.309629+00	1	6	2496	2
787	2020-04-06 08:02:22.320653+00	2020-04-06 08:02:22.320683+00	2020-04-06 08:02:22.318529+00	1	6	2495	2
788	2020-04-06 08:02:22.32976+00	2020-04-06 08:02:22.329786+00	2020-04-06 08:02:22.326647+00	1	6	2494	2
789	2020-04-06 08:02:22.335104+00	2020-04-06 08:02:22.335122+00	2020-04-06 08:02:22.33364+00	1	6	2493	2
790	2020-04-06 08:02:22.345785+00	2020-04-06 08:02:22.345806+00	2020-04-06 08:02:22.343962+00	1	6	2492	2
791	2020-04-06 08:02:22.358303+00	2020-04-06 08:02:22.358331+00	2020-04-06 08:02:22.356362+00	1	6	2491	2
792	2020-04-06 08:02:22.371184+00	2020-04-06 08:02:22.371212+00	2020-04-06 08:02:22.368269+00	1	6	2490	2
793	2020-04-06 08:02:22.381254+00	2020-04-06 08:02:22.38128+00	2020-04-06 08:02:22.379623+00	1	6	2488	2
794	2020-04-06 08:02:22.392674+00	2020-04-06 08:02:22.392697+00	2020-04-06 08:02:22.39102+00	1	6	2487	2
795	2020-04-06 08:02:22.40557+00	2020-04-06 08:02:22.405601+00	2020-04-06 08:02:22.40247+00	1	6	2485	2
796	2020-04-06 08:02:22.41965+00	2020-04-06 08:02:22.419676+00	2020-04-06 08:02:22.41661+00	1	6	2483	2
797	2020-04-06 08:02:22.432269+00	2020-04-06 08:02:22.432296+00	2020-04-06 08:02:22.430249+00	1	6	2482	2
798	2020-04-06 08:02:22.439664+00	2020-04-06 08:02:22.43969+00	2020-04-06 08:02:22.437171+00	1	6	2481	2
799	2020-04-06 08:02:22.446371+00	2020-04-06 08:02:22.446427+00	2020-04-06 08:02:22.444255+00	1	6	2480	2
800	2020-04-06 08:02:22.452548+00	2020-04-06 08:02:22.452567+00	2020-04-06 08:02:22.450471+00	1	6	2479	2
801	2020-04-06 08:02:22.457907+00	2020-04-06 08:02:22.457923+00	2020-04-06 08:02:22.456591+00	1	6	2478	2
802	2020-04-06 08:02:22.4627+00	2020-04-06 08:02:22.462716+00	2020-04-06 08:02:22.461322+00	1	6	2477	2
803	2020-04-06 08:02:22.468433+00	2020-04-06 08:02:22.46846+00	2020-04-06 08:02:22.466636+00	1	6	2476	2
804	2020-04-06 08:02:22.473515+00	2020-04-06 08:02:22.47353+00	2020-04-06 08:02:22.472189+00	1	6	2475	2
805	2020-04-06 08:02:22.488679+00	2020-04-06 08:02:22.488704+00	2020-04-06 08:02:22.486841+00	1	6	2474	2
806	2020-04-06 08:02:22.496204+00	2020-04-06 08:02:22.496221+00	2020-04-06 08:02:22.49474+00	1	6	2473	2
807	2020-04-06 08:02:22.509892+00	2020-04-06 08:02:22.509919+00	2020-04-06 08:02:22.504945+00	1	6	2471	2
808	2020-04-06 08:02:22.524758+00	2020-04-06 08:02:22.52478+00	2020-04-06 08:02:22.52208+00	1	6	2470	2
809	2020-04-06 08:02:22.537471+00	2020-04-06 08:02:22.537497+00	2020-04-06 08:02:22.535579+00	1	6	2469	2
810	2020-04-06 08:02:22.544821+00	2020-04-06 08:02:22.544841+00	2020-04-06 08:02:22.543269+00	1	6	2468	2
811	2020-04-06 08:02:22.556914+00	2020-04-06 08:02:22.556944+00	2020-04-06 08:02:22.554511+00	1	6	2467	2
812	2020-04-06 08:02:22.567967+00	2020-04-06 08:02:22.56799+00	2020-04-06 08:02:22.566136+00	1	6	2466	2
813	2020-04-06 08:02:22.575825+00	2020-04-06 08:02:22.575844+00	2020-04-06 08:02:22.574051+00	1	6	2489	2
814	2020-04-06 08:02:22.58757+00	2020-04-06 08:02:22.587606+00	2020-04-06 08:02:22.585336+00	1	6	2465	2
815	2020-04-06 08:02:22.599906+00	2020-04-06 08:02:22.599943+00	2020-04-06 08:02:22.596943+00	1	6	2464	2
816	2020-04-06 08:02:22.616102+00	2020-04-06 08:02:22.61613+00	2020-04-06 08:02:22.6115+00	1	6	2463	2
817	2020-04-06 08:02:22.63325+00	2020-04-06 08:02:22.633287+00	2020-04-06 08:02:22.626302+00	1	6	2462	2
818	2020-04-06 08:02:22.643632+00	2020-04-06 08:02:22.643653+00	2020-04-06 08:02:22.641893+00	1	6	2461	2
819	2020-04-06 08:02:22.655376+00	2020-04-06 08:02:22.65541+00	2020-04-06 08:02:22.652579+00	1	6	2460	2
820	2020-04-06 08:02:22.665927+00	2020-04-06 08:02:22.66595+00	2020-04-06 08:02:22.663472+00	1	6	2459	2
821	2020-04-06 08:02:22.672943+00	2020-04-06 08:02:22.672962+00	2020-04-06 08:02:22.671357+00	1	6	2458	2
822	2020-04-06 08:02:22.678075+00	2020-04-06 08:02:22.678091+00	2020-04-06 08:02:22.676777+00	1	6	1695	2
823	2020-04-06 08:02:22.684766+00	2020-04-06 08:02:22.684782+00	2020-04-06 08:02:22.683434+00	1	6	1583	2
824	2020-04-06 08:02:22.691343+00	2020-04-06 08:02:22.69136+00	2020-04-06 08:02:22.689885+00	1	6	1482	2
825	2020-04-06 08:06:45.437772+00	2020-04-06 08:06:45.437805+00	2020-04-06 08:06:45.436337+00	2	6	2528	1
826	2020-04-06 08:07:02.560414+00	2020-04-06 08:07:02.560438+00	2020-04-06 08:07:02.558096+00	2	6	2524	1
827	2020-04-06 08:07:12.270124+00	2020-04-06 08:07:12.270144+00	2020-04-06 08:07:12.26885+00	2	6	2522	1
828	2020-04-06 08:07:27.467442+00	2020-04-06 08:07:27.467469+00	2020-04-06 08:07:27.466076+00	2	6	2527	1
829	2020-04-06 08:07:43.158579+00	2020-04-06 08:07:43.158602+00	2020-04-06 08:07:43.157252+00	2	6	2521	1
830	2020-04-06 08:07:52.73322+00	2020-04-06 08:07:52.733243+00	2020-04-06 08:07:52.731886+00	2	6	2525	1
831	2020-04-06 08:08:02.360174+00	2020-04-06 08:08:02.360201+00	2020-04-06 08:08:02.357858+00	2	6	1583	1
832	2020-04-06 08:08:11.082491+00	2020-04-06 08:08:11.082518+00	2020-04-06 08:08:11.080875+00	2	6	2520	1
833	2020-04-06 08:08:20.129686+00	2020-04-06 08:08:20.129709+00	2020-04-06 08:08:20.128361+00	2	6	2464	1
834	2020-04-06 08:08:30.347609+00	2020-04-06 08:08:30.347632+00	2020-04-06 08:08:30.346011+00	2	6	2523	1
835	2020-04-06 08:09:33.029569+00	2020-04-06 08:09:33.029597+00	2020-04-06 08:09:33.028203+00	1	6	2447	2
836	2020-04-06 08:09:33.039425+00	2020-04-06 08:09:33.039442+00	2020-04-06 08:09:33.037928+00	1	6	2427	2
837	2020-04-06 08:09:33.049114+00	2020-04-06 08:09:33.049129+00	2020-04-06 08:09:33.047866+00	1	6	2414	2
838	2020-04-06 08:09:33.075143+00	2020-04-06 08:09:33.075161+00	2020-04-06 08:09:33.07352+00	1	6	2401	2
839	2020-04-07 03:27:45.417513+00	2020-04-07 03:27:45.417536+00	2020-04-07 03:27:45.416216+00	251	4	2685	1
840	2020-04-07 05:28:43.508873+00	2020-04-07 05:28:43.508893+00	2020-04-07 05:28:43.507662+00	210	14	2814	194
841	2020-04-07 06:32:10.902555+00	2020-04-07 06:32:10.902574+00	2020-04-07 06:32:10.901436+00	1	4	2894	2
842	2020-04-07 06:32:20.087192+00	2020-04-07 06:32:20.087213+00	2020-04-07 06:32:20.085972+00	2	4	2894	3
843	2020-04-07 06:33:24.081155+00	2020-04-07 06:33:24.081178+00	2020-04-07 06:33:24.079934+00	3	4	2894	209
844	2020-04-08 03:40:26.699342+00	2020-04-08 03:40:26.699367+00	2020-04-08 03:40:26.697936+00	145	14	2734	77
845	2020-04-08 04:05:48.10103+00	2020-04-08 04:05:48.101055+00	2020-04-08 04:05:48.096597+00	77	14	2734	145
846	2020-04-08 04:06:36.991882+00	2020-04-08 04:06:36.991906+00	2020-04-08 04:06:36.990484+00	140	14	2733	77
847	2020-04-08 04:10:49.762554+00	2020-04-08 04:10:49.762574+00	2020-04-08 04:10:49.761244+00	1	4	2685	2
848	2020-04-08 04:13:16.944393+00	2020-04-08 04:13:16.944422+00	2020-04-08 04:13:16.942918+00	2	4	2685	3
849	2020-04-08 05:17:16.488897+00	2020-04-08 05:17:16.488922+00	2020-04-08 05:17:16.487274+00	3	4	2685	252
850	2020-04-08 05:18:01.048424+00	2020-04-08 05:18:01.048448+00	2020-04-08 05:18:01.046969+00	252	4	2685	1
851	2020-04-08 07:09:52.407488+00	2020-04-08 07:09:52.407515+00	2020-04-08 07:09:52.406106+00	173	14	2769	148
852	2020-04-08 07:17:07.177842+00	2020-04-08 07:17:07.177868+00	2020-04-08 07:17:07.176511+00	190	14	2755	140
853	2020-04-08 08:21:34.716087+00	2020-04-08 08:21:34.716125+00	2020-04-08 08:21:34.714577+00	3	4	2799	292
854	2020-04-08 08:21:44.583795+00	2020-04-08 08:21:44.583818+00	2020-04-08 08:21:44.58241+00	3	4	2777	291
855	2020-04-08 08:21:50.317141+00	2020-04-08 08:21:50.317226+00	2020-04-08 08:21:50.311636+00	3	4	2781	290
856	2020-04-08 08:22:02.460476+00	2020-04-08 08:22:02.460511+00	2020-04-08 08:22:02.457598+00	3	4	2725	289
857	2020-04-08 08:25:55.393787+00	2020-04-08 08:25:55.393822+00	2020-04-08 08:25:55.391545+00	290	4	2781	3
858	2020-04-08 08:26:04.947157+00	2020-04-08 08:26:04.947188+00	2020-04-08 08:26:04.944961+00	289	4	2725	1
859	2020-04-08 08:26:04.960068+00	2020-04-08 08:26:04.960089+00	2020-04-08 08:26:04.958278+00	291	4	2777	1
860	2020-04-08 08:26:04.979759+00	2020-04-08 08:26:04.979786+00	2020-04-08 08:26:04.976538+00	292	4	2799	1
861	2020-04-09 07:37:56.26626+00	2020-04-09 07:37:56.266287+00	2020-04-09 07:37:56.264736+00	172	14	2757	71
862	2020-04-09 07:39:40.794826+00	2020-04-09 07:39:40.794863+00	2020-04-09 07:39:40.793062+00	93	14	2727	1
863	2020-04-09 07:40:23.434561+00	2020-04-09 07:40:23.434593+00	2020-04-09 07:40:23.433108+00	91	14	2732	1
864	2020-04-09 07:57:48.822857+00	2020-04-09 07:57:48.822885+00	2020-04-09 07:57:48.821491+00	143	14	2736	91
865	2020-04-09 07:58:45.593207+00	2020-04-09 07:58:45.593229+00	2020-04-09 07:58:45.591834+00	144	14	2739	93
866	2020-04-09 08:00:10.7906+00	2020-04-09 08:00:10.79063+00	2020-04-09 08:00:10.789063+00	142	14	2742	87
867	2020-04-09 08:01:42.246746+00	2020-04-09 08:01:42.246777+00	2020-04-09 08:01:42.24528+00	119	14	2706	1
868	2020-04-09 08:06:16.667888+00	2020-04-09 08:06:16.667912+00	2020-04-09 08:06:16.665647+00	209	14	2894	142
869	2020-04-09 08:22:24.44492+00	2020-04-09 08:22:24.444949+00	2020-04-09 08:22:24.443392+00	93	14	2739	144
870	2020-04-09 08:25:26.409135+00	2020-04-09 08:25:26.40916+00	2020-04-09 08:25:26.40771+00	154	14	2761	93
871	2020-04-09 08:26:36.790104+00	2020-04-09 08:26:36.790162+00	2020-04-09 08:26:36.788622+00	174	14	2793	154
872	2020-04-09 08:35:48.050636+00	2020-04-09 08:35:48.050666+00	2020-04-09 08:35:48.049091+00	165	14	2784	143
873	2020-04-09 08:36:28.824465+00	2020-04-09 08:36:28.824487+00	2020-04-09 08:36:28.823143+00	199	14	2808	165
874	2020-04-09 09:21:23.077734+00	2020-04-09 09:21:23.077759+00	2020-04-09 09:21:23.07636+00	195	14	2750	172
875	2020-04-09 09:23:14.485417+00	2020-04-09 09:23:14.485439+00	2020-04-09 09:23:14.484056+00	188	14	2763	173
876	2020-04-09 09:26:37.688429+00	2020-04-09 09:26:37.688449+00	2020-04-09 09:26:37.687149+00	176	14	2768	174
877	2020-04-09 09:39:02.184018+00	2020-04-09 09:39:02.184067+00	2020-04-09 09:39:02.180115+00	204	14	2806	176
878	2020-04-09 09:39:15.134829+00	2020-04-09 09:39:15.13485+00	2020-04-09 09:39:15.133549+00	203	14	2811	199
879	2020-04-09 09:39:36.949587+00	2020-04-09 09:39:36.949713+00	2020-04-09 09:39:36.948026+00	206	14	2818	195
880	2020-04-09 09:39:47.865145+00	2020-04-09 09:39:47.865167+00	2020-04-09 09:39:47.863838+00	205	14	2807	190
881	2020-04-09 09:40:01.147888+00	2020-04-09 09:40:01.147909+00	2020-04-09 09:40:01.146573+00	208	14	2809	188
882	2020-04-09 09:40:13.273958+00	2020-04-09 09:40:13.273984+00	2020-04-09 09:40:13.272598+00	207	14	2817	203
883	2020-04-10 01:02:33.242357+00	2020-04-10 01:02:33.242386+00	2020-04-10 01:02:33.239744+00	3	14	2787	83
884	2020-04-10 01:04:54.039962+00	2020-04-10 01:04:54.039992+00	2020-04-10 01:04:54.038502+00	83	14	2787	88
885	2020-04-10 03:15:04.459024+00	2020-04-10 03:15:04.459061+00	2020-04-10 03:15:04.457348+00	97	14	2729	90
886	2020-04-10 03:17:32.870714+00	2020-04-10 03:17:32.870747+00	2020-04-10 03:17:32.869042+00	3	14	2780	97
887	2020-04-10 03:34:25.22562+00	2020-04-10 03:34:25.22566+00	2020-04-10 03:34:25.224082+00	3	14	2785	68
888	2020-04-10 03:40:03.180294+00	2020-04-10 03:40:03.180337+00	2020-04-10 03:40:03.167663+00	68	14	2785	1
889	2020-04-10 06:23:57.61938+00	2020-04-10 06:23:57.619411+00	2020-04-10 06:23:57.617608+00	176	14	2806	1
890	2020-04-10 07:56:56.45618+00	2020-04-10 07:56:56.456207+00	2020-04-10 07:56:56.45455+00	203	14	2817	176
891	2020-04-11 01:03:24.564023+00	2020-04-11 01:03:24.564079+00	2020-04-11 01:03:24.5625+00	164	14	2759	71
892	2020-04-11 05:36:05.309623+00	2020-04-11 05:36:05.30965+00	2020-04-11 05:36:05.308257+00	201	14	2813	164
893	2020-04-11 05:47:30.014272+00	2020-04-11 05:47:30.0143+00	2020-04-11 05:47:30.012734+00	202	14	2815	201
894	2020-04-13 05:33:21.370626+00	2020-04-13 05:33:21.370657+00	2020-04-13 05:33:21.369055+00	249	14	2735	1
895	2020-04-13 05:35:40.627396+00	2020-04-13 05:35:40.627418+00	2020-04-13 05:35:40.626006+00	159	14	2790	1
896	2020-04-13 05:38:25.428287+00	2020-04-13 05:38:25.42831+00	2020-04-13 05:38:25.426936+00	3	14	2795	23
897	2020-04-13 05:38:29.10052+00	2020-04-13 05:38:29.100544+00	2020-04-13 05:38:29.099248+00	3	14	2758	24
898	2020-04-13 05:38:37.304713+00	2020-04-13 05:38:37.304743+00	2020-04-13 05:38:37.303128+00	23	14	2795	1
899	2020-04-13 05:38:40.503449+00	2020-04-13 05:38:40.503473+00	2020-04-13 05:38:40.50205+00	24	14	2758	1
900	2020-04-13 05:43:27.696383+00	2020-04-13 05:43:27.696417+00	2020-04-13 05:43:27.694839+00	2	4	2830	3
901	2020-04-13 05:43:27.708884+00	2020-04-13 05:43:27.708899+00	2020-04-13 05:43:27.707538+00	2	4	2831	3
902	2020-04-13 05:43:27.716445+00	2020-04-13 05:43:27.71646+00	2020-04-13 05:43:27.715171+00	2	4	2832	3
903	2020-04-13 05:43:27.723874+00	2020-04-13 05:43:27.723889+00	2020-04-13 05:43:27.722587+00	2	4	2833	3
904	2020-04-13 05:43:27.733728+00	2020-04-13 05:43:27.733745+00	2020-04-13 05:43:27.732412+00	2	4	2834	3
905	2020-04-13 05:43:27.742826+00	2020-04-13 05:43:27.742841+00	2020-04-13 05:43:27.741471+00	2	4	2835	3
906	2020-04-13 05:43:27.751982+00	2020-04-13 05:43:27.751998+00	2020-04-13 05:43:27.75067+00	2	4	2836	3
907	2020-04-13 05:43:27.763906+00	2020-04-13 05:43:27.763923+00	2020-04-13 05:43:27.762503+00	2	4	2837	3
908	2020-04-13 05:43:27.772662+00	2020-04-13 05:43:27.772677+00	2020-04-13 05:43:27.771384+00	2	4	2838	3
909	2020-04-13 05:43:27.781538+00	2020-04-13 05:43:27.781553+00	2020-04-13 05:43:27.780275+00	2	4	2839	3
910	2020-04-13 05:43:27.791122+00	2020-04-13 05:43:27.791138+00	2020-04-13 05:43:27.789751+00	2	4	2840	3
911	2020-04-13 05:43:27.800858+00	2020-04-13 05:43:27.80089+00	2020-04-13 05:43:27.799235+00	2	4	2841	3
912	2020-04-13 05:43:27.811191+00	2020-04-13 05:43:27.811208+00	2020-04-13 05:43:27.80983+00	2	4	2844	3
913	2020-04-13 05:43:27.821128+00	2020-04-13 05:43:27.821145+00	2020-04-13 05:43:27.819623+00	2	4	2845	3
914	2020-04-13 05:43:27.830492+00	2020-04-13 05:43:27.830508+00	2020-04-13 05:43:27.829195+00	2	4	2846	3
915	2020-04-13 05:43:27.8402+00	2020-04-13 05:43:27.840216+00	2020-04-13 05:43:27.83893+00	2	4	2847	3
916	2020-04-13 05:43:27.849747+00	2020-04-13 05:43:27.849763+00	2020-04-13 05:43:27.848467+00	2	4	2848	3
917	2020-04-13 05:43:27.85674+00	2020-04-13 05:43:27.856756+00	2020-04-13 05:43:27.85539+00	2	4	2849	3
918	2020-04-13 05:43:27.862824+00	2020-04-13 05:43:27.86284+00	2020-04-13 05:43:27.86153+00	2	4	2850	3
919	2020-04-13 05:43:27.867695+00	2020-04-13 05:43:27.86771+00	2020-04-13 05:43:27.866455+00	2	4	2852	3
920	2020-04-13 05:43:27.872503+00	2020-04-13 05:43:27.872519+00	2020-04-13 05:43:27.871193+00	2	4	2853	3
921	2020-04-13 05:43:27.877328+00	2020-04-13 05:43:27.877345+00	2020-04-13 05:43:27.876016+00	2	4	2854	3
922	2020-04-13 05:43:27.882288+00	2020-04-13 05:43:27.882304+00	2020-04-13 05:43:27.880917+00	2	4	2855	3
923	2020-04-13 05:43:27.889444+00	2020-04-13 05:43:27.88946+00	2020-04-13 05:43:27.888146+00	2	4	2856	3
924	2020-04-13 05:43:27.898873+00	2020-04-13 05:43:27.898889+00	2020-04-13 05:43:27.897627+00	2	4	2857	3
925	2020-04-13 05:43:27.909761+00	2020-04-13 05:43:27.909779+00	2020-04-13 05:43:27.908056+00	2	4	2858	3
926	2020-04-13 05:43:27.919386+00	2020-04-13 05:43:27.919402+00	2020-04-13 05:43:27.917989+00	2	4	2859	3
927	2020-04-13 05:43:27.929304+00	2020-04-13 05:43:27.92932+00	2020-04-13 05:43:27.927979+00	2	4	2860	3
928	2020-04-13 05:43:27.938526+00	2020-04-13 05:43:27.938541+00	2020-04-13 05:43:27.937272+00	2	4	2861	3
929	2020-04-13 05:43:27.948005+00	2020-04-13 05:43:27.948021+00	2020-04-13 05:43:27.946422+00	2	4	2862	3
930	2020-04-13 05:43:27.958729+00	2020-04-13 05:43:27.95875+00	2020-04-13 05:43:27.95615+00	2	4	2863	3
931	2020-04-13 05:43:27.96817+00	2020-04-13 05:43:27.968185+00	2020-04-13 05:43:27.966739+00	2	4	2864	3
932	2020-04-13 05:43:27.975563+00	2020-04-13 05:43:27.975579+00	2020-04-13 05:43:27.97409+00	2	4	2865	3
933	2020-04-13 05:43:27.980447+00	2020-04-13 05:43:27.980462+00	2020-04-13 05:43:27.97912+00	2	4	2866	3
934	2020-04-13 05:43:27.98519+00	2020-04-13 05:43:27.985205+00	2020-04-13 05:43:27.983965+00	2	4	2819	3
935	2020-04-13 05:43:27.989979+00	2020-04-13 05:43:27.989995+00	2020-04-13 05:43:27.988721+00	2	4	2820	3
936	2020-04-13 05:43:27.995258+00	2020-04-13 05:43:27.995274+00	2020-04-13 05:43:27.99399+00	2	4	2821	3
937	2020-04-13 05:43:28.003315+00	2020-04-13 05:43:28.003335+00	2020-04-13 05:43:27.998778+00	2	4	2822	3
938	2020-04-13 05:43:28.01723+00	2020-04-13 05:43:28.017247+00	2020-04-13 05:43:28.015777+00	2	4	2823	3
939	2020-04-13 05:43:28.026926+00	2020-04-13 05:43:28.026942+00	2020-04-13 05:43:28.025621+00	2	4	2824	3
940	2020-04-13 05:43:28.036524+00	2020-04-13 05:43:28.03654+00	2020-04-13 05:43:28.035199+00	2	4	2825	3
941	2020-04-13 05:43:28.046017+00	2020-04-13 05:43:28.046033+00	2020-04-13 05:43:28.04461+00	2	4	2826	3
942	2020-04-13 05:43:28.05308+00	2020-04-13 05:43:28.053096+00	2020-04-13 05:43:28.051816+00	2	4	2827	3
943	2020-04-13 05:43:28.06319+00	2020-04-13 05:43:28.063206+00	2020-04-13 05:43:28.061798+00	2	4	2867	3
944	2020-04-13 05:43:28.072721+00	2020-04-13 05:43:28.072738+00	2020-04-13 05:43:28.071355+00	2	4	2868	3
945	2020-04-13 05:43:28.082391+00	2020-04-13 05:43:28.082409+00	2020-04-13 05:43:28.080821+00	2	4	2869	3
946	2020-04-13 05:43:28.091744+00	2020-04-13 05:43:28.091759+00	2020-04-13 05:43:28.090395+00	2	4	2870	3
947	2020-04-13 05:43:28.098523+00	2020-04-13 05:43:28.098539+00	2020-04-13 05:43:28.097137+00	2	4	2871	3
948	2020-04-13 05:43:28.103426+00	2020-04-13 05:43:28.103442+00	2020-04-13 05:43:28.102156+00	2	4	2872	3
949	2020-04-13 05:43:28.107992+00	2020-04-13 05:43:28.108007+00	2020-04-13 05:43:28.106636+00	2	4	2873	3
950	2020-04-13 05:43:28.117486+00	2020-04-13 05:43:28.117502+00	2020-04-13 05:43:28.116155+00	2	4	2874	3
951	2020-04-13 05:43:28.125914+00	2020-04-13 05:43:28.12593+00	2020-04-13 05:43:28.12438+00	2	4	2875	3
952	2020-04-13 05:43:28.133443+00	2020-04-13 05:43:28.133458+00	2020-04-13 05:43:28.132205+00	2	4	2876	3
953	2020-04-13 05:43:28.142654+00	2020-04-13 05:43:28.14267+00	2020-04-13 05:43:28.14138+00	2	4	2877	3
954	2020-04-13 05:43:28.151934+00	2020-04-13 05:43:28.15195+00	2020-04-13 05:43:28.150652+00	2	4	2878	3
955	2020-04-13 05:43:28.161527+00	2020-04-13 05:43:28.161544+00	2020-04-13 05:43:28.160142+00	2	4	2879	3
956	2020-04-13 05:43:28.17098+00	2020-04-13 05:43:28.171015+00	2020-04-13 05:43:28.169575+00	2	4	2880	3
957	2020-04-13 05:43:28.180626+00	2020-04-13 05:43:28.180643+00	2020-04-13 05:43:28.179096+00	2	4	2828	3
958	2020-04-13 05:43:28.190524+00	2020-04-13 05:43:28.190541+00	2020-04-13 05:43:28.188935+00	2	4	2829	3
959	2020-04-13 05:43:28.195291+00	2020-04-13 05:43:28.195306+00	2020-04-13 05:43:28.194006+00	2	4	2843	3
960	2020-04-13 05:43:28.201456+00	2020-04-13 05:43:28.201475+00	2020-04-13 05:43:28.19878+00	2	4	2881	3
961	2020-04-13 05:43:28.211537+00	2020-04-13 05:43:28.211553+00	2020-04-13 05:43:28.210124+00	2	4	2882	3
962	2020-04-13 05:43:28.216451+00	2020-04-13 05:43:28.216468+00	2020-04-13 05:43:28.214977+00	2	4	2883	3
963	2020-04-13 05:43:28.221164+00	2020-04-13 05:43:28.22118+00	2020-04-13 05:43:28.219891+00	2	4	2884	3
964	2020-04-13 05:43:28.227954+00	2020-04-13 05:43:28.22797+00	2020-04-13 05:43:28.226672+00	2	4	2885	3
965	2020-04-13 05:43:28.237862+00	2020-04-13 05:43:28.237878+00	2020-04-13 05:43:28.236564+00	2	4	2886	3
966	2020-04-13 05:43:28.247478+00	2020-04-13 05:43:28.247493+00	2020-04-13 05:43:28.246189+00	2	4	2887	3
967	2020-04-13 05:43:28.256509+00	2020-04-13 05:43:28.256525+00	2020-04-13 05:43:28.255269+00	2	4	2888	3
968	2020-04-13 05:43:28.275051+00	2020-04-13 05:43:28.275072+00	2020-04-13 05:43:28.273354+00	2	4	2889	3
969	2020-04-13 05:43:28.28439+00	2020-04-13 05:43:28.284407+00	2020-04-13 05:43:28.28314+00	2	4	2890	3
970	2020-04-13 05:43:28.293969+00	2020-04-13 05:43:28.293985+00	2020-04-13 05:43:28.292604+00	2	4	2891	3
971	2020-04-13 05:43:28.303748+00	2020-04-13 05:43:28.303765+00	2020-04-13 05:43:28.302257+00	2	4	2892	3
972	2020-04-13 05:43:28.313172+00	2020-04-13 05:43:28.313189+00	2020-04-13 05:43:28.311829+00	2	4	2893	3
973	2020-04-13 05:43:28.322237+00	2020-04-13 05:43:28.322255+00	2020-04-13 05:43:28.320809+00	2	4	2697	3
974	2020-04-13 05:46:20.355624+00	2020-04-13 05:46:20.355646+00	2020-04-13 05:46:20.354256+00	3	14	2859	202
975	2020-04-13 05:46:56.408497+00	2020-04-13 05:46:56.408519+00	2020-04-13 05:46:56.407083+00	3	14	2855	203
976	2020-04-13 05:47:08.613503+00	2020-04-13 05:47:08.613524+00	2020-04-13 05:47:08.612224+00	3	14	2843	204
977	2020-04-13 05:47:24.145279+00	2020-04-13 05:47:24.145301+00	2020-04-13 05:47:24.14397+00	3	14	2845	205
978	2020-04-13 05:47:36.771992+00	2020-04-13 05:47:36.772028+00	2020-04-13 05:47:36.766783+00	3	14	2847	206
979	2020-04-13 05:47:46.769667+00	2020-04-13 05:47:46.769695+00	2020-04-13 05:47:46.768109+00	3	14	2849	207
980	2020-04-13 05:48:25.176154+00	2020-04-13 05:48:25.176178+00	2020-04-13 05:48:25.174758+00	3	14	2860	208
981	2020-04-13 05:48:37.56739+00	2020-04-13 05:48:37.567414+00	2020-04-13 05:48:37.566041+00	3	14	2819	209
982	2020-04-13 05:48:53.065185+00	2020-04-13 05:48:53.06521+00	2020-04-13 05:48:53.063787+00	3	14	2830	210
983	2020-04-13 05:49:01.986814+00	2020-04-13 05:49:01.986842+00	2020-04-13 05:49:01.985408+00	3	14	2874	211
984	2020-04-13 05:49:10.317255+00	2020-04-13 05:49:10.317281+00	2020-04-13 05:49:10.315868+00	3	14	2840	212
985	2020-04-13 05:49:33.484916+00	2020-04-13 05:49:33.484938+00	2020-04-13 05:49:33.483458+00	3	14	2839	213
986	2020-04-13 05:49:54.971127+00	2020-04-13 05:49:54.97115+00	2020-04-13 05:49:54.969778+00	3	14	2841	214
987	2020-04-13 05:50:10.061937+00	2020-04-13 05:50:10.061961+00	2020-04-13 05:50:10.060442+00	3	14	2829	215
988	2020-04-13 05:50:25.619433+00	2020-04-13 05:50:25.619458+00	2020-04-13 05:50:25.617784+00	3	14	2827	216
989	2020-04-13 05:50:35.31029+00	2020-04-13 05:50:35.310316+00	2020-04-13 05:50:35.307022+00	3	14	2838	217
990	2020-04-13 05:50:45.028064+00	2020-04-13 05:50:45.028086+00	2020-04-13 05:50:45.026739+00	3	14	2877	218
991	2020-04-13 05:51:11.086316+00	2020-04-13 05:51:11.086348+00	2020-04-13 05:51:11.084451+00	3	14	2866	219
992	2020-04-13 05:51:21.077384+00	2020-04-13 05:51:21.077408+00	2020-04-13 05:51:21.076019+00	3	14	2844	220
993	2020-04-13 05:51:58.878216+00	2020-04-13 05:51:58.878241+00	2020-04-13 05:51:58.876708+00	3	14	2873	221
994	2020-04-13 05:52:07.571442+00	2020-04-13 05:52:07.571465+00	2020-04-13 05:52:07.570047+00	3	14	2821	222
995	2020-04-13 05:52:16.396296+00	2020-04-13 05:52:16.396319+00	2020-04-13 05:52:16.394946+00	3	14	2864	223
996	2020-04-13 05:52:23.791479+00	2020-04-13 05:52:23.791501+00	2020-04-13 05:52:23.790045+00	3	14	2871	224
997	2020-04-13 05:52:33.514007+00	2020-04-13 05:52:33.514029+00	2020-04-13 05:52:33.512628+00	3	14	2832	225
998	2020-04-13 05:52:40.894753+00	2020-04-13 05:52:40.894775+00	2020-04-13 05:52:40.893509+00	3	14	2825	226
999	2020-04-13 05:52:50.352918+00	2020-04-13 05:52:50.352942+00	2020-04-13 05:52:50.351551+00	3	14	2869	227
1000	2020-04-13 05:53:02.926669+00	2020-04-13 05:53:02.926693+00	2020-04-13 05:53:02.925377+00	3	14	2833	228
1001	2020-04-13 05:53:14.017794+00	2020-04-13 05:53:14.017818+00	2020-04-13 05:53:14.01636+00	3	14	2854	229
1002	2020-04-13 05:53:22.037266+00	2020-04-13 05:53:22.037294+00	2020-04-13 05:53:22.035774+00	3	14	2848	230
1003	2020-04-13 05:53:33.163044+00	2020-04-13 05:53:33.163067+00	2020-04-13 05:53:33.161683+00	3	14	2875	231
1004	2020-04-13 05:53:46.317398+00	2020-04-13 05:53:46.317421+00	2020-04-13 05:53:46.315931+00	3	14	2823	232
1005	2020-04-13 05:53:55.435916+00	2020-04-13 05:53:55.435943+00	2020-04-13 05:53:55.433984+00	3	14	2846	233
1006	2020-04-13 05:54:05.11571+00	2020-04-13 05:54:05.115734+00	2020-04-13 05:54:05.11418+00	3	14	2852	234
1007	2020-04-13 05:54:16.58089+00	2020-04-13 05:54:16.580912+00	2020-04-13 05:54:16.579439+00	3	14	2831	235
1008	2020-04-13 05:54:28.69529+00	2020-04-13 05:54:28.695313+00	2020-04-13 05:54:28.693924+00	3	14	2861	236
1009	2020-04-13 05:54:38.964091+00	2020-04-13 05:54:38.964119+00	2020-04-13 05:54:38.962599+00	3	14	2836	237
1010	2020-04-13 05:54:53.89485+00	2020-04-13 05:54:53.894871+00	2020-04-13 05:54:53.893466+00	3	14	2828	238
1011	2020-04-13 05:55:41.526383+00	2020-04-13 05:55:41.526408+00	2020-04-13 05:55:41.524981+00	3	14	2882	239
1012	2020-04-13 05:55:56.721996+00	2020-04-13 05:55:56.722018+00	2020-04-13 05:55:56.720726+00	3	14	2853	240
1013	2020-04-13 05:56:11.329088+00	2020-04-13 05:56:11.329109+00	2020-04-13 05:56:11.327735+00	3	14	2876	241
1014	2020-04-13 05:56:24.50252+00	2020-04-13 05:56:24.502548+00	2020-04-13 05:56:24.501114+00	3	14	2856	242
1015	2020-04-13 05:56:40.462316+00	2020-04-13 05:56:40.462347+00	2020-04-13 05:56:40.460248+00	3	14	2850	243
1016	2020-04-13 05:56:52.493863+00	2020-04-13 05:56:52.493886+00	2020-04-13 05:56:52.49257+00	3	14	2872	244
1017	2020-04-13 05:56:59.868566+00	2020-04-13 05:56:59.868601+00	2020-04-13 05:56:59.865504+00	3	14	2826	245
1018	2020-04-13 05:57:11.99006+00	2020-04-13 05:57:11.990083+00	2020-04-13 05:57:11.988794+00	3	14	2822	246
1019	2020-04-13 05:57:24.901887+00	2020-04-13 05:57:24.901909+00	2020-04-13 05:57:24.900635+00	3	14	2834	247
1020	2020-04-13 05:58:24.224939+00	2020-04-13 05:58:24.224964+00	2020-04-13 05:58:24.223577+00	3	14	2824	248
1021	2020-04-13 05:58:34.234424+00	2020-04-13 05:58:34.234447+00	2020-04-13 05:58:34.233092+00	3	14	2868	249
1022	2020-04-13 05:58:43.943948+00	2020-04-13 05:58:43.94397+00	2020-04-13 05:58:43.942535+00	3	14	2867	250
1023	2020-04-13 05:58:57.516767+00	2020-04-13 05:58:57.51679+00	2020-04-13 05:58:57.515352+00	3	14	2878	251
1024	2020-04-13 05:59:06.575932+00	2020-04-13 05:59:06.575962+00	2020-04-13 05:59:06.574516+00	3	14	2835	252
1025	2020-04-13 05:59:14.102296+00	2020-04-13 05:59:14.102318+00	2020-04-13 05:59:14.101017+00	3	14	2858	253
1026	2020-04-13 05:59:24.370992+00	2020-04-13 05:59:24.371043+00	2020-04-13 05:59:24.369564+00	3	14	2863	254
1027	2020-04-13 05:59:35.663267+00	2020-04-13 05:59:35.663291+00	2020-04-13 05:59:35.661908+00	3	14	2879	255
1028	2020-04-13 05:59:42.974821+00	2020-04-13 05:59:42.974858+00	2020-04-13 05:59:42.97344+00	3	14	2885	256
1029	2020-04-13 05:59:50.713224+00	2020-04-13 05:59:50.713246+00	2020-04-13 05:59:50.711948+00	3	14	2891	257
1030	2020-04-13 05:59:59.523979+00	2020-04-13 05:59:59.524006+00	2020-04-13 05:59:59.522493+00	3	14	2886	258
1031	2020-04-13 06:00:07.334499+00	2020-04-13 06:00:07.334535+00	2020-04-13 06:00:07.330517+00	3	14	2890	259
1032	2020-04-13 06:00:15.870336+00	2020-04-13 06:00:15.870361+00	2020-04-13 06:00:15.86782+00	3	14	2887	260
1033	2020-04-13 06:00:27.328028+00	2020-04-13 06:00:27.328051+00	2020-04-13 06:00:27.326632+00	3	14	2884	261
1034	2020-04-13 06:00:37.101494+00	2020-04-13 06:00:37.101522+00	2020-04-13 06:00:37.10012+00	3	14	2888	262
1035	2020-04-13 06:00:47.186536+00	2020-04-13 06:00:47.186561+00	2020-04-13 06:00:47.185251+00	3	14	2697	263
1036	2020-04-13 06:00:57.001691+00	2020-04-13 06:00:57.001712+00	2020-04-13 06:00:57.000446+00	3	14	2880	264
1037	2020-04-13 06:03:02.485587+00	2020-04-13 06:03:02.48562+00	2020-04-13 06:03:02.484054+00	3	14	2820	159
1038	2020-04-13 06:44:22.726968+00	2020-04-13 06:44:22.727027+00	2020-04-13 06:44:22.725442+00	1	4	2758	2
1039	2020-04-13 06:44:22.737776+00	2020-04-13 06:44:22.737802+00	2020-04-13 06:44:22.735851+00	1	4	2795	2
1040	2020-04-13 06:44:22.749746+00	2020-04-13 06:44:22.74977+00	2020-04-13 06:44:22.748094+00	1	4	2735	2
1041	2020-04-13 06:44:44.598483+00	2020-04-13 06:44:44.598509+00	2020-04-13 06:44:44.596803+00	2	4	2735	3
1042	2020-04-13 06:44:49.341734+00	2020-04-13 06:44:49.341755+00	2020-04-13 06:44:49.340444+00	2	4	2795	3
1043	2020-04-13 06:44:49.351718+00	2020-04-13 06:44:49.351742+00	2020-04-13 06:44:49.349586+00	2	4	2758	3
1044	2020-04-13 06:45:13.182985+00	2020-04-13 06:45:13.183032+00	2020-04-13 06:45:13.181599+00	3	4	2735	292
1045	2020-04-13 06:46:13.517563+00	2020-04-13 06:46:13.517593+00	2020-04-13 06:46:13.516074+00	3	4	2758	291
1046	2020-04-13 06:46:19.531139+00	2020-04-13 06:46:19.531159+00	2020-04-13 06:46:19.529858+00	3	4	2795	290
1047	2020-04-13 06:49:42.739511+00	2020-04-13 06:49:42.739537+00	2020-04-13 06:49:42.738129+00	290	4	2795	1
1048	2020-04-13 06:49:42.748544+00	2020-04-13 06:49:42.748563+00	2020-04-13 06:49:42.74707+00	291	4	2758	1
1049	2020-04-13 06:49:42.75799+00	2020-04-13 06:49:42.758006+00	2020-04-13 06:49:42.75666+00	292	4	2735	1
1050	2020-04-14 01:57:11.965903+00	2020-04-14 01:57:11.965924+00	2020-04-14 01:57:11.964487+00	147	14	2741	272
1051	2020-04-14 01:57:44.083873+00	2020-04-14 01:57:44.083895+00	2020-04-14 01:57:44.08213+00	218	14	2877	147
1052	2020-04-14 02:07:26.536255+00	2020-04-14 02:07:26.536283+00	2020-04-14 02:07:26.534776+00	253	14	2858	218
1053	2020-04-14 02:12:28.512147+00	2020-04-14 02:12:28.512176+00	2020-04-14 02:12:28.508586+00	264	14	2880	253
1054	2020-04-14 02:27:35.116754+00	2020-04-14 02:27:35.116781+00	2020-04-14 02:27:35.115313+00	3	14	2892	264
1055	2020-04-14 02:27:51.352109+00	2020-04-14 02:27:51.352131+00	2020-04-14 02:27:51.350381+00	3	14	2893	265
1056	2020-04-14 02:46:56.027011+00	2020-04-14 02:46:56.027051+00	2020-04-14 02:46:56.025333+00	1	6	2523	2
1057	2020-04-14 02:46:56.041975+00	2020-04-14 02:46:56.042004+00	2020-04-14 02:46:56.040032+00	1	6	2464	2
1058	2020-04-14 02:46:56.054209+00	2020-04-14 02:46:56.054247+00	2020-04-14 02:46:56.052504+00	1	6	2520	2
1059	2020-04-14 02:46:56.064566+00	2020-04-14 02:46:56.064582+00	2020-04-14 02:46:56.06324+00	1	6	1583	2
1060	2020-04-14 02:46:56.075024+00	2020-04-14 02:46:56.075042+00	2020-04-14 02:46:56.073719+00	1	6	2525	2
1061	2020-04-14 02:46:56.083878+00	2020-04-14 02:46:56.083893+00	2020-04-14 02:46:56.082626+00	1	6	2521	2
1062	2020-04-14 02:46:56.092822+00	2020-04-14 02:46:56.092837+00	2020-04-14 02:46:56.091545+00	1	6	2527	2
1063	2020-04-14 02:46:56.101659+00	2020-04-14 02:46:56.101676+00	2020-04-14 02:46:56.100418+00	1	6	2522	2
1064	2020-04-14 02:46:56.111639+00	2020-04-14 02:46:56.111658+00	2020-04-14 02:46:56.110086+00	1	6	2524	2
1065	2020-04-14 02:46:56.117729+00	2020-04-14 02:46:56.117747+00	2020-04-14 02:46:56.116379+00	1	6	2528	2
1066	2020-04-14 02:49:11.335251+00	2020-04-14 02:49:11.335306+00	2020-04-14 02:49:11.333761+00	1	6	2895	2
1067	2020-04-14 02:49:11.34853+00	2020-04-14 02:49:11.348549+00	2020-04-14 02:49:11.347014+00	1	6	1758	2
1068	2020-04-14 02:49:11.360643+00	2020-04-14 02:49:11.360709+00	2020-04-14 02:49:11.35847+00	1	6	2599	2
1069	2020-04-14 02:49:11.374742+00	2020-04-14 02:49:11.374758+00	2020-04-14 02:49:11.373351+00	1	6	2598	2
1070	2020-04-14 02:49:11.384775+00	2020-04-14 02:49:11.384791+00	2020-04-14 02:49:11.383262+00	1	6	2597	2
1071	2020-04-14 02:49:11.394594+00	2020-04-14 02:49:11.39461+00	2020-04-14 02:49:11.393253+00	1	6	2596	2
1072	2020-04-14 02:49:11.405281+00	2020-04-14 02:49:11.405297+00	2020-04-14 02:49:11.403978+00	1	6	2595	2
1073	2020-04-14 02:49:11.415072+00	2020-04-14 02:49:11.41509+00	2020-04-14 02:49:11.413043+00	1	6	2594	2
1074	2020-04-14 02:49:11.421949+00	2020-04-14 02:49:11.421965+00	2020-04-14 02:49:11.420661+00	1	6	2593	2
1075	2020-04-14 02:49:11.426761+00	2020-04-14 02:49:11.426777+00	2020-04-14 02:49:11.425479+00	1	6	2592	2
1076	2020-04-14 02:49:11.431394+00	2020-04-14 02:49:11.431409+00	2020-04-14 02:49:11.43017+00	1	6	2591	2
1077	2020-04-14 02:49:11.436152+00	2020-04-14 02:49:11.436167+00	2020-04-14 02:49:11.434909+00	1	6	2590	2
1078	2020-04-14 02:49:11.443601+00	2020-04-14 02:49:11.443617+00	2020-04-14 02:49:11.442247+00	1	6	2589	2
1079	2020-04-14 02:49:11.453412+00	2020-04-14 02:49:11.45343+00	2020-04-14 02:49:11.451818+00	1	6	2588	2
1080	2020-04-14 02:49:11.466791+00	2020-04-14 02:49:11.466812+00	2020-04-14 02:49:11.464436+00	1	6	2587	2
1081	2020-04-14 02:49:11.476469+00	2020-04-14 02:49:11.476485+00	2020-04-14 02:49:11.475111+00	1	6	2586	2
1082	2020-04-14 02:49:11.485921+00	2020-04-14 02:49:11.485936+00	2020-04-14 02:49:11.484695+00	1	6	2585	2
1083	2020-04-14 02:49:11.49553+00	2020-04-14 02:49:11.495546+00	2020-04-14 02:49:11.49414+00	1	6	2584	2
1084	2020-04-14 02:49:11.505113+00	2020-04-14 02:49:11.505129+00	2020-04-14 02:49:11.503723+00	1	6	2583	2
1085	2020-04-14 02:49:11.514938+00	2020-04-14 02:49:11.514954+00	2020-04-14 02:49:11.513595+00	1	6	2582	2
1086	2020-04-14 02:49:11.524063+00	2020-04-14 02:49:11.524078+00	2020-04-14 02:49:11.522776+00	1	6	2581	2
1087	2020-04-14 02:49:11.532938+00	2020-04-14 02:49:11.532954+00	2020-04-14 02:49:11.53125+00	1	6	2580	2
1088	2020-04-14 02:49:11.545737+00	2020-04-14 02:49:11.545755+00	2020-04-14 02:49:11.544298+00	1	6	2579	2
1089	2020-04-14 02:49:11.552731+00	2020-04-14 02:49:11.552747+00	2020-04-14 02:49:11.551388+00	1	6	2578	2
1090	2020-04-14 02:49:11.557903+00	2020-04-14 02:49:11.557918+00	2020-04-14 02:49:11.556542+00	1	6	2577	2
1091	2020-04-14 02:49:11.566774+00	2020-04-14 02:49:11.566794+00	2020-04-14 02:49:11.565112+00	1	6	2576	2
1092	2020-04-14 02:49:11.571938+00	2020-04-14 02:49:11.571954+00	2020-04-14 02:49:11.570621+00	1	6	2575	2
1093	2020-04-14 02:49:11.579315+00	2020-04-14 02:49:11.579332+00	2020-04-14 02:49:11.577869+00	1	6	2574	2
1094	2020-04-14 02:49:11.588488+00	2020-04-14 02:49:11.588504+00	2020-04-14 02:49:11.587216+00	1	6	2572	2
1095	2020-04-14 02:49:11.598409+00	2020-04-14 02:49:11.598425+00	2020-04-14 02:49:11.597078+00	1	6	2571	2
1096	2020-04-14 02:49:11.606896+00	2020-04-14 02:49:11.606911+00	2020-04-14 02:49:11.605635+00	1	6	2570	2
1097	2020-04-14 02:49:11.616322+00	2020-04-14 02:49:11.616337+00	2020-04-14 02:49:11.615097+00	1	6	2569	2
1098	2020-04-14 02:49:11.625772+00	2020-04-14 02:49:11.625787+00	2020-04-14 02:49:11.624466+00	1	6	2568	2
1099	2020-04-14 02:49:11.635458+00	2020-04-14 02:49:11.635473+00	2020-04-14 02:49:11.634177+00	1	6	2567	2
1100	2020-04-14 02:49:11.651611+00	2020-04-14 02:49:11.651629+00	2020-04-14 02:49:11.649946+00	1	6	2566	2
1101	2020-04-14 02:49:11.660515+00	2020-04-14 02:49:11.660539+00	2020-04-14 02:49:11.659028+00	1	6	2565	2
1102	2020-04-14 02:49:11.671391+00	2020-04-14 02:49:11.671411+00	2020-04-14 02:49:11.669607+00	1	6	2564	2
1103	2020-04-14 02:49:11.680088+00	2020-04-14 02:49:11.680104+00	2020-04-14 02:49:11.678807+00	1	6	2563	2
1104	2020-04-14 02:49:11.688633+00	2020-04-14 02:49:11.688649+00	2020-04-14 02:49:11.687341+00	1	6	2562	2
1105	2020-04-14 02:49:11.696984+00	2020-04-14 02:49:11.697+00	2020-04-14 02:49:11.695758+00	1	6	2561	2
1106	2020-04-14 02:49:11.702359+00	2020-04-14 02:49:11.702376+00	2020-04-14 02:49:11.700693+00	1	6	2560	2
1107	2020-04-14 02:49:11.707247+00	2020-04-14 02:49:11.707264+00	2020-04-14 02:49:11.705934+00	1	6	2559	2
1108	2020-04-14 02:49:11.714206+00	2020-04-14 02:49:11.714231+00	2020-04-14 02:49:11.712961+00	1	6	2558	2
1109	2020-04-14 02:49:11.723645+00	2020-04-14 02:49:11.723662+00	2020-04-14 02:49:11.722287+00	1	6	2557	2
1110	2020-04-14 02:49:11.733072+00	2020-04-14 02:49:11.733093+00	2020-04-14 02:49:11.731722+00	1	6	2556	2
1111	2020-04-14 02:49:11.744371+00	2020-04-14 02:49:11.744389+00	2020-04-14 02:49:11.742829+00	1	6	2555	2
1112	2020-04-14 02:49:11.754405+00	2020-04-14 02:49:11.754423+00	2020-04-14 02:49:11.752947+00	1	6	2554	2
1113	2020-04-14 02:49:11.768511+00	2020-04-14 02:49:11.768529+00	2020-04-14 02:49:11.766535+00	1	6	2553	2
1114	2020-04-14 02:49:11.778547+00	2020-04-14 02:49:11.778565+00	2020-04-14 02:49:11.776403+00	1	6	2552	2
1115	2020-04-14 02:49:11.787707+00	2020-04-14 02:49:11.787723+00	2020-04-14 02:49:11.786426+00	1	6	2551	2
1116	2020-04-14 02:49:11.796957+00	2020-04-14 02:49:11.796975+00	2020-04-14 02:49:11.795232+00	1	6	2550	2
1117	2020-04-14 02:49:11.805908+00	2020-04-14 02:49:11.805924+00	2020-04-14 02:49:11.804462+00	1	6	2549	2
1118	2020-04-14 02:49:11.814694+00	2020-04-14 02:49:11.81471+00	2020-04-14 02:49:11.813378+00	1	6	2548	2
1119	2020-04-14 02:49:11.823791+00	2020-04-14 02:49:11.823809+00	2020-04-14 02:49:11.822394+00	1	6	2573	2
1120	2020-04-14 02:49:11.829052+00	2020-04-14 02:49:11.829067+00	2020-04-14 02:49:11.827747+00	1	6	2547	2
1121	2020-04-14 02:49:11.834449+00	2020-04-14 02:49:11.834466+00	2020-04-14 02:49:11.833043+00	1	6	2546	2
1122	2020-04-14 02:49:11.843836+00	2020-04-14 02:49:11.843857+00	2020-04-14 02:49:11.842172+00	1	6	2545	2
1123	2020-04-14 02:49:11.853505+00	2020-04-14 02:49:11.853523+00	2020-04-14 02:49:11.852097+00	1	6	2543	2
1124	2020-04-14 02:49:11.86346+00	2020-04-14 02:49:11.863478+00	2020-04-14 02:49:11.861997+00	1	6	2542	2
1125	2020-04-14 02:49:11.875055+00	2020-04-14 02:49:11.875074+00	2020-04-14 02:49:11.873549+00	1	6	2541	2
1126	2020-04-14 02:49:11.884524+00	2020-04-14 02:49:11.884541+00	2020-04-14 02:49:11.883186+00	1	6	2540	2
1127	2020-04-14 02:49:11.894463+00	2020-04-14 02:49:11.894482+00	2020-04-14 02:49:11.893016+00	1	6	2539	2
1128	2020-04-14 02:49:11.905027+00	2020-04-14 02:49:11.905056+00	2020-04-14 02:49:11.903118+00	1	6	2538	2
1129	2020-04-14 02:49:11.91459+00	2020-04-14 02:49:11.914606+00	2020-04-14 02:49:11.913294+00	1	6	2537	2
1130	2020-04-14 02:49:11.922007+00	2020-04-14 02:49:11.922024+00	2020-04-14 02:49:11.920645+00	1	6	2534	2
1131	2020-04-14 02:49:11.926795+00	2020-04-14 02:49:11.92681+00	2020-04-14 02:49:11.925553+00	1	6	2533	2
1132	2020-04-14 02:49:11.93233+00	2020-04-14 02:49:11.932348+00	2020-04-14 02:49:11.930476+00	1	6	2532	2
1133	2020-04-14 02:49:11.942722+00	2020-04-14 02:49:11.942754+00	2020-04-14 02:49:11.935831+00	1	6	2531	2
1134	2020-04-14 02:49:11.951355+00	2020-04-14 02:49:11.951375+00	2020-04-14 02:49:11.949792+00	1	6	2529	2
1135	2020-04-14 02:49:49.82763+00	2020-04-14 02:49:49.827652+00	2020-04-14 02:49:49.826172+00	2	6	2588	1
1136	2020-04-14 02:50:06.818532+00	2020-04-14 02:50:06.818555+00	2020-04-14 02:50:06.817083+00	2	6	2580	1
1137	2020-04-14 02:50:17.565233+00	2020-04-14 02:50:17.565254+00	2020-04-14 02:50:17.563999+00	2	6	2590	1
1138	2020-04-14 02:50:26.226351+00	2020-04-14 02:50:26.226375+00	2020-04-14 02:50:26.225083+00	2	6	2586	1
1139	2020-04-14 02:50:36.53607+00	2020-04-14 02:50:36.53609+00	2020-04-14 02:50:36.534486+00	2	6	2591	1
1140	2020-04-14 02:50:45.451237+00	2020-04-14 02:50:45.45126+00	2020-04-14 02:50:45.449888+00	2	6	2598	1
1141	2020-04-14 07:15:13.090826+00	2020-04-14 07:15:13.090851+00	2020-04-14 07:15:13.089273+00	3	14	2865	292
1142	2020-04-14 07:16:40.823669+00	2020-04-14 07:16:40.823698+00	2020-04-14 07:16:40.821455+00	292	14	2865	1
1143	2020-04-15 02:10:12.570321+00	2020-04-15 02:10:12.570349+00	2020-04-15 02:10:12.566743+00	3	14	2857	292
1144	2020-04-15 02:11:03.480905+00	2020-04-15 02:11:03.480928+00	2020-04-15 02:11:03.478481+00	292	14	2857	1
1145	2020-04-15 07:16:54.620044+00	2020-04-15 07:16:54.620074+00	2020-04-15 07:16:54.618463+00	132	14	2683	291
1146	2020-04-15 07:21:08.260253+00	2020-04-15 07:21:08.260275+00	2020-04-15 07:21:08.258937+00	125	14	2698	290
1147	2020-04-16 02:45:27.103606+00	2020-04-16 02:45:27.103634+00	2020-04-16 02:45:27.102126+00	247	14	2834	165
1148	2020-04-16 02:57:01.945339+00	2020-04-16 02:57:01.945385+00	2020-04-16 02:57:01.93843+00	248	14	2824	227
1149	2020-04-16 02:57:49.39178+00	2020-04-16 02:57:49.391808+00	2020-04-16 02:57:49.390278+00	251	14	2878	224
1150	2020-04-16 03:06:09.870246+00	2020-04-16 03:06:09.870274+00	2020-04-16 03:06:09.868839+00	264	14	2892	248
1151	2020-04-16 03:06:24.594012+00	2020-04-16 03:06:24.594045+00	2020-04-16 03:06:24.592462+00	265	14	2893	251
\.


--
-- Name: auth_group_id_seq; Type: SEQUENCE SET; Schema: public; Owner: postgres
--

SELECT pg_catalog.setval('public.auth_group_id_seq', 1, false);


--
-- Name: auth_group_permissions_id_seq; Type: SEQUENCE SET; Schema: public; Owner: postgres
--

SELECT pg_catalog.setval('public.auth_group_permissions_id_seq', 1, false);


--
-- Name: auth_permission_id_seq; Type: SEQUENCE SET; Schema: public; Owner: postgres
--

SELECT pg_catalog.setval('public.auth_permission_id_seq', 152, true);


--
-- Name: auth_user_groups_id_seq; Type: SEQUENCE SET; Schema: public; Owner: postgres
--

SELECT pg_catalog.setval('public.auth_user_groups_id_seq', 1, false);


--
-- Name: auth_user_id_seq; Type: SEQUENCE SET; Schema: public; Owner: postgres
--

SELECT pg_catalog.setval('public.auth_user_id_seq', 20, true);


--
-- Name: auth_user_user_permissions_id_seq; Type: SEQUENCE SET; Schema: public; Owner: postgres
--

SELECT pg_catalog.setval('public.auth_user_user_permissions_id_seq', 1, false);


--
-- Name: django_admin_log_id_seq; Type: SEQUENCE SET; Schema: public; Owner: postgres
--

SELECT pg_catalog.setval('public.django_admin_log_id_seq', 767, true);


--
-- Name: django_content_type_id_seq; Type: SEQUENCE SET; Schema: public; Owner: postgres
--

SELECT pg_catalog.setval('public.django_content_type_id_seq', 38, true);


--
-- Name: django_migrations_id_seq; Type: SEQUENCE SET; Schema: public; Owner: postgres
--

SELECT pg_catalog.setval('public.django_migrations_id_seq', 63, true);


--
-- Name: locations_location_id_seq; Type: SEQUENCE SET; Schema: public; Owner: postgres
--

SELECT pg_catalog.setval('public.locations_location_id_seq', 457, true);


--
-- Name: locations_pigletsgroupcell_id_seq; Type: SEQUENCE SET; Schema: public; Owner: postgres
--

SELECT pg_catalog.setval('public.locations_pigletsgroupcell_id_seq', 138, true);


--
-- Name: locations_section_id_seq; Type: SEQUENCE SET; Schema: public; Owner: postgres
--

SELECT pg_catalog.setval('public.locations_section_id_seq', 38, true);


--
-- Name: locations_sowandpigletscell_id_seq; Type: SEQUENCE SET; Schema: public; Owner: postgres
--

SELECT pg_catalog.setval('public.locations_sowandpigletscell_id_seq', 270, true);


--
-- Name: locations_sowgroupcell_id_seq; Type: SEQUENCE SET; Schema: public; Owner: postgres
--

SELECT pg_catalog.setval('public.locations_sowgroupcell_id_seq', 1, false);


--
-- Name: locations_sowgroupcell_sows_id_seq; Type: SEQUENCE SET; Schema: public; Owner: postgres
--

SELECT pg_catalog.setval('public.locations_sowgroupcell_sows_id_seq', 1, false);


--
-- Name: locations_sowsinglecell_id_seq; Type: SEQUENCE SET; Schema: public; Owner: postgres
--

SELECT pg_catalog.setval('public.locations_sowsinglecell_id_seq', 1, false);


--
-- Name: locations_workshop_id_seq; Type: SEQUENCE SET; Schema: public; Owner: postgres
--

SELECT pg_catalog.setval('public.locations_workshop_id_seq', 11, true);


--
-- Name: piglets_events_cullingpiglets_id_seq; Type: SEQUENCE SET; Schema: public; Owner: postgres
--

SELECT pg_catalog.setval('public.piglets_events_cullingpiglets_id_seq', 368, true);


--
-- Name: piglets_events_pigletsmerger_id_seq; Type: SEQUENCE SET; Schema: public; Owner: postgres
--

SELECT pg_catalog.setval('public.piglets_events_pigletsmerger_id_seq', 187, true);


--
-- Name: piglets_events_pigletssplit_id_seq; Type: SEQUENCE SET; Schema: public; Owner: postgres
--

SELECT pg_catalog.setval('public.piglets_events_pigletssplit_id_seq', 205, true);


--
-- Name: piglets_events_recount_id_seq; Type: SEQUENCE SET; Schema: public; Owner: postgres
--

SELECT pg_catalog.setval('public.piglets_events_recount_id_seq', 1, false);


--
-- Name: piglets_events_weighingpiglets_id_seq; Type: SEQUENCE SET; Schema: public; Owner: postgres
--

SELECT pg_catalog.setval('public.piglets_events_weighingpiglets_id_seq', 339, true);


--
-- Name: piglets_piglets_id_seq; Type: SEQUENCE SET; Schema: public; Owner: postgres
--

SELECT pg_catalog.setval('public.piglets_piglets_id_seq', 1050, true);


--
-- Name: piglets_pigletsstatus_id_seq; Type: SEQUENCE SET; Schema: public; Owner: postgres
--

SELECT pg_catalog.setval('public.piglets_pigletsstatus_id_seq', 5, true);


--
-- Name: sows_boar_id_seq; Type: SEQUENCE SET; Schema: public; Owner: postgres
--

SELECT pg_catalog.setval('public.sows_boar_id_seq', 12, true);


--
-- Name: sows_events_abortionsow_id_seq; Type: SEQUENCE SET; Schema: public; Owner: postgres
--

SELECT pg_catalog.setval('public.sows_events_abortionsow_id_seq', 57, true);


--
-- Name: sows_events_cullingsow_id_seq; Type: SEQUENCE SET; Schema: public; Owner: postgres
--

SELECT pg_catalog.setval('public.sows_events_cullingsow_id_seq', 50, true);


--
-- Name: sows_events_semination_id_seq; Type: SEQUENCE SET; Schema: public; Owner: postgres
--

SELECT pg_catalog.setval('public.sows_events_semination_id_seq', 5791, true);


--
-- Name: sows_events_sowfarrow_id_seq; Type: SEQUENCE SET; Schema: public; Owner: postgres
--

SELECT pg_catalog.setval('public.sows_events_sowfarrow_id_seq', 157, true);


--
-- Name: sows_events_ultrasound_id_seq; Type: SEQUENCE SET; Schema: public; Owner: postgres
--

SELECT pg_catalog.setval('public.sows_events_ultrasound_id_seq', 1258, true);


--
-- Name: sows_events_ultrasoundtype_id_seq; Type: SEQUENCE SET; Schema: public; Owner: postgres
--

SELECT pg_catalog.setval('public.sows_events_ultrasoundtype_id_seq', 2, true);


--
-- Name: sows_events_weaningsow_id_seq; Type: SEQUENCE SET; Schema: public; Owner: postgres
--

SELECT pg_catalog.setval('public.sows_events_weaningsow_id_seq', 1, false);


--
-- Name: sows_gilt_id_seq; Type: SEQUENCE SET; Schema: public; Owner: postgres
--

SELECT pg_catalog.setval('public.sows_gilt_id_seq', 1, false);


--
-- Name: sows_sow_id_seq; Type: SEQUENCE SET; Schema: public; Owner: postgres
--

SELECT pg_catalog.setval('public.sows_sow_id_seq', 2895, true);


--
-- Name: sows_sowstatus_id_seq; Type: SEQUENCE SET; Schema: public; Owner: postgres
--

SELECT pg_catalog.setval('public.sows_sowstatus_id_seq', 11, true);


--
-- Name: staff_workshopemployee_id_seq; Type: SEQUENCE SET; Schema: public; Owner: postgres
--

SELECT pg_catalog.setval('public.staff_workshopemployee_id_seq', 17, true);


--
-- Name: tours_metatour_id_seq; Type: SEQUENCE SET; Schema: public; Owner: postgres
--

SELECT pg_catalog.setval('public.tours_metatour_id_seq', 1050, true);


--
-- Name: tours_metatourrecord_id_seq; Type: SEQUENCE SET; Schema: public; Owner: postgres
--

SELECT pg_catalog.setval('public.tours_metatourrecord_id_seq', 1239, true);


--
-- Name: tours_tour_id_seq; Type: SEQUENCE SET; Schema: public; Owner: postgres
--

SELECT pg_catalog.setval('public.tours_tour_id_seq', 44, true);


--
-- Name: transactions_pigletstransaction_id_seq; Type: SEQUENCE SET; Schema: public; Owner: postgres
--

SELECT pg_catalog.setval('public.transactions_pigletstransaction_id_seq', 911, true);


--
-- Name: transactions_sowtransaction_id_seq; Type: SEQUENCE SET; Schema: public; Owner: postgres
--

SELECT pg_catalog.setval('public.transactions_sowtransaction_id_seq', 1151, true);


--
-- Name: auth_group auth_group_name_key; Type: CONSTRAINT; Schema: public; Owner: postgres
--

ALTER TABLE ONLY public.auth_group
    ADD CONSTRAINT auth_group_name_key UNIQUE (name);


--
-- Name: auth_group_permissions auth_group_permissions_group_id_permission_id_0cd325b0_uniq; Type: CONSTRAINT; Schema: public; Owner: postgres
--

ALTER TABLE ONLY public.auth_group_permissions
    ADD CONSTRAINT auth_group_permissions_group_id_permission_id_0cd325b0_uniq UNIQUE (group_id, permission_id);


--
-- Name: auth_group_permissions auth_group_permissions_pkey; Type: CONSTRAINT; Schema: public; Owner: postgres
--

ALTER TABLE ONLY public.auth_group_permissions
    ADD CONSTRAINT auth_group_permissions_pkey PRIMARY KEY (id);


--
-- Name: auth_group auth_group_pkey; Type: CONSTRAINT; Schema: public; Owner: postgres
--

ALTER TABLE ONLY public.auth_group
    ADD CONSTRAINT auth_group_pkey PRIMARY KEY (id);


--
-- Name: auth_permission auth_permission_content_type_id_codename_01ab375a_uniq; Type: CONSTRAINT; Schema: public; Owner: postgres
--

ALTER TABLE ONLY public.auth_permission
    ADD CONSTRAINT auth_permission_content_type_id_codename_01ab375a_uniq UNIQUE (content_type_id, codename);


--
-- Name: auth_permission auth_permission_pkey; Type: CONSTRAINT; Schema: public; Owner: postgres
--

ALTER TABLE ONLY public.auth_permission
    ADD CONSTRAINT auth_permission_pkey PRIMARY KEY (id);


--
-- Name: auth_user_groups auth_user_groups_pkey; Type: CONSTRAINT; Schema: public; Owner: postgres
--

ALTER TABLE ONLY public.auth_user_groups
    ADD CONSTRAINT auth_user_groups_pkey PRIMARY KEY (id);


--
-- Name: auth_user_groups auth_user_groups_user_id_group_id_94350c0c_uniq; Type: CONSTRAINT; Schema: public; Owner: postgres
--

ALTER TABLE ONLY public.auth_user_groups
    ADD CONSTRAINT auth_user_groups_user_id_group_id_94350c0c_uniq UNIQUE (user_id, group_id);


--
-- Name: auth_user auth_user_pkey; Type: CONSTRAINT; Schema: public; Owner: postgres
--

ALTER TABLE ONLY public.auth_user
    ADD CONSTRAINT auth_user_pkey PRIMARY KEY (id);


--
-- Name: auth_user_user_permissions auth_user_user_permissions_pkey; Type: CONSTRAINT; Schema: public; Owner: postgres
--

ALTER TABLE ONLY public.auth_user_user_permissions
    ADD CONSTRAINT auth_user_user_permissions_pkey PRIMARY KEY (id);


--
-- Name: auth_user_user_permissions auth_user_user_permissions_user_id_permission_id_14a6b632_uniq; Type: CONSTRAINT; Schema: public; Owner: postgres
--

ALTER TABLE ONLY public.auth_user_user_permissions
    ADD CONSTRAINT auth_user_user_permissions_user_id_permission_id_14a6b632_uniq UNIQUE (user_id, permission_id);


--
-- Name: auth_user auth_user_username_key; Type: CONSTRAINT; Schema: public; Owner: postgres
--

ALTER TABLE ONLY public.auth_user
    ADD CONSTRAINT auth_user_username_key UNIQUE (username);


--
-- Name: authtoken_token authtoken_token_pkey; Type: CONSTRAINT; Schema: public; Owner: postgres
--

ALTER TABLE ONLY public.authtoken_token
    ADD CONSTRAINT authtoken_token_pkey PRIMARY KEY (key);


--
-- Name: authtoken_token authtoken_token_user_id_key; Type: CONSTRAINT; Schema: public; Owner: postgres
--

ALTER TABLE ONLY public.authtoken_token
    ADD CONSTRAINT authtoken_token_user_id_key UNIQUE (user_id);


--
-- Name: django_admin_log django_admin_log_pkey; Type: CONSTRAINT; Schema: public; Owner: postgres
--

ALTER TABLE ONLY public.django_admin_log
    ADD CONSTRAINT django_admin_log_pkey PRIMARY KEY (id);


--
-- Name: django_content_type django_content_type_app_label_model_76bd3d3b_uniq; Type: CONSTRAINT; Schema: public; Owner: postgres
--

ALTER TABLE ONLY public.django_content_type
    ADD CONSTRAINT django_content_type_app_label_model_76bd3d3b_uniq UNIQUE (app_label, model);


--
-- Name: django_content_type django_content_type_pkey; Type: CONSTRAINT; Schema: public; Owner: postgres
--

ALTER TABLE ONLY public.django_content_type
    ADD CONSTRAINT django_content_type_pkey PRIMARY KEY (id);


--
-- Name: django_migrations django_migrations_pkey; Type: CONSTRAINT; Schema: public; Owner: postgres
--

ALTER TABLE ONLY public.django_migrations
    ADD CONSTRAINT django_migrations_pkey PRIMARY KEY (id);


--
-- Name: django_session django_session_pkey; Type: CONSTRAINT; Schema: public; Owner: postgres
--

ALTER TABLE ONLY public.django_session
    ADD CONSTRAINT django_session_pkey PRIMARY KEY (session_key);


--
-- Name: locations_location locations_location_pigletsGroupCell_id_key; Type: CONSTRAINT; Schema: public; Owner: postgres
--

ALTER TABLE ONLY public.locations_location
    ADD CONSTRAINT "locations_location_pigletsGroupCell_id_key" UNIQUE ("pigletsGroupCell_id");


--
-- Name: locations_location locations_location_pkey; Type: CONSTRAINT; Schema: public; Owner: postgres
--

ALTER TABLE ONLY public.locations_location
    ADD CONSTRAINT locations_location_pkey PRIMARY KEY (id);


--
-- Name: locations_location locations_location_section_id_key; Type: CONSTRAINT; Schema: public; Owner: postgres
--

ALTER TABLE ONLY public.locations_location
    ADD CONSTRAINT locations_location_section_id_key UNIQUE (section_id);


--
-- Name: locations_location locations_location_sowAndPigletsCell_id_key; Type: CONSTRAINT; Schema: public; Owner: postgres
--

ALTER TABLE ONLY public.locations_location
    ADD CONSTRAINT "locations_location_sowAndPigletsCell_id_key" UNIQUE ("sowAndPigletsCell_id");


--
-- Name: locations_location locations_location_sowGroupCell_id_key; Type: CONSTRAINT; Schema: public; Owner: postgres
--

ALTER TABLE ONLY public.locations_location
    ADD CONSTRAINT "locations_location_sowGroupCell_id_key" UNIQUE ("sowGroupCell_id");


--
-- Name: locations_location locations_location_sowSingleCell_id_key; Type: CONSTRAINT; Schema: public; Owner: postgres
--

ALTER TABLE ONLY public.locations_location
    ADD CONSTRAINT "locations_location_sowSingleCell_id_key" UNIQUE ("sowSingleCell_id");


--
-- Name: locations_location locations_location_workshop_id_key; Type: CONSTRAINT; Schema: public; Owner: postgres
--

ALTER TABLE ONLY public.locations_location
    ADD CONSTRAINT locations_location_workshop_id_key UNIQUE (workshop_id);


--
-- Name: locations_pigletsgroupcell locations_pigletsgroupcell_pkey; Type: CONSTRAINT; Schema: public; Owner: postgres
--

ALTER TABLE ONLY public.locations_pigletsgroupcell
    ADD CONSTRAINT locations_pigletsgroupcell_pkey PRIMARY KEY (id);


--
-- Name: locations_section locations_section_pkey; Type: CONSTRAINT; Schema: public; Owner: postgres
--

ALTER TABLE ONLY public.locations_section
    ADD CONSTRAINT locations_section_pkey PRIMARY KEY (id);


--
-- Name: locations_sowandpigletscell locations_sowandpigletscell_pkey; Type: CONSTRAINT; Schema: public; Owner: postgres
--

ALTER TABLE ONLY public.locations_sowandpigletscell
    ADD CONSTRAINT locations_sowandpigletscell_pkey PRIMARY KEY (id);


--
-- Name: locations_sowgroupcell locations_sowgroupcell_pkey; Type: CONSTRAINT; Schema: public; Owner: postgres
--

ALTER TABLE ONLY public.locations_sowgroupcell
    ADD CONSTRAINT locations_sowgroupcell_pkey PRIMARY KEY (id);


--
-- Name: locations_sowgroupcell_sows locations_sowgroupcell_s_sowgroupcell_id_sow_id_a10f9e7a_uniq; Type: CONSTRAINT; Schema: public; Owner: postgres
--

ALTER TABLE ONLY public.locations_sowgroupcell_sows
    ADD CONSTRAINT locations_sowgroupcell_s_sowgroupcell_id_sow_id_a10f9e7a_uniq UNIQUE (sowgroupcell_id, sow_id);


--
-- Name: locations_sowgroupcell_sows locations_sowgroupcell_sows_pkey; Type: CONSTRAINT; Schema: public; Owner: postgres
--

ALTER TABLE ONLY public.locations_sowgroupcell_sows
    ADD CONSTRAINT locations_sowgroupcell_sows_pkey PRIMARY KEY (id);


--
-- Name: locations_sowsinglecell locations_sowsinglecell_pkey; Type: CONSTRAINT; Schema: public; Owner: postgres
--

ALTER TABLE ONLY public.locations_sowsinglecell
    ADD CONSTRAINT locations_sowsinglecell_pkey PRIMARY KEY (id);


--
-- Name: locations_workshop locations_workshop_pkey; Type: CONSTRAINT; Schema: public; Owner: postgres
--

ALTER TABLE ONLY public.locations_workshop
    ADD CONSTRAINT locations_workshop_pkey PRIMARY KEY (id);


--
-- Name: piglets_events_cullingpiglets piglets_events_cullingpiglets_pkey; Type: CONSTRAINT; Schema: public; Owner: postgres
--

ALTER TABLE ONLY public.piglets_events_cullingpiglets
    ADD CONSTRAINT piglets_events_cullingpiglets_pkey PRIMARY KEY (id);


--
-- Name: piglets_events_pigletsmerger piglets_events_pigletsmerger_created_piglets_id_key; Type: CONSTRAINT; Schema: public; Owner: postgres
--

ALTER TABLE ONLY public.piglets_events_pigletsmerger
    ADD CONSTRAINT piglets_events_pigletsmerger_created_piglets_id_key UNIQUE (created_piglets_id);


--
-- Name: piglets_events_pigletsmerger piglets_events_pigletsmerger_pkey; Type: CONSTRAINT; Schema: public; Owner: postgres
--

ALTER TABLE ONLY public.piglets_events_pigletsmerger
    ADD CONSTRAINT piglets_events_pigletsmerger_pkey PRIMARY KEY (id);


--
-- Name: piglets_events_pigletssplit piglets_events_pigletssplit_parent_piglets_id_2d39bdd5_uniq; Type: CONSTRAINT; Schema: public; Owner: postgres
--

ALTER TABLE ONLY public.piglets_events_pigletssplit
    ADD CONSTRAINT piglets_events_pigletssplit_parent_piglets_id_2d39bdd5_uniq UNIQUE (parent_piglets_id);


--
-- Name: piglets_events_pigletssplit piglets_events_pigletssplit_pkey; Type: CONSTRAINT; Schema: public; Owner: postgres
--

ALTER TABLE ONLY public.piglets_events_pigletssplit
    ADD CONSTRAINT piglets_events_pigletssplit_pkey PRIMARY KEY (id);


--
-- Name: piglets_events_recount piglets_events_recount_pkey; Type: CONSTRAINT; Schema: public; Owner: postgres
--

ALTER TABLE ONLY public.piglets_events_recount
    ADD CONSTRAINT piglets_events_recount_pkey PRIMARY KEY (id);


--
-- Name: piglets_events_weighingpiglets piglets_events_weighingpiglets_pkey; Type: CONSTRAINT; Schema: public; Owner: postgres
--

ALTER TABLE ONLY public.piglets_events_weighingpiglets
    ADD CONSTRAINT piglets_events_weighingpiglets_pkey PRIMARY KEY (id);


--
-- Name: piglets_piglets piglets_piglets_pkey; Type: CONSTRAINT; Schema: public; Owner: postgres
--

ALTER TABLE ONLY public.piglets_piglets
    ADD CONSTRAINT piglets_piglets_pkey PRIMARY KEY (id);


--
-- Name: piglets_pigletsstatus piglets_pigletsstatus_pkey; Type: CONSTRAINT; Schema: public; Owner: postgres
--

ALTER TABLE ONLY public.piglets_pigletsstatus
    ADD CONSTRAINT piglets_pigletsstatus_pkey PRIMARY KEY (id);


--
-- Name: sows_boar sows_boar_birth_id_key; Type: CONSTRAINT; Schema: public; Owner: postgres
--

ALTER TABLE ONLY public.sows_boar
    ADD CONSTRAINT sows_boar_birth_id_key UNIQUE (birth_id);


--
-- Name: sows_boar sows_boar_pkey; Type: CONSTRAINT; Schema: public; Owner: postgres
--

ALTER TABLE ONLY public.sows_boar
    ADD CONSTRAINT sows_boar_pkey PRIMARY KEY (id);


--
-- Name: sows_events_abortionsow sows_events_abortionsow_pkey; Type: CONSTRAINT; Schema: public; Owner: postgres
--

ALTER TABLE ONLY public.sows_events_abortionsow
    ADD CONSTRAINT sows_events_abortionsow_pkey PRIMARY KEY (id);


--
-- Name: sows_events_cullingsow sows_events_cullingsow_pkey; Type: CONSTRAINT; Schema: public; Owner: postgres
--

ALTER TABLE ONLY public.sows_events_cullingsow
    ADD CONSTRAINT sows_events_cullingsow_pkey PRIMARY KEY (id);


--
-- Name: sows_events_semination sows_events_semination_pkey; Type: CONSTRAINT; Schema: public; Owner: postgres
--

ALTER TABLE ONLY public.sows_events_semination
    ADD CONSTRAINT sows_events_semination_pkey PRIMARY KEY (id);


--
-- Name: sows_events_sowfarrow sows_events_sowfarrow_piglets_group_id_36c6886e_uniq; Type: CONSTRAINT; Schema: public; Owner: postgres
--

ALTER TABLE ONLY public.sows_events_sowfarrow
    ADD CONSTRAINT sows_events_sowfarrow_piglets_group_id_36c6886e_uniq UNIQUE (piglets_group_id);


--
-- Name: sows_events_sowfarrow sows_events_sowfarrow_pkey; Type: CONSTRAINT; Schema: public; Owner: postgres
--

ALTER TABLE ONLY public.sows_events_sowfarrow
    ADD CONSTRAINT sows_events_sowfarrow_pkey PRIMARY KEY (id);


--
-- Name: sows_events_ultrasound sows_events_ultrasound_pkey; Type: CONSTRAINT; Schema: public; Owner: postgres
--

ALTER TABLE ONLY public.sows_events_ultrasound
    ADD CONSTRAINT sows_events_ultrasound_pkey PRIMARY KEY (id);


--
-- Name: sows_events_ultrasoundtype sows_events_ultrasoundtype_pkey; Type: CONSTRAINT; Schema: public; Owner: postgres
--

ALTER TABLE ONLY public.sows_events_ultrasoundtype
    ADD CONSTRAINT sows_events_ultrasoundtype_pkey PRIMARY KEY (id);


--
-- Name: sows_events_weaningsow sows_events_weaningsow_piglets_id_key; Type: CONSTRAINT; Schema: public; Owner: postgres
--

ALTER TABLE ONLY public.sows_events_weaningsow
    ADD CONSTRAINT sows_events_weaningsow_piglets_id_key UNIQUE (piglets_id);


--
-- Name: sows_events_weaningsow sows_events_weaningsow_pkey; Type: CONSTRAINT; Schema: public; Owner: postgres
--

ALTER TABLE ONLY public.sows_events_weaningsow
    ADD CONSTRAINT sows_events_weaningsow_pkey PRIMARY KEY (id);


--
-- Name: sows_gilt sows_gilt_birth_id_key; Type: CONSTRAINT; Schema: public; Owner: postgres
--

ALTER TABLE ONLY public.sows_gilt
    ADD CONSTRAINT sows_gilt_birth_id_key UNIQUE (birth_id);


--
-- Name: sows_gilt sows_gilt_pkey; Type: CONSTRAINT; Schema: public; Owner: postgres
--

ALTER TABLE ONLY public.sows_gilt
    ADD CONSTRAINT sows_gilt_pkey PRIMARY KEY (id);


--
-- Name: sows_sow sows_sow_birth_id_key; Type: CONSTRAINT; Schema: public; Owner: postgres
--

ALTER TABLE ONLY public.sows_sow
    ADD CONSTRAINT sows_sow_birth_id_key UNIQUE (birth_id);


--
-- Name: sows_sow sows_sow_farm_id_42c74fb2_uniq; Type: CONSTRAINT; Schema: public; Owner: postgres
--

ALTER TABLE ONLY public.sows_sow
    ADD CONSTRAINT sows_sow_farm_id_42c74fb2_uniq UNIQUE (farm_id);


--
-- Name: sows_sow sows_sow_pkey; Type: CONSTRAINT; Schema: public; Owner: postgres
--

ALTER TABLE ONLY public.sows_sow
    ADD CONSTRAINT sows_sow_pkey PRIMARY KEY (id);


--
-- Name: sows_sowstatus sows_sowstatus_pkey; Type: CONSTRAINT; Schema: public; Owner: postgres
--

ALTER TABLE ONLY public.sows_sowstatus
    ADD CONSTRAINT sows_sowstatus_pkey PRIMARY KEY (id);


--
-- Name: staff_workshopemployee staff_workshopemployee_pkey; Type: CONSTRAINT; Schema: public; Owner: postgres
--

ALTER TABLE ONLY public.staff_workshopemployee
    ADD CONSTRAINT staff_workshopemployee_pkey PRIMARY KEY (id);


--
-- Name: staff_workshopemployee staff_workshopemployee_user_id_key; Type: CONSTRAINT; Schema: public; Owner: postgres
--

ALTER TABLE ONLY public.staff_workshopemployee
    ADD CONSTRAINT staff_workshopemployee_user_id_key UNIQUE (user_id);


--
-- Name: tours_metatour tours_metatour_piglets_id_key; Type: CONSTRAINT; Schema: public; Owner: postgres
--

ALTER TABLE ONLY public.tours_metatour
    ADD CONSTRAINT tours_metatour_piglets_id_key UNIQUE (piglets_id);


--
-- Name: tours_metatour tours_metatour_pkey; Type: CONSTRAINT; Schema: public; Owner: postgres
--

ALTER TABLE ONLY public.tours_metatour
    ADD CONSTRAINT tours_metatour_pkey PRIMARY KEY (id);


--
-- Name: tours_metatourrecord tours_metatourrecord_pkey; Type: CONSTRAINT; Schema: public; Owner: postgres
--

ALTER TABLE ONLY public.tours_metatourrecord
    ADD CONSTRAINT tours_metatourrecord_pkey PRIMARY KEY (id);


--
-- Name: tours_tour tours_tour_pkey; Type: CONSTRAINT; Schema: public; Owner: postgres
--

ALTER TABLE ONLY public.tours_tour
    ADD CONSTRAINT tours_tour_pkey PRIMARY KEY (id);


--
-- Name: transactions_pigletstransaction transactions_pigletstransaction_pkey; Type: CONSTRAINT; Schema: public; Owner: postgres
--

ALTER TABLE ONLY public.transactions_pigletstransaction
    ADD CONSTRAINT transactions_pigletstransaction_pkey PRIMARY KEY (id);


--
-- Name: transactions_sowtransaction transactions_sowtransaction_pkey; Type: CONSTRAINT; Schema: public; Owner: postgres
--

ALTER TABLE ONLY public.transactions_sowtransaction
    ADD CONSTRAINT transactions_sowtransaction_pkey PRIMARY KEY (id);


--
-- Name: auth_group_name_a6ea08ec_like; Type: INDEX; Schema: public; Owner: postgres
--

CREATE INDEX auth_group_name_a6ea08ec_like ON public.auth_group USING btree (name varchar_pattern_ops);


--
-- Name: auth_group_permissions_group_id_b120cbf9; Type: INDEX; Schema: public; Owner: postgres
--

CREATE INDEX auth_group_permissions_group_id_b120cbf9 ON public.auth_group_permissions USING btree (group_id);


--
-- Name: auth_group_permissions_permission_id_84c5c92e; Type: INDEX; Schema: public; Owner: postgres
--

CREATE INDEX auth_group_permissions_permission_id_84c5c92e ON public.auth_group_permissions USING btree (permission_id);


--
-- Name: auth_permission_content_type_id_2f476e4b; Type: INDEX; Schema: public; Owner: postgres
--

CREATE INDEX auth_permission_content_type_id_2f476e4b ON public.auth_permission USING btree (content_type_id);


--
-- Name: auth_user_groups_group_id_97559544; Type: INDEX; Schema: public; Owner: postgres
--

CREATE INDEX auth_user_groups_group_id_97559544 ON public.auth_user_groups USING btree (group_id);


--
-- Name: auth_user_groups_user_id_6a12ed8b; Type: INDEX; Schema: public; Owner: postgres
--

CREATE INDEX auth_user_groups_user_id_6a12ed8b ON public.auth_user_groups USING btree (user_id);


--
-- Name: auth_user_user_permissions_permission_id_1fbb5f2c; Type: INDEX; Schema: public; Owner: postgres
--

CREATE INDEX auth_user_user_permissions_permission_id_1fbb5f2c ON public.auth_user_user_permissions USING btree (permission_id);


--
-- Name: auth_user_user_permissions_user_id_a95ead1b; Type: INDEX; Schema: public; Owner: postgres
--

CREATE INDEX auth_user_user_permissions_user_id_a95ead1b ON public.auth_user_user_permissions USING btree (user_id);


--
-- Name: auth_user_username_6821ab7c_like; Type: INDEX; Schema: public; Owner: postgres
--

CREATE INDEX auth_user_username_6821ab7c_like ON public.auth_user USING btree (username varchar_pattern_ops);


--
-- Name: authtoken_token_key_10f0b77e_like; Type: INDEX; Schema: public; Owner: postgres
--

CREATE INDEX authtoken_token_key_10f0b77e_like ON public.authtoken_token USING btree (key varchar_pattern_ops);


--
-- Name: django_admin_log_content_type_id_c4bce8eb; Type: INDEX; Schema: public; Owner: postgres
--

CREATE INDEX django_admin_log_content_type_id_c4bce8eb ON public.django_admin_log USING btree (content_type_id);


--
-- Name: django_admin_log_user_id_c564eba6; Type: INDEX; Schema: public; Owner: postgres
--

CREATE INDEX django_admin_log_user_id_c564eba6 ON public.django_admin_log USING btree (user_id);


--
-- Name: django_session_expire_date_a5c62663; Type: INDEX; Schema: public; Owner: postgres
--

CREATE INDEX django_session_expire_date_a5c62663 ON public.django_session USING btree (expire_date);


--
-- Name: django_session_session_key_c0390e0f_like; Type: INDEX; Schema: public; Owner: postgres
--

CREATE INDEX django_session_session_key_c0390e0f_like ON public.django_session USING btree (session_key varchar_pattern_ops);


--
-- Name: locations_pigletsgroupcell_section_id_0315849e; Type: INDEX; Schema: public; Owner: postgres
--

CREATE INDEX locations_pigletsgroupcell_section_id_0315849e ON public.locations_pigletsgroupcell USING btree (section_id);


--
-- Name: locations_pigletsgroupcell_workshop_id_e9d418d8; Type: INDEX; Schema: public; Owner: postgres
--

CREATE INDEX locations_pigletsgroupcell_workshop_id_e9d418d8 ON public.locations_pigletsgroupcell USING btree (workshop_id);


--
-- Name: locations_section_workshop_id_d60c8a54; Type: INDEX; Schema: public; Owner: postgres
--

CREATE INDEX locations_section_workshop_id_d60c8a54 ON public.locations_section USING btree (workshop_id);


--
-- Name: locations_sowandpigletscell_section_id_bc1867f6; Type: INDEX; Schema: public; Owner: postgres
--

CREATE INDEX locations_sowandpigletscell_section_id_bc1867f6 ON public.locations_sowandpigletscell USING btree (section_id);


--
-- Name: locations_sowandpigletscell_workshop_id_f8e825fa; Type: INDEX; Schema: public; Owner: postgres
--

CREATE INDEX locations_sowandpigletscell_workshop_id_f8e825fa ON public.locations_sowandpigletscell USING btree (workshop_id);


--
-- Name: locations_sowgroupcell_section_id_87cc2210; Type: INDEX; Schema: public; Owner: postgres
--

CREATE INDEX locations_sowgroupcell_section_id_87cc2210 ON public.locations_sowgroupcell USING btree (section_id);


--
-- Name: locations_sowgroupcell_sows_sow_id_f7a10471; Type: INDEX; Schema: public; Owner: postgres
--

CREATE INDEX locations_sowgroupcell_sows_sow_id_f7a10471 ON public.locations_sowgroupcell_sows USING btree (sow_id);


--
-- Name: locations_sowgroupcell_sows_sowgroupcell_id_55244781; Type: INDEX; Schema: public; Owner: postgres
--

CREATE INDEX locations_sowgroupcell_sows_sowgroupcell_id_55244781 ON public.locations_sowgroupcell_sows USING btree (sowgroupcell_id);


--
-- Name: locations_sowgroupcell_workshop_id_68e38656; Type: INDEX; Schema: public; Owner: postgres
--

CREATE INDEX locations_sowgroupcell_workshop_id_68e38656 ON public.locations_sowgroupcell USING btree (workshop_id);


--
-- Name: locations_sowsinglecell_section_id_8aa2503a; Type: INDEX; Schema: public; Owner: postgres
--

CREATE INDEX locations_sowsinglecell_section_id_8aa2503a ON public.locations_sowsinglecell USING btree (section_id);


--
-- Name: locations_sowsinglecell_workshop_id_94626905; Type: INDEX; Schema: public; Owner: postgres
--

CREATE INDEX locations_sowsinglecell_workshop_id_94626905 ON public.locations_sowsinglecell USING btree (workshop_id);


--
-- Name: piglets_events_cullingpiglets_initiator_id_0b6011c5; Type: INDEX; Schema: public; Owner: postgres
--

CREATE INDEX piglets_events_cullingpiglets_initiator_id_0b6011c5 ON public.piglets_events_cullingpiglets USING btree (initiator_id);


--
-- Name: piglets_events_cullingpiglets_location_id_fbc9affa; Type: INDEX; Schema: public; Owner: postgres
--

CREATE INDEX piglets_events_cullingpiglets_location_id_fbc9affa ON public.piglets_events_cullingpiglets USING btree (location_id);


--
-- Name: piglets_events_cullingpiglets_piglets_group_id_90a9d8b8; Type: INDEX; Schema: public; Owner: postgres
--

CREATE INDEX piglets_events_cullingpiglets_piglets_group_id_90a9d8b8 ON public.piglets_events_cullingpiglets USING btree (piglets_group_id);


--
-- Name: piglets_events_pigletsmerger_initiator_id_7af11e75; Type: INDEX; Schema: public; Owner: postgres
--

CREATE INDEX piglets_events_pigletsmerger_initiator_id_7af11e75 ON public.piglets_events_pigletsmerger USING btree (initiator_id);


--
-- Name: piglets_events_pigletssplit_initiator_id_f1f2b796; Type: INDEX; Schema: public; Owner: postgres
--

CREATE INDEX piglets_events_pigletssplit_initiator_id_f1f2b796 ON public.piglets_events_pigletssplit USING btree (initiator_id);


--
-- Name: piglets_events_recount_initiator_id_5bb6806a; Type: INDEX; Schema: public; Owner: postgres
--

CREATE INDEX piglets_events_recount_initiator_id_5bb6806a ON public.piglets_events_recount USING btree (initiator_id);


--
-- Name: piglets_events_recount_piglets_id_7cf9a800; Type: INDEX; Schema: public; Owner: postgres
--

CREATE INDEX piglets_events_recount_piglets_id_7cf9a800 ON public.piglets_events_recount USING btree (piglets_id);


--
-- Name: piglets_events_weighingpiglets_initiator_id_bf3278d7; Type: INDEX; Schema: public; Owner: postgres
--

CREATE INDEX piglets_events_weighingpiglets_initiator_id_bf3278d7 ON public.piglets_events_weighingpiglets USING btree (initiator_id);


--
-- Name: piglets_events_weighingpiglets_piglets_group_id_e55cd7f7; Type: INDEX; Schema: public; Owner: postgres
--

CREATE INDEX piglets_events_weighingpiglets_piglets_group_id_e55cd7f7 ON public.piglets_events_weighingpiglets USING btree (piglets_group_id);


--
-- Name: piglets_piglets_location_id_41c43483; Type: INDEX; Schema: public; Owner: postgres
--

CREATE INDEX piglets_piglets_location_id_41c43483 ON public.piglets_piglets USING btree (location_id);


--
-- Name: piglets_piglets_merger_as_parent_id_6e0e878e; Type: INDEX; Schema: public; Owner: postgres
--

CREATE INDEX piglets_piglets_merger_as_parent_id_6e0e878e ON public.piglets_piglets USING btree (merger_as_parent_id);


--
-- Name: piglets_piglets_split_as_child_id_67816971; Type: INDEX; Schema: public; Owner: postgres
--

CREATE INDEX piglets_piglets_split_as_child_id_67816971 ON public.piglets_piglets USING btree (split_as_child_id);


--
-- Name: piglets_piglets_status_id_f9ba9ddb; Type: INDEX; Schema: public; Owner: postgres
--

CREATE INDEX piglets_piglets_status_id_f9ba9ddb ON public.piglets_piglets USING btree (status_id);


--
-- Name: sows_boar_birth_id_9bb34e60_like; Type: INDEX; Schema: public; Owner: postgres
--

CREATE INDEX sows_boar_birth_id_9bb34e60_like ON public.sows_boar USING btree (birth_id varchar_pattern_ops);


--
-- Name: sows_boar_location_id_66e07edc; Type: INDEX; Schema: public; Owner: postgres
--

CREATE INDEX sows_boar_location_id_66e07edc ON public.sows_boar USING btree (location_id);


--
-- Name: sows_events_abortionsow_initiator_id_8f16cdfb; Type: INDEX; Schema: public; Owner: postgres
--

CREATE INDEX sows_events_abortionsow_initiator_id_8f16cdfb ON public.sows_events_abortionsow USING btree (initiator_id);


--
-- Name: sows_events_abortionsow_sow_id_17cd54a0; Type: INDEX; Schema: public; Owner: postgres
--

CREATE INDEX sows_events_abortionsow_sow_id_17cd54a0 ON public.sows_events_abortionsow USING btree (sow_id);


--
-- Name: sows_events_abortionsow_tour_id_947f8443; Type: INDEX; Schema: public; Owner: postgres
--

CREATE INDEX sows_events_abortionsow_tour_id_947f8443 ON public.sows_events_abortionsow USING btree (tour_id);


--
-- Name: sows_events_cullingsow_initiator_id_8dbf7b28; Type: INDEX; Schema: public; Owner: postgres
--

CREATE INDEX sows_events_cullingsow_initiator_id_8dbf7b28 ON public.sows_events_cullingsow USING btree (initiator_id);


--
-- Name: sows_events_cullingsow_sow_id_e8f1fb9b; Type: INDEX; Schema: public; Owner: postgres
--

CREATE INDEX sows_events_cullingsow_sow_id_e8f1fb9b ON public.sows_events_cullingsow USING btree (sow_id);


--
-- Name: sows_events_cullingsow_tour_id_d68d3087; Type: INDEX; Schema: public; Owner: postgres
--

CREATE INDEX sows_events_cullingsow_tour_id_d68d3087 ON public.sows_events_cullingsow USING btree (tour_id);


--
-- Name: sows_events_semination_boar_id_6a0563e9; Type: INDEX; Schema: public; Owner: postgres
--

CREATE INDEX sows_events_semination_boar_id_6a0563e9 ON public.sows_events_semination USING btree (boar_id);


--
-- Name: sows_events_semination_initiator_id_c82c01b6; Type: INDEX; Schema: public; Owner: postgres
--

CREATE INDEX sows_events_semination_initiator_id_c82c01b6 ON public.sows_events_semination USING btree (initiator_id);


--
-- Name: sows_events_semination_semination_employee_id_ba91bce0; Type: INDEX; Schema: public; Owner: postgres
--

CREATE INDEX sows_events_semination_semination_employee_id_ba91bce0 ON public.sows_events_semination USING btree (semination_employee_id);


--
-- Name: sows_events_semination_sow_id_08d9607f; Type: INDEX; Schema: public; Owner: postgres
--

CREATE INDEX sows_events_semination_sow_id_08d9607f ON public.sows_events_semination USING btree (sow_id);


--
-- Name: sows_events_semination_tour_id_7b291b50; Type: INDEX; Schema: public; Owner: postgres
--

CREATE INDEX sows_events_semination_tour_id_7b291b50 ON public.sows_events_semination USING btree (tour_id);


--
-- Name: sows_events_sowfarrow_initiator_id_4105b54e; Type: INDEX; Schema: public; Owner: postgres
--

CREATE INDEX sows_events_sowfarrow_initiator_id_4105b54e ON public.sows_events_sowfarrow USING btree (initiator_id);


--
-- Name: sows_events_sowfarrow_sow_id_ea9c38dc; Type: INDEX; Schema: public; Owner: postgres
--

CREATE INDEX sows_events_sowfarrow_sow_id_ea9c38dc ON public.sows_events_sowfarrow USING btree (sow_id);


--
-- Name: sows_events_sowfarrow_tour_id_0eee5089; Type: INDEX; Schema: public; Owner: postgres
--

CREATE INDEX sows_events_sowfarrow_tour_id_0eee5089 ON public.sows_events_sowfarrow USING btree (tour_id);


--
-- Name: sows_events_ultrasound_initiator_id_0279649b; Type: INDEX; Schema: public; Owner: postgres
--

CREATE INDEX sows_events_ultrasound_initiator_id_0279649b ON public.sows_events_ultrasound USING btree (initiator_id);


--
-- Name: sows_events_ultrasound_sow_id_d4f99510; Type: INDEX; Schema: public; Owner: postgres
--

CREATE INDEX sows_events_ultrasound_sow_id_d4f99510 ON public.sows_events_ultrasound USING btree (sow_id);


--
-- Name: sows_events_ultrasound_tour_id_81c2a5f4; Type: INDEX; Schema: public; Owner: postgres
--

CREATE INDEX sows_events_ultrasound_tour_id_81c2a5f4 ON public.sows_events_ultrasound USING btree (tour_id);


--
-- Name: sows_events_ultrasound_u_type_id_65718203; Type: INDEX; Schema: public; Owner: postgres
--

CREATE INDEX sows_events_ultrasound_u_type_id_65718203 ON public.sows_events_ultrasound USING btree (u_type_id);


--
-- Name: sows_events_weaningsow_initiator_id_d98a966b; Type: INDEX; Schema: public; Owner: postgres
--

CREATE INDEX sows_events_weaningsow_initiator_id_d98a966b ON public.sows_events_weaningsow USING btree (initiator_id);


--
-- Name: sows_events_weaningsow_sow_id_0808d94a; Type: INDEX; Schema: public; Owner: postgres
--

CREATE INDEX sows_events_weaningsow_sow_id_0808d94a ON public.sows_events_weaningsow USING btree (sow_id);


--
-- Name: sows_events_weaningsow_tour_id_4abf0271; Type: INDEX; Schema: public; Owner: postgres
--

CREATE INDEX sows_events_weaningsow_tour_id_4abf0271 ON public.sows_events_weaningsow USING btree (tour_id);


--
-- Name: sows_gilt_birth_id_a4289b2d_like; Type: INDEX; Schema: public; Owner: postgres
--

CREATE INDEX sows_gilt_birth_id_a4289b2d_like ON public.sows_gilt USING btree (birth_id varchar_pattern_ops);


--
-- Name: sows_gilt_farrow_id_703f6faa; Type: INDEX; Schema: public; Owner: postgres
--

CREATE INDEX sows_gilt_farrow_id_703f6faa ON public.sows_gilt USING btree (farrow_id);


--
-- Name: sows_gilt_location_id_6e9d5445; Type: INDEX; Schema: public; Owner: postgres
--

CREATE INDEX sows_gilt_location_id_6e9d5445 ON public.sows_gilt USING btree (location_id);


--
-- Name: sows_gilt_mother_sow_id_c2fedd8a; Type: INDEX; Schema: public; Owner: postgres
--

CREATE INDEX sows_gilt_mother_sow_id_c2fedd8a ON public.sows_gilt USING btree (mother_sow_id);


--
-- Name: sows_gilt_tour_id_aaac4830; Type: INDEX; Schema: public; Owner: postgres
--

CREATE INDEX sows_gilt_tour_id_aaac4830 ON public.sows_gilt USING btree (tour_id);


--
-- Name: sows_sow_birth_id_5e9ed45a_like; Type: INDEX; Schema: public; Owner: postgres
--

CREATE INDEX sows_sow_birth_id_5e9ed45a_like ON public.sows_sow USING btree (birth_id varchar_pattern_ops);


--
-- Name: sows_sow_location_id_873dece9; Type: INDEX; Schema: public; Owner: postgres
--

CREATE INDEX sows_sow_location_id_873dece9 ON public.sows_sow USING btree (location_id);


--
-- Name: sows_sow_status_id_8e1b436b; Type: INDEX; Schema: public; Owner: postgres
--

CREATE INDEX sows_sow_status_id_8e1b436b ON public.sows_sow USING btree (status_id);


--
-- Name: sows_sow_tour_id_dd35d078; Type: INDEX; Schema: public; Owner: postgres
--

CREATE INDEX sows_sow_tour_id_dd35d078 ON public.sows_sow USING btree (tour_id);


--
-- Name: staff_workshopemployee_workshop_id_2e6d9791; Type: INDEX; Schema: public; Owner: postgres
--

CREATE INDEX staff_workshopemployee_workshop_id_2e6d9791 ON public.staff_workshopemployee USING btree (workshop_id);


--
-- Name: tours_metatourrecord_metatour_id_ba0ab56b; Type: INDEX; Schema: public; Owner: postgres
--

CREATE INDEX tours_metatourrecord_metatour_id_ba0ab56b ON public.tours_metatourrecord USING btree (metatour_id);


--
-- Name: tours_metatourrecord_tour_id_11a5df6e; Type: INDEX; Schema: public; Owner: postgres
--

CREATE INDEX tours_metatourrecord_tour_id_11a5df6e ON public.tours_metatourrecord USING btree (tour_id);


--
-- Name: transactions_pigletstransaction_from_location_id_2e739f33; Type: INDEX; Schema: public; Owner: postgres
--

CREATE INDEX transactions_pigletstransaction_from_location_id_2e739f33 ON public.transactions_pigletstransaction USING btree (from_location_id);


--
-- Name: transactions_pigletstransaction_initiator_id_d1e1316b; Type: INDEX; Schema: public; Owner: postgres
--

CREATE INDEX transactions_pigletstransaction_initiator_id_d1e1316b ON public.transactions_pigletstransaction USING btree (initiator_id);


--
-- Name: transactions_pigletstransaction_piglets_group_id_dd2560ba; Type: INDEX; Schema: public; Owner: postgres
--

CREATE INDEX transactions_pigletstransaction_piglets_group_id_dd2560ba ON public.transactions_pigletstransaction USING btree (piglets_group_id);


--
-- Name: transactions_pigletstransaction_to_location_id_f30c13c1; Type: INDEX; Schema: public; Owner: postgres
--

CREATE INDEX transactions_pigletstransaction_to_location_id_f30c13c1 ON public.transactions_pigletstransaction USING btree (to_location_id);


--
-- Name: transactions_sowtransaction_from_location_id_824e5868; Type: INDEX; Schema: public; Owner: postgres
--

CREATE INDEX transactions_sowtransaction_from_location_id_824e5868 ON public.transactions_sowtransaction USING btree (from_location_id);


--
-- Name: transactions_sowtransaction_initiator_id_e793f821; Type: INDEX; Schema: public; Owner: postgres
--

CREATE INDEX transactions_sowtransaction_initiator_id_e793f821 ON public.transactions_sowtransaction USING btree (initiator_id);


--
-- Name: transactions_sowtransaction_sow_id_b0c6d7e4; Type: INDEX; Schema: public; Owner: postgres
--

CREATE INDEX transactions_sowtransaction_sow_id_b0c6d7e4 ON public.transactions_sowtransaction USING btree (sow_id);


--
-- Name: transactions_sowtransaction_to_location_id_472c5009; Type: INDEX; Schema: public; Owner: postgres
--

CREATE INDEX transactions_sowtransaction_to_location_id_472c5009 ON public.transactions_sowtransaction USING btree (to_location_id);


--
-- Name: auth_group_permissions auth_group_permissio_permission_id_84c5c92e_fk_auth_perm; Type: FK CONSTRAINT; Schema: public; Owner: postgres
--

ALTER TABLE ONLY public.auth_group_permissions
    ADD CONSTRAINT auth_group_permissio_permission_id_84c5c92e_fk_auth_perm FOREIGN KEY (permission_id) REFERENCES public.auth_permission(id) DEFERRABLE INITIALLY DEFERRED;


--
-- Name: auth_group_permissions auth_group_permissions_group_id_b120cbf9_fk_auth_group_id; Type: FK CONSTRAINT; Schema: public; Owner: postgres
--

ALTER TABLE ONLY public.auth_group_permissions
    ADD CONSTRAINT auth_group_permissions_group_id_b120cbf9_fk_auth_group_id FOREIGN KEY (group_id) REFERENCES public.auth_group(id) DEFERRABLE INITIALLY DEFERRED;


--
-- Name: auth_permission auth_permission_content_type_id_2f476e4b_fk_django_co; Type: FK CONSTRAINT; Schema: public; Owner: postgres
--

ALTER TABLE ONLY public.auth_permission
    ADD CONSTRAINT auth_permission_content_type_id_2f476e4b_fk_django_co FOREIGN KEY (content_type_id) REFERENCES public.django_content_type(id) DEFERRABLE INITIALLY DEFERRED;


--
-- Name: auth_user_groups auth_user_groups_group_id_97559544_fk_auth_group_id; Type: FK CONSTRAINT; Schema: public; Owner: postgres
--

ALTER TABLE ONLY public.auth_user_groups
    ADD CONSTRAINT auth_user_groups_group_id_97559544_fk_auth_group_id FOREIGN KEY (group_id) REFERENCES public.auth_group(id) DEFERRABLE INITIALLY DEFERRED;


--
-- Name: auth_user_groups auth_user_groups_user_id_6a12ed8b_fk_auth_user_id; Type: FK CONSTRAINT; Schema: public; Owner: postgres
--

ALTER TABLE ONLY public.auth_user_groups
    ADD CONSTRAINT auth_user_groups_user_id_6a12ed8b_fk_auth_user_id FOREIGN KEY (user_id) REFERENCES public.auth_user(id) DEFERRABLE INITIALLY DEFERRED;


--
-- Name: auth_user_user_permissions auth_user_user_permi_permission_id_1fbb5f2c_fk_auth_perm; Type: FK CONSTRAINT; Schema: public; Owner: postgres
--

ALTER TABLE ONLY public.auth_user_user_permissions
    ADD CONSTRAINT auth_user_user_permi_permission_id_1fbb5f2c_fk_auth_perm FOREIGN KEY (permission_id) REFERENCES public.auth_permission(id) DEFERRABLE INITIALLY DEFERRED;


--
-- Name: auth_user_user_permissions auth_user_user_permissions_user_id_a95ead1b_fk_auth_user_id; Type: FK CONSTRAINT; Schema: public; Owner: postgres
--

ALTER TABLE ONLY public.auth_user_user_permissions
    ADD CONSTRAINT auth_user_user_permissions_user_id_a95ead1b_fk_auth_user_id FOREIGN KEY (user_id) REFERENCES public.auth_user(id) DEFERRABLE INITIALLY DEFERRED;


--
-- Name: authtoken_token authtoken_token_user_id_35299eff_fk_auth_user_id; Type: FK CONSTRAINT; Schema: public; Owner: postgres
--

ALTER TABLE ONLY public.authtoken_token
    ADD CONSTRAINT authtoken_token_user_id_35299eff_fk_auth_user_id FOREIGN KEY (user_id) REFERENCES public.auth_user(id) DEFERRABLE INITIALLY DEFERRED;


--
-- Name: django_admin_log django_admin_log_content_type_id_c4bce8eb_fk_django_co; Type: FK CONSTRAINT; Schema: public; Owner: postgres
--

ALTER TABLE ONLY public.django_admin_log
    ADD CONSTRAINT django_admin_log_content_type_id_c4bce8eb_fk_django_co FOREIGN KEY (content_type_id) REFERENCES public.django_content_type(id) DEFERRABLE INITIALLY DEFERRED;


--
-- Name: django_admin_log django_admin_log_user_id_c564eba6_fk_auth_user_id; Type: FK CONSTRAINT; Schema: public; Owner: postgres
--

ALTER TABLE ONLY public.django_admin_log
    ADD CONSTRAINT django_admin_log_user_id_c564eba6_fk_auth_user_id FOREIGN KEY (user_id) REFERENCES public.auth_user(id) DEFERRABLE INITIALLY DEFERRED;


--
-- Name: locations_location locations_location_pigletsGroupCell_id_9f0ca444_fk_locations; Type: FK CONSTRAINT; Schema: public; Owner: postgres
--

ALTER TABLE ONLY public.locations_location
    ADD CONSTRAINT "locations_location_pigletsGroupCell_id_9f0ca444_fk_locations" FOREIGN KEY ("pigletsGroupCell_id") REFERENCES public.locations_pigletsgroupcell(id) DEFERRABLE INITIALLY DEFERRED;


--
-- Name: locations_location locations_location_section_id_d43f02ad_fk_locations_section_id; Type: FK CONSTRAINT; Schema: public; Owner: postgres
--

ALTER TABLE ONLY public.locations_location
    ADD CONSTRAINT locations_location_section_id_d43f02ad_fk_locations_section_id FOREIGN KEY (section_id) REFERENCES public.locations_section(id) DEFERRABLE INITIALLY DEFERRED;


--
-- Name: locations_location locations_location_sowAndPigletsCell_id_5fff4421_fk_locations; Type: FK CONSTRAINT; Schema: public; Owner: postgres
--

ALTER TABLE ONLY public.locations_location
    ADD CONSTRAINT "locations_location_sowAndPigletsCell_id_5fff4421_fk_locations" FOREIGN KEY ("sowAndPigletsCell_id") REFERENCES public.locations_sowandpigletscell(id) DEFERRABLE INITIALLY DEFERRED;


--
-- Name: locations_location locations_location_sowGroupCell_id_d78d2421_fk_locations; Type: FK CONSTRAINT; Schema: public; Owner: postgres
--

ALTER TABLE ONLY public.locations_location
    ADD CONSTRAINT "locations_location_sowGroupCell_id_d78d2421_fk_locations" FOREIGN KEY ("sowGroupCell_id") REFERENCES public.locations_sowgroupcell(id) DEFERRABLE INITIALLY DEFERRED;


--
-- Name: locations_location locations_location_sowSingleCell_id_36fd69a4_fk_locations; Type: FK CONSTRAINT; Schema: public; Owner: postgres
--

ALTER TABLE ONLY public.locations_location
    ADD CONSTRAINT "locations_location_sowSingleCell_id_36fd69a4_fk_locations" FOREIGN KEY ("sowSingleCell_id") REFERENCES public.locations_sowsinglecell(id) DEFERRABLE INITIALLY DEFERRED;


--
-- Name: locations_location locations_location_workshop_id_b9257cf5_fk_locations; Type: FK CONSTRAINT; Schema: public; Owner: postgres
--

ALTER TABLE ONLY public.locations_location
    ADD CONSTRAINT locations_location_workshop_id_b9257cf5_fk_locations FOREIGN KEY (workshop_id) REFERENCES public.locations_workshop(id) DEFERRABLE INITIALLY DEFERRED;


--
-- Name: locations_pigletsgroupcell locations_pigletsgro_section_id_0315849e_fk_locations; Type: FK CONSTRAINT; Schema: public; Owner: postgres
--

ALTER TABLE ONLY public.locations_pigletsgroupcell
    ADD CONSTRAINT locations_pigletsgro_section_id_0315849e_fk_locations FOREIGN KEY (section_id) REFERENCES public.locations_section(id) DEFERRABLE INITIALLY DEFERRED;


--
-- Name: locations_pigletsgroupcell locations_pigletsgro_workshop_id_e9d418d8_fk_locations; Type: FK CONSTRAINT; Schema: public; Owner: postgres
--

ALTER TABLE ONLY public.locations_pigletsgroupcell
    ADD CONSTRAINT locations_pigletsgro_workshop_id_e9d418d8_fk_locations FOREIGN KEY (workshop_id) REFERENCES public.locations_workshop(id) DEFERRABLE INITIALLY DEFERRED;


--
-- Name: locations_section locations_section_workshop_id_d60c8a54_fk_locations_workshop_id; Type: FK CONSTRAINT; Schema: public; Owner: postgres
--

ALTER TABLE ONLY public.locations_section
    ADD CONSTRAINT locations_section_workshop_id_d60c8a54_fk_locations_workshop_id FOREIGN KEY (workshop_id) REFERENCES public.locations_workshop(id) DEFERRABLE INITIALLY DEFERRED;


--
-- Name: locations_sowandpigletscell locations_sowandpigl_section_id_bc1867f6_fk_locations; Type: FK CONSTRAINT; Schema: public; Owner: postgres
--

ALTER TABLE ONLY public.locations_sowandpigletscell
    ADD CONSTRAINT locations_sowandpigl_section_id_bc1867f6_fk_locations FOREIGN KEY (section_id) REFERENCES public.locations_section(id) DEFERRABLE INITIALLY DEFERRED;


--
-- Name: locations_sowandpigletscell locations_sowandpigl_workshop_id_f8e825fa_fk_locations; Type: FK CONSTRAINT; Schema: public; Owner: postgres
--

ALTER TABLE ONLY public.locations_sowandpigletscell
    ADD CONSTRAINT locations_sowandpigl_workshop_id_f8e825fa_fk_locations FOREIGN KEY (workshop_id) REFERENCES public.locations_workshop(id) DEFERRABLE INITIALLY DEFERRED;


--
-- Name: locations_sowgroupcell locations_sowgroupce_section_id_87cc2210_fk_locations; Type: FK CONSTRAINT; Schema: public; Owner: postgres
--

ALTER TABLE ONLY public.locations_sowgroupcell
    ADD CONSTRAINT locations_sowgroupce_section_id_87cc2210_fk_locations FOREIGN KEY (section_id) REFERENCES public.locations_section(id) DEFERRABLE INITIALLY DEFERRED;


--
-- Name: locations_sowgroupcell_sows locations_sowgroupce_sowgroupcell_id_55244781_fk_locations; Type: FK CONSTRAINT; Schema: public; Owner: postgres
--

ALTER TABLE ONLY public.locations_sowgroupcell_sows
    ADD CONSTRAINT locations_sowgroupce_sowgroupcell_id_55244781_fk_locations FOREIGN KEY (sowgroupcell_id) REFERENCES public.locations_sowgroupcell(id) DEFERRABLE INITIALLY DEFERRED;


--
-- Name: locations_sowgroupcell locations_sowgroupce_workshop_id_68e38656_fk_locations; Type: FK CONSTRAINT; Schema: public; Owner: postgres
--

ALTER TABLE ONLY public.locations_sowgroupcell
    ADD CONSTRAINT locations_sowgroupce_workshop_id_68e38656_fk_locations FOREIGN KEY (workshop_id) REFERENCES public.locations_workshop(id) DEFERRABLE INITIALLY DEFERRED;


--
-- Name: locations_sowgroupcell_sows locations_sowgroupcell_sows_sow_id_f7a10471_fk_sows_sow_id; Type: FK CONSTRAINT; Schema: public; Owner: postgres
--

ALTER TABLE ONLY public.locations_sowgroupcell_sows
    ADD CONSTRAINT locations_sowgroupcell_sows_sow_id_f7a10471_fk_sows_sow_id FOREIGN KEY (sow_id) REFERENCES public.sows_sow(id) DEFERRABLE INITIALLY DEFERRED;


--
-- Name: locations_sowsinglecell locations_sowsinglec_section_id_8aa2503a_fk_locations; Type: FK CONSTRAINT; Schema: public; Owner: postgres
--

ALTER TABLE ONLY public.locations_sowsinglecell
    ADD CONSTRAINT locations_sowsinglec_section_id_8aa2503a_fk_locations FOREIGN KEY (section_id) REFERENCES public.locations_section(id) DEFERRABLE INITIALLY DEFERRED;


--
-- Name: locations_sowsinglecell locations_sowsinglec_workshop_id_94626905_fk_locations; Type: FK CONSTRAINT; Schema: public; Owner: postgres
--

ALTER TABLE ONLY public.locations_sowsinglecell
    ADD CONSTRAINT locations_sowsinglec_workshop_id_94626905_fk_locations FOREIGN KEY (workshop_id) REFERENCES public.locations_workshop(id) DEFERRABLE INITIALLY DEFERRED;


--
-- Name: piglets_events_cullingpiglets piglets_events_culli_initiator_id_0b6011c5_fk_auth_user; Type: FK CONSTRAINT; Schema: public; Owner: postgres
--

ALTER TABLE ONLY public.piglets_events_cullingpiglets
    ADD CONSTRAINT piglets_events_culli_initiator_id_0b6011c5_fk_auth_user FOREIGN KEY (initiator_id) REFERENCES public.auth_user(id) DEFERRABLE INITIALLY DEFERRED;


--
-- Name: piglets_events_cullingpiglets piglets_events_culli_location_id_fbc9affa_fk_locations; Type: FK CONSTRAINT; Schema: public; Owner: postgres
--

ALTER TABLE ONLY public.piglets_events_cullingpiglets
    ADD CONSTRAINT piglets_events_culli_location_id_fbc9affa_fk_locations FOREIGN KEY (location_id) REFERENCES public.locations_location(id) DEFERRABLE INITIALLY DEFERRED;


--
-- Name: piglets_events_cullingpiglets piglets_events_culli_piglets_group_id_90a9d8b8_fk_piglets_p; Type: FK CONSTRAINT; Schema: public; Owner: postgres
--

ALTER TABLE ONLY public.piglets_events_cullingpiglets
    ADD CONSTRAINT piglets_events_culli_piglets_group_id_90a9d8b8_fk_piglets_p FOREIGN KEY (piglets_group_id) REFERENCES public.piglets_piglets(id) DEFERRABLE INITIALLY DEFERRED;


--
-- Name: piglets_events_pigletsmerger piglets_events_pigle_created_piglets_id_ce2a075e_fk_piglets_p; Type: FK CONSTRAINT; Schema: public; Owner: postgres
--

ALTER TABLE ONLY public.piglets_events_pigletsmerger
    ADD CONSTRAINT piglets_events_pigle_created_piglets_id_ce2a075e_fk_piglets_p FOREIGN KEY (created_piglets_id) REFERENCES public.piglets_piglets(id) DEFERRABLE INITIALLY DEFERRED;


--
-- Name: piglets_events_pigletsmerger piglets_events_pigle_initiator_id_7af11e75_fk_auth_user; Type: FK CONSTRAINT; Schema: public; Owner: postgres
--

ALTER TABLE ONLY public.piglets_events_pigletsmerger
    ADD CONSTRAINT piglets_events_pigle_initiator_id_7af11e75_fk_auth_user FOREIGN KEY (initiator_id) REFERENCES public.auth_user(id) DEFERRABLE INITIALLY DEFERRED;


--
-- Name: piglets_events_pigletssplit piglets_events_pigle_initiator_id_f1f2b796_fk_auth_user; Type: FK CONSTRAINT; Schema: public; Owner: postgres
--

ALTER TABLE ONLY public.piglets_events_pigletssplit
    ADD CONSTRAINT piglets_events_pigle_initiator_id_f1f2b796_fk_auth_user FOREIGN KEY (initiator_id) REFERENCES public.auth_user(id) DEFERRABLE INITIALLY DEFERRED;


--
-- Name: piglets_events_pigletssplit piglets_events_pigle_parent_piglets_id_2d39bdd5_fk_piglets_p; Type: FK CONSTRAINT; Schema: public; Owner: postgres
--

ALTER TABLE ONLY public.piglets_events_pigletssplit
    ADD CONSTRAINT piglets_events_pigle_parent_piglets_id_2d39bdd5_fk_piglets_p FOREIGN KEY (parent_piglets_id) REFERENCES public.piglets_piglets(id) DEFERRABLE INITIALLY DEFERRED;


--
-- Name: piglets_events_recount piglets_events_recou_piglets_id_7cf9a800_fk_piglets_p; Type: FK CONSTRAINT; Schema: public; Owner: postgres
--

ALTER TABLE ONLY public.piglets_events_recount
    ADD CONSTRAINT piglets_events_recou_piglets_id_7cf9a800_fk_piglets_p FOREIGN KEY (piglets_id) REFERENCES public.piglets_piglets(id) DEFERRABLE INITIALLY DEFERRED;


--
-- Name: piglets_events_recount piglets_events_recount_initiator_id_5bb6806a_fk_auth_user_id; Type: FK CONSTRAINT; Schema: public; Owner: postgres
--

ALTER TABLE ONLY public.piglets_events_recount
    ADD CONSTRAINT piglets_events_recount_initiator_id_5bb6806a_fk_auth_user_id FOREIGN KEY (initiator_id) REFERENCES public.auth_user(id) DEFERRABLE INITIALLY DEFERRED;


--
-- Name: piglets_events_weighingpiglets piglets_events_weigh_initiator_id_bf3278d7_fk_auth_user; Type: FK CONSTRAINT; Schema: public; Owner: postgres
--

ALTER TABLE ONLY public.piglets_events_weighingpiglets
    ADD CONSTRAINT piglets_events_weigh_initiator_id_bf3278d7_fk_auth_user FOREIGN KEY (initiator_id) REFERENCES public.auth_user(id) DEFERRABLE INITIALLY DEFERRED;


--
-- Name: piglets_events_weighingpiglets piglets_events_weigh_piglets_group_id_e55cd7f7_fk_piglets_p; Type: FK CONSTRAINT; Schema: public; Owner: postgres
--

ALTER TABLE ONLY public.piglets_events_weighingpiglets
    ADD CONSTRAINT piglets_events_weigh_piglets_group_id_e55cd7f7_fk_piglets_p FOREIGN KEY (piglets_group_id) REFERENCES public.piglets_piglets(id) DEFERRABLE INITIALLY DEFERRED;


--
-- Name: piglets_piglets piglets_piglets_location_id_41c43483_fk_locations_location_id; Type: FK CONSTRAINT; Schema: public; Owner: postgres
--

ALTER TABLE ONLY public.piglets_piglets
    ADD CONSTRAINT piglets_piglets_location_id_41c43483_fk_locations_location_id FOREIGN KEY (location_id) REFERENCES public.locations_location(id) DEFERRABLE INITIALLY DEFERRED;


--
-- Name: piglets_piglets piglets_piglets_merger_as_parent_id_6e0e878e_fk_piglets_e; Type: FK CONSTRAINT; Schema: public; Owner: postgres
--

ALTER TABLE ONLY public.piglets_piglets
    ADD CONSTRAINT piglets_piglets_merger_as_parent_id_6e0e878e_fk_piglets_e FOREIGN KEY (merger_as_parent_id) REFERENCES public.piglets_events_pigletsmerger(id) DEFERRABLE INITIALLY DEFERRED;


--
-- Name: piglets_piglets piglets_piglets_split_as_child_id_67816971_fk_piglets_e; Type: FK CONSTRAINT; Schema: public; Owner: postgres
--

ALTER TABLE ONLY public.piglets_piglets
    ADD CONSTRAINT piglets_piglets_split_as_child_id_67816971_fk_piglets_e FOREIGN KEY (split_as_child_id) REFERENCES public.piglets_events_pigletssplit(id) DEFERRABLE INITIALLY DEFERRED;


--
-- Name: piglets_piglets piglets_piglets_status_id_f9ba9ddb_fk_piglets_pigletsstatus_id; Type: FK CONSTRAINT; Schema: public; Owner: postgres
--

ALTER TABLE ONLY public.piglets_piglets
    ADD CONSTRAINT piglets_piglets_status_id_f9ba9ddb_fk_piglets_pigletsstatus_id FOREIGN KEY (status_id) REFERENCES public.piglets_pigletsstatus(id) DEFERRABLE INITIALLY DEFERRED;


--
-- Name: sows_boar sows_boar_location_id_66e07edc_fk_locations_location_id; Type: FK CONSTRAINT; Schema: public; Owner: postgres
--

ALTER TABLE ONLY public.sows_boar
    ADD CONSTRAINT sows_boar_location_id_66e07edc_fk_locations_location_id FOREIGN KEY (location_id) REFERENCES public.locations_location(id) DEFERRABLE INITIALLY DEFERRED;


--
-- Name: sows_events_abortionsow sows_events_abortionsow_initiator_id_8f16cdfb_fk_auth_user_id; Type: FK CONSTRAINT; Schema: public; Owner: postgres
--

ALTER TABLE ONLY public.sows_events_abortionsow
    ADD CONSTRAINT sows_events_abortionsow_initiator_id_8f16cdfb_fk_auth_user_id FOREIGN KEY (initiator_id) REFERENCES public.auth_user(id) DEFERRABLE INITIALLY DEFERRED;


--
-- Name: sows_events_abortionsow sows_events_abortionsow_sow_id_17cd54a0_fk_sows_sow_id; Type: FK CONSTRAINT; Schema: public; Owner: postgres
--

ALTER TABLE ONLY public.sows_events_abortionsow
    ADD CONSTRAINT sows_events_abortionsow_sow_id_17cd54a0_fk_sows_sow_id FOREIGN KEY (sow_id) REFERENCES public.sows_sow(id) DEFERRABLE INITIALLY DEFERRED;


--
-- Name: sows_events_abortionsow sows_events_abortionsow_tour_id_947f8443_fk_tours_tour_id; Type: FK CONSTRAINT; Schema: public; Owner: postgres
--

ALTER TABLE ONLY public.sows_events_abortionsow
    ADD CONSTRAINT sows_events_abortionsow_tour_id_947f8443_fk_tours_tour_id FOREIGN KEY (tour_id) REFERENCES public.tours_tour(id) DEFERRABLE INITIALLY DEFERRED;


--
-- Name: sows_events_cullingsow sows_events_cullingsow_initiator_id_8dbf7b28_fk_auth_user_id; Type: FK CONSTRAINT; Schema: public; Owner: postgres
--

ALTER TABLE ONLY public.sows_events_cullingsow
    ADD CONSTRAINT sows_events_cullingsow_initiator_id_8dbf7b28_fk_auth_user_id FOREIGN KEY (initiator_id) REFERENCES public.auth_user(id) DEFERRABLE INITIALLY DEFERRED;


--
-- Name: sows_events_cullingsow sows_events_cullingsow_sow_id_e8f1fb9b_fk_sows_sow_id; Type: FK CONSTRAINT; Schema: public; Owner: postgres
--

ALTER TABLE ONLY public.sows_events_cullingsow
    ADD CONSTRAINT sows_events_cullingsow_sow_id_e8f1fb9b_fk_sows_sow_id FOREIGN KEY (sow_id) REFERENCES public.sows_sow(id) DEFERRABLE INITIALLY DEFERRED;


--
-- Name: sows_events_cullingsow sows_events_cullingsow_tour_id_d68d3087_fk_tours_tour_id; Type: FK CONSTRAINT; Schema: public; Owner: postgres
--

ALTER TABLE ONLY public.sows_events_cullingsow
    ADD CONSTRAINT sows_events_cullingsow_tour_id_d68d3087_fk_tours_tour_id FOREIGN KEY (tour_id) REFERENCES public.tours_tour(id) DEFERRABLE INITIALLY DEFERRED;


--
-- Name: sows_events_semination sows_events_seminati_semination_employee__ba91bce0_fk_auth_user; Type: FK CONSTRAINT; Schema: public; Owner: postgres
--

ALTER TABLE ONLY public.sows_events_semination
    ADD CONSTRAINT sows_events_seminati_semination_employee__ba91bce0_fk_auth_user FOREIGN KEY (semination_employee_id) REFERENCES public.auth_user(id) DEFERRABLE INITIALLY DEFERRED;


--
-- Name: sows_events_semination sows_events_semination_boar_id_6a0563e9_fk_sows_boar_id; Type: FK CONSTRAINT; Schema: public; Owner: postgres
--

ALTER TABLE ONLY public.sows_events_semination
    ADD CONSTRAINT sows_events_semination_boar_id_6a0563e9_fk_sows_boar_id FOREIGN KEY (boar_id) REFERENCES public.sows_boar(id) DEFERRABLE INITIALLY DEFERRED;


--
-- Name: sows_events_semination sows_events_semination_initiator_id_c82c01b6_fk_auth_user_id; Type: FK CONSTRAINT; Schema: public; Owner: postgres
--

ALTER TABLE ONLY public.sows_events_semination
    ADD CONSTRAINT sows_events_semination_initiator_id_c82c01b6_fk_auth_user_id FOREIGN KEY (initiator_id) REFERENCES public.auth_user(id) DEFERRABLE INITIALLY DEFERRED;


--
-- Name: sows_events_semination sows_events_semination_sow_id_08d9607f_fk_sows_sow_id; Type: FK CONSTRAINT; Schema: public; Owner: postgres
--

ALTER TABLE ONLY public.sows_events_semination
    ADD CONSTRAINT sows_events_semination_sow_id_08d9607f_fk_sows_sow_id FOREIGN KEY (sow_id) REFERENCES public.sows_sow(id) DEFERRABLE INITIALLY DEFERRED;


--
-- Name: sows_events_semination sows_events_semination_tour_id_7b291b50_fk_tours_tour_id; Type: FK CONSTRAINT; Schema: public; Owner: postgres
--

ALTER TABLE ONLY public.sows_events_semination
    ADD CONSTRAINT sows_events_semination_tour_id_7b291b50_fk_tours_tour_id FOREIGN KEY (tour_id) REFERENCES public.tours_tour(id) DEFERRABLE INITIALLY DEFERRED;


--
-- Name: sows_events_sowfarrow sows_events_sowfarro_piglets_group_id_36c6886e_fk_piglets_p; Type: FK CONSTRAINT; Schema: public; Owner: postgres
--

ALTER TABLE ONLY public.sows_events_sowfarrow
    ADD CONSTRAINT sows_events_sowfarro_piglets_group_id_36c6886e_fk_piglets_p FOREIGN KEY (piglets_group_id) REFERENCES public.piglets_piglets(id) DEFERRABLE INITIALLY DEFERRED;


--
-- Name: sows_events_sowfarrow sows_events_sowfarrow_initiator_id_4105b54e_fk_auth_user_id; Type: FK CONSTRAINT; Schema: public; Owner: postgres
--

ALTER TABLE ONLY public.sows_events_sowfarrow
    ADD CONSTRAINT sows_events_sowfarrow_initiator_id_4105b54e_fk_auth_user_id FOREIGN KEY (initiator_id) REFERENCES public.auth_user(id) DEFERRABLE INITIALLY DEFERRED;


--
-- Name: sows_events_sowfarrow sows_events_sowfarrow_sow_id_ea9c38dc_fk_sows_sow_id; Type: FK CONSTRAINT; Schema: public; Owner: postgres
--

ALTER TABLE ONLY public.sows_events_sowfarrow
    ADD CONSTRAINT sows_events_sowfarrow_sow_id_ea9c38dc_fk_sows_sow_id FOREIGN KEY (sow_id) REFERENCES public.sows_sow(id) DEFERRABLE INITIALLY DEFERRED;


--
-- Name: sows_events_sowfarrow sows_events_sowfarrow_tour_id_0eee5089_fk_tours_tour_id; Type: FK CONSTRAINT; Schema: public; Owner: postgres
--

ALTER TABLE ONLY public.sows_events_sowfarrow
    ADD CONSTRAINT sows_events_sowfarrow_tour_id_0eee5089_fk_tours_tour_id FOREIGN KEY (tour_id) REFERENCES public.tours_tour(id) DEFERRABLE INITIALLY DEFERRED;


--
-- Name: sows_events_ultrasound sows_events_ultrasou_u_type_id_65718203_fk_sows_even; Type: FK CONSTRAINT; Schema: public; Owner: postgres
--

ALTER TABLE ONLY public.sows_events_ultrasound
    ADD CONSTRAINT sows_events_ultrasou_u_type_id_65718203_fk_sows_even FOREIGN KEY (u_type_id) REFERENCES public.sows_events_ultrasoundtype(id) DEFERRABLE INITIALLY DEFERRED;


--
-- Name: sows_events_ultrasound sows_events_ultrasound_initiator_id_0279649b_fk_auth_user_id; Type: FK CONSTRAINT; Schema: public; Owner: postgres
--

ALTER TABLE ONLY public.sows_events_ultrasound
    ADD CONSTRAINT sows_events_ultrasound_initiator_id_0279649b_fk_auth_user_id FOREIGN KEY (initiator_id) REFERENCES public.auth_user(id) DEFERRABLE INITIALLY DEFERRED;


--
-- Name: sows_events_ultrasound sows_events_ultrasound_sow_id_d4f99510_fk_sows_sow_id; Type: FK CONSTRAINT; Schema: public; Owner: postgres
--

ALTER TABLE ONLY public.sows_events_ultrasound
    ADD CONSTRAINT sows_events_ultrasound_sow_id_d4f99510_fk_sows_sow_id FOREIGN KEY (sow_id) REFERENCES public.sows_sow(id) DEFERRABLE INITIALLY DEFERRED;


--
-- Name: sows_events_ultrasound sows_events_ultrasound_tour_id_81c2a5f4_fk_tours_tour_id; Type: FK CONSTRAINT; Schema: public; Owner: postgres
--

ALTER TABLE ONLY public.sows_events_ultrasound
    ADD CONSTRAINT sows_events_ultrasound_tour_id_81c2a5f4_fk_tours_tour_id FOREIGN KEY (tour_id) REFERENCES public.tours_tour(id) DEFERRABLE INITIALLY DEFERRED;


--
-- Name: sows_events_weaningsow sows_events_weanings_piglets_id_ebeedc21_fk_piglets_p; Type: FK CONSTRAINT; Schema: public; Owner: postgres
--

ALTER TABLE ONLY public.sows_events_weaningsow
    ADD CONSTRAINT sows_events_weanings_piglets_id_ebeedc21_fk_piglets_p FOREIGN KEY (piglets_id) REFERENCES public.piglets_piglets(id) DEFERRABLE INITIALLY DEFERRED;


--
-- Name: sows_events_weaningsow sows_events_weaningsow_initiator_id_d98a966b_fk_auth_user_id; Type: FK CONSTRAINT; Schema: public; Owner: postgres
--

ALTER TABLE ONLY public.sows_events_weaningsow
    ADD CONSTRAINT sows_events_weaningsow_initiator_id_d98a966b_fk_auth_user_id FOREIGN KEY (initiator_id) REFERENCES public.auth_user(id) DEFERRABLE INITIALLY DEFERRED;


--
-- Name: sows_events_weaningsow sows_events_weaningsow_sow_id_0808d94a_fk_sows_sow_id; Type: FK CONSTRAINT; Schema: public; Owner: postgres
--

ALTER TABLE ONLY public.sows_events_weaningsow
    ADD CONSTRAINT sows_events_weaningsow_sow_id_0808d94a_fk_sows_sow_id FOREIGN KEY (sow_id) REFERENCES public.sows_sow(id) DEFERRABLE INITIALLY DEFERRED;


--
-- Name: sows_events_weaningsow sows_events_weaningsow_tour_id_4abf0271_fk_tours_tour_id; Type: FK CONSTRAINT; Schema: public; Owner: postgres
--

ALTER TABLE ONLY public.sows_events_weaningsow
    ADD CONSTRAINT sows_events_weaningsow_tour_id_4abf0271_fk_tours_tour_id FOREIGN KEY (tour_id) REFERENCES public.tours_tour(id) DEFERRABLE INITIALLY DEFERRED;


--
-- Name: sows_gilt sows_gilt_farrow_id_703f6faa_fk_sows_events_sowfarrow_id; Type: FK CONSTRAINT; Schema: public; Owner: postgres
--

ALTER TABLE ONLY public.sows_gilt
    ADD CONSTRAINT sows_gilt_farrow_id_703f6faa_fk_sows_events_sowfarrow_id FOREIGN KEY (farrow_id) REFERENCES public.sows_events_sowfarrow(id) DEFERRABLE INITIALLY DEFERRED;


--
-- Name: sows_gilt sows_gilt_location_id_6e9d5445_fk_locations_location_id; Type: FK CONSTRAINT; Schema: public; Owner: postgres
--

ALTER TABLE ONLY public.sows_gilt
    ADD CONSTRAINT sows_gilt_location_id_6e9d5445_fk_locations_location_id FOREIGN KEY (location_id) REFERENCES public.locations_location(id) DEFERRABLE INITIALLY DEFERRED;


--
-- Name: sows_gilt sows_gilt_mother_sow_id_c2fedd8a_fk_sows_sow_id; Type: FK CONSTRAINT; Schema: public; Owner: postgres
--

ALTER TABLE ONLY public.sows_gilt
    ADD CONSTRAINT sows_gilt_mother_sow_id_c2fedd8a_fk_sows_sow_id FOREIGN KEY (mother_sow_id) REFERENCES public.sows_sow(id) DEFERRABLE INITIALLY DEFERRED;


--
-- Name: sows_gilt sows_gilt_tour_id_aaac4830_fk_tours_tour_id; Type: FK CONSTRAINT; Schema: public; Owner: postgres
--

ALTER TABLE ONLY public.sows_gilt
    ADD CONSTRAINT sows_gilt_tour_id_aaac4830_fk_tours_tour_id FOREIGN KEY (tour_id) REFERENCES public.tours_tour(id) DEFERRABLE INITIALLY DEFERRED;


--
-- Name: sows_sow sows_sow_location_id_873dece9_fk_locations_location_id; Type: FK CONSTRAINT; Schema: public; Owner: postgres
--

ALTER TABLE ONLY public.sows_sow
    ADD CONSTRAINT sows_sow_location_id_873dece9_fk_locations_location_id FOREIGN KEY (location_id) REFERENCES public.locations_location(id) DEFERRABLE INITIALLY DEFERRED;


--
-- Name: sows_sow sows_sow_status_id_8e1b436b_fk_sows_sowstatus_id; Type: FK CONSTRAINT; Schema: public; Owner: postgres
--

ALTER TABLE ONLY public.sows_sow
    ADD CONSTRAINT sows_sow_status_id_8e1b436b_fk_sows_sowstatus_id FOREIGN KEY (status_id) REFERENCES public.sows_sowstatus(id) DEFERRABLE INITIALLY DEFERRED;


--
-- Name: sows_sow sows_sow_tour_id_dd35d078_fk_tours_tour_id; Type: FK CONSTRAINT; Schema: public; Owner: postgres
--

ALTER TABLE ONLY public.sows_sow
    ADD CONSTRAINT sows_sow_tour_id_dd35d078_fk_tours_tour_id FOREIGN KEY (tour_id) REFERENCES public.tours_tour(id) DEFERRABLE INITIALLY DEFERRED;


--
-- Name: staff_workshopemployee staff_workshopemploy_workshop_id_2e6d9791_fk_locations; Type: FK CONSTRAINT; Schema: public; Owner: postgres
--

ALTER TABLE ONLY public.staff_workshopemployee
    ADD CONSTRAINT staff_workshopemploy_workshop_id_2e6d9791_fk_locations FOREIGN KEY (workshop_id) REFERENCES public.locations_workshop(id) DEFERRABLE INITIALLY DEFERRED;


--
-- Name: staff_workshopemployee staff_workshopemployee_user_id_4f6b5c3f_fk_auth_user_id; Type: FK CONSTRAINT; Schema: public; Owner: postgres
--

ALTER TABLE ONLY public.staff_workshopemployee
    ADD CONSTRAINT staff_workshopemployee_user_id_4f6b5c3f_fk_auth_user_id FOREIGN KEY (user_id) REFERENCES public.auth_user(id) DEFERRABLE INITIALLY DEFERRED;


--
-- Name: tours_metatour tours_metatour_piglets_id_9f8a0fb6_fk_piglets_piglets_id; Type: FK CONSTRAINT; Schema: public; Owner: postgres
--

ALTER TABLE ONLY public.tours_metatour
    ADD CONSTRAINT tours_metatour_piglets_id_9f8a0fb6_fk_piglets_piglets_id FOREIGN KEY (piglets_id) REFERENCES public.piglets_piglets(id) DEFERRABLE INITIALLY DEFERRED;


--
-- Name: tours_metatourrecord tours_metatourrecord_metatour_id_ba0ab56b_fk_tours_metatour_id; Type: FK CONSTRAINT; Schema: public; Owner: postgres
--

ALTER TABLE ONLY public.tours_metatourrecord
    ADD CONSTRAINT tours_metatourrecord_metatour_id_ba0ab56b_fk_tours_metatour_id FOREIGN KEY (metatour_id) REFERENCES public.tours_metatour(id) DEFERRABLE INITIALLY DEFERRED;


--
-- Name: tours_metatourrecord tours_metatourrecord_tour_id_11a5df6e_fk_tours_tour_id; Type: FK CONSTRAINT; Schema: public; Owner: postgres
--

ALTER TABLE ONLY public.tours_metatourrecord
    ADD CONSTRAINT tours_metatourrecord_tour_id_11a5df6e_fk_tours_tour_id FOREIGN KEY (tour_id) REFERENCES public.tours_tour(id) DEFERRABLE INITIALLY DEFERRED;


--
-- Name: transactions_pigletstransaction transactions_piglets_from_location_id_2e739f33_fk_locations; Type: FK CONSTRAINT; Schema: public; Owner: postgres
--

ALTER TABLE ONLY public.transactions_pigletstransaction
    ADD CONSTRAINT transactions_piglets_from_location_id_2e739f33_fk_locations FOREIGN KEY (from_location_id) REFERENCES public.locations_location(id) DEFERRABLE INITIALLY DEFERRED;


--
-- Name: transactions_pigletstransaction transactions_piglets_initiator_id_d1e1316b_fk_auth_user; Type: FK CONSTRAINT; Schema: public; Owner: postgres
--

ALTER TABLE ONLY public.transactions_pigletstransaction
    ADD CONSTRAINT transactions_piglets_initiator_id_d1e1316b_fk_auth_user FOREIGN KEY (initiator_id) REFERENCES public.auth_user(id) DEFERRABLE INITIALLY DEFERRED;


--
-- Name: transactions_pigletstransaction transactions_piglets_piglets_group_id_dd2560ba_fk_piglets_p; Type: FK CONSTRAINT; Schema: public; Owner: postgres
--

ALTER TABLE ONLY public.transactions_pigletstransaction
    ADD CONSTRAINT transactions_piglets_piglets_group_id_dd2560ba_fk_piglets_p FOREIGN KEY (piglets_group_id) REFERENCES public.piglets_piglets(id) DEFERRABLE INITIALLY DEFERRED;


--
-- Name: transactions_pigletstransaction transactions_piglets_to_location_id_f30c13c1_fk_locations; Type: FK CONSTRAINT; Schema: public; Owner: postgres
--

ALTER TABLE ONLY public.transactions_pigletstransaction
    ADD CONSTRAINT transactions_piglets_to_location_id_f30c13c1_fk_locations FOREIGN KEY (to_location_id) REFERENCES public.locations_location(id) DEFERRABLE INITIALLY DEFERRED;


--
-- Name: transactions_sowtransaction transactions_sowtran_from_location_id_824e5868_fk_locations; Type: FK CONSTRAINT; Schema: public; Owner: postgres
--

ALTER TABLE ONLY public.transactions_sowtransaction
    ADD CONSTRAINT transactions_sowtran_from_location_id_824e5868_fk_locations FOREIGN KEY (from_location_id) REFERENCES public.locations_location(id) DEFERRABLE INITIALLY DEFERRED;


--
-- Name: transactions_sowtransaction transactions_sowtran_initiator_id_e793f821_fk_auth_user; Type: FK CONSTRAINT; Schema: public; Owner: postgres
--

ALTER TABLE ONLY public.transactions_sowtransaction
    ADD CONSTRAINT transactions_sowtran_initiator_id_e793f821_fk_auth_user FOREIGN KEY (initiator_id) REFERENCES public.auth_user(id) DEFERRABLE INITIALLY DEFERRED;


--
-- Name: transactions_sowtransaction transactions_sowtran_to_location_id_472c5009_fk_locations; Type: FK CONSTRAINT; Schema: public; Owner: postgres
--

ALTER TABLE ONLY public.transactions_sowtransaction
    ADD CONSTRAINT transactions_sowtran_to_location_id_472c5009_fk_locations FOREIGN KEY (to_location_id) REFERENCES public.locations_location(id) DEFERRABLE INITIALLY DEFERRED;


--
-- Name: transactions_sowtransaction transactions_sowtransaction_sow_id_b0c6d7e4_fk_sows_sow_id; Type: FK CONSTRAINT; Schema: public; Owner: postgres
--

ALTER TABLE ONLY public.transactions_sowtransaction
    ADD CONSTRAINT transactions_sowtransaction_sow_id_b0c6d7e4_fk_sows_sow_id FOREIGN KEY (sow_id) REFERENCES public.sows_sow(id) DEFERRABLE INITIALLY DEFERRED;


--
-- PostgreSQL database dump complete
--

